basis,month,event,generation,unit,unit_type,sf,resident_id,name,corporate,signed,movein_est,term_mo,prior_term_mo,prior_gross,new_gross,to_gross_pct,prior_eff,new_eff,to_eff_pct,prior_conc_total,new_conc_total,prior_expiration,prior_resident,prior_name,prior_moveout,outcome,days_vacant,days_on_market,source,prior_basis
PROXY (HelloData),2024-06,New Lease,First lease-up lease,G101,Two Bedroom | B2,1141.0,,,,2024-06-30,2024-07-15,,,,2045.0,,,2045.0,,,,,,,,,0.0,20.0,HelloData off-market date = new lease signed,
PROXY (HelloData),2024-06,New Lease,First lease-up lease,G103,One Bedroom | A1,693.0,,,,2024-06-30,2024-07-15,,,,1610.0,,,1610.0,,,,,,,,,0.0,20.0,HelloData off-market date = new lease signed,
PROXY (HelloData),2024-07,New Lease,First lease-up lease,G301,B2,1141.0,,,,2024-07-17,2024-08-01,,,,2020.0,,,2020.0,,,,,,,,,0.0,37.0,HelloData off-market date = new lease signed,
PROXY (HelloData),2024-07,New Lease,First lease-up lease,G305,B1,1092.0,,,,2024-07-28,2024-08-12,,,,1960.0,,,1960.0,,,,,,,,,0.0,48.0,HelloData off-market date = new lease signed,
PROXY (HelloData),2024-07,New Lease,First lease-up lease,G307,Two Bedroom | B2,1141.0,,,,2024-07-20,2024-08-04,,,,2055.0,,,2055.0,,,,,,,,,0.0,40.0,HelloData off-market date = new lease signed,
PROXY (HelloData),2024-07,New Lease,First lease-up lease,H309,Two Bedroom | B1,1092.0,,,,2024-07-20,2024-08-04,,,,1960.0,,,1960.0,,,,,,,,,0.0,50.0,HelloData off-market date = new lease signed,
PROXY (HelloData),2024-08,New Lease,First lease-up lease,B102,B3,1165.0,,,,2024-08-31,2024-09-15,,,,2173.0,,,1838.0,,,,,,,,,9.0,9.0,HelloData off-market date = new lease signed,
PROXY (HelloData),2024-08,New Lease,First lease-up lease,B103,One Bedroom | A1,693.0,,,,2024-08-31,2024-09-15,,,,1600.0,,,1354.0,,,,,,,,,9.0,9.0,HelloData off-market date = new lease signed,
PROXY (HelloData),2024-08,New Lease,First lease-up lease,B104,A2,746.0,,,,2024-08-31,2024-09-15,,,,1714.0,,,1450.0,,,,,,,,,9.0,9.0,HelloData off-market date = new lease signed,
PROXY (HelloData),2024-08,New Lease,First lease-up lease,B105,A1,693.0,,,,2024-08-31,2024-09-15,,,,1600.0,,,1354.0,,,,,,,,,9.0,9.0,HelloData off-market date = new lease signed,
PROXY (HelloData),2024-08,New Lease,First lease-up lease,B106,A1,693.0,,,,2024-08-31,2024-09-15,,,,1600.0,,,1354.0,,,,,,,,,9.0,9.0,HelloData off-market date = new lease signed,
PROXY (HelloData),2024-08,New Lease,First lease-up lease,B107,Two Bedroom | B2,1141.0,,,,2024-08-31,2024-09-15,,,,2045.0,,,1730.0,,,,,,,,,9.0,9.0,HelloData off-market date = new lease signed,
PROXY (HelloData),2024-08,New Lease,First lease-up lease,B108,A1,693.0,,,,2024-08-31,2024-09-15,,,,1610.0,,,1362.0,,,,,,,,,9.0,9.0,HelloData off-market date = new lease signed,
PROXY (HelloData),2024-08,New Lease,First lease-up lease,B109,Two Bedroom | B1,1092.0,,,,2024-08-31,2024-09-15,,,,1985.0,,,1679.0,,,,,,,,,9.0,9.0,HelloData off-market date = new lease signed,
PROXY (HelloData),2024-08,New Lease,First lease-up lease,B110,Studio | S1,517.0,,,,2024-08-31,2024-09-15,,,,1445.0,,,1223.0,,,,,,,,,9.0,9.0,HelloData off-market date = new lease signed,
PROXY (HelloData),2024-08,New Lease,First lease-up lease,B111,A1,693.0,,,,2024-08-31,2024-09-15,,,,1610.0,,,1362.0,,,,,,,,,9.0,9.0,HelloData off-market date = new lease signed,
PROXY (HelloData),2024-08,New Lease,First lease-up lease,B112,C1,1328.0,,,,2024-08-31,2024-09-15,,,,2365.0,,,2001.0,,,,,,,,,9.0,9.0,HelloData off-market date = new lease signed,
PROXY (HelloData),2024-08,New Lease,First lease-up lease,B113,Two Bedroom | B2,1141.0,,,,2024-08-31,2024-09-15,,,,2045.0,,,1730.0,,,,,,,,,9.0,9.0,HelloData off-market date = new lease signed,
PROXY (HelloData),2024-08,New Lease,First lease-up lease,B201,Two Bedroom | B2,1141.0,,,,2024-08-31,2024-09-15,,,,1995.0,,,1688.0,,,,,,,,,9.0,9.0,HelloData off-market date = new lease signed,
PROXY (HelloData),2024-08,New Lease,First lease-up lease,B203,A1,693.0,,,,2024-08-31,2024-09-15,,,,1575.0,,,1333.0,,,,,,,,,9.0,9.0,HelloData off-market date = new lease signed,
PROXY (HelloData),2024-08,New Lease,First lease-up lease,B204,One Bedroom | A2,746.0,,,,2024-08-31,2024-09-15,,,,1664.0,,,1408.0,,,,,,,,,9.0,9.0,HelloData off-market date = new lease signed,
PROXY (HelloData),2024-08,New Lease,First lease-up lease,B205,A1,693.0,,,,2024-08-31,2024-09-15,,,,1575.0,,,1333.0,,,,,,,,,9.0,9.0,HelloData off-market date = new lease signed,
PROXY (HelloData),2024-08,New Lease,First lease-up lease,B206,A1,693.0,,,,2024-08-31,2024-09-15,,,,1575.0,,,1333.0,,,,,,,,,9.0,9.0,HelloData off-market date = new lease signed,
PROXY (HelloData),2024-08,New Lease,First lease-up lease,B207,B2,1141.0,,,,2024-08-31,2024-09-15,,,,1995.0,,,1688.0,,,,,,,,,9.0,9.0,HelloData off-market date = new lease signed,
PROXY (HelloData),2024-08,New Lease,First lease-up lease,B208,A1,693.0,,,,2024-08-31,2024-09-15,,,,1560.0,,,1320.0,,,,,,,,,9.0,9.0,HelloData off-market date = new lease signed,
PROXY (HelloData),2024-08,New Lease,First lease-up lease,B209,Two Bedroom | B1,1092.0,,,,2024-08-31,2024-09-15,,,,1935.0,,,1637.0,,,,,,,,,9.0,9.0,HelloData off-market date = new lease signed,
PROXY (HelloData),2024-08,New Lease,First lease-up lease,B210,S1,517.0,,,,2024-08-31,2024-09-15,,,,1395.0,,,1180.0,,,,,,,,,9.0,9.0,HelloData off-market date = new lease signed,
PROXY (HelloData),2024-08,New Lease,First lease-up lease,B211,A1,693.0,,,,2024-08-31,2024-09-15,,,,1560.0,,,1320.0,,,,,,,,,9.0,9.0,HelloData off-market date = new lease signed,
PROXY (HelloData),2024-08,New Lease,First lease-up lease,B213,B2,1141.0,,,,2024-08-31,2024-09-15,,,,1995.0,,,1688.0,,,,,,,,,9.0,9.0,HelloData off-market date = new lease signed,
PROXY (HelloData),2024-08,New Lease,First lease-up lease,B301,B2,1141.0,,,,2024-08-31,2024-09-15,,,,2020.0,,,1709.0,,,,,,,,,9.0,9.0,HelloData off-market date = new lease signed,
PROXY (HelloData),2024-08,New Lease,First lease-up lease,B304,A2,746.0,,,,2024-08-31,2024-09-15,,,,1689.0,,,1429.0,,,,,,,,,9.0,9.0,HelloData off-market date = new lease signed,
PROXY (HelloData),2024-08,New Lease,First lease-up lease,B307,B2,1141.0,,,,2024-08-31,2024-09-15,,,,2245.0,,,1899.0,,,,,,,,,9.0,9.0,HelloData off-market date = new lease signed,
PROXY (HelloData),2024-08,New Lease,First lease-up lease,B308,A1,693.0,,,,2024-08-31,2024-09-15,,,,1585.0,,,1341.0,,,,,,,,,9.0,9.0,HelloData off-market date = new lease signed,
PROXY (HelloData),2024-08,New Lease,First lease-up lease,B309,B1,1092.0,,,,2024-08-31,2024-09-15,,,,1960.0,,,1658.0,,,,,,,,,9.0,9.0,HelloData off-market date = new lease signed,
PROXY (HelloData),2024-08,New Lease,First lease-up lease,B310,S1,517.0,,,,2024-08-31,2024-09-15,,,,1420.0,,,1201.0,,,,,,,,,9.0,9.0,HelloData off-market date = new lease signed,
PROXY (HelloData),2024-08,New Lease,First lease-up lease,B311,A1,693.0,,,,2024-08-31,2024-09-15,,,,1585.0,,,1341.0,,,,,,,,,9.0,9.0,HelloData off-market date = new lease signed,
PROXY (HelloData),2024-08,New Lease,First lease-up lease,B313,Two Bedroom | B2,1141.0,,,,2024-08-31,2024-09-15,,,,2020.0,,,1709.0,,,,,,,,,9.0,9.0,HelloData off-market date = new lease signed,
PROXY (HelloData),2024-08,New Lease,First lease-up lease,G107,B2,1141.0,,,,2024-08-01,2024-08-16,,,,2045.0,,,2045.0,,,,,,,,,0.0,52.0,HelloData off-market date = new lease signed,
PROXY (HelloData),2024-08,New Lease,First lease-up lease,H104,One Bedroom | A2,746.0,,,,2024-08-23,2024-09-07,,,,1714.0,,,1450.0,,,,,,,,,8.0,84.0,HelloData off-market date = new lease signed,
PROXY (HelloData),2024-08,New Lease,First lease-up lease,H112,C1,1328.0,,,,2024-08-07,2024-08-22,,,,2350.0,,,2350.0,,,,,,,,,0.0,68.0,HelloData off-market date = new lease signed,
PROXY (HelloData),2024-08,New Lease,First lease-up lease,H113,B2,1141.0,,,,2024-08-23,2024-09-07,,,,2045.0,,,1730.0,,,,,,,,,8.0,84.0,HelloData off-market date = new lease signed,
PROXY (HelloData),2024-08,New Lease,First lease-up lease,H201,B2,1141.0,,,,2024-08-17,2024-09-01,,,,1825.0,,,1544.0,,,,,,,,,2.0,78.0,HelloData off-market date = new lease signed,
PROXY (HelloData),2024-08,New Lease,First lease-up lease,H203,A1,693.0,,,,2024-08-17,2024-09-01,,,,1575.0,,,1333.0,,,,,,,,,40.0,78.0,HelloData off-market date = new lease signed,
PROXY (HelloData),2024-08,New Lease,First lease-up lease,H209,B1,1092.0,,,,2024-08-29,2024-09-13,,,,1935.0,,,1637.0,,,,,,,,,14.0,90.0,HelloData off-market date = new lease signed,
PROXY (HelloData),2024-08,New Lease,First lease-up lease,H210,Studio | S1,517.0,,,,2024-08-09,2024-08-24,,,,1395.0,,,1180.0,,,,,,,,,0.0,70.0,HelloData off-market date = new lease signed,
PROXY (HelloData),2024-08,New Lease,First lease-up lease,H304,A2,746.0,,,,2024-08-11,2024-08-26,,,,1689.0,,,1429.0,,,,,,,,,0.0,72.0,HelloData off-market date = new lease signed,
PROXY (HelloData),2024-08,New Lease,First lease-up lease,H310,S1,517.0,,,,2024-08-01,2024-08-16,,,,1420.0,,,1420.0,,,,,,,,,0.0,62.0,HelloData off-market date = new lease signed,
PROXY (HelloData),2024-08,New Lease,First lease-up lease,H311,A1,693.0,,,,2024-08-26,2024-09-10,,,,1585.0,,,1341.0,,,,,,,,,11.0,87.0,HelloData off-market date = new lease signed,
PROXY (HelloData),2024-08,New Lease,First lease-up lease,H312,C1,1340.0,,,,2024-08-31,2024-09-15,,,,2325.0,,,1967.0,,,,,,,,,16.0,92.0,HelloData off-market date = new lease signed,
PROXY (HelloData),2024-08,New Lease,First lease-up lease,I207,B2,1141.0,,,,2024-08-13,2024-08-28,,,,1995.0,,,1688.0,,,,,,,,,0.0,53.0,HelloData off-market date = new lease signed,
PROXY (HelloData),2024-08,New Lease,First lease-up lease,I310,A2,746.0,,,,2024-08-17,2024-09-01,,,,1689.0,,,1429.0,,,,,,,,,0.0,57.0,HelloData off-market date = new lease signed,
PROXY (HelloData),2024-09,New Lease,First lease-up lease,G102,C1,1328.0,,,,2024-09-05,2024-09-20,,,,2350.0,,,1988.0,,,,,,,,,0.0,87.0,HelloData off-market date = new lease signed,
PROXY (HelloData),2024-09,New Lease,First lease-up lease,G104,A2,746.0,,,,2024-09-22,2024-10-07,12.0,,,1714.0,,,1450.0,,,,,,,,,16.0,104.0,HelloData off-market date = new lease signed,
PROXY (HelloData),2024-09,New Lease,First lease-up lease,G105,Two Bedroom | B1,1092.0,,,,2024-09-06,2024-09-21,,,,1985.0,,,1679.0,,,,,,,,,0.0,88.0,HelloData off-market date = new lease signed,
PROXY (HelloData),2024-09,New Lease,First lease-up lease,G110,A2,746.0,,,,2024-09-11,2024-09-26,12.0,,,1714.0,,,1450.0,,,,,,,,,5.0,93.0,HelloData off-market date = new lease signed,
PROXY (HelloData),2024-09,New Lease,First lease-up lease,G207,B2,1141.0,,,,2024-09-29,2024-10-14,12.0,,,1995.0,,,1688.0,,,,,,,,,23.0,111.0,HelloData off-market date = new lease signed,
PROXY (HelloData),2024-09,New Lease,First lease-up lease,G208,A1,693.0,,,,2024-09-21,2024-10-06,12.0,,,1575.0,,,1333.0,,,,,,,,,15.0,103.0,HelloData off-market date = new lease signed,
PROXY (HelloData),2024-09,New Lease,First lease-up lease,G209,A1,693.0,,,,2024-09-28,2024-10-13,12.0,,,1575.0,,,1333.0,,,,,,,,,22.0,103.0,HelloData off-market date = new lease signed,
PROXY (HelloData),2024-09,New Lease,First lease-up lease,G210,A2,746.0,,,,2024-09-08,2024-09-23,,,,1664.0,,,1408.0,,,,,,,,,2.0,90.0,HelloData off-market date = new lease signed,
PROXY (HelloData),2024-09,New Lease,First lease-up lease,G302,C1,1340.0,,,,2024-09-05,2024-09-20,,,,2325.0,,,1967.0,,,,,,,,,0.0,87.0,HelloData off-market date = new lease signed,
PROXY (HelloData),2024-09,New Lease,First lease-up lease,G310,A2,746.0,,,,2024-09-03,2024-09-18,,,,1689.0,,,1429.0,,,,,,,,,0.0,85.0,HelloData off-market date = new lease signed,
PROXY (HelloData),2024-09,New Lease,First lease-up lease,H103,A1,693.0,,,,2024-09-20,2024-10-05,12.0,,,1600.0,,,1354.0,,,,,,,,,36.0,112.0,HelloData off-market date = new lease signed,
PROXY (HelloData),2024-09,New Lease,First lease-up lease,H107,Two Bedroom | B2,1141.0,,,,2024-09-06,2024-09-21,,,,2045.0,,,1730.0,,,,,,,,,22.0,98.0,HelloData off-market date = new lease signed,
PROXY (HelloData),2024-09,New Lease,First lease-up lease,H111,A1,693.0,,,,2024-09-01,2024-09-16,,,,1610.0,,,1362.0,,,,,,,,,17.0,93.0,HelloData off-market date = new lease signed,
PROXY (HelloData),2024-09,New Lease,First lease-up lease,H204,A2,746.0,,,,2024-09-18,2024-10-03,12.0,,,1664.0,,,1408.0,,,,,,,,,34.0,110.0,HelloData off-market date = new lease signed,
PROXY (HelloData),2024-09,New Lease,First lease-up lease,H207,B2,1141.0,,,,2024-09-26,2024-10-11,12.0,,,1995.0,,,1688.0,,,,,,,,,42.0,118.0,HelloData off-market date = new lease signed,
PROXY (HelloData),2024-09,New Lease,First lease-up lease,H213,B2,1141.0,,,,2024-09-13,2024-09-28,12.0,,,1995.0,,,1688.0,,,,,,,,,29.0,105.0,HelloData off-market date = new lease signed,
PROXY (HelloData),2024-09,New Lease,First lease-up lease,H313,B2,1141.0,,,,2024-09-15,2024-09-30,12.0,,,2020.0,,,1709.0,,,,,,,,,38.0,107.0,HelloData off-market date = new lease signed,
PROXY (HelloData),2024-09,New Lease,First lease-up lease,I104,One Bedroom | A2,746.0,,,,2024-09-26,2024-10-11,12.0,,,1714.0,,,1450.0,,,,,,,,,8.0,97.0,HelloData off-market date = new lease signed,
PROXY (HelloData),2024-09,New Lease,First lease-up lease,I110,A2,746.0,,,,2024-09-27,2024-10-12,12.0,,,1714.0,,,1450.0,,,,,,,,,9.0,98.0,HelloData off-market date = new lease signed,
PROXY (HelloData),2024-09,New Lease,First lease-up lease,I303,A1,693.0,,,,2024-09-16,2024-10-01,12.0,,,1585.0,,,1341.0,,,,,,,,,18.0,77.0,HelloData off-market date = new lease signed,
PROXY (HelloData),2024-09,New Lease,First lease-up lease,I312,Two Bedroom | B3,1177.0,,,,2024-09-26,2024-10-11,12.0,,,2098.0,,,1775.0,,,,,,,,,8.0,97.0,HelloData off-market date = new lease signed,
PROXY (HelloData),2024-10,New Lease,First lease-up lease,G201,Two Bedroom | B2,1141.0,,,,2024-10-20,2024-11-04,12.0,,,1995.0,,,1688.0,,,,,,,,,44.0,132.0,HelloData off-market date = new lease signed,
PROXY (HelloData),2024-10,New Lease,First lease-up lease,G204,A2,746.0,,,,2024-10-18,2024-11-02,12.0,,,1664.0,,,1408.0,,,,,,,,,42.0,130.0,HelloData off-market date = new lease signed,
PROXY (HelloData),2024-10,New Lease,First lease-up lease,G304,A2,746.0,,,,2024-10-08,2024-10-23,12.0,,,1689.0,,,1429.0,,,,,,,,,89.0,120.0,HelloData off-market date = new lease signed,
PROXY (HelloData),2024-10,New Lease,First lease-up lease,H101,Two Bedroom | B2,1141.0,,,,2024-10-30,2024-11-14,12.0,,,1825.0,,,1544.0,,,,,,,,,76.0,152.0,HelloData off-market date = new lease signed,
PROXY (HelloData),2024-10,New Lease,First lease-up lease,H105,A1,693.0,,,,2024-10-30,2024-11-14,12.0,,,1425.0,,,1206.0,,,,,,,,,76.0,152.0,HelloData off-market date = new lease signed,
PROXY (HelloData),2024-10,New Lease,First lease-up lease,H106,One Bedroom | A1,693.0,,,,2024-10-31,2024-11-15,12.0,,,1425.0,,,1206.0,,,,,,,,,77.0,153.0,HelloData off-market date = new lease signed,
PROXY (HelloData),2024-10,New Lease,First lease-up lease,H307,Two Bedroom | B2,1141.0,,,,2024-10-19,2024-11-03,12.0,,,2245.0,,,1899.0,,,,,,,,,92.0,141.0,HelloData off-market date = new lease signed,
PROXY (HelloData),2024-10,New Lease,First lease-up lease,I204,A2,746.0,,,,2024-10-15,2024-10-30,12.0,,,1664.0,,,1408.0,,,,,,,,,36.0,116.0,HelloData off-market date = new lease signed,
PROXY (HelloData),2024-10,New Lease,First lease-up lease,I304,A2,746.0,,,,2024-10-24,2024-11-08,12.0,,,1689.0,,,1429.0,,,,,,,,,36.0,125.0,HelloData off-market date = new lease signed,
PROXY (HelloData),2024-10,New Lease,First lease-up lease,I313,B3,1177.0,,,,2024-10-15,2024-10-30,12.0,,,2098.0,,,1775.0,,,,,,,,,27.0,116.0,HelloData off-market date = new lease signed,
PROXY (HelloData),2024-10,New Lease,First lease-up lease,J304,A2,746.0,,,,2024-10-20,2024-11-04,12.0,,,1689.0,,,1429.0,,,,,,,,,66.0,111.0,HelloData off-market date = new lease signed,
PROXY (HelloData),2024-10,New Lease,First lease-up lease,J313,Two Bedroom | B2,1141.0,,,,2024-10-20,2024-11-04,12.0,,,2020.0,,,1709.0,,,,,,,,,3.0,111.0,HelloData off-market date = new lease signed,
PROXY (HelloData),2024-11,New Lease,First lease-up lease,A204,One Bedroom | A2,746.0,,,,2024-11-07,2024-11-22,12.0,,,1664.0,,,1408.0,,,,,,,,,0.0,111.0,HelloData off-market date = new lease signed,
PROXY (HelloData),2024-11,New Lease,First lease-up lease,A307,Two Bedroom | B2,1141.0,,,,2024-11-13,2024-11-28,12.0,,,2020.0,,,1709.0,,,,,,,,,0.0,117.0,HelloData off-market date = new lease signed,
PROXY (HelloData),2024-11,New Lease,First lease-up lease,H205,One Bedroom | A1,693.0,,,,2024-11-01,2024-11-16,12.0,,,1575.0,,,1333.0,,,,,,,,,78.0,154.0,HelloData off-market date = new lease signed,
PROXY (HelloData),2024-11,New Lease,First lease-up lease,H206,One Bedroom | A1,693.0,,,,2024-11-09,2024-11-24,12.0,,,1575.0,,,1333.0,,,,,,,,,86.0,162.0,HelloData off-market date = new lease signed,
PROXY (HelloData),2024-11,New Lease,First lease-up lease,H208,One Bedroom | A1,693.0,,,,2024-11-03,2024-11-18,12.0,,,1385.0,,,1172.0,,,,,,,,,80.0,156.0,HelloData off-market date = new lease signed,
PROXY (HelloData),2024-11,New Lease,First lease-up lease,H211,One Bedroom | A1,693.0,,,,2024-11-05,2024-11-20,12.0,,,1395.0,,,1180.0,,,,,,,,,82.0,158.0,HelloData off-market date = new lease signed,
PROXY (HelloData),2024-11,New Lease,First lease-up lease,I210,A2,746.0,,,,2024-11-20,2024-12-05,12.0,,,1664.0,,,1408.0,,,,,,,,,63.0,152.0,HelloData off-market date = new lease signed,
PROXY (HelloData),2024-11,New Lease,First lease-up lease,I307,Two Bedroom | B2,1141.0,,,,2024-11-26,2024-12-11,12.0,,,2020.0,,,1709.0,,,,,,,,,105.0,148.0,HelloData off-market date = new lease signed,
PROXY (HelloData),2024-11,New Lease,First lease-up lease,J207,B2,1141.0,,,,2024-11-15,2024-11-30,12.0,,,1995.0,,,1688.0,,,,,,,,,29.0,137.0,HelloData off-market date = new lease signed,
PROXY (HelloData),2024-12,New Lease,First lease-up lease,A208,A1,693.0,,,,2024-12-24,2025-01-08,14.0,,,1415.0,,,1379.0,,,,,,,,,40.0,158.0,HelloData off-market date = new lease signed,
PROXY (HelloData),2024-12,New Lease,First lease-up lease,A310,One Bedroom | A2,746.0,,,,2024-12-24,2025-01-08,14.0,,,1689.0,,,1653.0,,,,,,,,,80.0,158.0,HelloData off-market date = new lease signed,
PROXY (HelloData),2024-12,New Lease,First lease-up lease,B101,Two Bedroom | B2,1141.0,,,,2024-12-28,2025-01-12,14.0,,,1845.0,,,1809.0,,,,,,,,,0.0,18.0,HelloData off-market date = new lease signed,
PROXY (HelloData),2024-12,New Lease,First lease-up lease,G203,A1,693.0,,,,2024-12-17,2025-01-01,14.0,,,1385.0,,,1349.0,,,,,,,,,102.0,190.0,HelloData off-market date = new lease signed,
PROXY (HelloData),2024-12,New Lease,First lease-up lease,G206,A1,693.0,,,,2024-12-19,2025-01-03,14.0,,,1385.0,,,1349.0,,,,,,,,,104.0,192.0,HelloData off-market date = new lease signed,
PROXY (HelloData),2024-12,New Lease,First lease-up lease,G211,A1,693.0,,,,2024-12-19,2025-01-03,14.0,,,1400.0,,,1364.0,,,,,,,,,104.0,185.0,HelloData off-market date = new lease signed,
PROXY (HelloData),2024-12,New Lease,First lease-up lease,H108,A1,693.0,,,,2024-12-07,2024-12-22,14.0,,,1435.0,,,1230.0,,,,,,,,,114.0,190.0,HelloData off-market date = new lease signed,
PROXY (HelloData),2024-12,New Lease,First lease-up lease,H109,Two Bedroom | B1,1092.0,,,,2024-12-03,2024-12-18,12.0,,,1765.0,,,1493.0,,,,,,,,,110.0,186.0,HelloData off-market date = new lease signed,
PROXY (HelloData),2024-12,New Lease,First lease-up lease,H110,S1,517.0,,,,2024-12-10,2024-12-25,14.0,,,1145.0,,,981.0,,,,,,,,,117.0,193.0,HelloData off-market date = new lease signed,
PROXY (HelloData),2024-12,New Lease,First lease-up lease,H212,Three Bedroom | C1,1340.0,,,,2024-12-16,2024-12-31,14.0,,,1855.0,,,1819.0,,,,,,,,,123.0,199.0,HelloData off-market date = new lease signed,
PROXY (HelloData),2024-12,New Lease,First lease-up lease,H301,Two Bedroom | B2,1141.0,,,,2024-12-06,2024-12-21,14.0,,,1795.0,,,1759.0,,,,,,,,,113.0,189.0,HelloData off-market date = new lease signed,
PROXY (HelloData),2024-12,New Lease,First lease-up lease,I203,A1,693.0,,,,2024-12-20,2025-01-04,14.0,,,1385.0,,,1349.0,,,,,,,,,74.0,172.0,HelloData off-market date = new lease signed,
PROXY (HelloData),2024-12,New Lease,First lease-up lease,J107,Two Bedroom | B2,1141.0,,,,2024-12-12,2024-12-27,14.0,,,1845.0,,,1809.0,,,,,,,,,56.0,164.0,HelloData off-market date = new lease signed,
PROXY (HelloData),2024-12,New Lease,First lease-up lease,J110,S1,517.0,,,,2024-12-11,2024-12-26,14.0,,,1445.0,,,1409.0,,,,,,,,,55.0,163.0,HelloData off-market date = new lease signed,
PROXY (HelloData),2024-12,New Lease,First lease-up lease,J111,One Bedroom | A1,693.0,,,,2024-12-31,2025-01-15,14.0,,,1435.0,,,1399.0,,,,,,,,,75.0,183.0,HelloData off-market date = new lease signed,
PROXY (HelloData),2024-12,New Lease,First lease-up lease,J210,Studio | S1,517.0,,,,2024-12-11,2024-12-26,14.0,,,1395.0,,,1359.0,,,,,,,,,55.0,163.0,HelloData off-market date = new lease signed,
PROXY (HelloData),2024-12,New Lease,First lease-up lease,J213,B2,1141.0,,,,2024-12-12,2024-12-27,14.0,,,1795.0,,,1759.0,,,,,,,,,56.0,164.0,HelloData off-market date = new lease signed,
PROXY (HelloData),2024-12,New Lease,First lease-up lease,J310,Studio | S1,517.0,,,,2024-12-01,2024-12-16,12.0,,,1420.0,,,1201.0,,,,,,,,,45.0,153.0,HelloData off-market date = new lease signed,
PROXY (HelloData),2025-01,New Lease,First lease-up lease,A101,B2,1141.0,,,,2025-01-30,2025-02-14,15.0,,,1995.0,,,1962.0,,,,,,,,,77.0,195.0,HelloData off-market date = new lease signed,
PROXY (HelloData),2025-01,New Lease,First lease-up lease,A202,Three Bedroom | C1,1340.0,,,,2025-01-14,2025-01-29,15.0,,,2080.0,,,2047.0,,,,,,,,,61.0,179.0,HelloData off-market date = new lease signed,
PROXY (HelloData),2025-01,New Lease,First lease-up lease,A203,A1,693.0,,,,2025-01-24,2025-02-08,15.0,,,1410.0,,,1377.0,,,,,,,,,71.0,189.0,HelloData off-market date = new lease signed,
PROXY (HelloData),2025-01,New Lease,First lease-up lease,A213,B3,1177.0,,,,2025-01-04,2025-01-19,14.0,,,1798.0,,,1762.0,,,,,,,,,51.0,169.0,HelloData off-market date = new lease signed,
PROXY (HelloData),2025-01,New Lease,Re-lease,B105,A1,693.0,,,,2025-01-10,2025-01-25,15.0,,1600.0,1425.0,-0.109375,1354.0,1392.0,0.028064992614475627,,,,,,,,0.0,31.0,HelloData asking->asking (prior tenant contract rent unavailable),
PROXY (HelloData),2025-01,New Lease,Re-lease,B110,Studio | S1,517.0,,,,2025-01-18,2025-02-02,15.0,,1445.0,1295.0,-0.10380622837370242,1223.0,1262.0,0.03188879803761243,,,,,,,,2.0,39.0,HelloData asking->asking (prior tenant contract rent unavailable),
PROXY (HelloData),2025-01,New Lease,First lease-up lease,B202,B3,1177.0,,,,2025-01-12,2025-01-27,15.0,,,1798.0,,,1765.0,,,,,,,,,11.0,143.0,HelloData off-market date = new lease signed,
PROXY (HelloData),2025-01,New Lease,Re-lease,B203,A1,693.0,,,,2025-01-01,2025-01-16,14.0,,1575.0,1400.0,-0.1111111111111111,1333.0,1364.0,0.023255813953488372,,,,,,,,15.0,22.0,HelloData asking->asking (prior tenant contract rent unavailable),
PROXY (HelloData),2025-01,New Lease,Re-lease,B304,A2,746.0,,,,2025-01-05,2025-01-20,14.0,,1689.0,1689.0,0.0,1429.0,1653.0,0.15675297410776767,,,,,,,,0.0,26.0,HelloData asking->asking (prior tenant contract rent unavailable),
PROXY (HelloData),2025-01,New Lease,First lease-up lease,C212,Two Bedroom | B3,1177.0,,,,2025-01-08,2025-01-23,14.0,,,1833.0,,,1797.0,,,,,,,,,19.0,20.0,HelloData off-market date = new lease signed,
PROXY (HelloData),2025-01,New Lease,First lease-up lease,G205,Two Bedroom | B1,1092.0,,,,2025-01-07,2025-01-22,14.0,,,1690.0,,,1654.0,,,,,,,,,123.0,211.0,HelloData off-market date = new lease signed,
PROXY (HelloData),2025-01,New Lease,First lease-up lease,H302,B3,1177.0,,,,2025-01-30,2025-02-14,15.0,,,1750.0,,,1717.0,,,,,,,,,168.0,244.0,HelloData off-market date = new lease signed,
PROXY (HelloData),2025-01,New Lease,First lease-up lease,I102,Three Bedroom | C1,1328.0,,,,2025-01-09,2025-01-24,15.0,,,2105.0,,,2072.0,,,,,,,,,113.0,202.0,HelloData off-market date = new lease signed,
PROXY (HelloData),2025-01,New Lease,First lease-up lease,I107,B2,1141.0,,,,2025-01-18,2025-02-02,15.0,,,1995.0,,,1962.0,,,,,,,,,122.0,211.0,HelloData off-market date = new lease signed,
PROXY (HelloData),2025-01,New Lease,First lease-up lease,I201,B2,1141.0,,,,2025-01-04,2025-01-19,14.0,,,1795.0,,,1759.0,,,,,,,,,108.0,197.0,HelloData off-market date = new lease signed,
PROXY (HelloData),2025-01,New Lease,First lease-up lease,I202,Three Bedroom | C1,1340.0,,,,2025-01-08,2025-01-23,14.0,,,2055.0,,,2019.0,,,,,,,,,112.0,201.0,HelloData off-market date = new lease signed,
PROXY (HelloData),2025-01,New Lease,First lease-up lease,I206,One Bedroom | A1,693.0,,,,2025-01-12,2025-01-27,15.0,,,1410.0,,,1377.0,,,,,,,,,97.0,195.0,HelloData off-market date = new lease signed,
PROXY (HelloData),2025-01,New Lease,First lease-up lease,I211,One Bedroom | A1,693.0,,,,2025-01-07,2025-01-22,14.0,,,1400.0,,,1364.0,,,,,,,,,92.0,190.0,HelloData off-market date = new lease signed,
PROXY (HelloData),2025-01,New Lease,First lease-up lease,J109,B1,1092.0,,,,2025-01-22,2025-02-06,15.0,,,1765.0,,,1732.0,,,,,,,,,97.0,205.0,HelloData off-market date = new lease signed,
PROXY (HelloData),2025-01,New Lease,First lease-up lease,J208,One Bedroom | A1,693.0,,,,2025-01-03,2025-01-18,14.0,,,1385.0,,,1349.0,,,,,,,,,78.0,186.0,HelloData off-market date = new lease signed,
PROXY (HelloData),2025-01,New Lease,First lease-up lease,J211,One Bedroom | A1,693.0,,,,2025-01-05,2025-01-20,14.0,,,1385.0,,,1349.0,,,,,,,,,80.0,188.0,HelloData off-market date = new lease signed,
PROXY (HelloData),2025-02,New Lease,First lease-up lease,A102,C1,1328.0,,,,2025-02-05,2025-02-20,15.0,,,2130.0,,,2097.0,,,,,,,,,156.0,201.0,HelloData off-market date = new lease signed,
PROXY (HelloData),2025-02,New Lease,First lease-up lease,A107,Two Bedroom | B2,1141.0,,,,2025-02-18,2025-03-05,15.0,,,1995.0,,,1962.0,,,,,,,,,96.0,214.0,HelloData off-market date = new lease signed,
PROXY (HelloData),2025-02,New Lease,First lease-up lease,A205,B1,1092.0,,,,2025-02-15,2025-03-02,15.0,,,1715.0,,,1682.0,,,,,,,,,93.0,211.0,HelloData off-market date = new lease signed,
PROXY (HelloData),2025-02,New Lease,First lease-up lease,A206,A1,693.0,,,,2025-02-26,2025-03-13,15.0,,,1410.0,,,1377.0,,,,,,,,,104.0,222.0,HelloData off-market date = new lease signed,
PROXY (HelloData),2025-02,New Lease,Re-lease,B109,Two Bedroom | B1,1092.0,,,,2025-02-14,2025-03-01,15.0,,1985.0,1765.0,-0.11083123425692695,1679.0,1732.0,0.03156640857653365,,,,,,,,29.0,66.0,HelloData asking->asking (prior tenant contract rent unavailable),
PROXY (HelloData),2025-02,New Lease,Re-lease,B206,A1,693.0,,,,2025-02-16,2025-03-03,15.0,,1575.0,1425.0,-0.09523809523809523,1333.0,1392.0,0.04426106526631658,,,,,,,,31.0,68.0,HelloData asking->asking (prior tenant contract rent unavailable),
PROXY (HelloData),2025-02,New Lease,Re-lease,B210,S1,517.0,,,,2025-02-11,2025-02-26,15.0,,1395.0,1320.0,-0.053763440860215055,1180.0,1287.0,0.09067796610169492,,,,,,,,41.0,63.0,HelloData asking->asking (prior tenant contract rent unavailable),
PROXY (HelloData),2025-02,New Lease,First lease-up lease,E304,A2,746.0,,,,2025-02-23,2025-03-10,15.0,,,1689.0,,,1656.0,,,,,,,,,15.0,16.0,HelloData off-market date = new lease signed,
PROXY (HelloData),2025-02,New Lease,First lease-up lease,F205,B1,1092.0,,,,2025-02-13,2025-02-28,15.0,,,1790.0,,,1757.0,,,,,,,,,0.0,6.0,HelloData off-market date = new lease signed,
PROXY (HelloData),2025-02,New Lease,First lease-up lease,F209,One Bedroom | A1,693.0,,,,2025-02-18,2025-03-05,15.0,,,1510.0,,,1477.0,,,,,,,,,0.0,11.0,HelloData off-market date = new lease signed,
PROXY (HelloData),2025-02,New Lease,First lease-up lease,F211,One Bedroom | A1,693.0,,,,2025-02-14,2025-03-01,15.0,,,1510.0,,,1477.0,,,,,,,,,0.0,7.0,HelloData off-market date = new lease signed,
PROXY (HelloData),2025-02,New Lease,First lease-up lease,G106,One Bedroom | A1,693.0,,,,2025-02-14,2025-03-01,15.0,,,1430.0,,,1397.0,,,,,,,,,161.0,249.0,HelloData off-market date = new lease signed,
PROXY (HelloData),2025-02,New Lease,First lease-up lease,G108,A1,693.0,,,,2025-02-11,2025-02-26,15.0,,,1450.0,,,1417.0,,,,,,,,,158.0,246.0,HelloData off-market date = new lease signed,
PROXY (HelloData),2025-02,New Lease,First lease-up lease,G109,A1,693.0,,,,2025-02-22,2025-03-09,15.0,,,1425.0,,,1392.0,,,,,,,,,169.0,257.0,HelloData off-market date = new lease signed,
PROXY (HelloData),2025-02,New Lease,First lease-up lease,G112,Two Bedroom | B3,1165.0,,,,2025-02-18,2025-03-05,15.0,,,1898.0,,,1865.0,,,,,,,,,165.0,253.0,HelloData off-market date = new lease signed,
PROXY (HelloData),2025-02,New Lease,First lease-up lease,G213,B3,1177.0,,,,2025-02-12,2025-02-27,15.0,,,1798.0,,,1765.0,,,,,,,,,159.0,247.0,HelloData off-market date = new lease signed,
PROXY (HelloData),2025-02,New Lease,First lease-up lease,I105,Two Bedroom | B1,1092.0,,,,2025-02-18,2025-03-05,15.0,,,1765.0,,,1732.0,,,,,,,,,153.0,242.0,HelloData off-market date = new lease signed,
PROXY (HelloData),2025-02,New Lease,First lease-up lease,I109,A1,693.0,,,,2025-02-19,2025-03-06,15.0,,,1435.0,,,1402.0,,,,,,,,,135.0,233.0,HelloData off-market date = new lease signed,
PROXY (HelloData),2025-02,New Lease,First lease-up lease,I205,Two Bedroom | B1,1092.0,,,,2025-02-14,2025-03-01,15.0,,,1715.0,,,1682.0,,,,,,,,,149.0,238.0,HelloData off-market date = new lease signed,
PROXY (HelloData),2025-02,New Lease,First lease-up lease,I213,B3,1177.0,,,,2025-02-15,2025-03-02,15.0,,,1798.0,,,1765.0,,,,,,,,,150.0,239.0,HelloData off-market date = new lease signed,
PROXY (HelloData),2025-02,New Lease,First lease-up lease,J103,One Bedroom | A1,693.0,,,,2025-02-05,2025-02-20,15.0,,,1450.0,,,1417.0,,,,,,,,,111.0,219.0,HelloData off-market date = new lease signed,
PROXY (HelloData),2025-02,New Lease,First lease-up lease,J206,A1,693.0,,,,2025-02-04,2025-02-19,15.0,,,1425.0,,,1392.0,,,,,,,,,110.0,218.0,HelloData off-market date = new lease signed,
PROXY (HelloData),2025-02,New Lease,First lease-up lease,J307,Two Bedroom | B2,1141.0,,,,2025-02-19,2025-03-06,15.0,,,2270.0,,,2237.0,,,,,,,,,125.0,233.0,HelloData off-market date = new lease signed,
PROXY (HelloData),2025-03,New Lease,First lease-up lease,A304,A2,746.0,,,,2025-03-12,2025-03-27,12.0,,,1689.0,,,1548.0,,,,,,,,,125.0,236.0,HelloData off-market date = new lease signed,
PROXY (HelloData),2025-03,New Lease,First lease-up lease,A312,B3,1177.0,,,,2025-03-23,2025-04-07,12.0,,,1770.0,,,1566.0,,,,,,,,,129.0,247.0,HelloData off-market date = new lease signed,
PROXY (HelloData),2025-03,New Lease,First lease-up lease,A313,Two Bedroom | B3,1177.0,,,,2025-03-26,2025-04-10,12.0,,,1935.0,,,1712.0,,,,,,,,,132.0,250.0,HelloData off-market date = new lease signed,
PROXY (HelloData),2025-03,New Lease,Re-lease,B205,A1,693.0,,,,2025-03-04,2025-03-19,15.0,,1575.0,1425.0,-0.09523809523809523,1333.0,1392.0,0.04426106526631658,,,,,,,,47.0,84.0,HelloData asking->asking (prior tenant contract rent unavailable),
PROXY (HelloData),2025-03,New Lease,Re-lease,B208,A1,693.0,,,,2025-03-25,2025-04-09,12.0,,1560.0,1470.0,-0.057692307692307696,1320.0,1300.0,-0.015151515151515152,,,,,,,,68.0,105.0,HelloData asking->asking (prior tenant contract rent unavailable),
PROXY (HelloData),2025-03,New Lease,Re-lease,B209,Two Bedroom | B1,1092.0,,,,2025-03-07,2025-03-22,12.0,,1935.0,1715.0,-0.11369509043927649,1637.0,1572.0,-0.03970678069639585,,,,,,,,65.0,87.0,HelloData asking->asking (prior tenant contract rent unavailable),
PROXY (HelloData),2025-03,New Lease,First lease-up lease,D112,C1,1328.0,,,,2025-03-22,2025-04-06,12.0,,,2160.0,,,1911.0,,,,,,,,,0.0,5.0,HelloData off-market date = new lease signed,
PROXY (HelloData),2025-03,New Lease,First lease-up lease,E202,Two Bedroom | B3,1177.0,,,,2025-03-27,2025-04-11,12.0,,,1795.0,,,1588.0,,,,,,,,,8.0,128.0,HelloData off-market date = new lease signed,
PROXY (HelloData),2025-03,New Lease,First lease-up lease,E210,Studio | S1,517.0,,,,2025-03-28,2025-04-12,12.0,,,1420.0,,,1256.0,,,,,,,,,48.0,49.0,HelloData off-market date = new lease signed,
PROXY (HelloData),2025-03,New Lease,First lease-up lease,E213,B2,1141.0,,,,2025-03-25,2025-04-09,12.0,,,2045.0,,,1809.0,,,,,,,,,6.0,46.0,HelloData off-market date = new lease signed,
PROXY (HelloData),2025-03,New Lease,First lease-up lease,E302,Two Bedroom | B3,1177.0,,,,2025-03-19,2025-04-03,12.0,,,1820.0,,,1610.0,,,,,,,,,0.0,120.0,HelloData off-market date = new lease signed,
PROXY (HelloData),2025-03,New Lease,First lease-up lease,E312,Three Bedroom | C1,1340.0,,,,2025-03-18,2025-04-02,12.0,,,2235.0,,,1977.0,,,,,,,,,52.0,119.0,HelloData off-market date = new lease signed,
PROXY (HelloData),2025-03,New Lease,First lease-up lease,F103,A1,693.0,,,,2025-03-11,2025-03-26,12.0,,,1535.0,,,1407.0,,,,,,,,,0.0,32.0,HelloData off-market date = new lease signed,
PROXY (HelloData),2025-03,New Lease,First lease-up lease,F203,One Bedroom | A1,693.0,,,,2025-03-08,2025-03-23,12.0,,,1485.0,,,1361.0,,,,,,,,,0.0,29.0,HelloData off-market date = new lease signed,
PROXY (HelloData),2025-03,New Lease,First lease-up lease,F208,One Bedroom | A1,693.0,,,,2025-03-24,2025-04-08,12.0,,,1570.0,,,1389.0,,,,,,,,,9.0,45.0,HelloData off-market date = new lease signed,
PROXY (HelloData),2025-03,New Lease,First lease-up lease,F213,B3,1177.0,,,,2025-03-21,2025-04-05,12.0,,,1885.0,,,1667.0,,,,,,,,,2.0,122.0,HelloData off-market date = new lease signed,
PROXY (HelloData),2025-03,New Lease,First lease-up lease,F303,A1,693.0,,,,2025-03-16,2025-03-31,12.0,,,1545.0,,,1367.0,,,,,,,,,0.0,37.0,HelloData off-market date = new lease signed,
PROXY (HelloData),2025-03,New Lease,First lease-up lease,F312,Two Bedroom | B3,1177.0,,,,2025-03-26,2025-04-10,12.0,,,1845.0,,,1632.0,,,,,,,,,7.0,127.0,HelloData off-market date = new lease signed,
PROXY (HelloData),2025-03,New Lease,First lease-up lease,F313,Two Bedroom | B3,1177.0,,,,2025-03-14,2025-03-29,12.0,,,1960.0,,,1734.0,,,,,,,,,0.0,115.0,HelloData off-market date = new lease signed,
PROXY (HelloData),2025-03,New Lease,First lease-up lease,G111,One Bedroom | A1,693.0,,,,2025-03-20,2025-04-04,12.0,,,1425.0,,,1260.0,,,,,,,,,195.0,283.0,HelloData off-market date = new lease signed,
PROXY (HelloData),2025-03,New Lease,First lease-up lease,G303,One Bedroom | A1,693.0,,,,2025-03-04,2025-03-19,15.0,,,1435.0,,,1402.0,,,,,,,,,179.0,260.0,HelloData off-market date = new lease signed,
PROXY (HelloData),2025-03,New Lease,First lease-up lease,G306,One Bedroom | A1,693.0,,,,2025-03-14,2025-03-29,12.0,,,1435.0,,,1269.0,,,,,,,,,189.0,270.0,HelloData off-market date = new lease signed,
PROXY (HelloData),2025-03,New Lease,First lease-up lease,G312,Two Bedroom | B3,1177.0,,,,2025-03-28,2025-04-12,12.0,,,1800.0,,,1592.0,,,,,,,,,203.0,291.0,HelloData off-market date = new lease signed,
PROXY (HelloData),2025-03,New Lease,First lease-up lease,J106,One Bedroom | A1,693.0,,,,2025-03-15,2025-03-30,12.0,,,1480.0,,,1309.0,,,,,,,,,149.0,257.0,HelloData off-market date = new lease signed,
PROXY (HelloData),2025-03,New Lease,First lease-up lease,J202,Two Bedroom | B3,1177.0,,,,2025-03-11,2025-03-26,12.0,,,1798.0,,,1648.0,,,,,,,,,145.0,253.0,HelloData off-market date = new lease signed,
PROXY (HelloData),2025-03,New Lease,First lease-up lease,J205,One Bedroom | A1,693.0,,,,2025-03-08,2025-03-23,12.0,,,1425.0,,,1306.0,,,,,,,,,142.0,250.0,HelloData off-market date = new lease signed,
PROXY (HelloData),2025-03,New Lease,First lease-up lease,J209,B1,1092.0,,,,2025-03-08,2025-03-23,12.0,,,1715.0,,,1572.0,,,,,,,,,142.0,250.0,HelloData off-market date = new lease signed,
PROXY (HelloData),2025-04,New Lease,First lease-up lease,A105,Two Bedroom | B1,1092.0,,,,2025-04-24,2025-05-09,12.0,,,1885.0,,,1728.0,,,,,,,,,161.0,279.0,HelloData off-market date = new lease signed,
PROXY (HelloData),2025-04,New Lease,First lease-up lease,A112,B3,1165.0,,,,2025-04-27,2025-05-12,12.0,,,1820.0,,,1668.0,,,,,,,,,164.0,282.0,HelloData off-market date = new lease signed,
PROXY (HelloData),2025-04,New Lease,First lease-up lease,A211,One Bedroom | A1,693.0,,,,2025-04-10,2025-04-25,12.0,,,1520.0,,,1344.0,,,,,,,,,147.0,265.0,HelloData off-market date = new lease signed,
PROXY (HelloData),2025-04,New Lease,First lease-up lease,A302,C1,1340.0,,,,2025-04-04,2025-04-19,12.0,,,2245.0,,,1986.0,,,,,,,,,141.0,259.0,HelloData off-market date = new lease signed,
PROXY (HelloData),2025-04,New Lease,Re-lease,B102,B3,1165.0,,,,2025-04-06,2025-04-21,12.0,,2173.0,1820.0,-0.16244822825586747,1838.0,1610.0,-0.12404787812840043,,,,,,,,80.0,117.0,HelloData asking->asking (prior tenant contract rent unavailable),
PROXY (HelloData),2025-04,New Lease,Re-lease,B103,One Bedroom | A1,693.0,,,,2025-04-06,2025-04-21,12.0,,1600.0,1510.0,-0.05625,1354.0,1336.0,-0.013293943870014771,,,,,,,,80.0,117.0,HelloData asking->asking (prior tenant contract rent unavailable),
PROXY (HelloData),2025-04,New Lease,Re-lease,B106,A1,693.0,,,,2025-04-14,2025-04-29,12.0,,1600.0,1520.0,-0.05,1354.0,1344.0,-0.007385524372230428,,,,,,,,88.0,125.0,HelloData asking->asking (prior tenant contract rent unavailable),
PROXY (HelloData),2025-04,New Lease,Re-lease,B211,A1,693.0,,,,2025-04-01,2025-04-16,12.0,,1560.0,1485.0,-0.04807692307692308,1320.0,1314.0,-0.004545454545454545,,,,,,,,75.0,112.0,HelloData asking->asking (prior tenant contract rent unavailable),
PROXY (HelloData),2025-04,New Lease,First lease-up lease,B302,B3,1177.0,,,,2025-04-11,2025-04-26,12.0,,,1970.0,,,1743.0,,,,,,,,,100.0,232.0,HelloData off-market date = new lease signed,
PROXY (HelloData),2025-04,New Lease,First lease-up lease,C108,One Bedroom | A1,693.0,,,,2025-04-27,2025-05-12,12.0,,,1555.0,,,1425.0,,,,,,,,,0.0,41.0,HelloData off-market date = new lease signed,
PROXY (HelloData),2025-04,New Lease,First lease-up lease,C111,One Bedroom | A1,693.0,,,,2025-04-28,2025-05-13,12.0,,,1555.0,,,1425.0,,,,,,,,,0.0,42.0,HelloData off-market date = new lease signed,
PROXY (HelloData),2025-04,New Lease,First lease-up lease,C202,C1,1340.0,,,,2025-04-09,2025-04-24,12.0,,,2160.0,,,1911.0,,,,,,,,,0.0,23.0,HelloData off-market date = new lease signed,
PROXY (HelloData),2025-04,New Lease,First lease-up lease,C203,One Bedroom | A1,693.0,,,,2025-04-10,2025-04-25,12.0,,,1485.0,,,1314.0,,,,,,,,,0.0,24.0,HelloData off-market date = new lease signed,
PROXY (HelloData),2025-04,New Lease,First lease-up lease,C206,A1,693.0,,,,2025-04-11,2025-04-26,12.0,,,1485.0,,,1314.0,,,,,,,,,0.0,25.0,HelloData off-market date = new lease signed,
PROXY (HelloData),2025-04,New Lease,First lease-up lease,C209,One Bedroom | A1,693.0,,,,2025-04-29,2025-05-14,12.0,,,1580.0,,,1448.0,,,,,,,,,0.0,43.0,HelloData off-market date = new lease signed,
PROXY (HelloData),2025-04,New Lease,First lease-up lease,D103,One Bedroom | A1,693.0,,,,2025-04-29,2025-05-14,12.0,,,1555.0,,,1425.0,,,,,,,,,0.0,33.0,HelloData off-market date = new lease signed,
PROXY (HelloData),2025-04,New Lease,First lease-up lease,D110,Studio | S1,517.0,,,,2025-04-24,2025-05-09,12.0,,,1445.0,,,1325.0,,,,,,,,,0.0,38.0,HelloData off-market date = new lease signed,
PROXY (HelloData),2025-04,New Lease,First lease-up lease,D113,B2,1141.0,,,,2025-04-20,2025-05-05,12.0,,,2045.0,,,1875.0,,,,,,,,,0.0,34.0,HelloData off-market date = new lease signed,
PROXY (HelloData),2025-04,New Lease,First lease-up lease,E111,A1,693.0,,,,2025-04-29,2025-05-14,12.0,,,1590.0,,,1458.0,,,,,,,,,41.0,81.0,HelloData off-market date = new lease signed,
PROXY (HelloData),2025-04,New Lease,First lease-up lease,E112,Three Bedroom | C1,1328.0,,,,2025-04-17,2025-05-02,12.0,,,2235.0,,,2049.0,,,,,,,,,29.0,69.0,HelloData off-market date = new lease signed,
PROXY (HelloData),2025-04,New Lease,First lease-up lease,E113,B2,1141.0,,,,2025-04-05,2025-04-20,12.0,,,2080.0,,,1840.0,,,,,,,,,17.0,57.0,HelloData off-market date = new lease signed,
PROXY (HelloData),2025-04,New Lease,First lease-up lease,E203,A1,693.0,,,,2025-04-08,2025-04-23,12.0,,,1520.0,,,1344.0,,,,,,,,,31.0,32.0,HelloData off-market date = new lease signed,
PROXY (HelloData),2025-04,New Lease,First lease-up lease,E204,One Bedroom | A2,746.0,,,,2025-04-15,2025-04-30,12.0,,,1764.0,,,1617.0,,,,,,,,,27.0,67.0,HelloData off-market date = new lease signed,
PROXY (HelloData),2025-04,New Lease,First lease-up lease,E313,B2,1141.0,,,,2025-04-15,2025-04-30,12.0,,,2120.0,,,1943.0,,,,,,,,,27.0,67.0,HelloData off-market date = new lease signed,
PROXY (HelloData),2025-04,New Lease,First lease-up lease,F202,C1,1340.0,,,,2025-04-29,2025-05-14,12.0,,,2235.0,,,2049.0,,,,,,,,,41.0,161.0,HelloData off-market date = new lease signed,
PROXY (HelloData),2025-04,New Lease,First lease-up lease,F204,A2,746.0,,,,2025-04-08,2025-04-23,12.0,,,1764.0,,,1560.0,,,,,,,,,20.0,60.0,HelloData off-market date = new lease signed,
PROXY (HelloData),2025-04,New Lease,First lease-up lease,F212,B3,1177.0,,,,2025-04-03,2025-04-18,12.0,,,1820.0,,,1610.0,,,,,,,,,15.0,135.0,HelloData off-market date = new lease signed,
PROXY (HelloData),2025-04,New Lease,First lease-up lease,F301,B2,1141.0,,,,2025-04-26,2025-05-11,12.0,,,2095.0,,,1920.0,,,,,,,,,38.0,78.0,HelloData off-market date = new lease signed,
PROXY (HelloData),2025-04,New Lease,First lease-up lease,G113,Two Bedroom | B3,1165.0,,,,2025-04-23,2025-05-08,12.0,,,1735.0,,,1590.0,,,,,,,,,229.0,317.0,HelloData off-market date = new lease signed,
PROXY (HelloData),2025-04,New Lease,First lease-up lease,G202,C1,1340.0,,,,2025-04-15,2025-04-30,12.0,,,2085.0,,,1911.0,,,,,,,,,221.0,309.0,HelloData off-market date = new lease signed,
PROXY (HelloData),2025-04,New Lease,First lease-up lease,G212,Two Bedroom | B3,1177.0,,,,2025-04-12,2025-04-27,12.0,,,1970.0,,,1743.0,,,,,,,,,218.0,306.0,HelloData off-market date = new lease signed,
PROXY (HelloData),2025-04,New Lease,First lease-up lease,H102,Two Bedroom | B3,1165.0,,,,2025-04-17,2025-05-02,12.0,,,1670.0,,,1531.0,,,,,,,,,245.0,321.0,HelloData off-market date = new lease signed,
PROXY (HelloData),2025-04,New Lease,First lease-up lease,H202,Two Bedroom | B3,1177.0,,,,2025-04-23,2025-05-08,12.0,,,1870.0,,,1714.0,,,,,,,,,251.0,327.0,HelloData off-market date = new lease signed,
PROXY (HelloData),2025-04,New Lease,Re-lease,H205,One Bedroom | A1,693.0,,,,2025-04-13,2025-04-28,12.0,,1575.0,1395.0,-0.11428571428571428,1333.0,1234.0,-0.07426856714178545,,,,,,,,0.0,13.0,HelloData asking->asking (prior tenant contract rent unavailable),
PROXY (HelloData),2025-04,New Lease,First lease-up lease,H308,One Bedroom | A1,693.0,,,,2025-04-01,2025-04-16,12.0,,,1435.0,,,1269.0,,,,,,,,,229.0,305.0,HelloData off-market date = new lease signed,
PROXY (HelloData),2025-04,New Lease,First lease-up lease,I108,One Bedroom | A1,693.0,,,,2025-04-09,2025-04-24,12.0,,,1495.0,,,1322.0,,,,,,,,,184.0,282.0,HelloData off-market date = new lease signed,
PROXY (HelloData),2025-04,New Lease,First lease-up lease,I208,One Bedroom | A1,693.0,,,,2025-04-16,2025-05-01,12.0,,,1545.0,,,1416.0,,,,,,,,,191.0,289.0,HelloData off-market date = new lease signed,
PROXY (HelloData),2025-04,New Lease,First lease-up lease,J302,B3,1177.0,,,,2025-04-14,2025-04-29,12.0,,,2020.0,,,1787.0,,,,,,,,,179.0,287.0,HelloData off-market date = new lease signed,
PROXY (HelloData),2025-05,New Lease,First lease-up lease,A113,B3,1165.0,,,,2025-05-23,2025-06-07,12.0,,,1885.0,,,1667.0,,,,,,,,,190.0,308.0,HelloData off-market date = new lease signed,
PROXY (HelloData),2025-05,New Lease,First lease-up lease,A305,Two Bedroom | B1,1092.0,,,,2025-05-23,2025-06-07,12.0,,,1995.0,,,1765.0,,,,,,,,,190.0,308.0,HelloData off-market date = new lease signed,
PROXY (HelloData),2025-05,New Lease,Re-lease,B310,S1,517.0,,,,2025-05-14,2025-05-29,12.0,,1420.0,1530.0,0.07746478873239436,1201.0,1402.0,0.16736053288925895,,,,,,,,118.0,155.0,HelloData asking->asking (prior tenant contract rent unavailable),
PROXY (HelloData),2025-05,New Lease,First lease-up lease,C208,One Bedroom | A1,693.0,,,,2025-05-01,2025-05-16,12.0,,,1580.0,,,1448.0,,,,,,,,,0.0,45.0,HelloData off-market date = new lease signed,
PROXY (HelloData),2025-05,New Lease,First lease-up lease,D213,Two Bedroom | B2,1141.0,,,,2025-05-24,2025-06-08,12.0,,,2168.0,,,1918.0,,,,,,,,,4.0,68.0,HelloData off-market date = new lease signed,
PROXY (HelloData),2025-05,New Lease,First lease-up lease,D310,S1,517.0,,,,2025-05-29,2025-06-13,12.0,,,1530.0,,,1353.0,,,,,,,,,9.0,73.0,HelloData off-market date = new lease signed,
PROXY (HelloData),2025-05,New Lease,First lease-up lease,E207,Two Bedroom | B2,1141.0,,,,2025-05-14,2025-05-29,12.0,,,2153.0,,,1974.0,,,,,,,,,56.0,96.0,HelloData off-market date = new lease signed,
PROXY (HelloData),2025-05,New Lease,First lease-up lease,G313,B3,1177.0,,,,2025-05-14,2025-05-29,12.0,,,2099.0,,,1924.0,,,,,,,,,250.0,338.0,HelloData off-market date = new lease signed,
PROXY (HelloData),2025-05,New Lease,First lease-up lease,I112,Two Bedroom | B3,1165.0,,,,2025-05-04,2025-05-19,12.0,,,1820.0,,,1668.0,,,,,,,,,228.0,317.0,HelloData off-market date = new lease signed,
PROXY (HelloData),2025-05,New Lease,First lease-up lease,I113,Two Bedroom | B3,1165.0,,,,2025-05-14,2025-05-29,12.0,,,1885.0,,,1728.0,,,,,,,,,238.0,327.0,HelloData off-market date = new lease signed,
PROXY (HelloData),2025-05,New Lease,First lease-up lease,J102,B3,1165.0,,,,2025-05-14,2025-05-29,12.0,,,1820.0,,,1668.0,,,,,,,,,209.0,317.0,HelloData off-market date = new lease signed,
PROXY (HelloData),2025-06,New Lease,Re-lease,B107,Two Bedroom | B2,1141.0,,,,2025-06-26,2025-07-11,12.0,,2045.0,1894.0,-0.07383863080684597,1730.0,1736.0,0.003468208092485549,,,,,,,,161.0,198.0,HelloData asking->asking (prior tenant contract rent unavailable),
PROXY (HelloData),2025-06,New Lease,Re-lease,B112,C1,1328.0,,,,2025-06-04,2025-06-19,12.0,,2365.0,2326.0,-0.01649048625792812,2001.0,2057.0,0.02798600699650175,,,,,,,,139.0,176.0,HelloData asking->asking (prior tenant contract rent unavailable),
PROXY (HelloData),2025-06,New Lease,Re-lease,B207,B2,1141.0,,,,2025-06-26,2025-07-11,12.0,,1995.0,1919.0,-0.0380952380952381,1688.0,1759.0,0.04206161137440758,,,,,,,,161.0,198.0,HelloData asking->asking (prior tenant contract rent unavailable),
PROXY (HelloData),2025-06,New Lease,Re-lease,B213,B2,1141.0,,,,2025-06-17,2025-07-02,12.0,,1995.0,1919.0,-0.0380952380952381,1688.0,1759.0,0.04206161137440758,,,,,,,,152.0,189.0,HelloData asking->asking (prior tenant contract rent unavailable),
PROXY (HelloData),2025-06,New Lease,First lease-up lease,B312,Three Bedroom | C1,1340.0,,,,2025-06-01,2025-06-16,12.0,,,2380.0,,,2105.0,,,,,,,,,151.0,283.0,HelloData off-market date = new lease signed,
PROXY (HelloData),2025-06,New Lease,First lease-up lease,C106,One Bedroom | A1,693.0,,,,2025-06-18,2025-07-03,12.0,,,1590.0,,,1458.0,,,,,,,,,29.0,93.0,HelloData off-market date = new lease signed,
PROXY (HelloData),2025-06,New Lease,First lease-up lease,C201,Two Bedroom | B2,1141.0,,,,2025-06-27,2025-07-12,12.0,,,1919.0,,,1759.0,,,,,,,,,38.0,102.0,HelloData off-market date = new lease signed,
PROXY (HelloData),2025-06,New Lease,First lease-up lease,D107,B2,1141.0,,,,2025-06-19,2025-07-04,12.0,,,1894.0,,,1736.0,,,,,,,,,30.0,94.0,HelloData off-market date = new lease signed,
PROXY (HelloData),2025-06,New Lease,First lease-up lease,D207,B2,1141.0,,,,2025-06-22,2025-07-07,12.0,,,1904.0,,,1745.0,,,,,,,,,33.0,97.0,HelloData off-market date = new lease signed,
PROXY (HelloData),2025-06,New Lease,First lease-up lease,D311,A1,693.0,,,,2025-06-05,2025-06-20,12.0,,,1685.0,,,1490.0,,,,,,,,,16.0,80.0,HelloData off-market date = new lease signed,
PROXY (HelloData),2025-06,New Lease,First lease-up lease,E201,Two Bedroom | B2,1141.0,,,,2025-06-13,2025-06-28,12.0,,,2118.0,,,1873.0,,,,,,,,,86.0,126.0,HelloData off-market date = new lease signed,
PROXY (HelloData),2025-06,New Lease,First lease-up lease,E205,One Bedroom | A1,693.0,,,,2025-06-16,2025-07-01,12.0,,,1600.0,,,1467.0,,,,,,,,,89.0,129.0,HelloData off-market date = new lease signed,
PROXY (HelloData),2025-06,New Lease,First lease-up lease,E310,S1,517.0,,,,2025-06-19,2025-07-04,12.0,,,1530.0,,,1402.0,,,,,,,,,92.0,132.0,HelloData off-market date = new lease signed,
PROXY (HelloData),2025-06,New Lease,First lease-up lease,F102,Three Bedroom | C1,1328.0,,,,2025-06-05,2025-06-20,12.0,,,2326.0,,,2057.0,,,,,,,,,88.0,118.0,HelloData off-market date = new lease signed,
PROXY (HelloData),2025-06,New Lease,First lease-up lease,F104,One Bedroom | A2,746.0,,,,2025-06-29,2025-07-14,12.0,,,1784.0,,,1635.0,,,,,,,,,102.0,142.0,HelloData off-market date = new lease signed,
PROXY (HelloData),2025-06,New Lease,First lease-up lease,F111,A1,693.0,,,,2025-06-24,2025-07-09,12.0,,,1575.0,,,1444.0,,,,,,,,,97.0,137.0,HelloData off-market date = new lease signed,
PROXY (HelloData),2025-06,New Lease,First lease-up lease,F302,C1,1340.0,,,,2025-06-17,2025-07-02,12.0,,,2380.0,,,2182.0,,,,,,,,,90.0,210.0,HelloData off-market date = new lease signed,
PROXY (HelloData),2025-06,New Lease,Re-lease,G105,Two Bedroom | B1,1092.0,,,,2025-06-02,2025-06-17,12.0,,1985.0,1850.0,-0.06801007556675064,1679.0,1636.0,-0.02561048243001787,,,,,,,,29.0,63.0,HelloData asking->asking (prior tenant contract rent unavailable),
PROXY (HelloData),2025-06,New Lease,Re-lease,H101,Two Bedroom | B2,1141.0,,,,2025-06-28,2025-07-13,12.0,,1825.0,1874.0,0.02684931506849315,1544.0,1718.0,0.11269430051813471,,,,,,,,68.0,78.0,HelloData asking->asking (prior tenant contract rent unavailable),
PROXY (HelloData),2025-07,New Lease,First lease-up lease,A201,B2,1141.0,,,,2025-07-10,2025-07-25,12.0,,,1869.0,,,1713.0,,,,,,,,,238.0,356.0,HelloData off-market date = new lease signed,
PROXY (HelloData),2025-07,New Lease,Re-lease,B108,A1,693.0,,,,2025-07-06,2025-07-21,12.0,,1610.0,1575.0,-0.021739130434782608,1362.0,1444.0,0.06020558002936858,,,,,,,,171.0,208.0,HelloData asking->asking (prior tenant contract rent unavailable),
PROXY (HelloData),2025-07,New Lease,Re-lease,B201,Two Bedroom | B2,1141.0,,,,2025-07-28,2025-08-12,12.0,,1995.0,1869.0,-0.06315789473684211,1688.0,1713.0,0.01481042654028436,,,,,,,,193.0,230.0,HelloData asking->asking (prior tenant contract rent unavailable),
PROXY (HelloData),2025-07,New Lease,Re-lease,B204,One Bedroom | A2,746.0,,,,2025-07-03,2025-07-18,12.0,,1664.0,1669.0,0.0030048076923076925,1408.0,1530.0,0.08664772727272728,,,,,,,,168.0,205.0,HelloData asking->asking (prior tenant contract rent unavailable),
PROXY (HelloData),2025-07,New Lease,First lease-up lease,B212,C1,1340.0,,,,2025-07-01,2025-07-16,12.0,,,2330.0,,,1971.0,,,,,,,,,181.0,313.0,HelloData off-market date = new lease signed,
PROXY (HelloData),2025-07,New Lease,First lease-up lease,C101,Two Bedroom | B2,1141.0,,,,2025-07-15,2025-07-30,12.0,,,1894.0,,,1736.0,,,,,,,,,56.0,120.0,HelloData off-market date = new lease signed,
PROXY (HelloData),2025-07,New Lease,First lease-up lease,C107,Two Bedroom | B2,1141.0,,,,2025-07-11,2025-07-26,12.0,,,1894.0,,,1736.0,,,,,,,,,52.0,116.0,HelloData off-market date = new lease signed,
PROXY (HelloData),2025-07,New Lease,First lease-up lease,C207,Two Bedroom | B2,1141.0,,,,2025-07-21,2025-08-05,12.0,,,1869.0,,,1713.0,,,,,,,,,62.0,126.0,HelloData off-market date = new lease signed,
PROXY (HelloData),2025-07,New Lease,First lease-up lease,C210,One Bedroom | A2,746.0,,,,2025-07-08,2025-07-23,12.0,,,1669.0,,,1530.0,,,,,,,,,49.0,113.0,HelloData off-market date = new lease signed,
PROXY (HelloData),2025-07,New Lease,First lease-up lease,C302,Three Bedroom | C1,1340.0,,,,2025-07-10,2025-07-25,12.0,,,2380.0,,,2014.0,,,,,,,,,51.0,115.0,HelloData off-market date = new lease signed,
PROXY (HelloData),2025-07,New Lease,First lease-up lease,D102,Two Bedroom | B3,1165.0,,,,2025-07-25,2025-08-09,12.0,,,1920.0,,,1760.0,,,,,,,,,4.0,5.0,HelloData off-market date = new lease signed,
PROXY (HelloData),2025-07,New Lease,First lease-up lease,D104,A2,746.0,,,,2025-07-01,2025-07-16,12.0,,,1749.0,,,1603.0,,,,,,,,,55.0,106.0,HelloData off-market date = new lease signed,
PROXY (HelloData),2025-07,New Lease,First lease-up lease,D307,Two Bedroom | B2,1141.0,,,,2025-07-15,2025-07-30,12.0,,,2504.0,,,2295.0,,,,,,,,,56.0,120.0,HelloData off-market date = new lease signed,
PROXY (HelloData),2025-07,New Lease,First lease-up lease,D313,B2,1141.0,,,,2025-07-01,2025-07-16,12.0,,,2019.0,,,1851.0,,,,,,,,,77.0,106.0,HelloData off-market date = new lease signed,
PROXY (HelloData),2025-07,New Lease,First lease-up lease,E106,A1,693.0,,,,2025-07-13,2025-07-28,12.0,,,1600.0,,,1467.0,,,,,,,,,116.0,156.0,HelloData off-market date = new lease signed,
PROXY (HelloData),2025-07,New Lease,First lease-up lease,E107,Two Bedroom | B2,1141.0,,,,2025-07-15,2025-07-30,12.0,,,1879.0,,,1722.0,,,,,,,,,118.0,158.0,HelloData off-market date = new lease signed,
PROXY (HelloData),2025-07,New Lease,First lease-up lease,F107,Two Bedroom | B2,1141.0,,,,2025-07-31,2025-08-15,12.0,,,1919.0,,,1759.0,,,,,,,,,134.0,174.0,HelloData off-market date = new lease signed,
PROXY (HelloData),2025-07,New Lease,First lease-up lease,F108,A1,693.0,,,,2025-07-02,2025-07-17,12.0,,,1575.0,,,1444.0,,,,,,,,,105.0,145.0,HelloData off-market date = new lease signed,
PROXY (HelloData),2025-07,New Lease,First lease-up lease,F109,A1,693.0,,,,2025-07-01,2025-07-16,12.0,,,1575.0,,,1444.0,,,,,,,,,104.0,144.0,HelloData off-market date = new lease signed,
PROXY (HelloData),2025-07,New Lease,First lease-up lease,F113,B3,1165.0,,,,2025-07-31,2025-08-15,12.0,,,2020.0,,,1852.0,,,,,,,,,10.0,11.0,HelloData off-market date = new lease signed,
PROXY (HelloData),2025-07,New Lease,First lease-up lease,F201,Two Bedroom | B2,1141.0,,,,2025-07-02,2025-07-17,12.0,,,1894.0,,,1736.0,,,,,,,,,105.0,145.0,HelloData off-market date = new lease signed,
PROXY (HelloData),2025-07,New Lease,First lease-up lease,F207,Two Bedroom | B2,1141.0,,,,2025-07-09,2025-07-24,12.0,,,1844.0,,,1690.0,,,,,,,,,112.0,152.0,HelloData off-market date = new lease signed,
PROXY (HelloData),2025-07,New Lease,First lease-up lease,F210,A2,746.0,,,,2025-07-01,2025-07-16,12.0,,,1704.0,,,1562.0,,,,,,,,,104.0,144.0,HelloData off-market date = new lease signed,
PROXY (HelloData),2025-07,New Lease,First lease-up lease,F306,A1,693.0,,,,2025-07-21,2025-08-05,12.0,,,1665.0,,,1526.0,,,,,,,,,124.0,164.0,HelloData off-market date = new lease signed,
PROXY (HelloData),2025-07,New Lease,Re-lease,G209,A1,693.0,,,,2025-07-01,2025-07-16,12.0,,1575.0,1600.0,0.015873015873015872,1333.0,1467.0,0.1005251312828207,,,,,,,,0.0,6.0,HelloData asking->asking (prior tenant contract rent unavailable),
PROXY (HelloData),2025-07,New Lease,First lease-up lease,I209,A1,693.0,,,,2025-07-19,2025-08-03,12.0,,,1590.0,,,1458.0,,,,,,,,,285.0,383.0,HelloData off-market date = new lease signed,
PROXY (HelloData),2025-07,New Lease,First lease-up lease,J108,A1,693.0,,,,2025-07-26,2025-08-10,12.0,,,1600.0,,,1467.0,,,,,,,,,282.0,390.0,HelloData off-market date = new lease signed,
PROXY (HelloData),2025-07,New Lease,First lease-up lease,J112,Three Bedroom | C1,1328.0,,,,2025-07-05,2025-07-20,12.0,,,2174.0,,,1839.0,,,,,,,,,261.0,369.0,HelloData off-market date = new lease signed,
PROXY (HelloData),2025-07,New Lease,First lease-up lease,J212,C1,1340.0,,,,2025-07-02,2025-07-17,12.0,,,2330.0,,,1971.0,,,,,,,,,258.0,366.0,HelloData off-market date = new lease signed,
ACTUAL (Yardi),2025-08,Lease Expiration,,H210,S1_Seas,,t0026888,Mike Sparks,,2025-08-20,2024-08-21,,,,,,,,,,,,,,,Renewed,,,Renewal lease start - 1d,
PROXY (HelloData),2025-08,New Lease,First lease-up lease,A109,One Bedroom | A1,693.0,,,,2025-08-12,2025-08-27,12.0,,,1600.0,,,1467.0,,,,,,,,,271.0,389.0,HelloData off-market date = new lease signed,
PROXY (HelloData),2025-08,New Lease,First lease-up lease,A301,B2,1141.0,,,,2025-08-27,2025-09-11,12.0,,,1954.0,,,1791.0,,,,,,,,,286.0,404.0,HelloData off-market date = new lease signed,
PROXY (HelloData),2025-08,New Lease,Re-lease,B113,Two Bedroom | B2,1141.0,,,,2025-08-21,2025-09-05,12.0,,2045.0,1894.0,-0.07383863080684597,1730.0,1736.0,0.003468208092485549,,,,,,,,217.0,254.0,HelloData asking->asking (prior tenant contract rent unavailable),
PROXY (HelloData),2025-08,New Lease,Re-lease,B206,A1,693.0,,,,2025-08-04,2025-08-19,12.0,,1425.0,1525.0,0.07017543859649122,1392.0,1398.0,0.004310344827586207,,,,,,,,0.0,19.0,HelloData asking->asking (prior tenant contract rent unavailable),
PROXY (HelloData),2025-08,New Lease,Re-lease,B313,Two Bedroom | B2,1141.0,,,,2025-08-14,2025-08-29,12.0,,2020.0,1919.0,-0.05,1709.0,1759.0,0.029256875365710942,,,,,,,,210.0,247.0,HelloData asking->asking (prior tenant contract rent unavailable),
PROXY (HelloData),2025-08,New Lease,First lease-up lease,C307,Two Bedroom | B2,1141.0,,,,2025-08-02,2025-08-17,12.0,,,1929.0,,,1768.0,,,,,,,,,74.0,138.0,HelloData off-market date = new lease signed,
PROXY (HelloData),2025-08,New Lease,First lease-up lease,D101,B2,1141.0,,,,2025-08-21,2025-09-05,12.0,,,1894.0,,,1736.0,,,,,,,,,149.0,157.0,HelloData off-market date = new lease signed,
PROXY (HelloData),2025-08,New Lease,First lease-up lease,D312,Three Bedroom | C1,1340.0,,,,2025-08-01,2025-08-16,12.0,,,2530.0,,,2140.0,,,,,,,,,136.0,137.0,HelloData off-market date = new lease signed,
PROXY (HelloData),2025-08,New Lease,First lease-up lease,E101,B2,1141.0,,,,2025-08-22,2025-09-06,12.0,,,1894.0,,,1736.0,,,,,,,,,156.0,196.0,HelloData off-market date = new lease signed,
PROXY (HelloData),2025-08,New Lease,First lease-up lease,E102,B3,1165.0,,,,2025-08-05,2025-08-20,12.0,,,1920.0,,,1760.0,,,,,,,,,15.0,16.0,HelloData off-market date = new lease signed,
PROXY (HelloData),2025-08,New Lease,First lease-up lease,F101,Two Bedroom | B2,1141.0,,,,2025-08-09,2025-08-24,12.0,,,1919.0,,,1759.0,,,,,,,,,143.0,183.0,HelloData off-market date = new lease signed,
PROXY (HelloData),2025-08,New Lease,Re-lease,G106,One Bedroom | A1,693.0,,,,2025-08-17,2025-09-01,12.0,,1430.0,1475.0,0.03146853146853147,1397.0,1352.0,-0.03221188260558339,,,,,,,,0.0,34.0,HelloData asking->asking (prior tenant contract rent unavailable),
PROXY (HelloData),2025-08,New Lease,Re-lease,G112,Two Bedroom | B3,1165.0,,,,2025-08-08,2025-08-23,12.0,,1898.0,1920.0,0.011591148577449948,1865.0,1760.0,-0.05630026809651475,,,,,,,,0.0,8.0,HelloData asking->asking (prior tenant contract rent unavailable),
PROXY (HelloData),2025-08,New Lease,Re-lease,G304,A2,746.0,,,,2025-08-10,2025-08-25,12.0,,1689.0,1700.0,0.006512729425695678,1429.0,1558.0,0.09027291812456263,,,,,,,,12.0,26.0,HelloData asking->asking (prior tenant contract rent unavailable),
PROXY (HelloData),2025-08,New Lease,Re-lease,G307,Two Bedroom | B2,1141.0,,,,2025-08-14,2025-08-29,12.0,,2055.0,2055.0,0.0,2055.0,1884.0,-0.08321167883211679,,,,,,,,97.0,98.0,HelloData asking->asking (prior tenant contract rent unavailable),
PROXY (HelloData),2025-08,New Lease,Re-lease,H104,One Bedroom | A2,746.0,,,,2025-08-16,2025-08-31,12.0,,1714.0,1714.0,0.0,1450.0,1571.0,0.08344827586206896,,,,,,,,0.0,47.0,HelloData asking->asking (prior tenant contract rent unavailable),
PROXY (HelloData),2025-08,New Lease,Re-lease,H106,One Bedroom | A1,693.0,,,,2025-08-05,2025-08-20,12.0,,1425.0,1510.0,0.05964912280701754,1206.0,1384.0,0.14759535655058043,,,,,,,,63.0,64.0,HelloData asking->asking (prior tenant contract rent unavailable),
PROXY (HelloData),2025-08,New Lease,Re-lease,H309,Two Bedroom | B1,1092.0,,,,2025-08-30,2025-09-14,12.0,,1960.0,1799.0,-0.08214285714285714,1960.0,1499.0,-0.23520408163265305,,,,,,,,216.0,254.0,HelloData asking->asking (prior tenant contract rent unavailable),
PROXY (HelloData),2025-08,New Lease,Re-lease,I104,One Bedroom | A2,746.0,,,,2025-08-08,2025-08-23,12.0,,1714.0,1714.0,0.0,1450.0,1571.0,0.08344827586206896,,,,,,,,15.0,79.0,HelloData asking->asking (prior tenant contract rent unavailable),
PROXY (HelloData),2025-08,New Lease,Re-lease,I203,A1,693.0,,,,2025-08-04,2025-08-19,12.0,,1385.0,1499.0,0.08231046931407943,1349.0,1374.0,0.018532246108228317,,,,,,,,79.0,111.0,HelloData asking->asking (prior tenant contract rent unavailable),
PROXY (HelloData),2025-08,New Lease,First lease-up lease,J201,B2,1141.0,,,,2025-08-13,2025-08-28,12.0,,,1869.0,,,1713.0,,,,,,,,,300.0,408.0,HelloData off-market date = new lease signed,
PROXY (HelloData),2025-08,New Lease,First lease-up lease,J203,A1,693.0,,,,2025-08-01,2025-08-16,12.0,,,1475.0,,,1352.0,,,,,,,,,288.0,396.0,HelloData off-market date = new lease signed,
PROXY (HelloData),2025-08,New Lease,First lease-up lease,J301,B2,1141.0,,,,2025-08-24,2025-09-08,12.0,,,1944.0,,,1782.0,,,,,,,,,311.0,419.0,HelloData off-market date = new lease signed,
PROXY (HelloData),2025-08,New Lease,First lease-up lease,J311,One Bedroom | A1,693.0,,,,2025-08-28,2025-09-12,12.0,,,1585.0,,,1402.0,,,,,,,,,315.0,423.0,HelloData off-market date = new lease signed,
"ACTUAL (Yardi, survivors only)",2025-08,Renewal,Renewal,H210,S1_Seas,517.0,t0026888,Mike Sparks,,2025-08-21,2024-08-21,12.0,,1395.0,1415.0,0.014336917562724014,,1415.0,,,0.0,2025-08-20,,,,,,,Burn-off lease start + HelloData initial ask (renewed pre-1/1/26),
PROXY (HelloData),2025-09,New Lease,First lease-up lease,A207,B2,1141.0,,,,2025-09-04,2025-09-19,12.0,,,1919.0,,,1599.0,,,,,,,,,294.0,412.0,HelloData off-market date = new lease signed,
PROXY (HelloData),2025-09,New Lease,First lease-up lease,A210,A2,746.0,,,,2025-09-08,2025-09-23,12.0,,,1694.0,,,1412.0,,,,,,,,,305.0,416.0,HelloData off-market date = new lease signed,
PROXY (HelloData),2025-09,New Lease,First lease-up lease,D201,B2,1141.0,,,,2025-09-20,2025-10-05,,,,1919.0,,,1599.0,,,,,,,,,123.0,187.0,HelloData off-market date = new lease signed,
PROXY (HelloData),2025-09,New Lease,Re-lease,G203,A1,693.0,,,,2025-09-27,2025-10-12,,,1385.0,1399.0,0.010108303249097473,1349.0,1184.0,-0.1223128243143069,,,,,,,,8.0,74.0,HelloData asking->asking (prior tenant contract rent unavailable),
PROXY (HelloData),2025-09,New Lease,Re-lease,H112,C1,1328.0,,,,2025-09-25,2025-10-10,,,2350.0,2199.0,-0.06425531914893617,2350.0,1945.0,-0.1723404255319149,,,,,,,,19.0,92.0,HelloData asking->asking (prior tenant contract rent unavailable),
PROXY (HelloData),2025-09,New Lease,Re-lease,H113,B2,1141.0,,,,2025-09-30,2025-10-15,,,2045.0,1775.0,-0.13202933985330073,1730.0,1502.0,-0.13179190751445086,,,,,,,,0.0,22.0,HelloData asking->asking (prior tenant contract rent unavailable),
PROXY (HelloData),2025-09,New Lease,Re-lease,H301,Two Bedroom | B2,1141.0,,,,2025-09-15,2025-09-30,12.0,,1795.0,1895.0,0.055710306406685235,1759.0,1579.0,-0.10233086981239341,,,,,,,,22.0,28.0,HelloData asking->asking (prior tenant contract rent unavailable),
PROXY (HelloData),2025-09,New Lease,Re-lease,H304,A2,746.0,,,,2025-09-28,2025-10-13,,,1689.0,1499.0,-0.11249259917110717,1429.0,1268.0,-0.11266620013995801,,,,,,,,27.0,100.0,HelloData asking->asking (prior tenant contract rent unavailable),
PROXY (HelloData),2025-09,New Lease,Re-lease,H311,A1,693.0,,,,2025-09-28,2025-10-13,,,1585.0,1349.0,-0.14889589905362777,1341.0,1141.0,-0.14914243102162567,,,,,,,,0.0,54.0,HelloData asking->asking (prior tenant contract rent unavailable),
PROXY (HelloData),2025-09,New Lease,First lease-up lease,I103,A1,693.0,,,,2025-09-26,2025-10-11,,,,1449.0,,,1226.0,,,,,,,,,354.0,452.0,HelloData off-market date = new lease signed,
PROXY (HelloData),2025-09,New Lease,First lease-up lease,I106,One Bedroom | A1,693.0,,,,2025-09-16,2025-10-01,12.0,,,1499.0,,,1249.0,,,,,,,,,344.0,442.0,HelloData off-market date = new lease signed,
PROXY (HelloData),2025-09,New Lease,First lease-up lease,I111,One Bedroom | A1,693.0,,,,2025-09-09,2025-09-24,12.0,,,1499.0,,,1249.0,,,,,,,,,337.0,435.0,HelloData off-market date = new lease signed,
PROXY (HelloData),2025-09,New Lease,First lease-up lease,J105,A1,693.0,,,,2025-09-28,2025-10-13,,,,1349.0,,,1141.0,,,,,,,,,346.0,454.0,HelloData off-market date = new lease signed,
PROXY (HelloData),2025-09,New Lease,First lease-up lease,J113,B2,1141.0,,,,2025-09-30,2025-10-15,,,,1944.0,,,1645.0,,,,,,,,,348.0,456.0,HelloData off-market date = new lease signed,
PROXY (HelloData),2025-09,New Lease,First lease-up lease,J308,A1,693.0,,,,2025-09-30,2025-10-15,,,,1399.0,,,1184.0,,,,,,,,,348.0,456.0,HelloData off-market date = new lease signed,
ACTUAL (Yardi),2025-10,Lease Expiration,,H213,B2_Seas,,t0027942,Nichole Schroeder,,2025-10-22,2024-09-23,,,,,,,,,,,,,,,Renewed,,,Renewal lease start - 1d,
ACTUAL (Yardi),2025-10,Lease Expiration,,J208,A1_Seas,,t0029861,Samuel Rempe,,2025-10-23,2025-01-24,,,,,,,,,,,,,,,Renewed,,,Renewal lease start - 1d,
PROXY (HelloData),2025-10,New Lease,Re-lease,A101,B2,1141.0,,,,2025-10-06,2025-10-21,,,1995.0,1775.0,-0.11027568922305764,1962.0,1502.0,-0.2344546381243629,,,,,,,,31.0,74.0,HelloData asking->asking (prior tenant contract rent unavailable),
PROXY (HelloData),2025-10,New Lease,First lease-up lease,A103,A1,693.0,,,,2025-10-08,2025-10-23,,,,1349.0,,,1141.0,,,,,,,,,328.0,446.0,HelloData off-market date = new lease signed,
PROXY (HelloData),2025-10,New Lease,First lease-up lease,A106,A1,693.0,,,,2025-10-07,2025-10-22,,,,1349.0,,,1141.0,,,,,,,,,327.0,445.0,HelloData off-market date = new lease signed,
PROXY (HelloData),2025-10,New Lease,First lease-up lease,A108,A1,693.0,,,,2025-10-24,2025-11-08,,,,1349.0,,,1141.0,,,,,,,,,344.0,462.0,HelloData off-market date = new lease signed,
PROXY (HelloData),2025-10,New Lease,First lease-up lease,A111,A1,693.0,,,,2025-10-01,2025-10-16,,,,1349.0,,,1141.0,,,,,,,,,321.0,439.0,HelloData off-market date = new lease signed,
PROXY (HelloData),2025-10,New Lease,Re-lease,A208,A1,693.0,,,,2025-10-15,2025-10-30,,,1415.0,1349.0,-0.046643109540636045,1379.0,1141.0,-0.17258883248730963,,,,,,,,39.0,50.0,HelloData asking->asking (prior tenant contract rent unavailable),
PROXY (HelloData),2025-10,New Lease,First lease-up lease,A209,A1,693.0,,,,2025-10-04,2025-10-19,,,,1399.0,,,1184.0,,,,,,,,,324.0,442.0,HelloData off-market date = new lease signed,
PROXY (HelloData),2025-10,New Lease,Re-lease,A213,B3,1177.0,,,,2025-10-09,2025-10-24,,,1798.0,1800.0,0.0011123470522803114,1762.0,1523.0,-0.13564131668558457,,,,,,,,87.0,153.0,HelloData asking->asking (prior tenant contract rent unavailable),
PROXY (HelloData),2025-10,New Lease,First lease-up lease,A303,A1,693.0,,,,2025-10-09,2025-10-24,,,,1349.0,,,1141.0,,,,,,,,,329.0,447.0,HelloData off-market date = new lease signed,
PROXY (HelloData),2025-10,New Lease,First lease-up lease,A306,A1,693.0,,,,2025-10-17,2025-11-01,,,,1349.0,,,1141.0,,,,,,,,,337.0,455.0,HelloData off-market date = new lease signed,
PROXY (HelloData),2025-10,New Lease,Re-lease,B111,A1,693.0,,,,2025-10-10,2025-10-25,,,1610.0,1349.0,-0.16211180124223604,1362.0,1141.0,-0.16226138032305434,,,,,,,,267.0,304.0,HelloData asking->asking (prior tenant contract rent unavailable),
PROXY (HelloData),2025-10,New Lease,Re-lease,B205,A1,693.0,,,,2025-10-02,2025-10-17,,,1425.0,1399.0,-0.018245614035087718,1392.0,1184.0,-0.14942528735632185,,,,,,,,0.0,9.0,HelloData asking->asking (prior tenant contract rent unavailable),
PROXY (HelloData),2025-10,New Lease,Re-lease,B308,A1,693.0,,,,2025-10-17,2025-11-01,,,1585.0,1349.0,-0.14889589905362777,1341.0,1141.0,-0.14914243102162567,,,,,,,,274.0,311.0,HelloData asking->asking (prior tenant contract rent unavailable),
PROXY (HelloData),2025-10,New Lease,First lease-up lease,C102,C1,1328.0,,,,2025-10-01,2025-10-16,,,,2326.0,,,1968.0,,,,,,,,,134.0,198.0,HelloData off-market date = new lease signed,
PROXY (HelloData),2025-10,New Lease,First lease-up lease,C103,A1,693.0,,,,2025-10-08,2025-10-23,,,,1565.0,,,1324.0,,,,,,,,,141.0,205.0,HelloData off-market date = new lease signed,
PROXY (HelloData),2025-10,New Lease,First lease-up lease,C109,A1,693.0,,,,2025-10-31,2025-11-15,,,,1550.0,,,1311.0,,,,,,,,,164.0,228.0,HelloData off-market date = new lease signed,
PROXY (HelloData),2025-10,New Lease,First lease-up lease,C113,B3,1165.0,,,,2025-10-27,2025-11-11,,,,2135.0,,,1806.0,,,,,,,,,98.0,99.0,HelloData off-market date = new lease signed,
PROXY (HelloData),2025-10,New Lease,Re-lease,D112,C1,1328.0,,,,2025-10-28,2025-11-12,,,2160.0,2326.0,0.07685185185185185,1911.0,1968.0,0.029827315541601257,,,,,,,,0.0,11.0,HelloData asking->asking (prior tenant contract rent unavailable),
PROXY (HelloData),2025-10,New Lease,First lease-up lease,D304,A2,746.0,,,,2025-10-22,2025-11-06,,,,1714.0,,,1450.0,,,,,,,,,155.0,219.0,HelloData off-market date = new lease signed,
PROXY (HelloData),2025-10,New Lease,First lease-up lease,E104,A2,746.0,,,,2025-10-12,2025-10-27,,,,1689.0,,,1429.0,,,,,,,,,207.0,247.0,HelloData off-market date = new lease signed,
PROXY (HelloData),2025-10,New Lease,First lease-up lease,E105,A1,693.0,,,,2025-10-24,2025-11-08,,,,1399.0,,,1184.0,,,,,,,,,219.0,259.0,HelloData off-market date = new lease signed,
PROXY (HelloData),2025-10,New Lease,First lease-up lease,E211,A1,693.0,,,,2025-10-10,2025-10-25,,,,1575.0,,,1333.0,,,,,,,,,205.0,245.0,HelloData off-market date = new lease signed,
PROXY (HelloData),2025-10,New Lease,First lease-up lease,F105,B1,1092.0,,,,2025-10-19,2025-11-03,,,,1695.0,,,1434.0,,,,,,,,,225.0,254.0,HelloData off-market date = new lease signed,
PROXY (HelloData),2025-10,New Lease,First lease-up lease,F106,A1,693.0,,,,2025-10-30,2025-11-14,,,,1349.0,,,1141.0,,,,,,,,,225.0,265.0,HelloData off-market date = new lease signed,
PROXY (HelloData),2025-10,New Lease,First lease-up lease,F305,B1,1092.0,,,,2025-10-28,2025-11-12,,,,2020.0,,,1709.0,,,,,,,,,223.0,263.0,HelloData off-market date = new lease signed,
PROXY (HelloData),2025-10,New Lease,Re-lease,G104,A2,746.0,,,,2025-10-12,2025-10-27,,,1714.0,1499.0,-0.12543757292882146,1450.0,1268.0,-0.12551724137931033,,,,,,,,15.0,20.0,HelloData asking->asking (prior tenant contract rent unavailable),
PROXY (HelloData),2025-10,New Lease,Re-lease,G208,A1,693.0,,,,2025-10-05,2025-10-20,,,1575.0,1349.0,-0.1434920634920635,1333.0,1141.0,-0.14403600900225055,,,,,,,,13.0,51.0,HelloData asking->asking (prior tenant contract rent unavailable),
PROXY (HelloData),2025-10,New Lease,Re-lease,H103,A1,693.0,,,,2025-10-27,2025-11-11,,,1600.0,1349.0,-0.156875,1354.0,1141.0,-0.15731166912850814,,,,,,,,0.0,69.0,HelloData asking->asking (prior tenant contract rent unavailable),
PROXY (HelloData),2025-10,New Lease,Re-lease,H201,B2,1141.0,,,,2025-10-20,2025-11-04,,,1825.0,1775.0,-0.0273972602739726,1544.0,1502.0,-0.027202072538860103,,,,,,,,8.0,69.0,HelloData asking->asking (prior tenant contract rent unavailable),
PROXY (HelloData),2025-10,New Lease,First lease-up lease,I101,B2,1141.0,,,,2025-10-15,2025-10-30,,,,1795.0,,,1519.0,,,,,,,,,392.0,481.0,HelloData off-market date = new lease signed,
PROXY (HelloData),2025-10,New Lease,First lease-up lease,I301,B2,1141.0,,,,2025-10-28,2025-11-12,,,,1900.0,,,1607.0,,,,,,,,,405.0,494.0,HelloData off-market date = new lease signed,
PROXY (HelloData),2025-10,New Lease,First lease-up lease,I305,B1,1092.0,,,,2025-10-30,2025-11-14,,,,1685.0,,,1426.0,,,,,,,,,407.0,496.0,HelloData off-market date = new lease signed,
PROXY (HelloData),2025-10,New Lease,First lease-up lease,I306,A1,693.0,,,,2025-10-08,2025-10-23,,,,1349.0,,,1141.0,,,,,,,,,366.0,464.0,HelloData off-market date = new lease signed,
PROXY (HelloData),2025-10,New Lease,First lease-up lease,J101,B2,1141.0,,,,2025-10-02,2025-10-17,,,,1944.0,,,1645.0,,,,,,,,,350.0,458.0,HelloData off-market date = new lease signed,
PROXY (HelloData),2025-10,New Lease,First lease-up lease,J104,A2,746.0,,,,2025-10-23,2025-11-07,,,,1499.0,,,1268.0,,,,,,,,,371.0,479.0,HelloData off-market date = new lease signed,
PROXY (HelloData),2025-10,New Lease,First lease-up lease,J309,B1,1092.0,,,,2025-10-08,2025-10-23,,,,1685.0,,,1426.0,,,,,,,,,377.0,464.0,HelloData off-market date = new lease signed,
PROXY (HelloData),2025-10,New Lease,First lease-up lease,J312,C1,1340.0,,,,2025-10-09,2025-10-24,,,,2280.0,,,1929.0,,,,,,,,,401.0,465.0,HelloData off-market date = new lease signed,
"ACTUAL (Yardi, survivors only)",2025-10,Renewal,Renewal,H213,B2_Seas,1141.0,t0027942,Nichole Schroeder,,2025-10-23,2024-09-23,10.0,12.0,1995.0,1995.0,0.0,1688.0,1995.0,0.18187203791469195,3684.0,0.0,2025-10-22,,,,,,,Burn-off lease start + HelloData initial ask (renewed pre-1/1/26),
"ACTUAL (Yardi, survivors only)",2025-10,Renewal,Renewal,J208,A1_Seas,693.0,t0029861,Samuel Rempe,,2025-10-24,2025-01-24,12.0,14.0,1385.0,1410.0,0.018050541516245487,1349.0,1410.0,0.0452186805040771,504.0,0.0,2025-10-23,,,,,,,Burn-off lease start + HelloData initial ask (renewed pre-1/1/26),
ACTUAL (Yardi),2025-11,Lease Expiration,,H206,A1_Seas,,t0029041,Marcos Marchant,,2025-11-12,2024-11-13,,,,,,,,,,,,,,,Renewed,,,Renewal lease start - 1d,
ACTUAL (Yardi),2025-11,Lease Expiration,,H211,A1_Seas,,t0028976,David Stricharskiy,,2025-11-10,2024-11-11,,,,,,,,,,,,,,,Renewed,,,Renewal lease start - 1d,
ACTUAL (Yardi),2025-11,Lease Expiration,,I303,A1_Seas,,t0035640,Lucas Cressler,,2025-11-29,2024-10-30,,,,,,,,,,,,,,,Renewed,,,Renewal lease start - 1d,
ACTUAL (Yardi),2025-11,Lease Expiration,,I312,B3b_Seas,,t0028083,London Miller,,2025-11-30,2024-11-01,,,,,,,,,,,,,,,Renewed,,,Renewal lease start - 1d,
PROXY (HelloData),2025-11,New Lease,First lease-up lease,A104,A2,746.0,,,,2025-11-06,2025-11-21,,,,1499.0,,,1268.0,,,,,,,,,357.0,475.0,HelloData off-market date = new lease signed,
PROXY (HelloData),2025-11,New Lease,First lease-up lease,A110,A2,746.0,,,,2025-11-26,2025-12-11,,,,1499.0,,,1268.0,,,,,,,,,377.0,495.0,HelloData off-market date = new lease signed,
PROXY (HelloData),2025-11,New Lease,Re-lease,A206,A1,693.0,,,,2025-11-11,2025-11-26,,,1410.0,1399.0,-0.007801418439716312,1377.0,1184.0,-0.140159767610748,,,,,,,,0.0,49.0,HelloData asking->asking (prior tenant contract rent unavailable),
PROXY (HelloData),2025-11,New Lease,Re-lease,B309,B1,1092.0,,,,2025-11-14,2025-11-29,,,1960.0,1695.0,-0.13520408163265307,1658.0,1434.0,-0.13510253317249699,,,,,,,,302.0,339.0,HelloData asking->asking (prior tenant contract rent unavailable),
PROXY (HelloData),2025-11,New Lease,Re-lease,B311,A1,693.0,,,,2025-11-01,2025-11-16,,,1585.0,1399.0,-0.11735015772870662,1341.0,1184.0,-0.11707680835197613,,,,,,,,289.0,326.0,HelloData asking->asking (prior tenant contract rent unavailable),
PROXY (HelloData),2025-11,New Lease,First lease-up lease,C303,A1,693.0,,,,2025-11-07,2025-11-22,,,,1349.0,,,1141.0,,,,,,,,,171.0,235.0,HelloData off-market date = new lease signed,
PROXY (HelloData),2025-11,New Lease,First lease-up lease,C306,A1,693.0,,,,2025-11-06,2025-11-21,,,,1399.0,,,1184.0,,,,,,,,,170.0,234.0,HelloData off-market date = new lease signed,
PROXY (HelloData),2025-11,New Lease,First lease-up lease,D106,A1,693.0,,,,2025-11-20,2025-12-05,,,,1349.0,,,1141.0,,,,,,,,,247.0,248.0,HelloData off-market date = new lease signed,
PROXY (HelloData),2025-11,New Lease,First lease-up lease,D109,B1,1092.0,,,,2025-11-10,2025-11-25,,,,1695.0,,,1434.0,,,,,,,,,184.0,238.0,HelloData off-market date = new lease signed,
PROXY (HelloData),2025-11,New Lease,First lease-up lease,D308,A1,693.0,,,,2025-11-20,2025-12-05,,,,1399.0,,,1184.0,,,,,,,,,184.0,248.0,HelloData off-market date = new lease signed,
PROXY (HelloData),2025-11,New Lease,First lease-up lease,E103,A1,693.0,,,,2025-11-11,2025-11-26,,,,1349.0,,,1141.0,,,,,,,,,237.0,277.0,HelloData off-market date = new lease signed,
PROXY (HelloData),2025-11,New Lease,First lease-up lease,E110,S1,517.0,,,,2025-11-12,2025-11-27,,,,1325.0,,,1121.0,,,,,,,,,6.0,62.0,HelloData off-market date = new lease signed,
PROXY (HelloData),2025-11,New Lease,Re-lease,F303,A1,693.0,,,,2025-11-16,2025-12-01,,,1545.0,1399.0,-0.09449838187702266,1367.0,1184.0,-0.13386978785662035,,,,,,,,6.0,20.0,HelloData asking->asking (prior tenant contract rent unavailable),
PROXY (HelloData),2025-11,New Lease,Re-lease,H204,A2,746.0,,,,2025-11-22,2025-12-07,,,1664.0,1499.0,-0.09915865384615384,1408.0,1268.0,-0.09943181818181818,,,,,,,,20.0,86.0,HelloData asking->asking (prior tenant contract rent unavailable),
PROXY (HelloData),2025-11,New Lease,Re-lease,H209,B1,1092.0,,,,2025-11-10,2025-11-25,,,1935.0,1679.0,-0.13229974160206717,1637.0,1420.0,-0.1325595601710446,,,,,,,,42.0,97.0,HelloData asking->asking (prior tenant contract rent unavailable),
PROXY (HelloData),2025-11,New Lease,First lease-up lease,I212,B3,1177.0,,,,2025-11-04,2025-11-19,,,,1799.0,,,1522.0,,,,,,,,,412.0,501.0,HelloData off-market date = new lease signed,
PROXY (HelloData),2025-11,New Lease,Re-lease,I303,A1,693.0,,,,2025-11-19,2025-12-04,,,1585.0,1590.0,0.0031545741324921135,1341.0,1345.0,0.002982848620432513,,,,,,,,0.0,43.0,HelloData asking->asking (prior tenant contract rent unavailable),
"ACTUAL (Yardi, survivors only)",2025-11,Renewal,Renewal,H206,A1_Seas,693.0,t0029041,Marcos Marchant,,2025-11-13,2024-11-13,12.0,12.0,1575.0,1442.0,-0.08444444444444445,1333.0,1442.0,0.08177044261065267,2904.0,0.0,2025-11-12,,,,,,,Burn-off lease start + HelloData initial ask (renewed pre-1/1/26),
"ACTUAL (Yardi, survivors only)",2025-11,Renewal,Renewal,H211,A1_Seas,693.0,t0028976,David Stricharskiy,,2025-11-11,2024-11-11,12.0,12.0,1395.0,1437.0,0.030107526881720432,1180.0,1437.0,0.21779661016949153,2580.0,0.0,2025-11-10,,,,,,,Burn-off lease start + HelloData initial ask (renewed pre-1/1/26),
"ACTUAL (Yardi, survivors only)",2025-11,Renewal,Renewal,I303,A1_Seas,693.0,t0035640,Lucas Cressler,,2025-11-30,2024-10-30,16.0,12.0,1585.0,1585.0,0.0,1341.0,1553.75,0.15865026099925428,2928.0,500.0,2025-11-29,,,,,,,Burn-off lease start + HelloData initial ask (renewed pre-1/1/26),
ACTUAL (Yardi),2025-12,Lease Expiration,,D101,B2_Seas,,t0034396,Cole McCunniff,,2025-12-31,2025-10-11,,,,,,,,,,,,,,,Moved Out,,,Rent roll lease expiration,
ACTUAL (Yardi),2025-12,Lease Expiration,,D307,B2_Seas,,t0028245,Casey Martin,,2025-12-02,2025-07-21,,,,,,,,,,,,,,,Renewed,,,Renewal lease start - 1d,
ACTUAL (Yardi),2025-12,Lease Expiration,,G111,A1_Seas,,t0030940,Scott Trost,,2025-12-24,2025-03-25,,,,,,,,,,,,,,,Renewed,,,Renewal lease start - 1d,
ACTUAL (Yardi),2025-12,Lease Expiration,,G303,A1_Seas,,t0030660,Peter Hubacz,,2025-12-31,2025-04-01,,,,,,,,,,,,,,,Renewed,,,Renewal lease start - 1d,
ACTUAL (Yardi),2025-12,Lease Expiration,,J313,B2_Seas,,t0028409,Michael Shanahan,,2025-12-22,2024-11-23,,,,,,,,,,,,,,,Renewed,,,Renewal lease start - 1d,
PROXY (HelloData),2025-12,New Lease,First lease-up lease,A212,B3,1177.0,,,,2025-12-20,2026-01-04,,,,1999.0,,,1768.0,,,,,,,,,401.0,519.0,HelloData off-market date = new lease signed,
PROXY (HelloData),2025-12,New Lease,First lease-up lease,D108,A1,693.0,,,,2025-12-03,2025-12-18,,,,1349.0,,,1141.0,,,,,,,,,197.0,261.0,HelloData off-market date = new lease signed,
PROXY (HelloData),2025-12,New Lease,First lease-up lease,D205,A1,693.0,,,,2025-12-13,2025-12-28,,,,1399.0,,,1184.0,,,,,,,,,207.0,271.0,HelloData off-market date = new lease signed,
PROXY (HelloData),2025-12,New Lease,First lease-up lease,E109,B1,1092.0,,,,2025-12-07,2025-12-22,,,,1650.0,,,1396.0,,,,,,,,,263.0,303.0,HelloData off-market date = new lease signed,
PROXY (HelloData),2025-12,New Lease,First lease-up lease,E208,A1,693.0,,,,2025-12-02,2025-12-17,,,,1349.0,,,1141.0,,,,,,,,,258.0,298.0,HelloData off-market date = new lease signed,
PROXY (HelloData),2025-12,New Lease,First lease-up lease,E311,A1,693.0,,,,2025-12-14,2025-12-29,,,,1399.0,,,1184.0,,,,,,,,,270.0,310.0,HelloData off-market date = new lease signed,
PROXY (HelloData),2025-12,New Lease,Re-lease,G210,A2,746.0,,,,2025-12-08,2025-12-23,,,1664.0,1465.0,-0.11959134615384616,1408.0,1239.0,-0.12002840909090909,,,,,,,,32.0,104.0,HelloData asking->asking (prior tenant contract rent unavailable),
PROXY (HelloData),2025-12,New Lease,Re-lease,G310,A2,746.0,,,,2025-12-15,2025-12-30,,,1689.0,1499.0,-0.11249259917110717,1429.0,1268.0,-0.11266620013995801,,,,,,,,157.0,177.0,HelloData asking->asking (prior tenant contract rent unavailable),
PROXY (HelloData),2025-12,New Lease,First lease-up lease,J204,A2,746.0,,,,2025-12-13,2025-12-28,,,,1499.0,,,1268.0,,,,,,,,,422.0,530.0,HelloData off-market date = new lease signed,
"ACTUAL (Yardi, survivors only)",2025-12,Renewal,Renewal,D307,B2_Seas,1141.0,t0028245,Casey Martin,,2025-12-03,2025-07-21,12.0,12.0,2504.0,2504.0,0.0,2295.0,2504.0,0.09106753812636166,2508.0,0.0,2025-12-02,,,,,,,Burn-off lease start + HelloData initial ask (renewed pre-1/1/26),
"ACTUAL (Yardi, survivors only)",2025-12,Renewal,Renewal,G111,A1_Seas,693.0,t0030940,Scott Trost,,2025-12-25,2025-03-25,9.0,12.0,1425.0,1450.0,0.017543859649122806,1260.0,1450.0,0.15079365079365079,1980.0,0.0,2025-12-24,,,,,,,Burn-off lease start + HelloData initial ask (renewed pre-1/1/26),
"ACTUAL (Yardi, survivors only)",2025-12,Renewal,Renewal,I312,B3b_Seas,1177.0,t0028083,London Miller,,2025-12-01,2024-11-01,16.0,12.0,2098.0,2148.0,0.023832221163012392,1775.0,2148.0,0.21014084507042252,3876.0,0.0,2025-11-30,,,,,,,Burn-off lease start + HelloData initial ask (renewed pre-1/1/26),
"ACTUAL (Yardi, survivors only)",2025-12,Renewal,Renewal,J313,B2_Seas,1141.0,t0028409,Michael Shanahan,,2025-12-23,2024-11-23,12.0,12.0,2020.0,2020.0,0.0,1709.0,2020.0,0.18197776477472205,3732.0,0.0,2025-12-22,,,,,,,Burn-off lease start + HelloData initial ask (renewed pre-1/1/26),
ACTUAL (Yardi),2026-01,Lease Expiration,,A205,B1_Seas,,t0030425,Katie Crook,,2026-01-27,2025-03-28,,,,,,,,,,,,,,,Moved Out,,,Rent roll lease expiration,
ACTUAL (Yardi),2026-01,Lease Expiration,,B203,A1_Seas,,t0029849,Jessica Macri-Feasel,,2026-01-14,2025-01-15,,,,,,,,,,,,,,,Moved Out,,,Rent roll lease expiration,
ACTUAL (Yardi),2026-01,Lease Expiration,,J211,A1_Seas,,t0029879,Hunter Steacker,,2026-01-12,2025-01-13,,,,,,,,,,,,,,,Renewed,,,Renewal lease start - 1d,
ACTUAL (Yardi),2026-01,Lease Expiration,,J304,A2_Seas,,t0028405,Emma English,,2026-01-17,2024-11-18,,,,,,,,,,,,,,,Moved Out,,,Rent roll lease expiration,
ACTUAL (Yardi),2026-01,Lease Expiration,,J310,S1_Seas,,t0029419,Linghan Chen,,2026-01-04,2024-12-05,,,,,,,,,,,,,,,Renewed,,,Renewal lease start - 1d,
ACTUAL (Yardi),2026-01,Move Out,,A205,B1_Seas,,t0030425,Katie Crook,,2026-01-31,2025-03-28,,,1715.0,,,,,,,,,,,,,,,Rent roll move-out date,
ACTUAL (Yardi),2026-01,Move Out,,A210,A2_Seas,,t0036709,PAYDEN WARNER,,2026-01-02,2025-09-13,,,1694.0,,,,,,,,,,,,,,,Rent roll move-out date,
ACTUAL (Yardi),2026-01,Move Out,,A312,B3b_Seas,,t0030987,Natalle Wallace,,2026-01-31,2025-03-28,,,1770.0,,,,,,,,,,,,,,,Rent roll move-out date,
ACTUAL (Yardi),2026-01,Move Out,,B203,A1_Seas,,t0029849,Jessica Macri-Feasel,,2026-01-31,2025-01-15,,,1400.0,,,,,,,,,,,,,,,Rent roll move-out date,
ACTUAL (Yardi),2026-01,Move Out,,E309,B1_Seas,,t0035874,Suzana Grindle,,2026-01-16,2025-10-04,,,2045.0,,,,,,,,,,,,,,,Rent roll move-out date,
ACTUAL (Yardi),2026-01,Move Out,,F103,A1_Seas,,t0030788,Christopher Utley,,2026-01-31,2025-05-01,,,1535.0,,,,,,,,,,,,,,,Rent roll move-out date,
ACTUAL (Yardi),2026-01,Move Out,,F306,A1_Seas,,t0033780,Anastasiia Mashenskaia,,2026-01-07,2025-08-01,,,1665.0,,,,,,,,,,,,,,,Rent roll move-out date,
ACTUAL (Yardi),2026-01,Move Out,,J304,A2_Seas,,t0028405,Emma English,,2026-01-17,2024-11-18,,,1689.0,,,,,,,,,,,,,,,Rent roll move-out date,
ACTUAL (Yardi),2026-01,New Lease,Re-lease,C204,A2_Seas,746.0,t0036783,Isaac Chandler Rivera,,2026-01-29,2026-01-29,18.0,,1664.0,1465.0,-0.11959134615384616,1472.0,1465.0,-0.004755434782608696,,0.0,,,,2025-12-29,,,,Rent roll + burn-off lease start,PROXY — prior listing asking rent (tenant left before 1/1/26)
ACTUAL (Yardi),2026-01,New Lease,First lease-up lease,C301,B2_Seas,1141.0,t0036939,Brandalon LaFleur,,2026-01-24,2026-01-24,12.0,,,1969.0,,,1969.0,,,0.0,,,,,,,,Rent roll + burn-off lease start,
ACTUAL (Yardi),2026-01,New Lease,First lease-up lease,C305,B1_Seas,1092.0,t0036864,Samantha Fowble,,2026-01-24,2026-01-24,12.0,,,1995.0,,,1995.0,,,0.0,,,,,,,,Rent roll + burn-off lease start,
ACTUAL (Yardi),2026-01,New Lease,First lease-up lease,D111,A1_Seas,693.0,t0036826,Becca Redman,,2026-01-05,2026-01-05,12.0,,,1349.0,,,1349.0,,,0.0,,,,,,,,Rent roll + burn-off lease start,
ACTUAL (Yardi),2026-01,New Lease,Re-lease,G204,A2_Seas,746.0,t0036660,Seth Senajon,,2026-01-14,2026-01-14,18.0,12.0,1664.0,1644.0,-0.01201923076923077,1408.0,1461.3333333333333,0.037878787878787824,3072.0,3288.0,,,,2024-10-18,,,,Rent roll + burn-off lease start,PROXY — prior listing asking rent (tenant left before 1/1/26)
ACTUAL (Yardi),2026-01,New Lease,Re-lease,I204,A2_Seas,746.0,t0036902,Nicholas Schoebel,,2026-01-09,2026-01-09,9.0,12.0,1664.0,1465.0,-0.11959134615384616,1408.0,1465.0,0.040482954545454544,3072.0,0.0,,,,2024-10-15,,,,Rent roll + burn-off lease start,PROXY — prior listing asking rent (tenant left before 1/1/26)
ACTUAL (Yardi),2026-01,Renewal,Renewal,G303,A1_Seas,693.0,t0030660,Peter Hubacz,,2026-01-01,2025-04-01,9.0,15.0,1460.0,1460.0,0.0,1427.0,1460.0,0.023125437981779958,495.0,0.0,2025-12-31,,,,,,,Burn-off lease start + rent rolls (reconstructed),
ACTUAL (Yardi),2026-01,Renewal,Renewal,J211,A1_Seas,693.0,t0029879,Hunter Steacker,,2026-01-13,2025-01-13,7.0,14.0,1385.0,1385.0,0.0,1349.0,1385.0,0.026686434395848776,504.0,0.0,2026-01-12,,,,,,,Burn-off lease start + rent rolls (reconstructed),
ACTUAL (Yardi),2026-01,Renewal,Renewal,J310,S1_Seas,517.0,t0029419,Linghan Chen,,2026-01-05,2024-12-05,12.0,12.0,1420.0,1420.0,0.0,1201.0,1420.0,0.1823480432972523,2628.0,0.0,2026-01-04,,,,,,,Burn-off lease start + rent rolls (reconstructed),
ACTUAL (Yardi),2026-02,Lease Expiration,,A102,C1a_Seas,,t0030269,Derek Barham,,2026-02-06,2025-02-07,,,,,,,,,,,,,,,Moved Out,,,Rent roll lease expiration,
ACTUAL (Yardi),2026-02,Lease Expiration,,B307,B2_Seas,,t0028450,Coleman Environmental Engineering,Y,2026-02-15,2025-01-16,,,,,,,,,,,,,,,Moved Out,,,Rent roll lease expiration,
ACTUAL (Yardi),2026-02,Lease Expiration,,D102,B3a_Seas,,t0030197,Stanimir Ilchev,,2026-02-28,2025-08-28,,,,,,,,,,,,,,,Renewed,,,Renewal lease start - 1d,
ACTUAL (Yardi),2026-02,Lease Expiration,,D210,S1_Seas,,t0036702,Emily Batt,,2026-02-23,2025-05-24,,,,,,,,,,,,,,,Moved Out,,,Rent roll lease expiration,
ACTUAL (Yardi),2026-02,Lease Expiration,,G108,A1_Seas,,t0030355,Chelsea Isip,,2026-02-28,2025-03-29,,,,,,,,,,,,,,,Moved Out,,,Rent roll lease expiration,
ACTUAL (Yardi),2026-02,Lease Expiration,,H107,B2_Seas,,t0027851,Lindsay Stebbins,,2026-02-02,2024-09-10,,,,,,,,,,,,,,,Renewed,,,Renewal lease start - 1d,
ACTUAL (Yardi),2026-02,Lease Expiration,,H108,A1_Seas,,t0036057,Lynsi Lee,,2026-02-27,2024-12-28,,,,,,,,,,,,,,,Moved Out,,,Rent roll lease expiration,
ACTUAL (Yardi),2026-02,Lease Expiration,,H110,S1_Seas,,t0029495,Clarixa Cruz Torres,,2026-02-11,2024-12-12,,,,,,,,,,,,,,,Moved Out,,,Rent roll lease expiration,
ACTUAL (Yardi),2026-02,Lease Expiration,,H203,A1_Seas,,t0027621,Michael Swain,,2026-02-23,2024-08-24,,,,,,,,,,,,,,,Renewed,,,Renewal lease start - 1d,
ACTUAL (Yardi),2026-02,Lease Expiration,,J110,S1_Seas,,t0029522,Kaylee Lamont,,2026-02-13,2024-12-14,,,,,,,,,,,,,,,Moved Out,,,Rent roll lease expiration,
ACTUAL (Yardi),2026-02,Lease Expiration,,J207,B2_Seas,,t0029277,Elizabeth Garza,,2026-02-15,2025-01-16,,,,,,,,,,,,,,,Moved Out,,,Rent roll lease expiration,
ACTUAL (Yardi),2026-02,Lease Expiration,,J209,B1_Seas,,t0030731,Lexi Vogt,,2026-02-09,2025-04-10,,,,,,,,,,,,,,,Moved Out,,,Rent roll lease expiration,
ACTUAL (Yardi),2026-02,Lease Expiration,,J210,S1_Seas,,t0029518,Wyatt Dailing,,2026-02-25,2024-12-26,,,,,,,,,,,,,,,Renewed,,,Renewal lease start - 1d,
ACTUAL (Yardi),2026-02,Move Out,,A102,C1a_Seas,,t0030269,Derek Barham,,2026-02-06,2025-02-07,,,2130.0,,,,,,,,,,,,,,,Rent roll move-out date,
ACTUAL (Yardi),2026-02,Move Out,,A203,A1_Seas,,t0037105,Malik Sullivan,,2026-02-09,2025-02-20,,,1410.0,,,,,,,,,,,,,,,Rent roll move-out date,
ACTUAL (Yardi),2026-02,Move Out,,B208,A1_Seas,,t0037734,Michael Saffery Hoopii,,2026-02-21,2025-04-04,,,1470.0,,,,,,,,,,,,,,,Rent roll move-out date,
ACTUAL (Yardi),2026-02,Move Out,,C206,A1_Seas,,t0036712,Glen Bradbury,,2026-02-02,2025-06-14,,,1485.0,,,,,,,,,,,,,,,Rent roll move-out date,
ACTUAL (Yardi),2026-02,Move Out,,D210,S1_Seas,,t0036702,Emily Batt,,2026-02-23,2025-05-24,,,1245.0,,,,,,,,,,,,,,,Rent roll move-out date,
ACTUAL (Yardi),2026-02,Move Out,,E310,S1_Seas,,t0036509,Landon Darst,,2026-02-20,2025-12-12,,,1325.0,,,,,,,,,,,,,,,Rent roll move-out date,
ACTUAL (Yardi),2026-02,Move Out,,G108,A1_Seas,,t0030355,Chelsea Isip,,2026-02-28,2025-03-29,,,1425.0,,,,,,,,,,,,,,,Rent roll move-out date,
ACTUAL (Yardi),2026-02,Move Out,,H108,A1_Seas,,t0036057,Lynsi Lee,,2026-02-27,2024-12-28,,,1325.0,,,,,,,,,,,,,,,Rent roll move-out date,
ACTUAL (Yardi),2026-02,Move Out,,H110,S1_Seas,,t0029495,Clarixa Cruz Torres,,2026-02-11,2024-12-12,,,1145.0,,,,,,,,,,,,,,,Rent roll move-out date,
ACTUAL (Yardi),2026-02,Move Out,,J110,S1_Seas,,t0029522,Kaylee Lamont,,2026-02-13,2024-12-14,,,1295.0,,,,,,,,,,,,,,,Rent roll move-out date,
ACTUAL (Yardi),2026-02,Move Out,,J207,B2_Seas,,t0029277,Elizabeth Garza,,2026-02-15,2025-01-16,,,1995.0,,,,,,,,,,,,,,,Rent roll move-out date,
ACTUAL (Yardi),2026-02,Move Out,,J209,B1_Seas,,t0030731,Lexi Vogt,,2026-02-08,2025-04-10,,,1715.0,,,,,,,,,,,,,,,Rent roll move-out date,
ACTUAL (Yardi),2026-02,New Lease,Re-lease,A205,B1_Seas,1092.0,t0031017,Michael Saffery Hoopii,,2026-02-20,2026-02-20,18.0,15.0,1715.0,1799.0,0.04897959183673469,1682.0,1799.0,0.06956004756242569,495.0,0.0,,t0030425,Katie Crook,2026-01-31,,20,,Rent roll + burn-off lease start,Prior tenant contract rent (Yardi)
ACTUAL (Yardi),2026-02,New Lease,Re-lease,A210,A2_Seas,746.0,t0037724,Edward Gorman,,2026-02-18,2026-02-18,9.0,12.0,1694.0,1644.0,-0.0295159386068477,1412.0,1644.0,0.1643059490084986,3384.0,0.0,,t0036709,PAYDEN WARNER,2026-01-02,,47,,Rent roll + burn-off lease start,Prior tenant contract rent (Yardi)
ACTUAL (Yardi),2026-02,New Lease,Re-lease,B210,S1_Seas,517.0,t0037517,Jessica Kelley,,2026-02-13,2026-02-13,12.0,15.0,1320.0,1325.0,0.003787878787878788,1287.0,1325.0,0.029526029526029528,495.0,0.0,,,,2025-02-11,,,,Rent roll + burn-off lease start,PROXY — prior listing asking rent (tenant left before 1/1/26)
ACTUAL (Yardi),2026-02,New Lease,Re-lease,B301,B2_Seas,1141.0,t0037520,Rollin Goodman,,2026-02-14,2026-02-14,18.0,,2020.0,1825.0,-0.09653465346534654,1709.0,1825.0,0.06787595084844938,,0.0,,,,2024-08-31,,,,Rent roll + burn-off lease start,PROXY — prior listing asking rent (tenant left before 1/1/26)
ACTUAL (Yardi),2026-02,New Lease,Re-lease,C104,A2_Seas,746.0,t0037002,Bella Sorensen,,2026-02-15,2026-02-15,12.0,,1495.0,1495.0,0.0,1322.0,1495.0,0.1308623298033283,,0.0,,,,2026-01-14,,,,Rent roll + burn-off lease start,PROXY — prior listing asking rent (tenant left before 1/1/26)
ACTUAL (Yardi),2026-02,New Lease,First lease-up lease,C211,A1_Seas,693.0,t0037883,Hami Babaiyan,,2026-02-27,2026-02-27,12.0,,,1490.0,,,1490.0,,,0.0,,,,,,,,Rent roll + burn-off lease start,
ACTUAL (Yardi),2026-02,New Lease,First lease-up lease,C304,A2_Seas,746.0,t0037627,Cole Cooper,,2026-02-27,2026-02-27,12.0,,,1495.0,,,1495.0,,,0.0,,,,,,,,Rent roll + burn-off lease start,
ACTUAL (Yardi),2026-02,New Lease,First lease-up lease,C310,A2_Seas,746.0,t0037650,Amanda Martinez,,2026-02-19,2026-02-19,13.0,,,1495.0,,,1495.0,,,0.0,,,,,,,,Rent roll + burn-off lease start,
ACTUAL (Yardi),2026-02,New Lease,First lease-up lease,C312,B3b_Seas,1177.0,t0037238,Caleb Hoobery,,2026-02-06,2026-02-06,18.0,,,1800.0,,,1800.0,,,0.0,,,,,,,,Rent roll + burn-off lease start,
ACTUAL (Yardi),2026-02,New Lease,First lease-up lease,D203,A1_Seas,693.0,t0037490,Asja Alihodzic,,2026-02-27,2026-02-27,12.0,,,1425.0,,,1425.0,,,0.0,,,,,,,,Rent roll + burn-off lease start,
ACTUAL (Yardi),2026-02,New Lease,Re-lease,D206,A1_Seas,693.0,t0036534,Rachel Maxwell,,2026-02-06,2026-02-06,18.0,,1399.0,1399.0,0.0,1184.0,1399.0,0.18158783783783783,,0.0,,,,2025-12-06,,,,Rent roll + burn-off lease start,PROXY — prior listing asking rent (tenant left before 1/1/26)
ACTUAL (Yardi),2026-02,New Lease,First lease-up lease,D208,A1_Seas,693.0,t0037721,Alexandria Blankenship,,2026-02-22,2026-02-22,12.0,,,1400.0,,,1400.0,,,0.0,,,,,,,,Rent roll + burn-off lease start,
ACTUAL (Yardi),2026-02,New Lease,First lease-up lease,D209,B1_Seas,1092.0,t0037499,Wilmer Velazquez,,2026-02-24,2026-02-24,12.0,,,1699.0,,,1699.0,,,0.0,,,,,,,,Rent roll + burn-off lease start,
ACTUAL (Yardi),2026-02,New Lease,First lease-up lease,D212,C1b_Seas,1340.0,t0037497,David Perez,,2026-02-06,2026-02-06,12.0,,,1999.0,,,1915.75,,,999.0,,,,,,,,Rent roll + burn-off lease start,
ACTUAL (Yardi),2026-02,New Lease,First lease-up lease,D302,B3b_Seas,1177.0,t0037576,Michael Encinas,,2026-02-13,2026-02-13,12.0,,,1800.0,,,1800.0,,,0.0,,,,,,,,Rent roll + burn-off lease start,
ACTUAL (Yardi),2026-02,New Lease,First lease-up lease,D309,B1_Seas,1092.0,t0037501,Autumn Maitland,,2026-02-08,2026-02-08,12.0,,,1725.0,,,1725.0,,,0.0,,,,,,,,Rent roll + burn-off lease start,
ACTUAL (Yardi),2026-02,New Lease,First lease-up lease,E108,A1_Seas,693.0,t0036918,Abraham Anderson,,2026-02-03,2026-02-03,9.0,,,1399.0,,,1399.0,,,0.0,,,,,,,,Rent roll + burn-off lease start,
ACTUAL (Yardi),2026-02,New Lease,First lease-up lease,E209,B1_Seas,1092.0,t0030110,Malik Sullivan,,2026-02-08,2026-02-08,12.0,,,1995.0,,,1995.0,,,0.0,,,,,,,,Rent roll + burn-off lease start,
ACTUAL (Yardi),2026-02,New Lease,First lease-up lease,E301,B2_Seas,1141.0,t0037024,James Souder,,2026-02-12,2026-02-12,18.0,,,2019.0,,,1850.75,,,3028.5,,,,,,,,Rent roll + burn-off lease start,
ACTUAL (Yardi),2026-02,New Lease,Re-lease,E308,A1_Seas,693.0,t0029918,Emily Batt,,2026-02-20,2026-02-20,12.0,,1399.0,1399.0,0.0,1237.0,1399.0,0.13096200485044462,,0.0,,,,2025-12-19,,,,Rent roll + burn-off lease start,PROXY — prior listing asking rent (tenant left before 1/1/26)
ACTUAL (Yardi),2026-02,New Lease,Re-lease,E310,S1_Seas,517.0,t0037823,Maria Gaustelum Logan,,2026-02-28,2026-02-28,12.0,,1325.0,1350.0,0.018867924528301886,,1350.0,,,0.0,,t0036509,Landon Darst,2026-02-20,,8,,Rent roll + burn-off lease start,Prior tenant contract rent (Yardi)
ACTUAL (Yardi),2026-02,New Lease,Re-lease,F103,A1_Seas,693.0,t0037755,Mike Gorman,,2026-02-20,2026-02-20,9.0,12.0,1535.0,1540.0,0.003257328990228013,1407.0,1540.0,0.0945273631840796,1536.0,0.0,,t0030788,Christopher Utley,2026-01-31,,20,,Rent roll + burn-off lease start,Prior tenant contract rent (Yardi)
ACTUAL (Yardi),2026-02,New Lease,First lease-up lease,F206,A1_Seas,693.0,t0037108,Stacey Caruso,,2026-02-14,2026-02-14,12.0,,,1399.0,,,1399.0,,,0.0,,,,,,,,Rent roll + burn-off lease start,
ACTUAL (Yardi),2026-02,New Lease,First lease-up lease,F304,A2_Seas,746.0,t0037209,Tristen Dudley,,2026-02-23,2026-02-23,12.0,,,1495.0,,,1495.0,,,0.0,,,,,,,,Rent roll + burn-off lease start,
ACTUAL (Yardi),2026-02,New Lease,Re-lease,G109,A1_Seas,693.0,t0031356,Glen Bradbury,,2026-02-01,2026-02-01,9.0,,1475.0,1485.0,0.006779661016949152,1305.0,1485.0,0.13793103448275862,,0.0,,,,2025-12-20,,,,Rent roll + burn-off lease start,PROXY — prior listing asking rent (tenant left before 1/1/26)
ACTUAL (Yardi),2026-02,New Lease,Re-lease,I210,A2_Seas,746.0,t0037774,John Gorman,,2026-02-20,2026-02-20,9.0,12.0,1664.0,1644.0,-0.01201923076923077,1408.0,1644.0,0.16761363636363635,3072.0,0.0,,,,2024-11-20,,,,Rent roll + burn-off lease start,PROXY — prior listing asking rent (tenant left before 1/1/26)
ACTUAL (Yardi),2026-02,Renewal,Renewal,H107,B2_Seas,1141.0,t0027851,Lindsay Stebbins,,2026-02-03,2024-09-10,4.0,,2045.0,2145.0,0.0488997555012225,,2145.0,,,0.0,2026-02-02,,,,,,,Burn-off lease start + rent rolls (reconstructed),
ACTUAL (Yardi),2026-02,Renewal,Renewal,H203,A1_Seas,693.0,t0027621,Michael Swain,,2026-02-24,2024-08-24,6.0,,1575.0,1600.0,0.015873015873015872,,1600.0,,,0.0,2026-02-23,,,,,,,Burn-off lease start + rent rolls (reconstructed),
ACTUAL (Yardi),2026-02,Renewal,Renewal,J210,S1_Seas,517.0,t0029518,Wyatt Dailing,,2026-02-26,2024-12-26,6.0,14.0,1245.0,1265.0,0.01606425702811245,1209.0,1265.0,0.04631927212572374,504.0,0.0,2026-02-25,,,,,,,Burn-off lease start + rent rolls (reconstructed),
ACTUAL (Yardi),2026-03,Lease Expiration,,A107,B2_Seas,,t0030452,Heather Orchard,,2026-03-13,2025-03-14,,,,,,,,,,,,,,,Renewed,,,Renewal lease start - 1d,
ACTUAL (Yardi),2026-03,Lease Expiration,,A202,C1b_Seas,,t0029908,Alexandra McKenzie,,2026-03-24,2025-01-25,,,,,,,,,,,,,,,Renewed,,,Renewal lease start - 1d,
ACTUAL (Yardi),2026-03,Lease Expiration,,B209,B1_Seas,,t0030710,Jacqueline Cornejo,,2026-03-26,2025-03-27,,,,,,,,,,,,,,,Renewed,,,Renewal lease start - 1d,
ACTUAL (Yardi),2026-03,Lease Expiration,,G102,C1a_Seas,,t0027745,Brett Shorenstein,,2026-03-31,2024-10-01,,,,,,,,,,,,,,,Moved Out,,,Rent roll lease expiration,
ACTUAL (Yardi),2026-03,Lease Expiration,,G107,B2_Seas,,t0026746,Wayne Newsom,,2026-03-06,2024-09-07,,,,,,,,,,,,,,,Moved Out,,,Rent roll lease expiration,
ACTUAL (Yardi),2026-03,Lease Expiration,,G206,A1_Seas,,t0029717,Olha Pyvovar,,2026-03-01,2025-01-02,,,,,,,,,,,,,,,Moved Out,,,Rent roll lease expiration,
ACTUAL (Yardi),2026-03,Lease Expiration,,G301,B2_Seas,,t0026594,Edima Ekanem,,2026-03-06,2024-09-07,,,,,,,,,,,,,,,Moved Out,,,Rent roll lease expiration,
ACTUAL (Yardi),2026-03,Lease Expiration,,G305,B1_Seas,,t0026738,Shawn Rowley,,2026-03-06,2024-09-07,,,,,,,,,,,,,,,Moved Out,,,Rent roll lease expiration,
ACTUAL (Yardi),2026-03,Lease Expiration,,H111,A1_Seas,,t0027793,Jayson Perez,,2026-03-12,2024-09-13,,,,,,,,,,,,,,,Moved Out,,,Rent roll lease expiration,
ACTUAL (Yardi),2026-03,Lease Expiration,,H312,C1b_Seas,,t0027798,Carmen Jones,,2026-03-11,2024-09-12,,,,,,,,,,,,,,,Moved Out,,,Rent roll lease expiration,
ACTUAL (Yardi),2026-03,Lease Expiration,,H313,B2_Seas,,t0027795,Maria Coy,,2026-03-15,2024-09-16,,,,,,,,,,,,,,,Moved Out,,,Rent roll lease expiration,
ACTUAL (Yardi),2026-03,Lease Expiration,,I107,B2_Seas,,t0030046,Kyler Eldredge,,2026-03-31,2025-02-01,,,,,,,,,,,,,,,Moved Out,,,Rent roll lease expiration,
ACTUAL (Yardi),2026-03,Lease Expiration,,I201,B2_Seas,,t0029876,Devin Maya,,2026-03-09,2025-01-10,,,,,,,,,,,,,,,Moved Out,,,Rent roll lease expiration,
ACTUAL (Yardi),2026-03,Lease Expiration,,I208,A1_Seas,,t0029733,Vinh Nguyen,,2026-03-08,2025-05-09,,,,,,,,,,,,,,,Renewed,,,Renewal lease start - 1d,
ACTUAL (Yardi),2026-03,Lease Expiration,,J102,B3a_Seas,,t0032355,Chad Lewis,,2026-03-12,2025-06-13,,,,,,,,,,,,,,,Moved Out,,,Rent roll lease expiration,
ACTUAL (Yardi),2026-03,Lease Expiration,,J111,A1_Seas,,t0029841,alma dela rosa,,2026-03-12,2025-01-13,,,,,,,,,,,,,,,Renewed,,,Renewal lease start - 1d,
ACTUAL (Yardi),2026-03,Lease Expiration,,J213,B2_Seas,,t0029499,Sterling Berrier,,2026-03-05,2025-01-06,,,,,,,,,,,,,,,Moved Out,,,Rent roll lease expiration,
ACTUAL (Yardi),2026-03,Move Out,,B102,B3a_Seas,,t0038568,Christopher Dante,,2026-03-31,2025-06-05,,,1820.0,,,,,,,,,,,,,,,Rent roll move-out date,
ACTUAL (Yardi),2026-03,Move Out,,D112,C1a_Seas,,t0038490,Joshua Crawford,,2026-03-30,2025-06-18,,,2160.0,,,,,,,,,,,,,,,Rent roll move-out date,
ACTUAL (Yardi),2026-03,Move Out,,G107,B2_Seas,,t0026746,Wayne Newsom,,2026-03-06,2024-09-07,,,2045.0,,,,,,,,,,,,,,,Rent roll move-out date,
ACTUAL (Yardi),2026-03,Move Out,,G110,A2_Seas,,t0037607,Janece Gourley,,2026-03-15,2024-10-19,,,1714.0,,,,,,,,,,,,,,,Rent roll move-out date,
ACTUAL (Yardi),2026-03,Move Out,,G206,A1_Seas,,t0029717,Olha Pyvovar,,2026-03-01,2025-01-02,,,1385.0,,,,,,,,,,,,,,,Rent roll move-out date,
ACTUAL (Yardi),2026-03,Move Out,,G301,B2_Seas,,t0026594,Edima Ekanem,,2026-03-06,2024-09-07,,,2020.0,,,,,,,,,,,,,,,Rent roll move-out date,
ACTUAL (Yardi),2026-03,Move Out,,G305,B1_Seas,,t0026738,Shawn Rowley,,2026-03-06,2024-09-07,,,1960.0,,,,,,,,,,,,,,,Rent roll move-out date,
ACTUAL (Yardi),2026-03,Move Out,,H111,A1_Seas,,t0027793,Jayson Perez,,2026-03-12,2024-09-13,,,1610.0,,,,,,,,,,,,,,,Rent roll move-out date,
ACTUAL (Yardi),2026-03,Move Out,,H312,C1b_Seas,,t0027798,Carmen Jones,,2026-03-11,2024-09-12,,,2325.0,,,,,,,,,,,,,,,Rent roll move-out date,
ACTUAL (Yardi),2026-03,Move Out,,H313,B2_Seas,,t0027795,Maria Coy,,2026-03-15,2024-09-16,,,2020.0,,,,,,,,,,,,,,,Rent roll move-out date,
ACTUAL (Yardi),2026-03,Move Out,,I107,B2_Seas,,t0030046,Kyler Eldredge,,2026-03-31,2025-02-01,,,1995.0,,,,,,,,,,,,,,,Rent roll move-out date,
ACTUAL (Yardi),2026-03,Move Out,,I201,B2_Seas,,t0029876,Devin Maya,,2026-03-09,2025-01-10,,,1795.0,,,,,,,,,,,,,,,Rent roll move-out date,
ACTUAL (Yardi),2026-03,Move Out,,J102,B3a_Seas,,t0032355,Chad Lewis,,2026-03-27,2025-06-13,,,1820.0,,,,,,,,,,,,,,,Rent roll move-out date,
ACTUAL (Yardi),2026-03,Move Out,,J213,B2_Seas,,t0029499,Sterling Berrier,,2026-03-05,2025-01-06,,,1795.0,,,,,,,,,,,,,,,Rent roll move-out date,
ACTUAL (Yardi),2026-03,New Lease,Re-lease,A203,A1_Seas,693.0,t0038410,Dakotah Brown,,2026-03-11,2026-03-11,12.0,15.0,1410.0,1490.0,0.05673758865248227,1377.0,1490.0,0.08206245461147423,495.0,0.0,,t0037105,Malik Sullivan,2026-02-09,,30,,Rent roll + burn-off lease start,Prior tenant contract rent (Yardi)
ACTUAL (Yardi),2026-03,New Lease,Re-lease,A302,C1b_Seas,1340.0,t0038089,Christopher Dante,,2026-03-30,2026-03-30,18.0,12.0,2245.0,2250.0,0.0022271714922048997,1986.0,2250.0,0.13293051359516617,3108.0,0.0,,,,2025-04-04,,,,Rent roll + burn-off lease start,PROXY — prior listing asking rent (tenant left before 1/1/26)
ACTUAL (Yardi),2026-03,New Lease,Re-lease,A312,B3b_Seas,1177.0,t0037719,Madeline Schmitt,,2026-03-12,2026-03-12,12.0,12.0,1770.0,1850.0,0.04519774011299435,1566.0,1850.0,0.18135376756066413,2448.0,0.0,,t0030987,Natalle Wallace,2026-01-31,,40,,Rent roll + burn-off lease start,Prior tenant contract rent (Yardi)
ACTUAL (Yardi),2026-03,New Lease,Re-lease,B104,A2_Seas,746.0,t0038091,Jeanette Kreider,,2026-03-23,2026-03-23,12.0,,1714.0,1450.0,-0.15402567094515754,1450.0,1450.0,0.0,,0.0,,,,2024-08-31,,,,Rent roll + burn-off lease start,PROXY — prior listing asking rent (tenant left before 1/1/26)
ACTUAL (Yardi),2026-03,New Lease,Re-lease,B203,A1_Seas,693.0,t0037754,Anne Dalpini,,2026-03-07,2026-03-07,18.0,14.0,1400.0,1490.0,0.06428571428571428,1364.0,1490.0,0.09237536656891496,504.0,0.0,,t0029849,Jessica Macri-Feasel,2026-01-31,,35,,Rent roll + burn-off lease start,Prior tenant contract rent (Yardi)
ACTUAL (Yardi),2026-03,New Lease,Re-lease,B208,A1_Seas,693.0,t0037959,Kennedi Fischer,,2026-03-14,2026-03-14,18.0,12.0,1470.0,1475.0,0.003401360544217687,1300.0,1475.0,0.1346153846153846,2040.0,0.0,,t0037734,Michael Saffery Hoopii,2026-02-21,,21,,Rent roll + burn-off lease start,Prior tenant contract rent (Yardi)
ACTUAL (Yardi),2026-03,New Lease,First lease-up lease,C110,A2_Seas,746.0,t0037572,Madison Vilay,,2026-03-06,2026-03-06,12.0,,,1475.0,,,1475.0,,,0.0,,,,,,,,Rent roll + burn-off lease start,
ACTUAL (Yardi),2026-03,New Lease,Re-lease,C206,A1_Seas,693.0,t0031027,Steven Peterson,,2026-03-31,2026-03-31,9.0,12.0,1485.0,1490.0,0.003367003367003367,1314.0,1490.0,0.1339421613394216,2052.0,0.0,,t0036712,Glen Bradbury,2026-02-02,,57,,Rent roll + burn-off lease start,Prior tenant contract rent (Yardi)
ACTUAL (Yardi),2026-03,New Lease,First lease-up lease,D105,A1_Seas,693.0,t0037624,Autumn Davis,,2026-03-21,2026-03-21,12.0,,,1570.0,,,1439.1666666666667,,,1570.0,,,,,,,,Rent roll + burn-off lease start,
ACTUAL (Yardi),2026-03,New Lease,Re-lease,D204,A2_Seas,746.0,t0037033,Emily Clark,,2026-03-01,2026-03-01,15.0,,1644.0,1644.0,0.0,1454.0,1644.0,0.13067400275103164,,0.0,,,,2026-01-18,,,,Rent roll + burn-off lease start,PROXY — prior listing asking rent (tenant left before 1/1/26)
ACTUAL (Yardi),2026-03,New Lease,Re-lease,D210,,,t0037551,Liz Kowallis,,2026-03-02,2026-03-02,9.0,,1245.0,,,,,,,0.0,,t0036702,Emily Batt,2026-02-23,,7,,Rent roll + burn-off lease start,Prior tenant contract rent (Yardi)
ACTUAL (Yardi),2026-03,New Lease,Re-lease,D211,A1_Seas,693.0,t0036917,Kelsey McKenna,,2026-03-06,2026-03-06,12.0,,1399.0,1399.0,0.0,1237.0,1399.0,0.13096200485044462,,0.0,,,,2026-01-08,,,,Rent roll + burn-off lease start,PROXY — prior listing asking rent (tenant left before 1/1/26)
ACTUAL (Yardi),2026-03,New Lease,Re-lease,E109,B1_Seas,1092.0,t0036543,Karen Walker,,2026-03-19,2026-03-19,18.0,,1650.0,1650.0,0.0,1396.0,1604.1666666666667,0.14911652340019108,,825.0,,,,2025-12-07,,,,Rent roll + burn-off lease start,PROXY — prior listing asking rent (tenant left before 1/1/26)
ACTUAL (Yardi),2026-03,New Lease,First lease-up lease,E212,C1b_Seas,1340.0,t0038047,Danielle Muller,,2026-03-31,2026-03-31,18.0,,,1999.0,,,1999.0,,,0.0,,,,,,,,Rent roll + burn-off lease start,
ACTUAL (Yardi),2026-03,New Lease,Re-lease,F302,C1b_Seas,1340.0,t0030978,Joshua Crawford,,2026-03-29,2026-03-29,6.0,12.0,2380.0,2160.0,-0.09243697478991597,2182.0,2160.0,-0.01008249312557287,2376.0,0.0,,,,2025-06-17,,,,Rent roll + burn-off lease start,PROXY — prior listing asking rent (tenant left before 1/1/26)
ACTUAL (Yardi),2026-03,New Lease,Re-lease,F306,A1_Seas,693.0,t0038004,John Chorlog,,2026-03-23,2026-03-23,18.0,12.0,1665.0,1640.0,-0.015015015015015015,1526.0,1548.888888888889,0.014999271880005842,1668.0,1640.0,,t0033780,Anastasiia Mashenskaia,2026-01-07,,75,,Rent roll + burn-off lease start,Prior tenant contract rent (Yardi)
ACTUAL (Yardi),2026-03,New Lease,Re-lease,G107,B2_Seas,1141.0,t0027910,Janece Gourley,,2026-03-13,2026-03-15,18.0,,2045.0,1919.0,-0.06161369193154034,,1919.0,,,0.0,,t0026746,Wayne Newsom,2026-03-06,,9,,Rent roll + burn-off lease start,Prior tenant contract rent (Yardi)
ACTUAL (Yardi),2026-03,New Lease,Re-lease,G108,A1_Seas,693.0,t0037936,Andrew Heller,,2026-03-18,2026-03-18,9.0,15.0,1425.0,1475.0,0.03508771929824561,1392.0,1475.0,0.05962643678160919,495.0,0.0,,t0030355,Chelsea Isip,2026-02-28,,18,,Rent roll + burn-off lease start,Prior tenant contract rent (Yardi)
ACTUAL (Yardi),2026-03,New Lease,Re-lease,G206,A1_Seas,693.0,t0036949,Kassidy Carleton,,2026-03-23,2026-03-23,12.0,14.0,1385.0,1565.0,0.1299638989169675,1349.0,1565.0,0.16011860637509265,504.0,0.0,,t0029717,Olha Pyvovar,2026-03-01,,22,,Rent roll + burn-off lease start,Prior tenant contract rent (Yardi)
ACTUAL (Yardi),2026-03,New Lease,Re-lease,G301,B2_Seas,1141.0,t0038412,Alexander Nash,,2026-03-22,2026-03-22,15.0,,2020.0,2020.0,0.0,,1885.3333333333333,,,2020.0,,t0026594,Edima Ekanem,2026-03-06,,16,,Rent roll + burn-off lease start,Prior tenant contract rent (Yardi)
ACTUAL (Yardi),2026-03,New Lease,Re-lease,H108,A1_Seas,693.0,t0038034,Gage Warner,,2026-03-28,2026-03-28,12.0,14.0,1325.0,1475.0,0.11320754716981132,1120.0,1475.0,0.3169642857142857,2870.0,0.0,,t0036057,Lynsi Lee,2026-02-27,,29,,Rent roll + burn-off lease start,Prior tenant contract rent (Yardi)
ACTUAL (Yardi),2026-03,New Lease,Re-lease,H110,S1_Seas,517.0,t0037739,Sofia Manning,,2026-03-21,2026-03-21,12.0,14.0,1145.0,1275.0,0.11353711790393013,981.0,1275.0,0.2996941896024465,2296.0,0.0,,t0029495,Clarixa Cruz Torres,2026-02-11,,38,,Rent roll + burn-off lease start,Prior tenant contract rent (Yardi)
ACTUAL (Yardi),2026-03,New Lease,Re-lease,H111,A1_Seas,693.0,t0038355,Wolff Corporate Housing Inc,,2026-03-19,2026-03-19,6.0,,1610.0,1575.0,-0.021739130434782608,,1575.0,,,0.0,,t0027793,Jayson Perez,2026-03-12,,7,,Rent roll + burn-off lease start,Prior tenant contract rent (Yardi)
ACTUAL (Yardi),2026-03,New Lease,Re-lease,H302,B3b_Seas,1177.0,t0037759,David Horras,,2026-03-14,2026-03-14,16.0,15.0,1750.0,1800.0,0.02857142857142857,1717.0,1800.0,0.048340128130460104,495.0,0.0,,,,2025-01-30,,,,Rent roll + burn-off lease start,PROXY — prior listing asking rent (tenant left before 1/1/26)
ACTUAL (Yardi),2026-03,New Lease,Re-lease,H312,C1b_Seas,1340.0,t0038546,Arrianna Estes,,2026-03-26,2026-03-26,18.0,,2325.0,2280.0,-0.01935483870967742,,2153.3333333333335,,,2280.0,,t0027798,Carmen Jones,2026-03-11,,15,,Rent roll + burn-off lease start,Prior tenant contract rent (Yardi)
ACTUAL (Yardi),2026-03,New Lease,Re-lease,J102,B3a_Seas,1165.0,t0035112,Brenner Luther,,2026-03-31,2026-03-31,12.0,12.0,1820.0,1845.0,0.013736263736263736,1668.0,1845.0,0.10611510791366907,1824.0,0.0,,t0032355,Chad Lewis,2026-03-27,,4,,Rent roll + burn-off lease start,Prior tenant contract rent (Yardi)
ACTUAL (Yardi),2026-03,New Lease,Re-lease,J110,S1_Seas,517.0,t0037613,Stephanie Reese,,2026-03-02,2026-03-02,12.0,14.0,1295.0,1299.0,0.003088803088803089,1259.0,1299.0,0.03177124702144559,504.0,0.0,,t0029522,Kaylee Lamont,2026-02-13,,17,,Rent roll + burn-off lease start,Prior tenant contract rent (Yardi)
ACTUAL (Yardi),2026-03,New Lease,Re-lease,J209,B1_Seas,1092.0,t0038423,Leah Martin,,2026-03-19,2026-03-19,18.0,12.0,1715.0,1875.0,0.09329446064139942,1572.0,1875.0,0.19274809160305342,1716.0,0.0,,t0030731,Lexi Vogt,2026-02-08,,39,,Rent roll + burn-off lease start,Prior tenant contract rent (Yardi)
ACTUAL (Yardi),2026-03,New Lease,Re-lease,J213,B2_Seas,1141.0,t0037184,Taj Conerly,,2026-03-12,2026-03-12,12.0,14.0,1795.0,1799.0,0.0022284122562674096,1759.0,1799.0,0.02274019329164298,504.0,0.0,,t0029499,Sterling Berrier,2026-03-05,,7,,Rent roll + burn-off lease start,Prior tenant contract rent (Yardi)
ACTUAL (Yardi),2026-03,Renewal,Renewal,A107,B2_Seas,1141.0,t0030452,Heather Orchard,,2026-03-14,2025-03-14,6.0,15.0,1995.0,1995.0,0.0,1962.0,1995.0,0.016819571865443424,495.0,0.0,2026-03-13,,,,,,,Burn-off lease start + rent rolls (reconstructed),
ACTUAL (Yardi),2026-03,Renewal,Renewal,A202,C1b_Seas,1340.0,t0029908,Alexandra McKenzie,,2026-03-25,2025-01-25,12.0,15.0,2055.0,2055.0,0.0,2022.0,2055.0,0.016320474777448073,495.0,0.0,2026-03-24,,,,,,,Burn-off lease start + rent rolls (reconstructed),
ACTUAL (Yardi),2026-03,Renewal,Renewal,B209,B1_Seas,1092.0,t0030710,Jacqueline Cornejo,,2026-03-27,2025-03-27,9.0,12.0,1715.0,1715.0,0.0,1572.0,1715.0,0.09096692111959287,1716.0,0.0,2026-03-26,,,,,,,Burn-off lease start + rent rolls (reconstructed),
ACTUAL (Yardi),2026-03,Renewal,Renewal,D102,B3a_Seas,1165.0,t0030197,Stanimir Ilchev,,2026-03-01,2025-08-28,9.0,12.0,1920.0,1945.0,0.013020833333333334,1760.0,1945.0,0.10511363636363637,1920.0,0.0,2026-02-28,,,,,,,Burn-off lease start + rent rolls (reconstructed),
ACTUAL (Yardi),2026-03,Renewal,Renewal,I208,A1_Seas,693.0,t0029733,Vinh Nguyen,,2026-03-09,2025-05-09,12.0,12.0,1385.0,1385.0,0.0,1256.0,1385.0,0.10270700636942676,1548.0,0.0,2026-03-08,,,,,,,Burn-off lease start + rent rolls (reconstructed),
ACTUAL (Yardi),2026-03,Renewal,Renewal,J111,A1_Seas,693.0,t0029841,alma dela rosa,,2026-03-13,2025-01-13,6.0,14.0,1435.0,1435.0,0.0,1399.0,1435.0,0.02573266619013581,504.0,0.0,2026-03-12,,,,,,,Burn-off lease start + rent rolls (reconstructed),
ACTUAL (Yardi),2026-04,Lease Expiration,,A203,A1_Seas,,t0037105,Malik Sullivan,,2026-04-19,2025-02-20,,,,,,,,,,,,,,,Moved Out,,,Rent roll lease expiration,
ACTUAL (Yardi),2026-04,Lease Expiration,,B109,B1_Seas,,t0030390,Diocelina Leguizamon Ramirez,,2026-04-26,2025-02-27,,,,,,,,,,,,,,,Renewed,,,Renewal lease start - 1d,
ACTUAL (Yardi),2026-04,Lease Expiration,,B110,S1_Seas,,t0030047,Raymond Huntsman,,2026-04-28,2025-01-29,,,,,,,,,,,,,,,Renewed,,,Renewal lease start - 1d,
ACTUAL (Yardi),2026-04,Lease Expiration,,B304,A2_Seas,,t0029884,Zane Cooper,,2026-04-17,2025-02-18,,,,,,,,,,,,,,,Moved Out,,,Rent roll lease expiration,
ACTUAL (Yardi),2026-04,Lease Expiration,,F310,A2_Seas,,t0028211,Logan Routson,,2026-04-19,2025-03-20,,,,,,,,,,,,,,,Renewed,,,Renewal lease start - 1d,
ACTUAL (Yardi),2026-04,Lease Expiration,,G110,A2_Seas,,t0037607,Janece Gourley,,2026-04-18,2024-10-19,,,,,,,,,,,,,,,Moved Out,,,Rent roll lease expiration,
ACTUAL (Yardi),2026-04,Lease Expiration,,G205,B1_Seas,,t0029898,Aubrey Jensen,,2026-04-10,2025-01-11,,,,,,,,,,,,,,,Renewed,,,Renewal lease start - 1d,
ACTUAL (Yardi),2026-04,Lease Expiration,,G207,B2_Seas,,t0028131,Anna Henley,,2026-04-11,2024-10-12,,,,,,,,,,,,,,,Moved Out,,,Rent roll lease expiration,
ACTUAL (Yardi),2026-04,Lease Expiration,,G302,C1b_Seas,,t0027828,Kimberly Turnblom,,2026-04-25,2024-10-26,,,,,,,,,,,,,,,Renewed,,,Renewal lease start - 1d,
ACTUAL (Yardi),2026-04,Lease Expiration,,H102,B3a_Seas,,t0031664,antonio arellano,,2026-04-29,2025-04-30,,,,,,,,,,,,,,,Renewed,,,Renewal lease start - 1d,
ACTUAL (Yardi),2026-04,Lease Expiration,,H105,A1_Seas,,t0028523,Sarina Lloyd,,2026-04-30,2024-10-31,,,,,,,,,,,,,,,Moved Out,,,Rent roll lease expiration,
ACTUAL (Yardi),2026-04,Lease Expiration,,H207,B2_Seas,,t0028081,Ivy Wang,,2026-04-09,2024-10-10,,,,,,,,,,,,,,,Moved Out,,,Rent roll lease expiration,
ACTUAL (Yardi),2026-04,Lease Expiration,,H307,B2_Seas,,t0028395,Anthony LaFond,,2026-04-30,2024-11-01,,,,,,,,,,,,,,,Renewed,,,Renewal lease start - 1d,
ACTUAL (Yardi),2026-04,Lease Expiration,,H308,A1_Seas,,t0031159,Jonathan Eckert,,2026-04-17,2025-04-18,,,,,,,,,,,,,,,Renewed,,,Renewal lease start - 1d,
ACTUAL (Yardi),2026-04,Lease Expiration,,I102,C1a_Seas,,t0029919,Tyler Healy,,2026-04-10,2025-01-11,,,,,,,,,,,,,,,Renewed,,,Renewal lease start - 1d,
ACTUAL (Yardi),2026-04,Lease Expiration,,I110,A2_Seas,,t0028100,Nayeli Carrillo,,2026-04-17,2024-10-18,,,,,,,,,,,,,,,Moved Out,,,Rent roll lease expiration,
ACTUAL (Yardi),2026-04,Lease Expiration,,I202,C1b_Seas,,t0029974,Monica Pinto Ayala,,2026-04-27,2025-01-28,,,,,,,,,,,,,,,Renewed,,,Renewal lease start - 1d,
ACTUAL (Yardi),2026-04,Lease Expiration,,I207,B2_Seas,,t0026936,Hannah Burk,,2026-04-25,2024-10-26,,,,,,,,,,,,,,,Moved Out,,,Rent roll lease expiration,
ACTUAL (Yardi),2026-04,Move Out,,B108,A1_Seas,,t0033448,Natalyn Jordan,,2026-04-27,2025-07-07,,,1575.0,,,,,,,,,,,,,,,Rent roll move-out date,
ACTUAL (Yardi),2026-04,Move Out,,B304,A2_Seas,,t0029884,Zane Cooper,,2026-04-17,2025-02-18,,,1689.0,,,,,,,,,,,,,,,Rent roll move-out date,
ACTUAL (Yardi),2026-04,Move Out,,E208,A1_Seas,,t0036465,Robert Acevedo,,2026-04-30,2025-12-04,,,1349.0,,,,,,,,,,,,,,,Rent roll move-out date,
ACTUAL (Yardi),2026-04,Move Out,,E213,B2_Seas,,t0037957,Steven Peterson,,2026-04-05,2025-03-28,,,2070.0,,,,,,,,,,,,,,,Rent roll move-out date,
ACTUAL (Yardi),2026-04,Move Out,,G104,A2_Seas,,t0038432,Scott Pardew,,2026-04-10,2025-10-23,,,1499.0,,,,,,,,,,,,,,,Rent roll move-out date,
ACTUAL (Yardi),2026-04,Move Out,,G207,B2_Seas,,t0028131,Anna Henley,,2026-04-11,2024-10-12,,,1995.0,,,,,,,,,,,,,,,Rent roll move-out date,
ACTUAL (Yardi),2026-04,Move Out,,H105,A1_Seas,,t0028523,Sarina Lloyd,,2026-04-30,2024-10-31,,,1425.0,,,,,,,,,,,,,,,Rent roll move-out date,
ACTUAL (Yardi),2026-04,Move Out,,H207,B2_Seas,,t0028081,Ivy Wang,,2026-04-09,2024-10-10,,,1995.0,,,,,,,,,,,,,,,Rent roll move-out date,
ACTUAL (Yardi),2026-04,Move Out,,H304,A2_Seas,,t0037709,Brenner Luther,,2026-04-05,2025-10-02,,,1499.0,,,,,,,,,,,,,,,Rent roll move-out date,
ACTUAL (Yardi),2026-04,Move Out,,I110,A2_Seas,,t0028100,Nayeli Carrillo,,2026-04-17,2024-10-18,,,1714.0,,,,,,,,,,,,,,,Rent roll move-out date,
ACTUAL (Yardi),2026-04,Move Out,,J105,A1_Seas,,t0035116,Jonathan Gonzalez,,2026-04-12,2025-10-30,,,1349.0,,,,,,,,,,,,,,,Rent roll move-out date,
ACTUAL (Yardi),2026-04,New Lease,Re-lease,A102,C1a_Seas,1328.0,t0038493,Matthew Fielder,,2026-04-21,2026-04-21,12.0,15.0,2130.0,2351.0,0.10375586854460093,2097.0,2155.0833333333335,0.0276982991575267,495.0,2351.0,,t0030269,Derek Barham,2026-02-06,,74,,Rent roll + burn-off lease start,Prior tenant contract rent (Yardi)
ACTUAL (Yardi),2026-04,New Lease,Re-lease,B102,B3a_Seas,1165.0,t0035749,Scott Pardew,,2026-04-10,2026-04-10,12.0,12.0,1820.0,2045.0,0.12362637362637363,1610.0,2045.0,0.2701863354037267,2520.0,0.0,,t0038568,Christopher Dante,2026-03-31,,10,,Rent roll + burn-off lease start,Prior tenant contract rent (Yardi)
ACTUAL (Yardi),2026-04,New Lease,Re-lease,B108,A1_Seas,693.0,t0039911,Aleksey Vanin,,2026-04-28,2026-04-28,9.0,12.0,1575.0,1575.0,0.0,1444.0,1575.0,0.0907202216066482,1572.0,0.0,,t0033448,Natalyn Jordan,2026-04-27,,1,,Rent roll + burn-off lease start,Prior tenant contract rent (Yardi)
ACTUAL (Yardi),2026-04,New Lease,Re-lease,B304,A2_Seas,746.0,t0037906,Leah Sullivan,,2026-04-24,2026-04-24,15.0,14.0,1689.0,1689.0,0.0,1653.0,1576.4,-0.046339987900786396,504.0,1689.0,,t0029884,Zane Cooper,2026-04-17,,7,,Rent roll + burn-off lease start,Prior tenant contract rent (Yardi)
ACTUAL (Yardi),2026-04,New Lease,Re-lease,D112,C1a_Seas,1328.0,t0038633,Case Cardenas,,2026-04-10,2026-04-10,12.0,12.0,2160.0,2340.0,0.08333333333333333,1911.0,2145.0,0.12244897959183673,2988.0,2340.0,,t0038490,Joshua Crawford,2026-03-30,,11,,Rent roll + burn-off lease start,Prior tenant contract rent (Yardi)
ACTUAL (Yardi),2026-04,New Lease,Re-lease,E213,B2_Seas,1141.0,t0038417,Kelcey Cooper,,2026-04-23,2026-04-23,18.0,12.0,2070.0,2070.0,0.0,1834.0,1955.0,0.06597600872410032,2832.0,2070.0,,t0037957,Steven Peterson,2026-04-05,,18,,Rent roll + burn-off lease start,Prior tenant contract rent (Yardi)
ACTUAL (Yardi),2026-04,New Lease,First lease-up lease,E307,B2_Seas,1141.0,t0039449,Ray Ramirez,,2026-04-24,2026-04-24,18.0,,,2250.0,,,2250.0,,,0.0,,,,,,,,Rent roll + burn-off lease start,
ACTUAL (Yardi),2026-04,New Lease,Re-lease,F110,A2_Seas,746.0,t0038566,Carmel Pate,,2026-04-15,2026-04-15,12.0,,1650.0,1450.0,-0.12121212121212122,1523.0,1450.0,-0.0479317137229153,,0.0,,,,2026-03-14,,,,Rent roll + burn-off lease start,PROXY — prior listing asking rent (tenant left before 1/1/26)
ACTUAL (Yardi),2026-04,New Lease,Re-lease,G104,A2_Seas,746.0,t0039678,Liam Hilber,,2026-04-17,2026-04-17,12.0,,1499.0,1615.0,0.07738492328218813,,1615.0,,,0.0,,t0038432,Scott Pardew,2026-04-10,,7,,Rent roll + burn-off lease start,Prior tenant contract rent (Yardi)
ACTUAL (Yardi),2026-04,New Lease,Re-lease,H304,A2_Seas,746.0,t0037889,Tyler Beam,,2026-04-27,2026-04-27,9.0,,1499.0,1500.0,0.00066711140760507,,1500.0,,,0.0,,t0037709,Brenner Luther,2026-04-05,,22,,Rent roll + burn-off lease start,Prior tenant contract rent (Yardi)
ACTUAL (Yardi),2026-04,New Lease,Re-lease,H310,S1_Seas,517.0,t0039728,Aoi Kuriki,,2026-04-25,2026-04-25,12.0,,1420.0,1530.0,0.07746478873239436,1420.0,1466.25,0.032570422535211266,,765.0,,,,2024-08-01,,,,Rent roll + burn-off lease start,PROXY — prior listing asking rent (tenant left before 1/1/26)
ACTUAL (Yardi),2026-04,New Lease,Re-lease,I302,C1b_Seas,1340.0,t0037670,Kelby Rice,,2026-04-03,2026-04-03,12.0,,1975.0,1975.0,0.0,1823.0,1975.0,0.08337904552934723,,0.0,,,,2026-02-11,,,,Rent roll + burn-off lease start,PROXY — prior listing asking rent (tenant left before 1/1/26)
ACTUAL (Yardi),2026-04,New Lease,Re-lease,I304,A2_Seas,746.0,t0039196,Yaxu Zhong,,2026-04-10,2026-04-10,12.0,12.0,1689.0,1635.0,-0.03197158081705151,1429.0,1498.75,0.04881035689293212,3120.0,1635.0,,,,2024-10-24,,,,Rent roll + burn-off lease start,PROXY — prior listing asking rent (tenant left before 1/1/26)
ACTUAL (Yardi),2026-04,New Lease,Re-lease,I313,B3b_Seas,1177.0,t0038526,Joshua Arredondo,,2026-04-10,2026-04-10,15.0,12.0,2098.0,2225.0,0.06053384175405148,1775.0,2085.0666666666666,0.17468544600938965,3876.0,2099.0,,,,2024-10-15,,,,Rent roll + burn-off lease start,PROXY — prior listing asking rent (tenant left before 1/1/26)
ACTUAL (Yardi),2026-04,New Lease,Re-lease,J105,A1_Seas,693.0,t0037879,Allie Lamb,,2026-04-25,2026-04-25,12.0,,1349.0,1400.0,0.03780578206078577,,1400.0,,,0.0,,t0035116,Jonathan Gonzalez,2026-04-12,,13,,Rent roll + burn-off lease start,Prior tenant contract rent (Yardi)
ACTUAL (Yardi),2026-04,New Lease,Re-lease,J207,B2_Seas,1141.0,t0038962,Samuel Pardo,,2026-04-07,2026-04-13,12.0,12.0,1995.0,1940.0,-0.02756892230576441,1688.0,1778.3333333333333,0.05351500789889411,3684.0,1940.0,,t0029277,Elizabeth Garza,2026-02-15,,57,,Rent roll + burn-off lease start,Prior tenant contract rent (Yardi)
ACTUAL (Yardi),2026-04,New Lease,Re-lease,J304,A2_Seas,746.0,t0038531,Samantha Neilson,,2026-04-19,2026-04-19,16.0,12.0,1689.0,1714.0,0.014801657785671996,1429.0,1606.875,0.12447515745276418,3120.0,1714.0,,t0028405,Emma English,2026-01-17,,92,,Rent roll + burn-off lease start,Prior tenant contract rent (Yardi)
ACTUAL (Yardi),2026-04,Renewal,Renewal,B109,B1_Seas,1092.0,t0030390,Diocelina Leguizamon Ramirez,,2026-04-27,2025-02-27,12.0,15.0,1765.0,1810.0,0.025495750708215296,1732.0,1810.0,0.04503464203233257,495.0,0.0,2026-04-26,,,,,,,Burn-off lease start + rent rolls (reconstructed),
ACTUAL (Yardi),2026-04,Renewal,Renewal,B110,S1_Seas,517.0,t0030047,Raymond Huntsman,,2026-04-29,2025-01-29,12.0,15.0,1295.0,1320.0,0.019305019305019305,1262.0,1320.0,0.04595879556259905,495.0,0.0,2026-04-28,,,,,,,Burn-off lease start + rent rolls (reconstructed),
ACTUAL (Yardi),2026-04,Renewal,Renewal,F310,A2_Seas,746.0,t0028211,Logan Routson,,2026-04-20,2025-03-20,12.0,,1689.0,1689.0,0.0,,1689.0,,,0.0,2026-04-19,,,,,,,Burn-off lease start + rent rolls (reconstructed),
ACTUAL (Yardi),2026-04,Renewal,Renewal,G205,B1_Seas,1092.0,t0029898,Aubrey Jensen,,2026-04-11,2025-01-11,12.0,14.0,1690.0,1725.0,0.020710059171597635,1654.0,1725.0,0.042926239419588876,504.0,0.0,2026-04-10,,,,,,,Burn-off lease start + rent rolls (reconstructed),
ACTUAL (Yardi),2026-04,Renewal,Renewal,G302,C1b_Seas,1340.0,t0027828,Kimberly Turnblom,,2026-04-26,2024-10-26,12.0,,2325.0,2325.0,0.0,,2325.0,,,0.0,2026-04-25,,,,,,,Burn-off lease start + rent rolls (reconstructed),
ACTUAL (Yardi),2026-04,Renewal,Renewal,H102,B3a_Seas,1165.0,t0031664,antonio arellano,,2026-04-30,2025-04-30,18.0,12.0,1670.0,1715.0,0.02694610778443114,1531.0,1715.0,0.1201828870019595,1668.0,0.0,2026-04-29,,,,,,,Burn-off lease start + rent rolls (reconstructed),
ACTUAL (Yardi),2026-04,Renewal,Renewal,H308,A1_Seas,693.0,t0031159,Jonathan Eckert,,2026-04-18,2025-04-18,12.0,12.0,1435.0,1470.0,0.024390243902439025,1269.0,1470.0,0.15839243498817968,1992.0,0.0,2026-04-17,,,,,,,Burn-off lease start + rent rolls (reconstructed),
ACTUAL (Yardi),2026-04,Renewal,Renewal,I102,C1a_Seas,1328.0,t0029919,Tyler Healy,,2026-04-11,2025-01-11,12.0,15.0,2105.0,2200.0,0.04513064133016627,2072.0,2200.0,0.06177606177606178,495.0,0.0,2026-04-10,,,,,,,Burn-off lease start + rent rolls (reconstructed),
ACTUAL (Yardi),2026-04,Renewal,Renewal,I202,C1b_Seas,1340.0,t0029974,Monica Pinto Ayala,,2026-04-28,2025-01-28,12.0,14.0,2125.0,2125.0,0.0,2089.0,2125.0,0.01723312589755864,504.0,0.0,2026-04-27,,,,,,,Burn-off lease start + rent rolls (reconstructed),
ACTUAL (Yardi),2026-05,Lease Expiration,,A112,B3a_Seas,,t0031915,Alexandria Cowles,,2026-05-28,2025-04-29,,,,,,,,,,,,,,,Moved Out,,,Rent roll lease expiration,
ACTUAL (Yardi),2026-05,Lease Expiration,,A211,A1_Seas,,t0031285,Jaime Valdez,,2026-05-24,2025-04-25,,,,,,,,,,,,,,,Renewed,,,Renewal lease start - 1d,
ACTUAL (Yardi),2026-05,Lease Expiration,,A305,B1_Seas,,t0032547,Johnny Harris,,2026-05-26,2025-05-27,,,,,,,,,,,,,,,Renewed,,,Renewal lease start - 1d,
ACTUAL (Yardi),2026-05,Lease Expiration,,A313,B3b_Seas,,t0031035,Paul Bockstedt III,,2026-05-06,2025-04-07,,,,,,,,,,,,,,,MTM holdover,,,Rent roll lease expiration,
ACTUAL (Yardi),2026-05,Lease Expiration,,B108,A1_Seas,,t0033448,Natalyn Jordan,,2026-05-06,2025-07-07,,,,,,,,,,,,,,,Moved Out,,,Rent roll lease expiration,
ACTUAL (Yardi),2026-05,Lease Expiration,,B113,B2_Seas,,t0034397,Brooke Warden,,2026-05-31,2025-09-10,,,,,,,,,,,,,,,Renewed,,,Renewal lease start - 1d,
ACTUAL (Yardi),2026-05,Lease Expiration,,B310,S1_Seas,,t0032334,Tara Roehr,,2026-05-16,2025-05-17,,,,,,,,,,,,,,,Moved Out,,,Rent roll lease expiration,
ACTUAL (Yardi),2026-05,Lease Expiration,,C205,B1_Seas,,t0030451,Taylor Smith,,2026-05-20,2025-05-21,,,,,,,,,,,,,,,Renewed,,,Renewal lease start - 1d,
ACTUAL (Yardi),2026-05,Lease Expiration,,E210,S1_Seas,,t0031091,Kristy Figg,,2026-05-24,2025-04-25,,,,,,,,,,,,,,,Moved Out,,,Rent roll lease expiration,
ACTUAL (Yardi),2026-05,Lease Expiration,,E213,B2_Seas,,t0037957,Steven Peterson,,2026-05-27,2025-03-28,,,,,,,,,,,,,,,Moved Out,,,Rent roll lease expiration,
ACTUAL (Yardi),2026-05,Lease Expiration,,F212,B3b_Seas,,t0031191,River Park,,2026-05-22,2025-05-23,,,,,,,,,,,,,,,Moved Out,,,Rent roll lease expiration,
ACTUAL (Yardi),2026-05,Lease Expiration,,G201,B2_Seas,,t0028411,Johnnie Miles,,2026-05-01,2024-11-02,,,,,,,,,,,,,,,Renewed,,,Renewal lease start - 1d,
ACTUAL (Yardi),2026-05,Lease Expiration,,G313,B3b_Seas,,t0032278,Keller Hunter,,2026-05-31,2025-06-01,,,,,,,,,,,,,,,Moved Out,,,Rent roll lease expiration,
ACTUAL (Yardi),2026-05,Lease Expiration,,H208,A1_Seas,,t0028957,Maria Chan,,2026-05-07,2024-11-08,,,,,,,,,,,,,,,Renewed,,,Renewal lease start - 1d,
ACTUAL (Yardi),2026-05,Lease Expiration,,I108,A1_Seas,,t0031314,Eyob Tarekegn,,2026-05-29,2025-04-30,,,,,,,,,,,,,,,Renewed,,,Renewal lease start - 1d,
ACTUAL (Yardi),2026-05,Lease Expiration,,I112,B3a_Seas,,t0032096,Chareen Snelson,,2026-05-09,2025-05-10,,,,,,,,,,,,,,,Renewed,,,Renewal lease start - 1d,
ACTUAL (Yardi),2026-05,Lease Expiration,,I113,B3a_Seas,,t0032375,Clarisa Alcantara,,2026-05-23,2025-05-24,,,,,,,,,,,,,,,Renewed,,,Renewal lease start - 1d,
ACTUAL (Yardi),2026-05,Lease Expiration,,I209,A1_Seas,,t0033731,Mason Peterson,,2026-05-30,2025-08-15,,,,,,,,,,,,,,,Moved Out,,,Rent roll lease expiration,
ACTUAL (Yardi),2026-05,Lease Expiration,,I213,B3b_Seas,,t0030420,Kade Parker,,2026-05-31,2025-03-01,,,,,,,,,,,,,,,Moved Out,,,Rent roll lease expiration,
ACTUAL (Yardi),2026-05,Lease Expiration,,I310,A2_Seas,,t0026795,Lawrence Horsey,,2026-05-17,2024-10-18,,,,,,,,,,,,,,,Moved Out,,,Rent roll lease expiration,
ACTUAL (Yardi),2026-05,Lease Expiration,,J103,A1_Seas,,t0030273,Micah Burkman,,2026-05-06,2025-02-07,,,,,,,,,,,,,,,Renewed,,,Renewal lease start - 1d,
ACTUAL (Yardi),2026-05,Lease Expiration,,J206,A1_Seas,,t0030203,Alexandra Wright,,2026-05-03,2025-02-04,,,,,,,,,,,,,,,Moved Out,,,Rent roll lease expiration,
ACTUAL (Yardi),2026-05,Move Out,,A112,B3a_Seas,,t0031915,Alexandria Cowles,,2026-05-28,2025-04-29,,,1820.0,,,,,,,,,,,,,,,Rent roll move-out date,
ACTUAL (Yardi),2026-05,Move Out,,B201,B2_Seas,,t0033910,Miguel Corzo,,2026-05-31,2025-07-31,,,1869.0,,,,,,,,,,,,,,,Rent roll move-out date,
ACTUAL (Yardi),2026-05,Move Out,,B310,S1_Seas,,t0032334,Tara Roehr,,2026-05-16,2025-05-17,,,1530.0,,,,,,,,,,,,,,,Rent roll move-out date,
ACTUAL (Yardi),2026-05,Move Out,,D101,B2_Seas,,t0034396,Cole McCunniff,,2026-05-26,2025-10-11,,,1894.0,,,,,,,,,,,,,,,Rent roll move-out date,
ACTUAL (Yardi),2026-05,Move Out,,D107,B2_Seas,,t0033088,Cristina Hernandez,,2026-05-31,2025-06-28,,,1894.0,,,,,,,,,,,,,,,Rent roll move-out date,
ACTUAL (Yardi),2026-05,Move Out,,F212,B3b_Seas,,t0031191,River Park,,2026-05-22,2025-05-23,,,1820.0,,,,,,,,,,,,,,,Rent roll move-out date,
ACTUAL (Yardi),2026-05,Move Out,,G102,C1a_Seas,,t0027745,Brett Shorenstein,,2026-05-19,2024-10-01,,,2350.0,,,,,,,,,,,,,,,Rent roll move-out date,
ACTUAL (Yardi),2026-05,Move Out,,G313,B3b_Seas,,t0032278,Keller Hunter,,2026-05-31,2025-06-01,,,2099.0,,,,,,,,,,,,,,,Rent roll move-out date,
ACTUAL (Yardi),2026-05,Move Out,,I207,B2_Seas,,t0026936,Hannah Burk,,2026-05-31,2024-10-26,,,1995.0,,,,,,,,,,,,,,,Rent roll move-out date,
ACTUAL (Yardi),2026-05,Move Out,,I209,A1_Seas,,t0033731,Mason Peterson,,2026-05-30,2025-08-15,,,1590.0,,,,,,,,,,,,,,,Rent roll move-out date,
ACTUAL (Yardi),2026-05,Move Out,,I213,B3b_Seas,,t0030420,Kade Parker,,2026-05-31,2025-03-01,,,1798.0,,,,,,,,,,,,,,,Rent roll move-out date,
ACTUAL (Yardi),2026-05,Move Out,,I310,A2_Seas,,t0026795,Lawrence Horsey,,2026-05-17,2024-10-18,,,1744.0,,,,,,,,,,,,,,,Rent roll move-out date,
ACTUAL (Yardi),2026-05,New Lease,Re-lease,B310,S1_Seas,517.0,t0039805,Rikkie Flores,,2026-05-23,2026-05-23,12.0,12.0,1530.0,1530.0,0.0,1402.0,1530.0,0.0912981455064194,1536.0,0.0,,t0032334,Tara Roehr,2026-05-16,,7,,Rent roll + burn-off lease start,Prior tenant contract rent (Yardi)
ACTUAL (Yardi),2026-05,New Lease,Re-lease,D101,B2_Seas,1141.0,t0040447,Tana Mclaughlin,,2026-05-31,2026-05-31,12.0,12.0,1894.0,2095.0,0.1061246040126716,1736.0,2095.0,0.20679723502304148,1896.0,0.0,,t0034396,Cole McCunniff,2026-05-26,,5,,Rent roll + burn-off lease start,Prior tenant contract rent (Yardi)
ACTUAL (Yardi),2026-05,New Lease,Re-lease,E208,A1_Seas,693.0,t0039810,Angelina Correia,,2026-05-07,2026-05-07,12.0,,1349.0,1549.0,0.14825796886582654,,1549.0,,,0.0,,t0036465,Robert Acevedo,2026-04-30,,7,,Rent roll + burn-off lease start,Prior tenant contract rent (Yardi)
ACTUAL (Yardi),2026-05,New Lease,Re-lease,E309,B1_Seas,1092.0,t0040460,Enrique Castro Torres,,2026-05-13,2026-05-13,12.0,,2045.0,2065.0,0.009779951100244499,,2065.0,,,0.0,,t0035874,Suzana Grindle,2026-01-16,,117,,Rent roll + burn-off lease start,Prior tenant contract rent (Yardi)
ACTUAL (Yardi),2026-05,New Lease,Re-lease,G102,C1a_Seas,1328.0,t0039140,Rachel Stice,,2026-05-26,2026-05-26,18.0,,2350.0,2340.0,-0.00425531914893617,,2340.0,,,0.0,,t0027745,Brett Shorenstein,2026-05-19,,7,,Rent roll + burn-off lease start,Prior tenant contract rent (Yardi)
ACTUAL (Yardi),2026-05,New Lease,Re-lease,G103,,,t0040464,Alia Ruff,,2026-05-13,2026-05-13,2.0,,1610.0,,,1610.0,,,,0.0,,,,2024-06-30,,,,Rent roll + burn-off lease start,PROXY — prior listing asking rent (tenant left before 1/1/26)
ACTUAL (Yardi),2026-05,New Lease,Re-lease,G110,A2_Seas,746.0,t0040027,Hayley Snyder,,2026-05-17,2026-05-17,12.0,12.0,1714.0,1610.0,-0.060676779463243874,1450.0,1475.8333333333333,0.017816091954022936,3168.0,1610.0,,t0037607,Janece Gourley,2026-03-15,,63,,Rent roll + burn-off lease start,Prior tenant contract rent (Yardi)
ACTUAL (Yardi),2026-05,New Lease,Re-lease,G207,B2_Seas,1141.0,t0037798,Joshua Weeks,,2026-05-02,2026-05-02,12.0,12.0,1995.0,1944.0,-0.02556390977443609,1688.0,1944.0,0.15165876777251186,3684.0,0.0,,t0028131,Anna Henley,2026-04-11,,21,,Rent roll + burn-off lease start,Prior tenant contract rent (Yardi)
ACTUAL (Yardi),2026-05,New Lease,Re-lease,G305,B1_Seas,1092.0,t0039839,Elijah Boysen,,2026-05-23,2026-05-23,12.0,,1960.0,1995.0,0.017857142857142856,,1828.75,,,1995.0,,t0026738,Shawn Rowley,2026-03-06,,78,,Rent roll + burn-off lease start,Prior tenant contract rent (Yardi)
ACTUAL (Yardi),2026-05,New Lease,Re-lease,H105,A1_Seas,693.0,t0038359,Hudson McFain,,2026-05-07,2026-05-07,12.0,12.0,1425.0,1475.0,0.03508771929824561,1206.0,1475.0,0.2230514096185738,2628.0,0.0,,t0028523,Sarina Lloyd,2026-04-30,,7,,Rent roll + burn-off lease start,Prior tenant contract rent (Yardi)
ACTUAL (Yardi),2026-05,Renewal,Renewal,A211,A1_Seas,693.0,t0031285,Jaime Valdez,,2026-05-25,2025-04-25,11.0,13.0,1520.0,1570.0,0.03289473684210526,1344.62,1570.0,0.1676161294640866,2280.0,0.0,2026-05-24,,,,,,,Renewal trade-out report (exact),
ACTUAL (Yardi),2026-05,Renewal,Renewal,A305,B1_Seas,1092.0,t0032547,Johnny Harris,,2026-05-27,2025-05-27,13.0,12.0,1995.0,1995.0,0.0,1662.55,1918.27,0.1538119154311149,3989.5,997.5,2026-05-26,,,,,,,Renewal trade-out report (exact),
ACTUAL (Yardi),2026-05,Renewal,Renewal,C205,B1_Seas,1092.0,t0030451,Taylor Smith,,2026-05-21,2025-05-21,11.0,12.0,1715.0,1765.0,0.029154518950437316,1715.0,1765.0,0.029154518950437316,0.0,0.0,2026-05-20,,,,,,,Renewal trade-out report (exact),
ACTUAL (Yardi),2026-05,Renewal,Renewal,G201,B2_Seas,1141.0,t0028411,Johnnie Miles,,2026-05-02,2024-11-02,11.0,12.0,1995.0,1995.0,0.0,1688.0,1995.0,0.18187203791469195,3684.0,0.0,2026-05-01,,,,,,,Burn-off lease start + rent rolls (reconstructed),
ACTUAL (Yardi),2026-05,Renewal,Renewal,H208,A1_Seas,693.0,t0028957,Maria Chan,,2026-05-08,2024-11-08,12.0,12.0,1385.0,1435.0,0.036101083032490974,1172.0,1435.0,0.22440273037542663,2556.0,0.0,2026-05-07,,,,,,,Burn-off lease start + rent rolls (reconstructed),
ACTUAL (Yardi),2026-05,Renewal,Renewal,H307,B2_Seas,1141.0,t0028395,Anthony LaFond,,2026-05-01,2024-11-01,12.0,12.0,2245.0,2265.0,0.008908685968819599,1899.0,2265.0,0.19273301737756715,4152.0,0.0,2026-04-30,,,,,,,Burn-off lease start + rent rolls (reconstructed),
ACTUAL (Yardi),2026-05,Renewal,Renewal,I108,A1_Seas,693.0,t0031314,Eyob Tarekegn,,2026-05-30,2025-04-30,13.0,13.0,1495.0,1520.0,0.016722408026755852,1322.54,1520.0,0.1493036127451722,2242.0,0.0,2026-05-29,,,,,,,Renewal trade-out report (exact),
ACTUAL (Yardi),2026-05,Renewal,Renewal,I112,B3a_Seas,1165.0,t0032096,Chareen Snelson,,2026-05-10,2025-05-10,13.0,12.0,1820.0,1870.0,0.027472527472527472,1736.67,1870.0,0.07677336511830107,1000.0,0.0,2026-05-09,,,,,,,Renewal trade-out report (exact),
ACTUAL (Yardi),2026-05,Renewal,Renewal,I113,B3a_Seas,1165.0,t0032375,Clarisa Alcantara,,2026-05-24,2025-05-24,12.0,12.0,1885.0,1935.0,0.026525198938992044,1727.92,1935.0,0.11984351127367003,1885.0,0.0,2026-05-23,,,,,,,Renewal trade-out report (exact),
ACTUAL (Yardi),2026-05,Renewal,Renewal,J103,A1_Seas,693.0,t0030273,Micah Burkman,,2026-05-07,2025-02-07,11.0,15.0,1450.0,1500.0,0.034482758620689655,1417.0,1500.0,0.05857445306986592,495.0,0.0,2026-05-06,,,,,,,Burn-off lease start + rent rolls (reconstructed),
ACTUAL (Yardi),2026-06,Lease Expiration,,A113,B3a_Seas,,t0032535,Simone Thompson,,2026-06-20,2025-06-21,,,,,,,,,,,,,,,Moved Out,,,Rent roll lease expiration,
ACTUAL (Yardi),2026-06,Lease Expiration,,B112,C1a_Seas,,t0032766,Jonathon Roberts,,2026-06-26,2025-06-27,,,,,,,,,,,,,,,Moved Out,,,Rent roll lease expiration,
ACTUAL (Yardi),2026-06,Lease Expiration,,B213,B2_Seas,,t0033040,Sofia Orrico,,2026-06-27,2025-06-28,,,,,,,,,,,,,,,Moved Out,,,Rent roll lease expiration,
ACTUAL (Yardi),2026-06,Lease Expiration,,B302,B3b_Seas,,t0031340,John Gomez,,2026-06-09,2025-06-10,,,,,,,,,,,,,,,Moved Out,,,Rent roll lease expiration,
ACTUAL (Yardi),2026-06,Lease Expiration,,C111,A1_Seas,,t0031925,Zachary Langford,,2026-06-30,2025-07-01,,,,,,,,,,,,,,,Renewed,,,Renewal lease start - 1d,
ACTUAL (Yardi),2026-06,Lease Expiration,,D103,A1_Seas,,t0031960,Caleb Cosentino,,2026-06-16,2025-06-17,,,,,,,,,,,,,,,Renewed,,,Renewal lease start - 1d,
ACTUAL (Yardi),2026-06,Lease Expiration,,D107,B2_Seas,,t0033088,Cristina Hernandez,,2026-06-27,2025-06-28,,,,,,,,,,,,,,,Moved Out,,,Rent roll lease expiration,
ACTUAL (Yardi),2026-06,Lease Expiration,,D113,B2_Seas,,t0031752,Emma Renn,,2026-06-30,2025-07-01,,,,,,,,,,,,,,,Moved Out,,,Rent roll lease expiration,
ACTUAL (Yardi),2026-06,Lease Expiration,,D310,S1_Seas,,t0032629,Anahita Sadrossadat,,2026-06-29,2025-06-30,,,,,,,,,,,,,,,Moved Out,,,Rent roll lease expiration,
ACTUAL (Yardi),2026-06,Lease Expiration,,E112,C1a_Seas,,t0031668,Jonathan Willis,,2026-06-26,2025-04-27,,,,,,,,,,,,,,,Renewed,,,Renewal lease start - 1d,
ACTUAL (Yardi),2026-06,Lease Expiration,,E113,B2_Seas,,t0031225,Maria de Jesus Ramirez,,2026-06-09,2025-04-10,,,,,,,,,,,,,,,Moved Out,,,Rent roll lease expiration,
ACTUAL (Yardi),2026-06,Lease Expiration,,E202,B3b_Seas,,t0031050,Kristen Summers,,2026-06-29,2025-03-31,,,,,,,,,,,,,,,Renewed,,,Renewal lease start - 1d,
ACTUAL (Yardi),2026-06,Lease Expiration,,E203,A1_Seas,,t0031287,Jacob Lewis,,2026-06-17,2025-05-18,,,,,,,,,,,,,,,Moved Out,,,Rent roll lease expiration,
ACTUAL (Yardi),2026-06,Lease Expiration,,E205,A1_Seas,,t0033020,Dalton Bjorum,,2026-06-20,2025-06-21,,,,,,,,,,,,,,,Renewed,,,Renewal lease start - 1d,
ACTUAL (Yardi),2026-06,Lease Expiration,,E304,A2_Seas,,t0030516,Laura Morin,,2026-06-30,2025-04-01,,,,,,,,,,,,,,,Moved Out,,,Rent roll lease expiration,
ACTUAL (Yardi),2026-06,Lease Expiration,,F102,C1a_Seas,,t0032805,Camille Nielsen,,2026-06-27,2025-06-28,,,,,,,,,,,,,,,Renewed,,,Renewal lease start - 1d,
ACTUAL (Yardi),2026-06,Lease Expiration,,F111,A1_Seas,,t0033145,Ricardo Blanco,,2026-06-25,2025-06-26,,,,,,,,,,,,,,,Moved Out,,,Rent roll lease expiration,
ACTUAL (Yardi),2026-06,Lease Expiration,,F204,A2_Seas,,t0031290,Michael Alloggio,,2026-06-29,2025-04-30,,,,,,,,,,,,,,,Moved Out,,,Rent roll lease expiration,
ACTUAL (Yardi),2026-06,Lease Expiration,,F208,A1_Seas,,t0030993,Lawrence Wells,,2026-06-25,2025-03-26,,,,,,,,,,,,,,,Renewed,,,Renewal lease start - 1d,
ACTUAL (Yardi),2026-06,Lease Expiration,,F211,A1_Seas,,t0030833,Brooke Jorde,,2026-06-27,2025-03-28,,,,,,,,,,,,,,,Renewed,,,Renewal lease start - 1d,
ACTUAL (Yardi),2026-06,Lease Expiration,,F307,B2_Seas,,t0030116,Julian Aguirre,,2026-06-26,2025-03-27,,,,,,,,,,,,,,,Moved Out,,,Rent roll lease expiration,
ACTUAL (Yardi),2026-06,Lease Expiration,,F313,B3b_Seas,,t0030480,Rob Nord,,2026-06-27,2025-03-28,,,,,,,,,,,,,,,Renewed,,,Renewal lease start - 1d,
ACTUAL (Yardi),2026-06,Lease Expiration,,G105,B1_Seas,,t0032722,Cassandra Win,,2026-06-17,2025-06-18,,,,,,,,,,,,,,,Renewed,,,Renewal lease start - 1d,
ACTUAL (Yardi),2026-06,Lease Expiration,,G213,B3b_Seas,,t0030368,Hayden Anderson,,2026-06-21,2025-03-22,,,,,,,,,,,,,,,Moved Out,,,Rent roll lease expiration,
ACTUAL (Yardi),2026-06,Lease Expiration,,G306,A1_Seas,,t0030845,Allison Wilcox,,2026-06-16,2025-03-17,,,,,,,,,,,,,,,Renewed,,,Renewal lease start - 1d,
ACTUAL (Yardi),2026-06,Lease Expiration,,I307,B2_Seas,,t0029395,Kevin Seely,,2026-06-02,2024-12-03,,,,,,,,,,,,,,,Renewed,,,Renewal lease start - 1d,
ACTUAL (Yardi),2026-06,Lease Expiration,,J202,B3b_Seas,,t0030716,Sasi Kiran Nallapaneni,,2026-06-14,2025-03-15,,,,,,,,,,,,,,,Renewed,,,Renewal lease start - 1d,
ACTUAL (Yardi),2026-06,Lease Expiration,,J205,A1_Seas,,t0030727,Jillian Eastman,,2026-06-30,2025-03-31,,,,,,,,,,,,,,,Renewed,,,Renewal lease start - 1d,
ACTUAL (Yardi),2026-06,Move Out,,B112,C1a_Seas,,t0032766,Jonathon Roberts,,2026-06-26,2025-06-27,,,2526.0,,,,,,,,,,,,,,,Rent roll move-out date,
ACTUAL (Yardi),2026-06,Move Out,,B302,B3b_Seas,,t0031340,John Gomez,,2026-06-09,2025-06-10,,,1970.0,,,,,,,,,,,,,,,Rent roll move-out date,
ACTUAL (Yardi),2026-06,Move Out,,D113,B2_Seas,,t0031752,Emma Renn,,2026-06-30,2025-07-01,,,2045.0,,,,,,,,,,,,,,,Rent roll move-out date,
ACTUAL (Yardi),2026-06,Move Out,,D202,B3b_Seas,,t0039482,Annabella Pierotti,,2026-06-07,2025-06-02,,,1798.0,,,,,,,,,,,,,,,Rent roll move-out date,
ACTUAL (Yardi),2026-06,Move Out,,D311,A1_Seas,,t0040571,Samuel Oliferchik,,2026-06-27,2025-07-10,,,1685.0,,,,,,,,,,,,,,,Rent roll move-out date,
ACTUAL (Yardi),2026-06,Move Out,,D313,B2_Seas,,t0033331,Riley Farnsworth,,2026-06-30,2025-07-18,,,1969.0,,,,,,,,,,,,,,,Rent roll move-out date,
ACTUAL (Yardi),2026-06,Move Out,,E113,B2_Seas,,t0031225,Maria de Jesus Ramirez,,2026-06-09,2025-04-10,,,2080.0,,,,,,,,,,,,,,,Rent roll move-out date,
ACTUAL (Yardi),2026-06,Move Out,,E203,A1_Seas,,t0031287,Jacob Lewis,,2026-06-17,2025-05-18,,,1520.0,,,,,,,,,,,,,,,Rent roll move-out date,
ACTUAL (Yardi),2026-06,Move Out,,E210,S1_Seas,,t0031091,Kristy Figg,,2026-06-15,2025-04-25,,,1420.0,,,,,,,,,,,,,,,Rent roll move-out date,
ACTUAL (Yardi),2026-06,Move Out,,E304,A2_Seas,,t0030516,Laura Morin,,2026-06-30,2025-04-01,,,1689.0,,,,,,,,,,,,,,,Rent roll move-out date,
ACTUAL (Yardi),2026-06,Move Out,,F111,A1_Seas,,t0033145,Ricardo Blanco,,2026-06-25,2025-06-26,,,1575.0,,,,,,,,,,,,,,,Rent roll move-out date,
ACTUAL (Yardi),2026-06,Move Out,,F202,C1b_Seas,,t0031987,Ivan Barrera,,2026-06-03,2025-05-03,,,2235.0,,,,,,,,,,,,,,,Rent roll move-out date,
ACTUAL (Yardi),2026-06,Move Out,,F204,A2_Seas,,t0031290,Michael Alloggio,,2026-06-29,2025-04-30,,,1764.0,,,,,,,,,,,,,,,Rent roll move-out date,
ACTUAL (Yardi),2026-06,Move Out,,F307,B2_Seas,,t0030116,Julian Aguirre,,2026-06-26,2025-03-27,,,2030.0,,,,,,,,,,,,,,,Rent roll move-out date,
ACTUAL (Yardi),2026-06,Move Out,,G210,A2_Seas,,t0040098,Jasmine Alger,,2026-06-28,2025-12-09,,,1465.0,,,,,,,,,,,,,,,Rent roll move-out date,
ACTUAL (Yardi),2026-06,Move Out,,G213,B3b_Seas,,t0030368,Hayden Anderson,,2026-06-21,2025-03-22,,,1798.0,,,,,,,,,,,,,,,Rent roll move-out date,
ACTUAL (Yardi),2026-06,Move Out,,J206,A1_Seas,,t0030203,Alexandra Wright,,2026-06-02,2025-02-04,,,1425.0,,,,,,,,,,,,,,,Rent roll move-out date,
ACTUAL (Yardi),2026-06,New Lease,Re-lease,A112,B3a_Seas,1165.0,t0042702,Angela Hart,,2026-06-13,2026-06-13,,12.0,1820.0,2096.0,0.15164835164835164,1668.0,,,1824.0,,,t0031915,Alexandria Cowles,2026-05-28,,16,,Rent roll + burn-off lease start,Prior tenant contract rent (Yardi)
ACTUAL (Yardi),2026-06,New Lease,Re-lease,B201,B2_Seas,1141.0,t0039802,Brent Mcgirr,,2026-06-10,2026-06-10,12.0,12.0,1869.0,1985.0,0.06206527554842162,1713.0,1819.5833333333333,0.06222027631834983,1872.0,1985.0,,t0033910,Miguel Corzo,2026-05-31,,10,,Rent roll + burn-off lease start,Prior tenant contract rent (Yardi)
ACTUAL (Yardi),2026-06,New Lease,Re-lease,B302,B3b_Seas,1177.0,t0040032,Karey Hoke,,2026-06-16,2026-06-16,12.0,12.0,1970.0,2135.0,0.08375634517766498,1743.0,1957.0833333333333,0.1228246318607764,2724.0,2135.0,,t0031340,John Gomez,2026-06-09,,7,,Rent roll + burn-off lease start,Prior tenant contract rent (Yardi)
ACTUAL (Yardi),2026-06,New Lease,Re-lease,E113,B2_Seas,1141.0,t0039790,Arrin Gunn,,2026-06-16,2026-06-16,18.0,12.0,2080.0,2045.0,-0.016826923076923076,1840.0,1931.388888888889,0.04966787439613528,2880.0,2045.0,,t0031225,Maria de Jesus Ramirez,2026-06-09,,7,,Rent roll + burn-off lease start,Prior tenant contract rent (Yardi)
ACTUAL (Yardi),2026-06,New Lease,Re-lease,E203,A1_Seas,693.0,t0040207,Sebastian Mooney,,2026-06-27,2026-06-27,12.0,12.0,1520.0,1650.0,0.08552631578947369,1344.0,1650.0,0.22767857142857142,2112.0,0.0,,t0031287,Jacob Lewis,2026-06-17,,10,,Rent roll + burn-off lease start,Prior tenant contract rent (Yardi)
ACTUAL (Yardi),2026-06,New Lease,Re-lease,F202,C1b_Seas,1340.0,t0041224,Paragon Corporate Housing,,2026-06-22,2026-06-22,9.0,12.0,2235.0,2529.0,0.13154362416107382,2049.0,2529.0,0.2342606149341142,2232.0,0.0,,t0031987,Ivan Barrera,2026-06-03,,19,,Rent roll + burn-off lease start,Prior tenant contract rent (Yardi)
ACTUAL (Yardi),2026-06,New Lease,Re-lease,F212,B3b_Seas,1177.0,t0040203,Jeannetta Helms,,2026-06-01,2026-06-01,12.0,12.0,1820.0,2020.0,0.10989010989010989,1610.0,2020.0,0.2546583850931677,2520.0,0.0,,t0031191,River Park,2026-05-22,,10,,Rent roll + burn-off lease start,Prior tenant contract rent (Yardi)
ACTUAL (Yardi),2026-06,New Lease,Re-lease,G213,B3b_Seas,1177.0,t0036557,Jasmine Alger,,2026-06-28,2026-06-28,8.0,15.0,1798.0,1998.0,0.11123470522803114,1765.0,1998.0,0.1320113314447592,495.0,0.0,,t0030368,Hayden Anderson,2026-06-21,,7,,Rent roll + burn-off lease start,Prior tenant contract rent (Yardi)
ACTUAL (Yardi),2026-06,New Lease,Re-lease,G313,B3b_Seas,1177.0,t0030466,Annabella Pierotti,,2026-06-07,2026-06-07,13.0,12.0,2099.0,1798.0,-0.1434016198189614,1924.0,1798.0,-0.06548856548856549,2100.0,0.0,,t0032278,Keller Hunter,2026-05-31,,7,,Rent roll + burn-off lease start,Prior tenant contract rent (Yardi)
ACTUAL (Yardi),2026-06,New Lease,Re-lease,H207,B2_Seas,1141.0,t0038050,Trey Axtell,,2026-06-20,2026-06-20,15.0,12.0,1995.0,1944.0,-0.02556390977443609,1688.0,1814.4,0.07488151658767778,3684.0,1944.0,,t0028081,Ivy Wang,2026-04-09,,72,,Rent roll + burn-off lease start,Prior tenant contract rent (Yardi)
ACTUAL (Yardi),2026-06,New Lease,Re-lease,H313,B2_Seas,1141.0,t0038947,Cameron Welcome,,2026-06-30,2026-06-30,14.0,12.0,2020.0,1990.0,-0.01485148514851485,1709.0,1847.857142857143,0.08125052244420297,3732.0,1990.0,,t0027795,Maria Coy,2026-03-15,,107,,Rent roll + burn-off lease start,Prior tenant contract rent (Yardi)
ACTUAL (Yardi),2026-06,New Lease,Re-lease,I107,B2_Seas,1141.0,t0038026,Micah Frickel,,2026-06-08,2026-06-08,13.0,15.0,1995.0,1919.0,-0.0380952380952381,1962.0,1919.0,-0.021916411824668705,495.0,0.0,,t0030046,Kyler Eldredge,2026-03-31,,69,,Rent roll + burn-off lease start,Prior tenant contract rent (Yardi)
ACTUAL (Yardi),2026-06,New Lease,Re-lease,I201,B2_Seas,1141.0,t0037876,Makyna Christensen,,2026-06-15,2026-06-15,18.0,14.0,1795.0,1799.0,0.0022284122562674096,1759.0,1749.0277777777778,-0.005669256522013741,504.0,899.5,,t0029876,Devin Maya,2026-03-09,,98,,Rent roll + burn-off lease start,Prior tenant contract rent (Yardi)
ACTUAL (Yardi),2026-06,New Lease,Re-lease,I207,B2_Seas,1141.0,t0039656,Amber Newbourg,,2026-06-07,2026-06-07,12.0,,1995.0,1985.0,-0.005012531328320802,,1819.5833333333333,,,1985.0,,t0026936,Hannah Burk,2026-05-31,,7,,Rent roll + burn-off lease start,Prior tenant contract rent (Yardi)
ACTUAL (Yardi),2026-06,New Lease,Re-lease,I209,A1_Seas,693.0,t0040232,John Mock,,2026-06-25,2026-06-25,12.0,12.0,1590.0,1650.0,0.03773584905660377,1458.0,1650.0,0.13168724279835392,1584.0,0.0,,t0033731,Mason Peterson,2026-05-30,,26,,Rent roll + burn-off lease start,Prior tenant contract rent (Yardi)
ACTUAL (Yardi),2026-06,New Lease,Re-lease,I213,B3b_Seas,1177.0,t0032788,Samuel Oliferchik,,2026-06-26,2026-06-26,12.0,15.0,1798.0,2161.0,0.20189098998887653,1765.0,2161.0,0.22436260623229462,495.0,0.0,,t0030420,Kade Parker,2026-05-31,,26,,Rent roll + burn-off lease start,Prior tenant contract rent (Yardi)
ACTUAL (Yardi),2026-06,New Lease,Re-lease,J206,A1_Seas,693.0,t0040870,Bridget Lorentzen,,2026-06-09,2026-06-09,12.0,15.0,1425.0,1703.0,0.19508771929824562,1392.0,1703.0,0.22341954022988506,495.0,0.0,,t0030203,Alexandra Wright,2026-06-02,,7,,Rent roll + burn-off lease start,Prior tenant contract rent (Yardi)
ACTUAL (Yardi),2026-06,Renewal,Renewal,B113,B2_Seas,1141.0,t0034397,Brooke Warden,,2026-06-01,2025-09-10,11.0,3.0,1894.0,1922.0,0.014783526927138331,1894.0,1922.0,0.014783526927138331,0.0,0.0,2025-12-31,,,,,,,Renewal trade-out report (exact),
ACTUAL (Yardi),2026-06,Renewal,Renewal,D103,A1_Seas,693.0,t0031960,Caleb Cosentino,,2026-06-17,2025-06-17,12.0,12.0,1555.0,1555.0,0.0,1471.67,1555.0,0.056622748306345796,1000.0,0.0,2026-06-16,,,,,,,Renewal trade-out report (exact),
ACTUAL (Yardi),2026-06,Renewal,Renewal,E112,C1a_Seas,1328.0,t0031668,Jonathan Willis,,2026-06-27,2025-04-27,15.0,14.0,2235.0,2285.0,0.02237136465324385,2075.36,2285.0,0.10101380001541894,2235.0,0.0,2026-06-26,,,,,,,Renewal trade-out report (exact),
ACTUAL (Yardi),2026-06,Renewal,Renewal,E202,B3b_Seas,1177.0,t0031050,Kristen Summers,,2026-06-30,2025-03-31,6.0,15.0,1795.0,1845.0,0.027855153203342618,1610.5,1845.0,0.14560695436199939,2767.5,0.0,2026-06-29,,,,,,,Renewal trade-out report (exact),
ACTUAL (Yardi),2026-06,Renewal,Renewal,E205,A1_Seas,693.0,t0033020,Dalton Bjorum,,2026-06-21,2025-06-21,12.0,12.0,1600.0,1610.0,0.00625,1325.0,1610.0,0.21509433962264152,3300.0,0.0,2026-06-20,,,,,,,Renewal trade-out report (exact),
ACTUAL (Yardi),2026-06,Renewal,Renewal,F102,C1a_Seas,1328.0,t0032805,Camille Nielsen,,2026-06-28,2025-06-28,12.0,12.0,2326.0,2363.0,0.01590713671539123,1938.34,2363.0,0.21908437116295393,4652.0,0.0,2026-06-27,,,,,,,Renewal trade-out report (exact),
ACTUAL (Yardi),2026-06,Renewal,Renewal,F208,A1_Seas,693.0,t0030993,Lawrence Wells,,2026-06-26,2025-03-26,12.0,15.0,1570.0,1570.0,0.0,1413.0,1570.0,0.1111111111111111,2355.0,0.0,2026-06-25,,,,,,,Renewal trade-out report (exact),
ACTUAL (Yardi),2026-06,Renewal,Renewal,F211,A1_Seas,693.0,t0030833,Brooke Jorde,,2026-06-28,2025-03-28,12.0,15.0,1510.0,1547.0,0.024503311258278145,1359.0,1547.0,0.13833701250919794,2265.0,0.0,2026-06-27,,,,,,,Renewal trade-out report (exact),
ACTUAL (Yardi),2026-06,Renewal,Renewal,F313,B3b_Seas,1177.0,t0030480,Rob Nord,,2026-06-28,2025-03-28,15.0,15.0,1960.0,2009.0,0.025,1764.0,2009.0,0.1388888888888889,2940.0,0.0,2026-06-27,,,,,,,Renewal trade-out report (exact),
ACTUAL (Yardi),2026-06,Renewal,Renewal,G105,B1_Seas,1092.0,t0032722,Cassandra Win,,2026-06-18,2025-06-18,12.0,12.0,1850.0,1896.0,0.024864864864864864,1808.34,1896.0,0.048475397325724194,500.0,0.0,2026-06-17,,,,,,,Renewal trade-out report (exact),
ACTUAL (Yardi),2026-06,Renewal,Renewal,G306,A1_Seas,693.0,t0030845,Allison Wilcox,,2026-06-17,2025-03-17,12.0,15.0,1435.0,1471.0,0.025087108013937282,1401.67,1471.0,0.0494624269621237,500.0,0.0,2026-06-16,,,,,,,Renewal trade-out report (exact),
ACTUAL (Yardi),2026-06,Renewal,Renewal,I307,B2_Seas,1141.0,t0029395,Kevin Seely,,2026-06-03,2024-12-03,12.0,9.0,2040.0,2050.0,0.004901960784313725,2040.0,2050.0,0.004901960784313725,0.0,0.0,2026-06-02,,,,,,,Renewal trade-out report (exact),
ACTUAL (Yardi),2026-06,Renewal,Renewal,J202,B3b_Seas,1177.0,t0030716,Sasi Kiran Nallapaneni,,2026-06-15,2025-03-15,12.0,15.0,1798.0,1843.0,0.02502780867630701,1798.0,1843.0,0.02502780867630701,0.0,0.0,2026-06-14,,,,,,,Renewal trade-out report (exact),
ACTUAL (Yardi),2026-07,Lease Expiration,,A105,B1_Seas,,t0031838,Weslynn Clyne,,2026-07-03,2025-05-04,,,,,,,,,,,,,,,Moved Out,,,Rent roll lease expiration,
ACTUAL (Yardi),2026-07,Lease Expiration,,A201,B2_Seas,,t0033545,Alan Khan,,2026-07-13,2025-07-14,,,,,,,,,,,,,,,Moved Out,,,Rent roll lease expiration,
ACTUAL (Yardi),2026-07,Lease Expiration,,A204,A2_Seas,,t0028992,Kristine Campagni,,2026-07-16,2025-01-16,,,,,,,,,,,,,,,MTM holdover,,,Rent roll lease expiration,
ACTUAL (Yardi),2026-07,Lease Expiration,,A304,A2_Seas,,t0030795,Joseph Castillo,,2026-07-15,2025-04-16,,,,,,,,,,,,,,,Moved Out,,,Rent roll lease expiration,
ACTUAL (Yardi),2026-07,Lease Expiration,,A307,B2_Seas,,t0029257,Nicholas Sleyko,,2026-07-16,2025-01-17,,,,,,,,,,,,,,,Renewed,,,Renewal lease start - 1d,
ACTUAL (Yardi),2026-07,Lease Expiration,,B105,A1_Seas,,t0038003,Mariana Luna,,2026-07-22,2025-01-23,,,,,,,,,,,,,,,Moved Out,,,Rent roll lease expiration,
ACTUAL (Yardi),2026-07,Lease Expiration,,B106,A1_Seas,,t0031389,Ceci Palacio,,2026-07-25,2025-04-26,,,,,,,,,,,,,,,Moved Out,,,Rent roll lease expiration,
ACTUAL (Yardi),2026-07,Lease Expiration,,B201,B2_Seas,,t0033910,Miguel Corzo,,2026-07-30,2025-07-31,,,,,,,,,,,,,,,Moved Out,,,Rent roll lease expiration,
ACTUAL (Yardi),2026-07,Lease Expiration,,B202,B3b_Seas,,t0029962,Tamara Poff,,2026-07-24,2025-01-25,,,,,,,,,,,,,,,Moved Out,,,Rent roll lease expiration,
ACTUAL (Yardi),2026-07,Lease Expiration,,B211,A1_Seas,,t0031131,Megan Gist,,2026-07-11,2025-04-12,,,,,,,,,,,,,,,Moved Out,,,Rent roll lease expiration,
ACTUAL (Yardi),2026-07,Lease Expiration,,C106,A1_Seas,,t0032889,Khloe Risinger,,2026-07-11,2025-07-12,,,,,,,,,,,,,,,Moved Out,,,Rent roll lease expiration,
ACTUAL (Yardi),2026-07,Lease Expiration,,C108,A1_Seas,,t0031911,Renata Holmes,,2026-07-02,2025-07-03,,,,,,,,,,,,,,,Renewed,,,Renewal lease start - 1d,
ACTUAL (Yardi),2026-07,Lease Expiration,,C112,B3a_Seas,,t0033511,Zachary Gaines,,2026-07-29,2025-07-30,,,,,,,,,,,,,,,Moved Out,,,Rent roll lease expiration,
ACTUAL (Yardi),2026-07,Lease Expiration,,C210,A2_Seas,,t0033480,Kylee Gloria,,2026-07-28,2025-07-29,,,,,,,,,,,,,,,Renewed,,,Renewal lease start - 1d,
ACTUAL (Yardi),2026-07,Lease Expiration,,C302,C1b_Seas,,t0033532,Lauren von Seelen,,2026-07-15,2025-07-16,,,,,,,,,,,,,,,MTM holdover,,,Rent roll lease expiration,
ACTUAL (Yardi),2026-07,Lease Expiration,,D104,A2_Seas,,t0033339,Caden Paulson,,2026-07-23,2025-07-24,,,,,,,,,,,,,,,Moved Out,,,Rent roll lease expiration,
ACTUAL (Yardi),2026-07,Lease Expiration,,D207,B2_Seas,,t0027817,Landen King,,2026-07-04,2025-07-05,,,,,,,,,,,,,,,Moved Out,,,Rent roll lease expiration,
ACTUAL (Yardi),2026-07,Lease Expiration,,D311,A1_Seas,,t0040571,Samuel Oliferchik,,2026-07-09,2025-07-10,,,,,,,,,,,,,,,Moved Out,,,Rent roll lease expiration,
ACTUAL (Yardi),2026-07,Lease Expiration,,D313,B2_Seas,,t0033331,Riley Farnsworth,,2026-07-17,2025-07-18,,,,,,,,,,,,,,,Moved Out,,,Rent roll lease expiration,
ACTUAL (Yardi),2026-07,Lease Expiration,,E106,A1_Seas,,t0033629,Tea Recanzone,,2026-07-18,2025-07-19,,,,,,,,,,,,,,,Moved Out,,,Rent roll lease expiration,
ACTUAL (Yardi),2026-07,Lease Expiration,,E111,A1_Seas,,t0031964,Kay Warsinske,,2026-07-11,2025-05-12,,,,,,,,,,,,,,,Moved Out,,,Rent roll lease expiration,
ACTUAL (Yardi),2026-07,Lease Expiration,,E201,B2_Seas,,t0032972,Ruslan BAKLANOV,,2026-07-04,2025-07-05,,,,,,,,,,,,,,,Renewed,,,Renewal lease start - 1d,
ACTUAL (Yardi),2026-07,Lease Expiration,,F104,A2_Seas,,t0033307,Kricia Tauiliili,,2026-07-13,2025-07-14,,,,,,,,,,,,,,,Renewed,,,Renewal lease start - 1d,
ACTUAL (Yardi),2026-07,Lease Expiration,,F108,A1_Seas,,t0033374,Amber Thometz,,2026-07-29,2025-07-30,,,,,,,,,,,,,,,Moved Out,,,Rent roll lease expiration,
ACTUAL (Yardi),2026-07,Lease Expiration,,F109,A1_Seas,,t0033338,Eduardo Rueda,,2026-07-04,2025-07-05,,,,,,,,,,,,,,,Moved Out,,,Rent roll lease expiration,
ACTUAL (Yardi),2026-07,Lease Expiration,,F201,B2_Seas,,t0033357,Cameron Hom,,2026-07-11,2025-07-12,,,,,,,,,,,,,,,Renewed,,,Renewal lease start - 1d,
ACTUAL (Yardi),2026-07,Lease Expiration,,F202,C1b_Seas,,t0031987,Ivan Barrera,,2026-07-02,2025-05-03,,,,,,,,,,,,,,,Moved Out,,,Rent roll lease expiration,
ACTUAL (Yardi),2026-07,Lease Expiration,,F210,A2_Seas,,t0033323,Gabriela Tennessen,,2026-07-23,2025-07-24,,,,,,,,,,,,,,,Moved Out,,,Rent roll lease expiration,
ACTUAL (Yardi),2026-07,Lease Expiration,,F301,B2_Seas,,t0031873,Rianne Downing,,2026-07-21,2025-05-22,,,,,,,,,,,,,,,Moved Out,,,Rent roll lease expiration,
ACTUAL (Yardi),2026-07,Lease Expiration,,F306,A1_Seas,,t0033780,Anastasiia Mashenskaia,,2026-07-31,2025-08-01,,,,,,,,,,,,,,,Moved Out,,,Rent roll lease expiration,
ACTUAL (Yardi),2026-07,Lease Expiration,,G202,C1b_Seas,,t0031425,Yurik Barrera,,2026-07-16,2025-04-17,,,,,,,,,,,,,,,Moved Out,,,Rent roll lease expiration,
ACTUAL (Yardi),2026-07,Lease Expiration,,I206,A1_Seas,,t0029954,Ray Monks,,2026-07-27,2025-01-28,,,,,,,,,,,,,,,Renewed,,,Renewal lease start - 1d,
ACTUAL (Yardi),2026-07,Lease Expiration,,I211,A1_Seas,,t0029850,Jeffrey Kovick,,2026-07-14,2025-01-15,,,,,,,,,,,,,,,Renewed,,,Renewal lease start - 1d,
ACTUAL (Yardi),2026-07,Lease Expiration,,J108,A1_Seas,,t0043258,Osahonerhunmwen Ediae,,2026-07-29,2025-07-30,,,,,,,,,,,,,,,Moved Out,,,Rent roll lease expiration,
ACTUAL (Yardi),2026-07,Lease Expiration,,J108,A1_Seas,,t0033902,Osahonerhunmwen Ediae,,2026-07-29,2025-07-30,,,,,,,,,,,,,,,Moved Out,,,Rent roll lease expiration,
ACTUAL (Yardi),2026-07,Lease Expiration,,J112,C1a_Seas,,t0033441,Shakayla Johnson,,2026-07-07,2025-07-08,,,,,,,,,,,,,,,MTM holdover,,,Rent roll lease expiration,
ACTUAL (Yardi),2026-07,Lease Expiration,,J212,C1b_Seas,,t0033382,Afton Wingar,,2026-07-12,2025-07-13,,,,,,,,,,,,,,,Moved Out,,,Rent roll lease expiration,
ACTUAL (Yardi),2026-07,Lease Expiration,,J312,C1b_Seas,,t0033105,Jerry Slattum,,2026-07-07,2025-11-08,,,,,,,,,,,,,,,Moved Out,,,Rent roll lease expiration,
ACTUAL (Yardi),2026-07,Move Out,,A103,A1_Seas,,t0041303,Samantha Post,,2026-07-27,2025-10-30,,,1349.0,,,,,,,,,,,,,,,Rent roll move-out date,
ACTUAL (Yardi),2026-07,Move Out,,A105,B1_Seas,,t0031838,Weslynn Clyne,,2026-07-03,2025-05-04,,,1885.0,,,,,,,,,,,,,,,Rent roll move-out date,
ACTUAL (Yardi),2026-07,Move Out,,A113,B3a_Seas,,t0032535,Simone Thompson,,2026-07-20,2025-06-21,,,1885.0,,,,,,,,,,,,,,,Rent roll move-out date,
ACTUAL (Yardi),2026-07,Move Out,,A201,B2_Seas,,t0033545,Alan Khan,,2026-07-13,2025-07-14,,,1869.0,,,,,,,,,,,,,,,Rent roll move-out date,
ACTUAL (Yardi),2026-07,Move Out,,A304,A2_Seas,,t0030795,Joseph Castillo,,2026-07-15,2025-04-16,,,1689.0,,,,,,,,,,,,,,,Rent roll move-out date,
ACTUAL (Yardi),2026-07,Move Out,,B105,A1_Seas,,t0038003,Mariana Luna,,2026-07-22,2025-01-23,,,1425.0,,,,,,,,,,,,,,,Rent roll move-out date,
ACTUAL (Yardi),2026-07,Move Out,,B106,A1_Seas,,t0031389,Ceci Palacio,,2026-07-25,2025-04-26,,,1495.0,,,,,,,,,,,,,,,Rent roll move-out date,
ACTUAL (Yardi),2026-07,Move Out,,B202,B3b_Seas,,t0029962,Tamara Poff,,2026-07-24,2025-01-25,,,1798.0,,,,,,,,,,,,,,,Rent roll move-out date,
ACTUAL (Yardi),2026-07,Move Out,,B211,A1_Seas,,t0031131,Megan Gist,,2026-07-01,2025-04-12,,,1485.0,,,,,,,,,,,,,,,Rent roll move-out date,
ACTUAL (Yardi),2026-07,Move Out,,B213,B2_Seas,,t0033040,Sofia Orrico,,2026-07-31,2025-06-28,,,1919.0,,,,,,,,,,,,,,,Rent roll move-out date,
ACTUAL (Yardi),2026-07,Move Out,,C102,C1a_Seas,,t0035184,Bacilia Benitez,,2026-07-11,2025-10-10,,,2326.0,,,,,,,,,,,,,,,Rent roll move-out date,
ACTUAL (Yardi),2026-07,Move Out,,C106,A1_Seas,,t0032889,Khloe Risinger,,2026-07-11,2025-07-12,,,1590.0,,,,,,,,,,,,,,,Rent roll move-out date,
ACTUAL (Yardi),2026-07,Move Out,,C112,B3a_Seas,,t0033511,Zachary Gaines,,2026-07-29,2025-07-30,,,1820.0,,,,,,,,,,,,,,,Rent roll move-out date,
ACTUAL (Yardi),2026-07,Move Out,,D104,A2_Seas,,t0033339,Caden Paulson,,2026-07-23,2025-07-24,,,1749.0,,,,,,,,,,,,,,,Rent roll move-out date,
ACTUAL (Yardi),2026-07,Move Out,,D207,B2_Seas,,t0027817,Landen King,,2026-07-18,2025-07-05,,,1904.0,,,,,,,,,,,,,,,Rent roll move-out date,
ACTUAL (Yardi),2026-07,Move Out,,D310,S1_Seas,,t0032629,Anahita Sadrossadat,,2026-07-31,2025-06-30,,,1530.0,,,,,,,,,,,,,,,Rent roll move-out date,
ACTUAL (Yardi),2026-07,Move Out,,E106,A1_Seas,,t0033629,Tea Recanzone,,2026-07-18,2025-07-19,,,1600.0,,,,,,,,,,,,,,,Rent roll move-out date,
ACTUAL (Yardi),2026-07,Move Out,,E111,A1_Seas,,t0031964,Kay Warsinske,,2026-07-11,2025-05-12,,,1590.0,,,,,,,,,,,,,,,Rent roll move-out date,
ACTUAL (Yardi),2026-07,Move Out,,F108,A1_Seas,,t0033374,Amber Thometz,,2026-07-29,2025-07-30,,,1575.0,,,,,,,,,,,,,,,Rent roll move-out date,
ACTUAL (Yardi),2026-07,Move Out,,F109,A1_Seas,,t0033338,Eduardo Rueda,,2026-07-04,2025-07-05,,,1575.0,,,,,,,,,,,,,,,Rent roll move-out date,
ACTUAL (Yardi),2026-07,Move Out,,F210,A2_Seas,,t0033323,Gabriela Tennessen,,2026-07-23,2025-07-24,,,1704.0,,,,,,,,,,,,,,,Rent roll move-out date,
ACTUAL (Yardi),2026-07,Move Out,,F301,B2_Seas,,t0031873,Rianne Downing,,2026-07-21,2025-05-22,,,2095.0,,,,,,,,,,,,,,,Rent roll move-out date,
ACTUAL (Yardi),2026-07,Move Out,,F312,B3b_Seas,,t0029443,Isaac Grimm,,2026-07-17,2025-05-30,,,1845.0,,,,,,,,,,,,,,,Rent roll move-out date,
ACTUAL (Yardi),2026-07,Move Out,,G202,C1b_Seas,,t0031425,Yurik Barrera,,2026-07-11,2025-04-17,,,2085.0,,,,,,,,,,,,,,,Rent roll move-out date,
ACTUAL (Yardi),2026-07,Move Out,,I204,A2_Seas,,t0036902,Nicholas Schoebel,,2026-07-09,2026-01-09,,,1465.0,,,,,,,,,,,,,,,Rent roll move-out date,
ACTUAL (Yardi),2026-07,Move Out,,J302,B3b_Seas,,t0041372,Briana Neal,,2026-07-19,2025-04-26,,,1970.0,,,,,,,,,,,,,,,Rent roll move-out date,
ACTUAL (Yardi),2026-07,Move Out,,J312,C1b_Seas,,t0033105,Jerry Slattum,,2026-07-07,2025-11-08,,,2280.0,,,,,,,,,,,,,,,Rent roll move-out date,
ACTUAL (Yardi),2026-07,New Lease,Re-lease,A105,B1_Seas,1092.0,t0040872,Parker Banner,,2026-07-17,2026-07-17,12.0,14.0,1885.0,1924.0,0.020689655172413793,1885.0,1924.0,0.020689655172413793,,0.0,,t0031838,Weslynn Clyne,2026-07-03,,14,,Rent roll + burn-off lease start,Prior tenant contract rent (Yardi)
ACTUAL (Yardi),2026-07,New Lease,Re-lease,A113,B3a_Seas,1165.0,t0042564,Jabier Flores Garcia,,2026-07-29,2026-07-27,18.0,12.0,1885.0,2117.0,0.12307692307692308,1649.4166666666667,2117.0,0.28348406002121956,2827.0,0.0,,t0032535,Simone Thompson,2026-07-20,,7,,Rent roll + burn-off lease start,Prior tenant contract rent (Yardi)
ACTUAL (Yardi),2026-07,New Lease,Re-lease,A201,B2_Seas,1141.0,t0040592,Katelyn Greenwald,,2026-07-29,2026-07-29,12.0,12.0,1869.0,2070.0,0.10754414125200643,1713.25,2070.0,0.2082299722749161,1869.0,0.0,,t0033545,Alan Khan,2026-07-13,,16,,Rent roll + burn-off lease start,Prior tenant contract rent (Yardi)
ACTUAL (Yardi),2026-07,New Lease,Re-lease,A304,A2_Seas,746.0,t0042429,Sriharsha Kolla,,2026-07-25,2026-07-25,12.0,15.0,1689.0,1869.0,0.10657193605683836,1520.1333333333332,1869.0,0.22949741250767486,2533.0,0.0,,t0030795,Joseph Castillo,2026-07-15,,10,,Rent roll + burn-off lease start,Prior tenant contract rent (Yardi)
ACTUAL (Yardi),2026-07,New Lease,Re-lease,B105,A1_Seas,693.0,t0041407,Paragon Corporate Housing,,2026-07-29,2026-07-29,9.0,18.0,1425.0,1678.0,0.1775438596491228,1425.0,1678.0,0.1775438596491228,,0.0,,t0038003,Mariana Luna,2026-07-22,,7,,Rent roll + burn-off lease start,Prior tenant contract rent (Yardi)
ACTUAL (Yardi),2026-07,New Lease,Re-lease,B112,C1a_Seas,1328.0,t0041225,Paragon Corporate Housing,,2026-07-06,2026-07-06,9.0,12.0,2526.0,2579.0,0.02098178939034046,2105.0,2579.0,0.22517814726840854,5052.0,0.0,,t0032766,Jonathon Roberts,2026-06-26,,10,,Rent roll + burn-off lease start,Prior tenant contract rent (Yardi)
ACTUAL (Yardi),2026-07,New Lease,Re-lease,B202,B3b_Seas,1177.0,t0041048,Clare Converse,,2026-07-31,2026-07-31,,18.0,1798.0,2096.0,0.1657397107897664,1798.0,,,,,,t0029962,Tamara Poff,2026-07-24,,7,,Rent roll + burn-off lease start,Prior tenant contract rent (Yardi)
ACTUAL (Yardi),2026-07,New Lease,Re-lease,B211,A1_Seas,693.0,t0042612,Stephanie Huner,,2026-07-20,2026-07-20,12.0,15.0,1485.0,1668.0,0.12323232323232323,1336.5,1668.0,0.24803591470258138,2227.5,0.0,,t0031131,Megan Gist,2026-07-01,,19,,Rent roll + burn-off lease start,Prior tenant contract rent (Yardi)
ACTUAL (Yardi),2026-07,New Lease,Re-lease,C106,A1_Seas,693.0,t0040715,Catherine McInnes,,2026-07-22,2026-07-22,12.0,12.0,1590.0,1693.0,0.06477987421383648,1391.25,1693.0,0.21689128481581313,2385.0,0.0,,t0032889,Khloe Risinger,2026-07-11,,11,,Rent roll + burn-off lease start,Prior tenant contract rent (Yardi)
ACTUAL (Yardi),2026-07,New Lease,Re-lease,D104,A2_Seas,746.0,t0041472,Zach Pulkinen,,2026-07-30,2026-07-30,9.0,12.0,1749.0,1769.0,0.011435105774728416,1457.5,1769.0,0.2137221269296741,3498.0,0.0,,t0033339,Caden Paulson,2026-07-23,,7,,Rent roll + burn-off lease start,Prior tenant contract rent (Yardi)
ACTUAL (Yardi),2026-07,New Lease,Re-lease,D107,B2_Seas,1141.0,t0042667,Sam Burkholder,,2026-07-16,2026-07-16,12.0,12.0,1894.0,2055.0,0.0850052798310454,1736.0,2055.0,0.1837557603686636,1896.0,0.0,,t0033088,Cristina Hernandez,2026-05-31,,46,,Rent roll + burn-off lease start,Prior tenant contract rent (Yardi)
ACTUAL (Yardi),2026-07,New Lease,Re-lease,D202,B3b_Seas,1177.0,t0041717,Mark Garcia,,2026-07-20,2026-07-19,12.0,,1798.0,1995.0,0.10956618464961068,,1995.0,,,0.0,,t0039482,Annabella Pierotti,2026-06-07,,42,,Rent roll + burn-off lease start,Prior tenant contract rent (Yardi)
ACTUAL (Yardi),2026-07,New Lease,Re-lease,D207,B2_Seas,1141.0,t0035639,Samantha Post,,2026-07-25,2026-07-25,12.0,12.0,1904.0,2065.0,0.08455882352941177,1904.0,2065.0,0.08455882352941177,,0.0,,t0027817,Landen King,2026-07-18,,7,,Rent roll + burn-off lease start,Prior tenant contract rent (Yardi)
ACTUAL (Yardi),2026-07,New Lease,Re-lease,D210,S1_Seas,517.0,t0041421,Jackalyn Gates,,2026-07-28,2026-07-28,12.0,,1245.0,1572.0,0.26265060240963856,,1572.0,,,0.0,,t0036702,Emily Batt,2026-02-23,,155,,Rent roll + burn-off lease start,Prior tenant contract rent (Yardi)
ACTUAL (Yardi),2026-07,New Lease,Re-lease,D311,A1_Seas,693.0,t0041398,Paragon Corporate Housing,,2026-07-06,2026-07-06,6.0,12.0,1685.0,1738.0,0.0314540059347181,1474.4166666666667,1738.0,0.17877126547222058,2527.0,0.0,,t0040571,Samuel Oliferchik,2026-06-27,,9,,Rent roll + burn-off lease start,Prior tenant contract rent (Yardi)
ACTUAL (Yardi),2026-07,New Lease,Re-lease,D313,B2_Seas,1141.0,t0041999,Brian Gray,,2026-07-03,2026-07-03,9.0,12.0,1969.0,2180.0,0.10716099542915185,1804.9166666666667,2180.0,0.20781199501362016,1969.0,0.0,,t0033331,Riley Farnsworth,2026-06-30,,3,,Rent roll + burn-off lease start,Prior tenant contract rent (Yardi)
ACTUAL (Yardi),2026-07,New Lease,Re-lease,E106,A1_Seas,693.0,t0041408,Paragon Corporate Housing,,2026-07-27,2026-07-27,8.0,12.0,1600.0,1678.0,0.04875,1466.6666666666667,1678.0,0.14409090909090902,1600.0,0.0,,t0033629,Tea Recanzone,2026-07-18,,9,,Rent roll + burn-off lease start,Prior tenant contract rent (Yardi)
ACTUAL (Yardi),2026-07,New Lease,Re-lease,E111,A1_Seas,693.0,t0041410,Paragon Corporate Housing,,2026-07-20,2026-07-20,7.0,14.0,1590.0,1713.0,0.07735849056603773,1590.0,1713.0,0.07735849056603773,,0.0,,t0031964,Kay Warsinske,2026-07-11,,9,,Rent roll + burn-off lease start,Prior tenant contract rent (Yardi)
ACTUAL (Yardi),2026-07,New Lease,Re-lease,E210,S1_Seas,517.0,t0040799,Timothy Liu,,2026-07-18,2026-07-18,12.0,12.0,1420.0,1572.0,0.10704225352112676,1256.0,1572.0,0.2515923566878981,1968.0,0.0,,t0031091,Kristy Figg,2026-06-15,,33,,Rent roll + burn-off lease start,Prior tenant contract rent (Yardi)
ACTUAL (Yardi),2026-07,New Lease,Re-lease,E304,A2_Seas,746.0,t0042719,Anjali Devabhaktuni,,2026-07-23,2026-07-23,12.0,15.0,1689.0,1760.0,0.04203670811130847,1576.4,1760.0,0.11646790154783043,1689.0,0.0,,t0030516,Laura Morin,2026-06-30,,23,,Rent roll + burn-off lease start,Prior tenant contract rent (Yardi)
ACTUAL (Yardi),2026-07,New Lease,Re-lease,F109,A1_Seas,693.0,t0042556,Adrian Tate,,2026-07-18,2026-07-18,12.0,12.0,1575.0,1678.0,0.0653968253968254,1443.75,1678.0,0.16225108225108226,1575.0,0.0,,t0033338,Eduardo Rueda,2026-07-04,,14,,Rent roll + burn-off lease start,Prior tenant contract rent (Yardi)
ACTUAL (Yardi),2026-07,New Lease,Re-lease,F111,A1_Seas,693.0,t0039960,Avery Lallande,,2026-07-11,2026-07-11,12.0,12.0,1575.0,1585.0,0.006349206349206349,1443.75,1585.0,0.09783549783549783,1575.0,0.0,,t0033145,Ricardo Blanco,2026-06-25,,16,,Rent roll + burn-off lease start,Prior tenant contract rent (Yardi)
ACTUAL (Yardi),2026-07,New Lease,Re-lease,F204,A2_Seas,746.0,t0042733,Christopher Rodriguez,,2026-07-22,2026-07-22,12.0,14.0,1764.0,1799.0,0.01984126984126984,1575.0,1799.0,0.14222222222222222,2646.0,0.0,,t0031290,Michael Alloggio,2026-06-29,,23,,Rent roll + burn-off lease start,Prior tenant contract rent (Yardi)
ACTUAL (Yardi),2026-07,New Lease,Re-lease,F307,B2_Seas,1141.0,t0040363,Isabel Brown,,2026-07-10,2026-07-10,18.0,15.0,2030.0,2120.0,0.04433497536945813,2030.0,2120.0,0.04433497536945813,,0.0,,t0030116,Julian Aguirre,2026-06-26,,14,,Rent roll + burn-off lease start,Prior tenant contract rent (Yardi)
ACTUAL (Yardi),2026-07,New Lease,Re-lease,F312,B3a_Seas,1165.0,t0040841,Angela Hart,,2026-07-25,2026-06-13,8.0,21.0,1845.0,2096.0,0.13604336043360435,1845.0,2096.0,0.13604336043360435,,0.0,,t0029443,Isaac Grimm,2026-07-17,,-34,,Rent roll + burn-off lease start,Prior tenant contract rent (Yardi)
ACTUAL (Yardi),2026-07,New Lease,Re-lease,G210,A2_Seas,746.0,t0040121,Britney Burnam,,2026-07-20,2026-07-20,12.0,12.0,1465.0,1640.0,0.11945392491467577,1465.0,1503.3333333333333,0.026166097838452737,,1640.0,,t0040098,Jasmine Alger,2026-06-28,,22,,Rent roll + burn-off lease start,Prior tenant contract rent (Yardi)
ACTUAL (Yardi),2026-07,New Lease,Re-lease,I110,A2_Seas,746.0,t0039164,Gurleen Gill,,2026-07-20,2026-07-20,12.0,12.0,1714.0,1625.0,-0.051925320886814466,1450.0,1489.5833333333333,0.027298850574712593,3168.0,1625.0,,t0028100,Nayeli Carrillo,2026-04-17,,94,,Rent roll + burn-off lease start,Prior tenant contract rent (Yardi)
ACTUAL (Yardi),2026-07,New Lease,Re-lease,I204,A2_Seas,746.0,t0041411,Paragon Corporate Housing,,2026-07-16,2026-07-16,7.0,9.0,1465.0,1799.0,0.2279863481228669,1465.0,1799.0,0.2279863481228669,,0.0,,t0036902,Nicholas Schoebel,2026-07-09,,7,,Rent roll + burn-off lease start,Prior tenant contract rent (Yardi)
ACTUAL (Yardi),2026-07,New Lease,Re-lease,I310,A2_Seas,746.0,t0039136,Mia Fandrey,,2026-07-21,2026-07-21,12.0,,1744.0,1635.0,-0.0625,,1635.0,,,0.0,,t0026795,Lawrence Horsey,2026-05-17,,65,,Rent roll + burn-off lease start,Prior tenant contract rent (Yardi)
ACTUAL (Yardi),2026-07,New Lease,Re-lease,J302,B3b_Seas,1177.0,t0041478,Alliya Lopez,,2026-07-26,2026-07-26,12.0,16.0,1970.0,2146.0,0.08934010152284264,1970.0,2146.0,0.08934010152284264,,0.0,,t0041372,Briana Neal,2026-07-19,,7,,Rent roll + burn-off lease start,Prior tenant contract rent (Yardi)
ACTUAL (Yardi),2026-07,New Lease,Re-lease,J312,C1b_Seas,1340.0,t0031384,Briana Neal,,2026-07-18,2026-07-18,9.0,8.0,2280.0,2579.0,0.13114035087719297,2280.0,2579.0,0.13114035087719297,,0.0,,t0033105,Jerry Slattum,2026-07-07,,11,,Rent roll + burn-off lease start,Prior tenant contract rent (Yardi)
ACTUAL (Yardi),2026-07,Renewal,Renewal,A307,B2_Seas,1141.0,t0029257,Nicholas Sleyko,,2026-07-17,2025-01-17,12.0,12.0,2020.0,2058.0,0.01881188118811881,1709.0,2058.0,0.20421299005266239,3732.0,0.0,2026-07-16,,,,,,,Burn-off lease start + rent rolls (reconstructed),
ACTUAL (Yardi),2026-07,Renewal,Renewal,C108,A1_Seas,693.0,t0031911,Renata Holmes,,2026-07-03,2025-07-03,12.0,12.0,1650.0,1650.0,0.0,1566.67,1650.0,0.05318924853351371,1000.0,0.0,2026-07-02,,,,,,,Renewal trade-out report (exact),
ACTUAL (Yardi),2026-07,Renewal,Renewal,C111,A1_Seas,693.0,t0031925,Zachary Langford,,2026-07-01,2025-07-01,12.0,12.0,1555.0,1555.0,0.0,1471.67,1555.0,0.056622748306345796,1000.0,0.0,2026-06-30,,,,,,,Renewal trade-out report (exact),
ACTUAL (Yardi),2026-07,Renewal,Renewal,C210,A2_Seas,746.0,t0033480,Kylee Gloria,,2026-07-29,2025-07-29,12.0,12.0,1669.0,1679.0,0.005991611743559017,1530.0,1679.0,0.09738562091503268,1668.0,0.0,2026-07-28,,,,,,,Burn-off lease start + rent rolls (reconstructed),
ACTUAL (Yardi),2026-07,Renewal,Renewal,E201,B2_Seas,1141.0,t0032972,Ruslan BAKLANOV,,2026-07-05,2025-07-05,13.0,12.0,1919.0,1919.0,0.0,1835.67,1919.0,0.045394869448212326,1000.0,0.0,2026-07-04,,,,,,,Renewal trade-out report (exact),
ACTUAL (Yardi),2026-07,Renewal,Renewal,F104,A2_Seas,746.0,t0033307,Kricia Tauiliili,,2026-07-14,2025-07-14,11.0,12.0,1784.0,1784.0,0.0,1635.0,1784.0,0.09113149847094801,1788.0,0.0,2026-07-13,,,,,,,Burn-off lease start + rent rolls (reconstructed),
ACTUAL (Yardi),2026-07,Renewal,Renewal,F201,B2_Seas,1141.0,t0033357,Cameron Hom,,2026-07-12,2025-07-12,11.0,12.0,1894.0,1951.0,0.03009503695881732,1736.0,1951.0,0.12384792626728111,1896.0,0.0,2026-07-11,,,,,,,Burn-off lease start + rent rolls (reconstructed),
ACTUAL (Yardi),2026-07,Renewal,Renewal,I206,A1_Seas,693.0,t0029954,Ray Monks,,2026-07-28,2025-01-28,18.0,15.0,1410.0,1453.0,0.03049645390070922,1377.0,1453.0,0.05519244734931009,495.0,0.0,2026-07-27,,,,,,,Burn-off lease start + rent rolls (reconstructed),
ACTUAL (Yardi),2026-07,Renewal,Renewal,I211,A1_Seas,693.0,t0029850,Jeffrey Kovick,,2026-07-15,2025-01-15,4.0,14.0,1400.0,1550.0,0.10714285714285714,1364.0,1550.0,0.13636363636363635,504.0,0.0,2026-07-14,,,,,,,Burn-off lease start + rent rolls (reconstructed),
ACTUAL (Yardi),2026-07,Renewal,Renewal,J205,A1_Seas,693.0,t0030727,Jillian Eastman,,2026-07-01,2025-03-31,6.0,15.0,1425.0,1500.0,0.05263157894736842,1425.0,1500.0,0.05263157894736842,0.0,0.0,2026-06-30,,,,,,,Renewal trade-out report (exact),
ACTUAL (Yardi),2026-08,Lease Expiration,,F106,A1_Seas,,t0036072,Zachary Tornquist,,2026-08-02,2025-11-03,,,,,,,,,,,,,,,Moved Out,,,Rent roll lease expiration,
ACTUAL (Yardi),2026-08,Lease Expiration,,F112,B3a_Seas,,t0032440,Arturo Martinez,,2026-08-04,2025-06-05,,,,,,,,,,,,,,,Moved Out,,,Rent roll lease expiration,
ACTUAL (Yardi),2026-08,Move Out,,A112,B3a_Seas,,t0042702,Angela Hart,,2026-08-01,2026-06-13,,,2096.0,,,,,,,,,,,,,,,Rent roll move-out date,
ACTUAL (Yardi),2026-08,Move Out,,C109,A1_Seas,,t0036085,Emily Delzer,,2026-08-04,2025-11-02,,,1349.0,,,,,,,,,,,,,,,Rent roll move-out date,
ACTUAL (Yardi),2026-08,Move Out,,F112,B3a_Seas,,t0032440,Arturo Martinez,,2026-08-04,2025-06-05,,,1820.0,,,,,,,,,,,,,,,Rent roll move-out date,
ACTUAL (Yardi),2026-08,Move Out,,G209,A1_Seas,,t0027693,Mary Ilett,,2026-08-03,2025-09-06,,,1595.0,,,,,,,,,,,,,,,Rent roll move-out date,
ACTUAL (Yardi),2026-08,New Lease,Re-lease,B106,A1_Seas,693.0,t0041650,Murata Machinery Inc,Y,2026-08-01,2026-08-01,,15.0,1495.0,1678.0,0.12240802675585284,1345.5333333333333,,,2242.0,,,t0031389,Ceci Palacio,2026-07-25,,7,,Rent roll + burn-off lease start,Prior tenant contract rent (Yardi)
ACTUAL (Yardi),2026-08,New Lease,Re-lease,C102,C1a_Seas,1328.0,t0042908,maria colina,,2026-08-03,2026-08-03,,16.0,2326.0,2879.0,0.23774720550300946,2035.25,,,4652.0,,,t0035184,Bacilia Benitez,2026-07-11,,23,,Rent roll + burn-off lease start,Prior tenant contract rent (Yardi)
ACTUAL (Yardi),2026-08,New Lease,Re-lease,D113,B2_Seas,1141.0,t0039860,Lorena Limon-Walker,,2026-08-01,2026-08-01,,12.0,2045.0,2060.0,0.007334963325183374,2045.0,,,,,,t0031752,Emma Renn,2026-06-30,,32,,Rent roll + burn-off lease start,Prior tenant contract rent (Yardi)
ACTUAL (Yardi),2026-08,Notice (scheduled move-out),,A303,A1_Seas,,t0035188,Samantha Rodriguez,,2026-08-18,2025-10-30,,,1349.0,,,,,,,,,,,,,,,Rent roll notice — move-out scheduled after 8/4/26,
ACTUAL (Yardi),2026-08,Notice (scheduled move-out),,B207,B2_Seas,,t0040535,Camille Munk,,2026-08-08,2025-08-09,,,1919.0,,,,,,,,,,,,,,,Rent roll notice — move-out scheduled after 8/4/26,
ACTUAL (Yardi),2026-08,Notice (scheduled move-out),,B212,C1b_Seas,,t0033347,Austin Parker,,2026-08-31,2025-07-07,,,2330.0,,,,,,,,,,,,,,,Rent roll notice — move-out scheduled after 8/4/26,
ACTUAL (Yardi),2026-08,Notice (scheduled move-out),,C202,C1b_Seas,,t0031302,Angelina Messecar,,2026-08-20,2025-05-21,,,2160.0,,,,,,,,,,,,,,,Rent roll notice — move-out scheduled after 8/4/26,
ACTUAL (Yardi),2026-08,Notice (scheduled move-out),,E102,B3a_Seas,,t0034092,Kayla Chauvin,,2026-08-09,2025-08-10,,,1920.0,,,,,,,,,,,,,,,Rent roll notice — move-out scheduled after 8/4/26,
ACTUAL (Yardi),2026-08,Notice (scheduled move-out),,E313,B2_Seas,,t0031264,Crystal Rodgers,,2026-08-16,2025-04-17,,,2120.0,,,,,,,,,,,,,,,Rent roll notice — move-out scheduled after 8/4/26,
ACTUAL (Yardi),2026-08,Notice (scheduled move-out),,F106,A1_Seas,,t0036072,Zachary Tornquist,,2026-08-11,2025-11-03,,,1349.0,,,,,,,,,,,,,,,Rent roll notice — move-out scheduled after 8/4/26,
ACTUAL (Yardi),2026-08,Notice (scheduled move-out),,F113,B3a_Seas,,t0033989,Andrew Towles,,2026-08-30,2025-08-31,,,2020.0,,,,,,,,,,,,,,,Rent roll notice — move-out scheduled after 8/4/26,
ACTUAL (Yardi),2026-08,Notice (scheduled move-out),,F213,B3b_Seas,,t0030945,Remi Brandley,,2026-08-23,2025-05-24,,,1885.0,,,,,,,,,,,,,,,Rent roll notice — move-out scheduled after 8/4/26,
ACTUAL (Yardi),2026-08,Notice (scheduled move-out),,G304,A2_Seas,,t0034202,Morgan Pavao,,2026-08-15,2025-08-16,,,1700.0,,,,,,,,,,,,,,,Rent roll notice — move-out scheduled after 8/4/26,
ACTUAL (Yardi),2026-08,Notice (scheduled move-out),,H203,A1_Seas,,t0027621,Michael Swain,,2026-08-23,2024-08-24,,,1600.0,,,,,,,,,,,,,,,Rent roll notice — move-out scheduled after 8/4/26,
ACTUAL (Yardi),2026-08,Notice (scheduled move-out),,H213,B2_Seas,,t0027942,Nichole Schroeder,,2026-08-22,2024-09-23,,,1995.0,,,,,,,,,,,,,,,Rent roll notice — move-out scheduled after 8/4/26,
ACTUAL (Yardi),2026-08,Notice (scheduled move-out),,I203,A1_Seas,,t0034066,Andrei Ilin,,2026-08-09,2025-08-10,,,1499.0,,,,,,,,,,,,,,,Rent roll notice — move-out scheduled after 8/4/26,
ACTUAL (Yardi),2026-08,Notice (scheduled move-out),,J101,B2_Seas,,t0035182,Devrie Sunseri,,2026-08-27,2025-10-28,,,1944.0,,,,,,,,,,,,,,,Rent roll notice — move-out scheduled after 8/4/26,
ACTUAL (Yardi),2026-08,Notice (scheduled move-out),,J108,A1_Seas,,t0043258,Osahonerhunmwen Ediae,,2026-08-10,2025-07-30,,,1475.0,,,,,,,,,,,,,,,Rent roll notice — move-out scheduled after 8/4/26,
ACTUAL (Yardi),2026-08,Notice (scheduled move-out),,J108,A1_Seas,,t0033902,Osahonerhunmwen Ediae,,2026-08-10,2025-07-30,,,1475.0,,,,,,,,,,,,,,,Rent roll notice — move-out scheduled after 8/4/26,
ACTUAL (Yardi),2026-08,Notice (scheduled move-out),,J109,B1_Seas,,t0030080,Jonathan Marin,,2026-08-26,2025-02-28,,,1765.0,,,,,,,,,,,,,,,Rent roll notice — move-out scheduled after 8/4/26,
ACTUAL (Yardi),2026-08,Notice (scheduled move-out),,J203,A1_Seas,,t0034013,Ana Idoeta,,2026-08-07,2025-08-08,,,1475.0,,,,,,,,,,,,,,,Rent roll notice — move-out scheduled after 8/4/26,
ACTUAL (Yardi),2026-08,Notice (scheduled move-out),,J212,C1b_Seas,,t0033382,Afton Wingar,,2026-08-07,2025-07-13,,,2330.0,,,,,,,,,,,,,,,Rent roll notice — move-out scheduled after 8/4/26,
ACTUAL (Yardi),2026-08,Scheduled Expiration,,A109,A1_Seas,,t0034222,Gavin Edens,,2026-08-12,2025-08-13,,,,,,,,,,,,,,,Not yet due,,,Rent roll lease expiration (current lease),
ACTUAL (Yardi),2026-08,Scheduled Expiration,,A310,A2_Seas,,t0029775,Leah Walborn,,2026-08-31,2025-03-01,,,,,,,,,,,,,,,Not yet due,,,Rent roll lease expiration (current lease),
ACTUAL (Yardi),2026-08,Scheduled Expiration,,B101,B2_Seas,,t0029806,Joseph Dobson,,2026-08-05,2025-02-06,,,,,,,,,,,,,,,Not yet due,,,Rent roll lease expiration (current lease),
ACTUAL (Yardi),2026-08,Scheduled Expiration,,B313,B2_Seas,,t0034276,Almir Godusevic,,2026-08-30,2025-08-31,,,,,,,,,,,,,,,Not yet due,,,Rent roll lease expiration (current lease),
ACTUAL (Yardi),2026-08,Scheduled Expiration,,C101,B2_Seas,,t0033679,Nephi Bigler,,2026-08-10,2025-08-11,,,,,,,,,,,,,,,Not yet due,,,Rent roll lease expiration (current lease),
ACTUAL (Yardi),2026-08,Scheduled Expiration,,C107,B2_Seas,,t0033579,Melcolm Lopez,,2026-08-09,2025-08-10,,,,,,,,,,,,,,,Not yet due,,,Rent roll lease expiration (current lease),
ACTUAL (Yardi),2026-08,Scheduled Expiration,,C209,A1_Seas,,t0031949,Connor Ashwood,,2026-08-07,2025-07-08,,,,,,,,,,,,,,,Not yet due,,,Rent roll lease expiration (current lease),
ACTUAL (Yardi),2026-08,Scheduled Expiration,,D312,C1b_Seas,,t0034004,Joseph Leuschen,,2026-08-28,2025-08-29,,,,,,,,,,,,,,,Not yet due,,,Rent roll lease expiration (current lease),
ACTUAL (Yardi),2026-08,Scheduled Expiration,,E204,A2_Seas,,t0031417,Nick Adams,,2026-08-17,2025-04-18,,,,,,,,,,,,,,,Not yet due,,,Rent roll lease expiration (current lease),
ACTUAL (Yardi),2026-08,Scheduled Expiration,,E312,C1b_Seas,,t0030883,Kylund Facer,,2026-08-18,2025-05-19,,,,,,,,,,,,,,,Not yet due,,,Rent roll lease expiration (current lease),
ACTUAL (Yardi),2026-08,Scheduled Expiration,,F101,B2_Seas,,t0034190,Amanda Ormsby Alvarez,,2026-08-22,2025-08-23,,,,,,,,,,,,,,,Not yet due,,,Rent roll lease expiration (current lease),
ACTUAL (Yardi),2026-08,Scheduled Expiration,,G208,A1_Seas,,t0035250,Michelle Meyer,,2026-08-24,2025-10-25,,,,,,,,,,,,,,,Not yet due,,,Rent roll lease expiration (current lease),
ACTUAL (Yardi),2026-08,Scheduled Expiration,,H106,A1_Seas,,t0034085,Conner Parke,,2026-08-22,2025-08-23,,,,,,,,,,,,,,,Not yet due,,,Rent roll lease expiration (current lease),
ACTUAL (Yardi),2026-08,Scheduled Expiration,,H210,S1_Seas,,t0026888,Mike Sparks,,2026-08-20,2024-08-21,,,,,,,,,,,,,,,Not yet due,,,Rent roll lease expiration (current lease),
ACTUAL (Yardi),2026-08,Scheduled Expiration,,I105,B1_Seas,,t0030391,Joseph Hageman,,2026-08-31,2025-03-01,,,,,,,,,,,,,,,Not yet due,,,Rent roll lease expiration (current lease),
ACTUAL (Yardi),2026-08,Scheduled Expiration,,I109,A1_Seas,,t0030462,Lyndsey foster,,2026-08-27,2025-02-28,,,,,,,,,,,,,,,Not yet due,,,Rent roll lease expiration (current lease),
ACTUAL (Yardi),2026-08,Scheduled Expiration,,J210,S1_Seas,,t0029518,Wyatt Dailing,,2026-08-25,2024-12-26,,,,,,,,,,,,,,,Not yet due,,,Rent roll lease expiration (current lease),
ACTUAL (Yardi),2026-08,Scheduled Expiration,,J211,A1_Seas,,t0029879,Hunter Steacker,,2026-08-12,2025-01-13,,,,,,,,,,,,,,,Not yet due,,,Rent roll lease expiration (current lease),
ACTUAL (Yardi),2026-08,Scheduled Expiration,,J301,B2_Seas,,t0034473,Kelsie Maloney,,2026-08-26,2025-08-27,,,,,,,,,,,,,,,Not yet due,,,Rent roll lease expiration (current lease),
ACTUAL (Yardi),2026-09,Notice (scheduled move-out),,A207,B2_Seas,,t0034692,Amy Brading,,2026-09-03,2025-09-04,,,1919.0,,,,,,,,,,,,,,,Rent roll notice — move-out scheduled after 8/4/26,
ACTUAL (Yardi),2026-09,Notice (scheduled move-out),,A301,B2_Seas,,t0034549,Roberto Magana,,2026-09-23,2025-09-24,,,1954.0,,,,,,,,,,,,,,,Rent roll notice — move-out scheduled after 8/4/26,
ACTUAL (Yardi),2026-09,Notice (scheduled move-out),,B206,A1_Seas,,t0034065,Mradul Mourya,,2026-09-30,2025-08-31,,,1525.0,,,,,,,,,,,,,,,Rent roll notice — move-out scheduled after 8/4/26,
ACTUAL (Yardi),2026-09,Notice (scheduled move-out),,B307,B2_Seas,,t0028450,Coleman Environmental Engineering,Y,2026-09-30,2025-01-16,,,2745.0,,,,,,,,,,,,,,,Rent roll notice — move-out scheduled after 8/4/26,
ACTUAL (Yardi),2026-09,Notice (scheduled move-out),,E101,B2_Seas,,t0034400,Jonathan Chavez,,2026-09-03,2025-08-29,,,1894.0,,,,,,,,,,,,,,,Rent roll notice — move-out scheduled after 8/4/26,
ACTUAL (Yardi),2026-09,Notice (scheduled move-out),,E110,S1_Seas,,t0036249,Jeremy Scuffham,,2026-09-17,2025-11-18,,,1325.0,,,,,,,,,,,,,,,Rent roll notice — move-out scheduled after 8/4/26,
ACTUAL (Yardi),2026-09,Notice (scheduled move-out),,F205,B1_Seas,,t0030384,Isabella Andolfi,,2026-09-21,2025-03-22,,,1790.0,,,,,,,,,,,,,,,Rent roll notice — move-out scheduled after 8/4/26,
ACTUAL (Yardi),2026-09,Notice (scheduled move-out),,G108,A1_Seas,,t0037936,Andrew Heller,,2026-09-17,2026-03-18,,,1475.0,,,,,,,,,,,,,,,Rent roll notice — move-out scheduled after 8/4/26,
ACTUAL (Yardi),2026-09,Notice (scheduled move-out),,G211,A1_Seas,,t0029704,Summer LeRoy,,2026-09-06,2025-01-10,,,1400.0,,,,,,,,,,,,,,,Rent roll notice — move-out scheduled after 8/4/26,
ACTUAL (Yardi),2026-09,Notice (scheduled move-out),,H111,A1_Seas,,t0038355,Wolff Corporate Housing Inc,,2026-09-30,2026-03-19,,,1575.0,,,,,,,,,,,,,,,Rent roll notice — move-out scheduled after 8/4/26,
ACTUAL (Yardi),2026-09,Notice (scheduled move-out),,J201,B2_Seas,,t0034253,Jill Fanning,,2026-09-12,2025-09-13,,,1869.0,,,,,,,,,,,,,,,Rent roll notice — move-out scheduled after 8/4/26,
ACTUAL (Yardi),2026-09,Scheduled Expiration,,A107,B2_Seas,,t0030452,Heather Orchard,,2026-09-13,2025-03-14,,,,,,,,,,,,,,,Not yet due,,,Rent roll lease expiration (current lease),
ACTUAL (Yardi),2026-09,Scheduled Expiration,,C208,A1_Seas,,t0032011,Julie moaddeli,,2026-09-20,2025-07-21,,,,,,,,,,,,,,,Not yet due,,,Rent roll lease expiration (current lease),
ACTUAL (Yardi),2026-09,Scheduled Expiration,,C212,B3b_Seas,,t0030621,Holly House,,2026-09-30,2025-07-01,,,,,,,,,,,,,,,Not yet due,,,Rent roll lease expiration (current lease),
ACTUAL (Yardi),2026-09,Scheduled Expiration,,D108,A1_Seas,,t0036485,Logan Cano,,2026-09-11,2025-12-12,,,,,,,,,,,,,,,Not yet due,,,Rent roll lease expiration (current lease),
ACTUAL (Yardi),2026-09,Scheduled Expiration,,F302,C1b_Seas,,t0030978,Joshua Crawford,,2026-09-28,2026-03-29,,,,,,,,,,,,,,,Not yet due,,,Rent roll lease expiration (current lease),
ACTUAL (Yardi),2026-09,Scheduled Expiration,,G106,A1_Seas,,t0034347,Eliseo Carrizales Resendiz,,2026-09-04,2025-09-05,,,,,,,,,,,,,,,Not yet due,,,Rent roll lease expiration (current lease),
ACTUAL (Yardi),2026-09,Scheduled Expiration,,G111,A1_Seas,,t0030940,Scott Trost,,2026-09-24,2025-03-25,,,,,,,,,,,,,,,Not yet due,,,Rent roll lease expiration (current lease),
ACTUAL (Yardi),2026-09,Scheduled Expiration,,G303,A1_Seas,,t0030660,Peter Hubacz,,2026-09-30,2025-04-01,,,,,,,,,,,,,,,Not yet due,,,Rent roll lease expiration (current lease),
ACTUAL (Yardi),2026-09,Scheduled Expiration,,G310,A2_Seas,,t0036647,Emily Malone,,2026-09-17,2025-12-18,,,,,,,,,,,,,,,Not yet due,,,Rent roll lease expiration (current lease),
ACTUAL (Yardi),2026-09,Scheduled Expiration,,H104,A2_Seas,,t0034323,Martin Ward,,2026-09-19,2025-09-20,,,,,,,,,,,,,,,Not yet due,,,Rent roll lease expiration (current lease),
ACTUAL (Yardi),2026-09,Scheduled Expiration,,H309,B1_Seas,,t0029771,Kelsey Epps,,2026-09-29,2025-08-30,,,,,,,,,,,,,,,Not yet due,,,Rent roll lease expiration (current lease),
ACTUAL (Yardi),2026-09,Scheduled Expiration,,I103,A1_Seas,,t0035091,Tristen Kriner,,2026-09-27,2025-09-28,,,,,,,,,,,,,,,Not yet due,,,Rent roll lease expiration (current lease),
ACTUAL (Yardi),2026-09,Scheduled Expiration,,I111,A1_Seas,,t0034766,Carole Stuart,,2026-09-18,2025-09-19,,,,,,,,,,,,,,,Not yet due,,,Rent roll lease expiration (current lease),
ACTUAL (Yardi),2026-09,Scheduled Expiration,,I205,B1_Seas,,t0030392,Blane Cordero,,2026-09-19,2025-03-20,,,,,,,,,,,,,,,Not yet due,,,Rent roll lease expiration (current lease),
ACTUAL (Yardi),2026-09,Scheduled Expiration,,J111,A1_Seas,,t0029841,alma dela rosa,,2026-09-12,2025-01-13,,,,,,,,,,,,,,,Not yet due,,,Rent roll lease expiration (current lease),
ACTUAL (Yardi),2026-10,Scheduled Expiration,,A106,A1_Seas,,t0035645,Dominic Hanna,,2026-10-26,2025-10-27,,,,,,,,,,,,,,,Not yet due,,,Rent roll lease expiration (current lease),
ACTUAL (Yardi),2026-10,Scheduled Expiration,,A208,A1_Seas,,t0035813,Dylan Croner,,2026-10-26,2025-10-27,,,,,,,,,,,,,,,Not yet due,,,Rent roll lease expiration (current lease),
ACTUAL (Yardi),2026-10,Scheduled Expiration,,A306,A1_Seas,,t0035738,Lillyan Dunlap,,2026-10-30,2025-10-31,,,,,,,,,,,,,,,Not yet due,,,Rent roll lease expiration (current lease),
ACTUAL (Yardi),2026-10,Scheduled Expiration,,B111,A1_Seas,,t0035706,Jeffrey Worley,,2026-10-22,2025-10-23,,,,,,,,,,,,,,,Not yet due,,,Rent roll lease expiration (current lease),
ACTUAL (Yardi),2026-10,Scheduled Expiration,,C313,B3b_Seas,,t0030322,Erika Marangi,,2026-10-31,2025-07-01,,,,,,,,,,,,,,,Not yet due,,,Rent roll lease expiration (current lease),
ACTUAL (Yardi),2026-10,Scheduled Expiration,,D201,B2_Seas,,t0034989,Grace Chronister,,2026-10-19,2025-10-20,,,,,,,,,,,,,,,Not yet due,,,Rent roll lease expiration (current lease),
ACTUAL (Yardi),2026-10,Scheduled Expiration,,D304,A2_Seas,,t0035947,Nikolas Viitaniemi,,2026-10-30,2025-10-31,,,,,,,,,,,,,,,Not yet due,,,Rent roll lease expiration (current lease),
ACTUAL (Yardi),2026-10,Scheduled Expiration,,E105,A1_Seas,,t0035265,Janpreet Singh,,2026-10-30,2025-10-31,,,,,,,,,,,,,,,Not yet due,,,Rent roll lease expiration (current lease),
ACTUAL (Yardi),2026-10,Scheduled Expiration,,E108,A1_Seas,,t0036918,Abraham Anderson,,2026-10-29,2026-02-03,,,,,,,,,,,,,,,Not yet due,,,Rent roll lease expiration (current lease),
ACTUAL (Yardi),2026-10,Scheduled Expiration,,E206,A1_Seas,,t0029911,Lyndsie Bell,,2026-10-04,2025-04-05,,,,,,,,,,,,,,,Not yet due,,,Rent roll lease expiration (current lease),
ACTUAL (Yardi),2026-10,Scheduled Expiration,,F209,A1_Seas,,t0030454,Gabriella Rice,,2026-10-26,2025-04-27,,,,,,,,,,,,,,,Not yet due,,,Rent roll lease expiration (current lease),
ACTUAL (Yardi),2026-10,Scheduled Expiration,,G109,A1_Seas,,t0031356,Glen Bradbury,,2026-10-13,2026-02-01,,,,,,,,,,,,,,,Not yet due,,,Rent roll lease expiration (current lease),
ACTUAL (Yardi),2026-10,Scheduled Expiration,,G112,B3a_Seas,,t0034130,Cheyenne Clough,,2026-10-03,2025-10-04,,,,,,,,,,,,,,,Not yet due,,,Rent roll lease expiration (current lease),
ACTUAL (Yardi),2026-10,Scheduled Expiration,,G212,B3b_Seas,,t0031382,Juan Quesada,,2026-10-29,2025-04-30,,,,,,,,,,,,,,,Not yet due,,,Rent roll lease expiration (current lease),
ACTUAL (Yardi),2026-10,Scheduled Expiration,,G307,B2_Seas,,t0034264,Martha West,,2026-10-13,2025-09-14,,,,,,,,,,,,,,,Not yet due,,,Rent roll lease expiration (current lease),
ACTUAL (Yardi),2026-10,Scheduled Expiration,,H301,B2_Seas,,t0034873,Laurell Fink,,2026-10-09,2025-10-10,,,,,,,,,,,,,,,Not yet due,,,Rent roll lease expiration (current lease),
ACTUAL (Yardi),2026-10,Scheduled Expiration,,H311,A1_Seas,,t0035117,Israel Adams,,2026-10-11,2025-10-12,,,,,,,,,,,,,,,Not yet due,,,Rent roll lease expiration (current lease),
ACTUAL (Yardi),2026-10,Scheduled Expiration,,I101,B2_Seas,,t0035822,Heather Fleek,,2026-10-26,2025-10-27,,,,,,,,,,,,,,,Not yet due,,,Rent roll lease expiration (current lease),
ACTUAL (Yardi),2026-10,Scheduled Expiration,,J113,B2_Seas,,t0035133,Chelsea Radicia,,2026-10-12,2025-10-13,,,,,,,,,,,,,,,Not yet due,,,Rent roll lease expiration (current lease),
ACTUAL (Yardi),2026-10,Scheduled Expiration,,J208,A1_Seas,,t0029861,Samuel Rempe,,2026-10-23,2025-01-24,,,,,,,,,,,,,,,Not yet due,,,Rent roll lease expiration (current lease),
ACTUAL (Yardi),2026-10,Scheduled Expiration,,J308,A1_Seas,,t0035145,Tyler wilger,,2026-10-06,2025-10-07,,,,,,,,,,,,,,,Not yet due,,,Rent roll lease expiration (current lease),
ACTUAL (Yardi),2026-10,Scheduled Expiration,,J309,B1_Seas,,t0035661,Travis Vetter,,2026-10-13,2025-10-14,,,,,,,,,,,,,,,Not yet due,,,Rent roll lease expiration (current lease),
ACTUAL (Yardi),2026-11,Scheduled Expiration,,A209,A1_Seas,,t0035239,Emily Bonner,,2026-11-09,2025-11-10,,,,,,,,,,,,,,,Not yet due,,,Rent roll lease expiration (current lease),
ACTUAL (Yardi),2026-11,Scheduled Expiration,,A210,A2_Seas,,t0037724,Edward Gorman,,2026-11-17,2026-02-18,,,,,,,,,,,,,,,Not yet due,,,Rent roll lease expiration (current lease),
ACTUAL (Yardi),2026-11,Scheduled Expiration,,A213,B3b_Seas,,t0035698,Silviu Apostu,,2026-11-07,2025-11-08,,,,,,,,,,,,,,,Not yet due,,,Rent roll lease expiration (current lease),
ACTUAL (Yardi),2026-11,Scheduled Expiration,,B311,A1_Seas,,t0026782,Hannah Marcarian,,2026-11-30,2025-11-24,,,,,,,,,,,,,,,Not yet due,,,Rent roll lease expiration (current lease),
ACTUAL (Yardi),2026-11,Scheduled Expiration,,C105,B1_Seas,,t0030693,David Ballew,,2026-11-20,2025-05-21,,,,,,,,,,,,,,,Not yet due,,,Rent roll lease expiration (current lease),
ACTUAL (Yardi),2026-11,Scheduled Expiration,,C203,A1_Seas,,t0031333,David Berry,,2026-11-30,2025-06-01,,,,,,,,,,,,,,,Not yet due,,,Rent roll lease expiration (current lease),
ACTUAL (Yardi),2026-11,Scheduled Expiration,,C303,A1_Seas,,t0036172,Savannah Mancini,,2026-11-28,2025-11-29,,,,,,,,,,,,,,,Not yet due,,,Rent roll lease expiration (current lease),
ACTUAL (Yardi),2026-11,Scheduled Expiration,,C306,A1_Seas,,t0036148,Elijah Johnson,,2026-11-28,2025-11-29,,,,,,,,,,,,,,,Not yet due,,,Rent roll lease expiration (current lease),
ACTUAL (Yardi),2026-11,Scheduled Expiration,,D102,B3a_Seas,,t0030197,Stanimir Ilchev,,2026-11-30,2025-08-28,,,,,,,,,,,,,,,Not yet due,,,Rent roll lease expiration (current lease),
ACTUAL (Yardi),2026-11,Scheduled Expiration,,D106,A1_Seas,,t0036343,Laura Calderon Quintana,,2026-11-30,2025-12-01,,,,,,,,,,,,,,,Not yet due,,,Rent roll lease expiration (current lease),
ACTUAL (Yardi),2026-11,Scheduled Expiration,,E103,A1_Seas,,t0036234,Jeff Beaudette,,2026-11-20,2025-11-21,,,,,,,,,,,,,,,Not yet due,,,Rent roll lease expiration (current lease),
ACTUAL (Yardi),2026-11,Scheduled Expiration,,F103,A1_Seas,,t0037755,Mike Gorman,,2026-11-19,2026-02-20,,,,,,,,,,,,,,,Not yet due,,,Rent roll lease expiration (current lease),
ACTUAL (Yardi),2026-11,Scheduled Expiration,,F305,B1_Seas,,t0030863,April Schafer,,2026-11-01,2025-11-02,,,,,,,,,,,,,,,Not yet due,,,Rent roll lease expiration (current lease),
ACTUAL (Yardi),2026-11,Scheduled Expiration,,G113,B3a_Seas,,t0031810,Alyssa Renz,,2026-11-06,2025-05-07,,,,,,,,,,,,,,,Not yet due,,,Rent roll lease expiration (current lease),
ACTUAL (Yardi),2026-11,Scheduled Expiration,,H201,B2_Seas,,t0035900,Nathan Fink,,2026-11-17,2025-11-18,,,,,,,,,,,,,,,Not yet due,,,Rent roll lease expiration (current lease),
ACTUAL (Yardi),2026-11,Scheduled Expiration,,H202,B3b_Seas,,t0031807,Evan James,,2026-11-04,2025-05-05,,,,,,,,,,,,,,,Not yet due,,,Rent roll lease expiration (current lease),
ACTUAL (Yardi),2026-11,Scheduled Expiration,,H205,A1_Seas,,t0031399,Jennifer Topor,,2026-11-06,2025-05-07,,,,,,,,,,,,,,,Not yet due,,,Rent roll lease expiration (current lease),
ACTUAL (Yardi),2026-11,Scheduled Expiration,,H206,A1_Seas,,t0029041,Marcos Marchant,,2026-11-12,2024-11-13,,,,,,,,,,,,,,,Not yet due,,,Rent roll lease expiration (current lease),
ACTUAL (Yardi),2026-11,Scheduled Expiration,,H211,A1_Seas,,t0028976,David Stricharskiy,,2026-11-10,2024-11-11,,,,,,,,,,,,,,,Not yet due,,,Rent roll lease expiration (current lease),
ACTUAL (Yardi),2026-11,Scheduled Expiration,,I210,A2_Seas,,t0037774,John Gorman,,2026-11-19,2026-02-20,,,,,,,,,,,,,,,Not yet due,,,Rent roll lease expiration (current lease),
ACTUAL (Yardi),2026-11,Scheduled Expiration,,I211,A1_Seas,,t0029850,Jeffrey Kovick,,2026-11-14,2025-01-15,,,,,,,,,,,,,,,Not yet due,,,Rent roll lease expiration (current lease),
ACTUAL (Yardi),2026-11,Scheduled Expiration,,I306,A1_Seas,,t0035624,Luke Bedell,,2026-11-02,2025-11-03,,,,,,,,,,,,,,,Not yet due,,,Rent roll lease expiration (current lease),
ACTUAL (Yardi),2026-12,Scheduled Expiration,,A101,B2_Seas,,t0035267,Emely Ramirez,,2026-12-06,2025-12-07,,,,,,,,,,,,,,,Not yet due,,,Rent roll lease expiration (current lease),
ACTUAL (Yardi),2026-12,Scheduled Expiration,,A206,A1_Seas,,t0036235,Lukas Holloman,,2026-12-09,2025-12-10,,,,,,,,,,,,,,,Not yet due,,,Rent roll lease expiration (current lease),
ACTUAL (Yardi),2026-12,Scheduled Expiration,,A212,B3b_Seas,,t0034758,PAYDEN WARNER,,2026-12-30,2025-12-31,,,,,,,,,,,,,,,Not yet due,,,Rent roll lease expiration (current lease),
ACTUAL (Yardi),2026-12,Scheduled Expiration,,B209,B1_Seas,,t0030710,Jacqueline Cornejo,,2026-12-26,2025-03-27,,,,,,,,,,,,,,,Not yet due,,,Rent roll lease expiration (current lease),
ACTUAL (Yardi),2026-12,Scheduled Expiration,,B309,B1_Seas,,t0036272,Habeeb Babatunde,,2026-12-14,2025-12-15,,,,,,,,,,,,,,,Not yet due,,,Rent roll lease expiration (current lease),
ACTUAL (Yardi),2026-12,Scheduled Expiration,,C206,A1_Seas,,t0031027,Steven Peterson,,2026-12-30,2026-03-31,,,,,,,,,,,,,,,Not yet due,,,Rent roll lease expiration (current lease),
ACTUAL (Yardi),2026-12,Scheduled Expiration,,C213,B3b_Seas,,t0030186,Tyler Winkler,,2026-12-27,2025-06-28,,,,,,,,,,,,,,,Not yet due,,,Rent roll lease expiration (current lease),
ACTUAL (Yardi),2026-12,Scheduled Expiration,,D205,A1_Seas,,t0036634,Morggan Frank,,2026-12-16,2025-12-17,,,,,,,,,,,,,,,Not yet due,,,Rent roll lease expiration (current lease),
ACTUAL (Yardi),2026-12,Scheduled Expiration,,D301,B2_Seas,,t0030324,Cedar Massie,,2026-12-23,2025-06-24,,,,,,,,,,,,,,,Not yet due,,,Rent roll lease expiration (current lease),
ACTUAL (Yardi),2026-12,Scheduled Expiration,,D307,B2_Seas,,t0028245,Casey Martin,,2026-12-02,2025-07-21,,,,,,,,,,,,,,,Not yet due,,,Rent roll lease expiration (current lease),
ACTUAL (Yardi),2026-12,Scheduled Expiration,,D308,A1_Seas,,t0036345,Cameron Ward,,2026-12-07,2025-12-08,,,,,,,,,,,,,,,Not yet due,,,Rent roll lease expiration (current lease),
ACTUAL (Yardi),2026-12,Scheduled Expiration,,E202,B3b_Seas,,t0031050,Kristen Summers,,2026-12-29,2025-03-31,,,,,,,,,,,,,,,Not yet due,,,Rent roll lease expiration (current lease),
ACTUAL (Yardi),2026-12,Scheduled Expiration,,E311,A1_Seas,,t0036641,Shaun Greene,,2026-12-16,2025-12-17,,,,,,,,,,,,,,,Not yet due,,,Rent roll lease expiration (current lease),
ACTUAL (Yardi),2026-12,Scheduled Expiration,,F206,A1_Seas,,t0036402,Anthony Trabbie III,,2026-12-21,,,,,,,,,,,,,,,,Not yet due,,,Rent roll lease expiration (current lease),
ACTUAL (Yardi),2026-12,Scheduled Expiration,,H204,A2_Seas,,t0036387,Madison Thomas,,2026-12-13,2025-12-14,,,,,,,,,,,,,,,Not yet due,,,Rent roll lease expiration (current lease),
ACTUAL (Yardi),2026-12,Scheduled Expiration,,J204,A2_Seas,,t0036618,Alixe Satterly,,2026-12-17,2025-12-18,,,,,,,,,,,,,,,Not yet due,,,Rent roll lease expiration (current lease),
ACTUAL (Yardi),2026-12,Scheduled Expiration,,J205,A1_Seas,,t0030727,Jillian Eastman,,2026-12-31,2025-03-31,,,,,,,,,,,,,,,Not yet due,,,Rent roll lease expiration (current lease),
ACTUAL (Yardi),2026-12,Scheduled Expiration,,J311,A1_Seas,,t0034557,Kelly North,,2026-12-28,2025-08-29,,,,,,,,,,,,,,,Not yet due,,,Rent roll lease expiration (current lease),
ACTUAL (Yardi),2026-12,Scheduled Expiration,,J313,B2_Seas,,t0028409,Michael Shanahan,,2026-12-22,2024-11-23,,,,,,,,,,,,,,,Not yet due,,,Rent roll lease expiration (current lease),
ACTUAL (Yardi),2027-01,Scheduled Expiration,,B107,B2_Seas,,t0033236,Amy Bourgoin,,2027-01-31,2025-07-05,,,,,,,,,,,,,,,Not yet due,,,Rent roll lease expiration (current lease),
ACTUAL (Yardi),2027-01,Scheduled Expiration,,B108,A1_Seas,,t0039911,Aleksey Vanin,,2027-01-27,2026-04-28,,,,,,,,,,,,,,,Not yet due,,,Rent roll lease expiration (current lease),
ACTUAL (Yardi),2027-01,Scheduled Expiration,,C301,B2_Seas,,t0036939,Brandalon LaFleur,,2027-01-23,2026-01-24,,,,,,,,,,,,,,,Not yet due,,,Rent roll lease expiration (current lease),
ACTUAL (Yardi),2027-01,Scheduled Expiration,,C305,B1_Seas,,t0036864,Samantha Fowble,,2027-01-23,2026-01-24,,,,,,,,,,,,,,,Not yet due,,,Rent roll lease expiration (current lease),
ACTUAL (Yardi),2027-01,Scheduled Expiration,,D111,A1_Seas,,t0036826,Becca Redman,,2027-01-04,2026-01-05,,,,,,,,,,,,,,,Not yet due,,,Rent roll lease expiration (current lease),
ACTUAL (Yardi),2027-01,Scheduled Expiration,,D211,A1_Seas,,t0036714,Bruce Heinz,,2027-01-01,,,,,,,,,,,,,,,,Not yet due,,,Rent roll lease expiration (current lease),
ACTUAL (Yardi),2027-01,Scheduled Expiration,,D213,B2_Seas,,t0032561,Juliana Hernandez,,2027-01-01,2025-07-02,,,,,,,,,,,,,,,Not yet due,,,Rent roll lease expiration (current lease),
ACTUAL (Yardi),2027-01,Scheduled Expiration,,D311,A1_Seas,,t0041398,Paragon Corporate Housing,,2027-01-05,2026-07-06,,,,,,,,,,,,,,,Not yet due,,,Rent roll lease expiration (current lease),
ACTUAL (Yardi),2027-01,Scheduled Expiration,,E302,B3b_Seas,,t0030916,Emma Winfield,,2027-01-25,2025-04-26,,,,,,,,,,,,,,,Not yet due,,,Rent roll lease expiration (current lease),
ACTUAL (Yardi),2027-01,Scheduled Expiration,,F107,B2_Seas,,t0033983,Karen Davis,,2027-01-30,2025-08-31,,,,,,,,,,,,,,,Not yet due,,,Rent roll lease expiration (current lease),
ACTUAL (Yardi),2027-01,Scheduled Expiration,,H209,B1_Seas,,t0036224,Joann Mae Villaluna,,2027-01-21,2025-12-22,,,,,,,,,,,,,,,Not yet due,,,Rent roll lease expiration (current lease),
ACTUAL (Yardi),2027-01,Scheduled Expiration,,H212,C1b_Seas,,t0026584,Daisy Maganda Brooks,,2027-01-23,2025-01-24,,,,,,,,,,,,,,,Not yet due,,,Rent roll lease expiration (current lease),
ACTUAL (Yardi),2027-01,Scheduled Expiration,,H304,A2_Seas,,t0037889,Tyler Beam,,2027-01-26,2026-04-27,,,,,,,,,,,,,,,Not yet due,,,Rent roll lease expiration (current lease),
ACTUAL (Yardi),2027-01,Scheduled Expiration,,J310,S1_Seas,,t0029419,Linghan Chen,,2027-01-04,2024-12-05,,,,,,,,,,,,,,,Not yet due,,,Rent roll lease expiration (current lease),
ACTUAL (Yardi),2027-02,Scheduled Expiration,,B103,A1_Seas,,t0031260,Kevin Dustin,,2027-02-14,2025-04-15,,,,,,,,,,,,,,,Not yet due,,,Rent roll lease expiration (current lease),
ACTUAL (Yardi),2027-02,Scheduled Expiration,,B210,S1_Seas,,t0037517,Jessica Kelley,,2027-02-12,2026-02-13,,,,,,,,,,,,,,,Not yet due,,,Rent roll lease expiration (current lease),
ACTUAL (Yardi),2027-02,Scheduled Expiration,,B312,C1b_Seas,,t0032713,Omor Khan,,2027-02-18,2025-06-19,,,,,,,,,,,,,,,Not yet due,,,Rent roll lease expiration (current lease),
ACTUAL (Yardi),2027-02,Scheduled Expiration,,C102,C1a_Seas,,t0042908,maria colina,,2027-02-02,2026-08-03,,,,,,,,,,,,,,,Not yet due,,,Rent roll lease expiration (current lease),
ACTUAL (Yardi),2027-02,Scheduled Expiration,,C103,A1_Seas,,t0035663,Haley Gotchall,,2027-02-12,2025-10-13,,,,,,,,,,,,,,,Not yet due,,,Rent roll lease expiration (current lease),
ACTUAL (Yardi),2027-02,Scheduled Expiration,,C104,A2_Seas,,t0037002,Bella Sorensen,,2027-02-14,2026-02-15,,,,,,,,,,,,,,,Not yet due,,,Rent roll lease expiration (current lease),
ACTUAL (Yardi),2027-02,Scheduled Expiration,,C201,B2_Seas,,t0033287,Matthew Luna,,2027-02-28,2025-08-01,,,,,,,,,,,,,,,Not yet due,,,Rent roll lease expiration (current lease),
ACTUAL (Yardi),2027-02,Scheduled Expiration,,C207,B2_Seas,,t0033760,Logan Juhl,,2027-02-28,2025-08-31,,,,,,,,,,,,,,,Not yet due,,,Rent roll lease expiration (current lease),
ACTUAL (Yardi),2027-02,Scheduled Expiration,,C211,A1_Seas,,t0037883,Hami Babaiyan,,2027-02-26,2026-02-27,,,,,,,,,,,,,,,Not yet due,,,Rent roll lease expiration (current lease),
ACTUAL (Yardi),2027-02,Scheduled Expiration,,C304,A2_Seas,,t0037627,Cole Cooper,,2027-02-26,2026-02-27,,,,,,,,,,,,,,,Not yet due,,,Rent roll lease expiration (current lease),
ACTUAL (Yardi),2027-02,Scheduled Expiration,,C307,B2_Seas,,t0034039,Philip Mengeling,,2027-02-16,2025-08-17,,,,,,,,,,,,,,,Not yet due,,,Rent roll lease expiration (current lease),
ACTUAL (Yardi),2027-02,Scheduled Expiration,,D203,A1_Seas,,t0037490,Asja Alihodzic,,2027-02-26,2026-02-27,,,,,,,,,,,,,,,Not yet due,,,Rent roll lease expiration (current lease),
ACTUAL (Yardi),2027-02,Scheduled Expiration,,D208,A1_Seas,,t0037721,Alexandria Blankenship,,2027-02-21,2026-02-22,,,,,,,,,,,,,,,Not yet due,,,Rent roll lease expiration (current lease),
ACTUAL (Yardi),2027-02,Scheduled Expiration,,D209,B1_Seas,,t0037499,Wilmer Velazquez,,2027-02-23,2026-02-24,,,,,,,,,,,,,,,Not yet due,,,Rent roll lease expiration (current lease),
ACTUAL (Yardi),2027-02,Scheduled Expiration,,D212,C1b_Seas,,t0037497,David Perez,,2027-02-05,2026-02-06,,,,,,,,,,,,,,,Not yet due,,,Rent roll lease expiration (current lease),
ACTUAL (Yardi),2027-02,Scheduled Expiration,,D302,B3b_Seas,,t0037576,Michael Encinas,,2027-02-12,2026-02-13,,,,,,,,,,,,,,,Not yet due,,,Rent roll lease expiration (current lease),
ACTUAL (Yardi),2027-02,Scheduled Expiration,,D309,B1_Seas,,t0037501,Autumn Maitland,,2027-02-07,2026-02-08,,,,,,,,,,,,,,,Not yet due,,,Rent roll lease expiration (current lease),
ACTUAL (Yardi),2027-02,Scheduled Expiration,,E111,A1_Seas,,t0041410,Paragon Corporate Housing,,2027-02-19,2026-07-20,,,,,,,,,,,,,,,Not yet due,,,Rent roll lease expiration (current lease),
ACTUAL (Yardi),2027-02,Scheduled Expiration,,E209,B1_Seas,,t0030110,Malik Sullivan,,2027-02-07,2026-02-08,,,,,,,,,,,,,,,Not yet due,,,Rent roll lease expiration (current lease),
ACTUAL (Yardi),2027-02,Scheduled Expiration,,E211,A1_Seas,,t0035711,Jacob Gonzalez,,2027-02-28,2025-10-30,,,,,,,,,,,,,,,Not yet due,,,Rent roll lease expiration (current lease),
ACTUAL (Yardi),2027-02,Scheduled Expiration,,E308,A1_Seas,,t0029918,Emily Batt,,2027-02-22,2026-02-20,,,,,,,,,,,,,,,Not yet due,,,Rent roll lease expiration (current lease),
ACTUAL (Yardi),2027-02,Scheduled Expiration,,E310,S1_Seas,,t0037823,Maria Gaustelum Logan,,2027-02-28,2026-02-28,,,,,,,,,,,,,,,Not yet due,,,Rent roll lease expiration (current lease),
ACTUAL (Yardi),2027-02,Scheduled Expiration,,F206,A1_Seas,,t0037108,Stacey Caruso,,2027-02-13,2026-02-14,,,,,,,,,,,,,,,Not yet due,,,Rent roll lease expiration (current lease),
ACTUAL (Yardi),2027-02,Scheduled Expiration,,F304,A2_Seas,,t0037209,Tristen Dudley,,2027-02-22,2026-02-23,,,,,,,,,,,,,,,Not yet due,,,Rent roll lease expiration (current lease),
ACTUAL (Yardi),2027-02,Scheduled Expiration,,G213,B3b_Seas,,t0036557,Jasmine Alger,,2027-02-27,2026-06-28,,,,,,,,,,,,,,,Not yet due,,,Rent roll lease expiration (current lease),
ACTUAL (Yardi),2027-02,Scheduled Expiration,,H112,C1a_Seas,,t0035056,Benjamin Cox,,2027-02-28,2025-10-29,,,,,,,,,,,,,,,Not yet due,,,Rent roll lease expiration (current lease),
ACTUAL (Yardi),2027-02,Scheduled Expiration,,I104,A2_Seas,,t0034175,Laura Sudmeier,,2027-02-14,2025-08-15,,,,,,,,,,,,,,,Not yet due,,,Rent roll lease expiration (current lease),
ACTUAL (Yardi),2027-02,Scheduled Expiration,,I204,A2_Seas,,t0041411,Paragon Corporate Housing,,2027-02-15,2026-07-16,,,,,,,,,,,,,,,Not yet due,,,Rent roll lease expiration (current lease),
ACTUAL (Yardi),2027-02,Scheduled Expiration,,J106,A1_Seas,,t0030361,Thomas James,,2027-02-28,2025-05-01,,,,,,,,,,,,,,,Not yet due,,,Rent roll lease expiration (current lease),
ACTUAL (Yardi),2027-02,Scheduled Expiration,,J307,B2_Seas,,t0030027,Keriann Frisbee,,2027-02-18,2025-02-19,,,,,,,,,,,,,,,Not yet due,,,Rent roll lease expiration (current lease),
ACTUAL (Yardi),2027-03,Scheduled Expiration,,A108,A1_Seas,,t0035973,Katrina Knox,,2027-03-30,2025-10-31,,,,,,,,,,,,,,,Not yet due,,,Rent roll lease expiration (current lease),
ACTUAL (Yardi),2027-03,Scheduled Expiration,,A202,C1b_Seas,,t0029908,Alexandra McKenzie,,2027-03-24,2025-01-25,,,,,,,,,,,,,,,Not yet due,,,Rent roll lease expiration (current lease),
ACTUAL (Yardi),2027-03,Scheduled Expiration,,A203,A1_Seas,,t0038410,Dakotah Brown,,2027-03-10,2026-03-11,,,,,,,,,,,,,,,Not yet due,,,Rent roll lease expiration (current lease),
ACTUAL (Yardi),2027-03,Scheduled Expiration,,A312,B3b_Seas,,t0037719,Madeline Schmitt,,2027-03-11,2026-03-12,,,,,,,,,,,,,,,Not yet due,,,Rent roll lease expiration (current lease),
ACTUAL (Yardi),2027-03,Scheduled Expiration,,B104,A2_Seas,,t0038091,Jeanette Kreider,,2027-03-22,2026-03-23,,,,,,,,,,,,,,,Not yet due,,,Rent roll lease expiration (current lease),
ACTUAL (Yardi),2027-03,Scheduled Expiration,,B204,A2_Seas,,t0033388,Sherry McKellip,,2027-03-16,2025-07-17,,,,,,,,,,,,,,,Not yet due,,,Rent roll lease expiration (current lease),
ACTUAL (Yardi),2027-03,Scheduled Expiration,,B308,A1_Seas,,t0035844,Tim Burgett,,2027-03-20,2025-10-21,,,,,,,,,,,,,,,Not yet due,,,Rent roll lease expiration (current lease),
ACTUAL (Yardi),2027-03,Scheduled Expiration,,C110,A2_Seas,,t0037572,Madison Vilay,,2027-03-05,2026-03-06,,,,,,,,,,,,,,,Not yet due,,,Rent roll lease expiration (current lease),
ACTUAL (Yardi),2027-03,Scheduled Expiration,,C310,A2_Seas,,t0037650,Amanda Martinez,,2027-03-18,2026-02-19,,,,,,,,,,,,,,,Not yet due,,,Rent roll lease expiration (current lease),
ACTUAL (Yardi),2027-03,Scheduled Expiration,,D105,A1_Seas,,t0037624,Autumn Davis,,2027-03-20,2026-03-21,,,,,,,,,,,,,,,Not yet due,,,Rent roll lease expiration (current lease),
ACTUAL (Yardi),2027-03,Scheduled Expiration,,D110,S1_Seas,,t0031815,Cindy Chandler,,2027-03-23,2025-05-24,,,,,,,,,,,,,,,Not yet due,,,Rent roll lease expiration (current lease),
ACTUAL (Yardi),2027-03,Scheduled Expiration,,D211,A1_Seas,,t0036917,Kelsey McKenna,,2027-03-05,2026-03-06,,,,,,,,,,,,,,,Not yet due,,,Rent roll lease expiration (current lease),
ACTUAL (Yardi),2027-03,Scheduled Expiration,,E106,A1_Seas,,t0041408,Paragon Corporate Housing,,2027-03-26,2026-07-27,,,,,,,,,,,,,,,Not yet due,,,Rent roll lease expiration (current lease),
ACTUAL (Yardi),2027-03,Scheduled Expiration,,E207,B2_Seas,,t0032407,Randy Hunter,,2027-03-01,2025-07-02,,,,,,,,,,,,,,,Not yet due,,,Rent roll lease expiration (current lease),
ACTUAL (Yardi),2027-03,Scheduled Expiration,,F202,C1b_Seas,,t0041224,Paragon Corporate Housing,,2027-03-05,2026-06-22,,,,,,,,,,,,,,,Not yet due,,,Rent roll lease expiration (current lease),
ACTUAL (Yardi),2027-03,Scheduled Expiration,,F203,A1_Seas,,t0030721,Lauren Doggett,,2027-03-07,2025-05-08,,,,,,,,,,,,,,,Not yet due,,,Rent roll lease expiration (current lease),
ACTUAL (Yardi),2027-03,Scheduled Expiration,,F207,B2_Seas,,t0033504,Daniel Nassiri,,2027-03-16,2025-07-17,,,,,,,,,,,,,,,Not yet due,,,Rent roll lease expiration (current lease),
ACTUAL (Yardi),2027-03,Scheduled Expiration,,F312,B3a_Seas,,t0040841,Angela Hart,,2027-03-24,2026-06-13,,,,,,,,,,,,,,,Not yet due,,,Rent roll lease expiration (current lease),
ACTUAL (Yardi),2027-03,Scheduled Expiration,,G206,A1_Seas,,t0036949,Kassidy Carleton,,2027-03-22,2026-03-23,,,,,,,,,,,,,,,Not yet due,,,Rent roll lease expiration (current lease),
ACTUAL (Yardi),2027-03,Scheduled Expiration,,H101,B2_Seas,,t0033299,Austin Bowlin,,2027-03-02,2025-07-03,,,,,,,,,,,,,,,Not yet due,,,Rent roll lease expiration (current lease),
ACTUAL (Yardi),2027-03,Scheduled Expiration,,H108,A1_Seas,,t0038034,Gage Warner,,2027-03-27,2026-03-28,,,,,,,,,,,,,,,Not yet due,,,Rent roll lease expiration (current lease),
ACTUAL (Yardi),2027-03,Scheduled Expiration,,H109,B1_Seas,,t0029432,Alma Barroso,,2027-03-02,2025-01-03,,,,,,,,,,,,,,,Not yet due,,,Rent roll lease expiration (current lease),
ACTUAL (Yardi),2027-03,Scheduled Expiration,,H110,S1_Seas,,t0037739,Sofia Manning,,2027-03-20,2026-03-21,,,,,,,,,,,,,,,Not yet due,,,Rent roll lease expiration (current lease),
ACTUAL (Yardi),2027-03,Scheduled Expiration,,I106,A1_Seas,,t0034896,Cregg Dickinson,,2027-03-22,2025-09-23,,,,,,,,,,,,,,,Not yet due,,,Rent roll lease expiration (current lease),
ACTUAL (Yardi),2027-03,Scheduled Expiration,,I208,A1_Seas,,t0029733,Vinh Nguyen,,2027-03-08,2025-05-09,,,,,,,,,,,,,,,Not yet due,,,Rent roll lease expiration (current lease),
ACTUAL (Yardi),2027-03,Scheduled Expiration,,I303,A1_Seas,,t0035640,Lucas Cressler,,2027-03-29,2024-10-30,,,,,,,,,,,,,,,Not yet due,,,Rent roll lease expiration (current lease),
ACTUAL (Yardi),2027-03,Scheduled Expiration,,I305,B1_Seas,,t0036067,Andrea Azpeitia Cueva,,2027-03-15,2025-12-16,,,,,,,,,,,,,,,Not yet due,,,Rent roll lease expiration (current lease),
ACTUAL (Yardi),2027-03,Scheduled Expiration,,I312,B3b_Seas,,t0028083,London Miller,,2027-03-31,2024-11-01,,,,,,,,,,,,,,,Not yet due,,,Rent roll lease expiration (current lease),
ACTUAL (Yardi),2027-03,Scheduled Expiration,,J102,B3a_Seas,,t0035112,Brenner Luther,,2027-03-30,2026-03-31,,,,,,,,,,,,,,,Not yet due,,,Rent roll lease expiration (current lease),
ACTUAL (Yardi),2027-03,Scheduled Expiration,,J110,S1_Seas,,t0037613,Stephanie Reese,,2027-03-01,2026-03-02,,,,,,,,,,,,,,,Not yet due,,,Rent roll lease expiration (current lease),
ACTUAL (Yardi),2027-03,Scheduled Expiration,,J213,B2_Seas,,t0037184,Taj Conerly,,2027-03-11,2026-03-12,,,,,,,,,,,,,,,Not yet due,,,Rent roll lease expiration (current lease),
ACTUAL (Yardi),2027-04,Scheduled Expiration,,A102,C1a_Seas,,t0038493,Matthew Fielder,,2027-04-20,2026-04-21,,,,,,,,,,,,,,,Not yet due,,,Rent roll lease expiration (current lease),
ACTUAL (Yardi),2027-04,Scheduled Expiration,,A111,A1_Seas,,t0035171,Jonathan Zuniga,,2027-04-05,2025-10-06,,,,,,,,,,,,,,,Not yet due,,,Rent roll lease expiration (current lease),
ACTUAL (Yardi),2027-04,Scheduled Expiration,,A211,A1_Seas,,t0031285,Jaime Valdez,,2027-04-24,2025-04-25,,,,,,,,,,,,,,,Not yet due,,,Rent roll lease expiration (current lease),
ACTUAL (Yardi),2027-04,Scheduled Expiration,,B102,B3a_Seas,,t0035749,Scott Pardew,,2027-04-09,2026-04-10,,,,,,,,,,,,,,,Not yet due,,,Rent roll lease expiration (current lease),
ACTUAL (Yardi),2027-04,Scheduled Expiration,,B105,A1_Seas,,t0041407,Paragon Corporate Housing,,2027-04-28,2026-07-29,,,,,,,,,,,,,,,Not yet due,,,Rent roll lease expiration (current lease),
ACTUAL (Yardi),2027-04,Scheduled Expiration,,B109,B1_Seas,,t0030390,Diocelina Leguizamon Ramirez,,2027-04-26,2025-02-27,,,,,,,,,,,,,,,Not yet due,,,Rent roll lease expiration (current lease),
ACTUAL (Yardi),2027-04,Scheduled Expiration,,B110,S1_Seas,,t0030047,Raymond Huntsman,,2027-04-28,2025-01-29,,,,,,,,,,,,,,,Not yet due,,,Rent roll lease expiration (current lease),
ACTUAL (Yardi),2027-04,Scheduled Expiration,,B112,C1a_Seas,,t0041225,Paragon Corporate Housing,,2027-04-05,2026-07-06,,,,,,,,,,,,,,,Not yet due,,,Rent roll lease expiration (current lease),
ACTUAL (Yardi),2027-04,Scheduled Expiration,,B113,B2_Seas,,t0034397,Brooke Warden,,2027-04-30,2025-09-10,,,,,,,,,,,,,,,Not yet due,,,Rent roll lease expiration (current lease),
ACTUAL (Yardi),2027-04,Scheduled Expiration,,B205,A1_Seas,,t0035120,Harley Boisselle,,2027-04-28,2025-10-29,,,,,,,,,,,,,,,Not yet due,,,Rent roll lease expiration (current lease),
ACTUAL (Yardi),2027-04,Scheduled Expiration,,C113,B3a_Seas,,t0036010,Simon Ayala Teran,,2027-04-03,2025-11-04,,,,,,,,,,,,,,,Not yet due,,,Rent roll lease expiration (current lease),
ACTUAL (Yardi),2027-04,Scheduled Expiration,,C205,B1_Seas,,t0030451,Taylor Smith,,2027-04-20,2025-05-21,,,,,,,,,,,,,,,Not yet due,,,Rent roll lease expiration (current lease),
ACTUAL (Yardi),2027-04,Scheduled Expiration,,D104,A2_Seas,,t0041472,Zach Pulkinen,,2027-04-29,2026-07-30,,,,,,,,,,,,,,,Not yet due,,,Rent roll lease expiration (current lease),
ACTUAL (Yardi),2027-04,Scheduled Expiration,,D112,C1a_Seas,,t0038633,Case Cardenas,,2027-04-09,2026-04-10,,,,,,,,,,,,,,,Not yet due,,,Rent roll lease expiration (current lease),
ACTUAL (Yardi),2027-04,Scheduled Expiration,,D313,B2_Seas,,t0041999,Brian Gray,,2027-04-02,2026-07-03,,,,,,,,,,,,,,,Not yet due,,,Rent roll lease expiration (current lease),
ACTUAL (Yardi),2027-04,Scheduled Expiration,,E304,A2_Seas,,t0041482,Kelsey Palomera,,2027-04-30,2026-08-01,,,,,,,,,,,,,,,Not yet due,,,Rent roll lease expiration (current lease),
ACTUAL (Yardi),2027-04,Scheduled Expiration,,F105,B1_Seas,,t0035888,Dawson Brake,,2027-04-25,2025-10-26,,,,,,,,,,,,,,,Not yet due,,,Rent roll lease expiration (current lease),
ACTUAL (Yardi),2027-04,Scheduled Expiration,,F110,A2_Seas,,t0038566,Carmel Pate,,2027-04-14,2026-04-15,,,,,,,,,,,,,,,Not yet due,,,Rent roll lease expiration (current lease),
ACTUAL (Yardi),2027-04,Scheduled Expiration,,F310,A2_Seas,,t0028211,Logan Routson,,2027-04-19,2025-03-20,,,,,,,,,,,,,,,Not yet due,,,Rent roll lease expiration (current lease),
ACTUAL (Yardi),2027-04,Scheduled Expiration,,G104,A2_Seas,,t0039678,Liam Hilber,,2027-04-16,2026-04-17,,,,,,,,,,,,,,,Not yet due,,,Rent roll lease expiration (current lease),
ACTUAL (Yardi),2027-04,Scheduled Expiration,,G201,B2_Seas,,t0028411,Johnnie Miles,,2027-04-01,2024-11-02,,,,,,,,,,,,,,,Not yet due,,,Rent roll lease expiration (current lease),
ACTUAL (Yardi),2027-04,Scheduled Expiration,,G203,A1_Seas,,t0035108,Ashley Snyder,,2027-04-30,2025-11-01,,,,,,,,,,,,,,,Not yet due,,,Rent roll lease expiration (current lease),
ACTUAL (Yardi),2027-04,Scheduled Expiration,,G205,B1_Seas,,t0029898,Aubrey Jensen,,2027-04-10,2025-01-11,,,,,,,,,,,,,,,Not yet due,,,Rent roll lease expiration (current lease),
ACTUAL (Yardi),2027-04,Scheduled Expiration,,G302,C1b_Seas,,t0027828,Kimberly Turnblom,,2027-04-25,2024-10-26,,,,,,,,,,,,,,,Not yet due,,,Rent roll lease expiration (current lease),
ACTUAL (Yardi),2027-04,Scheduled Expiration,,H103,A1_Seas,,t0036014,Mathew Hwang,,2027-04-21,2025-11-22,,,,,,,,,,,,,,,Not yet due,,,Rent roll lease expiration (current lease),
ACTUAL (Yardi),2027-04,Scheduled Expiration,,H307,B2_Seas,,t0028395,Anthony LaFond,,2027-04-30,2024-11-01,,,,,,,,,,,,,,,Not yet due,,,Rent roll lease expiration (current lease),
ACTUAL (Yardi),2027-04,Scheduled Expiration,,H308,A1_Seas,,t0031159,Jonathan Eckert,,2027-04-17,2025-04-18,,,,,,,,,,,,,,,Not yet due,,,Rent roll lease expiration (current lease),
ACTUAL (Yardi),2027-04,Scheduled Expiration,,H310,S1_Seas,,t0039728,Aoi Kuriki,,2027-04-24,2026-04-25,,,,,,,,,,,,,,,Not yet due,,,Rent roll lease expiration (current lease),
ACTUAL (Yardi),2027-04,Scheduled Expiration,,I102,C1a_Seas,,t0029919,Tyler Healy,,2027-04-10,2025-01-11,,,,,,,,,,,,,,,Not yet due,,,Rent roll lease expiration (current lease),
ACTUAL (Yardi),2027-04,Scheduled Expiration,,I202,C1b_Seas,,t0029974,Monica Pinto Ayala,,2027-04-27,2025-01-28,,,,,,,,,,,,,,,Not yet due,,,Rent roll lease expiration (current lease),
ACTUAL (Yardi),2027-04,Scheduled Expiration,,I302,C1b_Seas,,t0037670,Kelby Rice,,2027-04-02,2026-04-03,,,,,,,,,,,,,,,Not yet due,,,Rent roll lease expiration (current lease),
ACTUAL (Yardi),2027-04,Scheduled Expiration,,I304,A2_Seas,,t0039196,Yaxu Zhong,,2027-04-09,2026-04-10,,,,,,,,,,,,,,,Not yet due,,,Rent roll lease expiration (current lease),
ACTUAL (Yardi),2027-04,Scheduled Expiration,,J103,A1_Seas,,t0030273,Micah Burkman,,2027-04-06,2025-02-07,,,,,,,,,,,,,,,Not yet due,,,Rent roll lease expiration (current lease),
ACTUAL (Yardi),2027-04,Scheduled Expiration,,J105,A1_Seas,,t0037879,Allie Lamb,,2027-04-24,2026-04-25,,,,,,,,,,,,,,,Not yet due,,,Rent roll lease expiration (current lease),
ACTUAL (Yardi),2027-04,Scheduled Expiration,,J207,B2_Seas,,t0038962,Samuel Pardo,,2027-04-06,2026-04-13,,,,,,,,,,,,,,,Not yet due,,,Rent roll lease expiration (current lease),
ACTUAL (Yardi),2027-04,Scheduled Expiration,,J312,C1b_Seas,,t0031384,Briana Neal,,2027-04-17,2026-07-18,,,,,,,,,,,,,,,Not yet due,,,Rent roll lease expiration (current lease),
ACTUAL (Yardi),2027-05,Scheduled Expiration,,A104,A2_Seas,,t0036159,Nancy Bain,,2027-05-13,2025-11-14,,,,,,,,,,,,,,,Not yet due,,,Rent roll lease expiration (current lease),
ACTUAL (Yardi),2027-05,Scheduled Expiration,,B213,B2_Seas,,t0042931,Riley Morris,,2027-05-06,2026-08-07,,,,,,,,,,,,,,,Not yet due,,,Rent roll lease expiration (current lease),
ACTUAL (Yardi),2027-05,Scheduled Expiration,,B310,S1_Seas,,t0039805,Rikkie Flores,,2027-05-22,2026-05-23,,,,,,,,,,,,,,,Not yet due,,,Rent roll lease expiration (current lease),
ACTUAL (Yardi),2027-05,Scheduled Expiration,,D101,B2_Seas,,t0040447,Tana Mclaughlin,,2027-05-30,2026-05-31,,,,,,,,,,,,,,,Not yet due,,,Rent roll lease expiration (current lease),
ACTUAL (Yardi),2027-05,Scheduled Expiration,,D109,B1_Seas,,t0036221,Javier Albor,,2027-05-14,2025-11-15,,,,,,,,,,,,,,,Not yet due,,,Rent roll lease expiration (current lease),
ACTUAL (Yardi),2027-05,Scheduled Expiration,,D204,A2_Seas,,t0037033,Emily Clark,,2027-05-31,2026-03-01,,,,,,,,,,,,,,,Not yet due,,,Rent roll lease expiration (current lease),
ACTUAL (Yardi),2027-05,Scheduled Expiration,,E104,A2_Seas,,t0035751,Jessica Collins,,2027-05-12,2025-11-13,,,,,,,,,,,,,,,Not yet due,,,Rent roll lease expiration (current lease),
ACTUAL (Yardi),2027-05,Scheduled Expiration,,E208,A1_Seas,,t0039810,Angelina Correia,,2027-05-06,2026-05-07,,,,,,,,,,,,,,,Not yet due,,,Rent roll lease expiration (current lease),
ACTUAL (Yardi),2027-05,Scheduled Expiration,,E309,B1_Seas,,t0040460,Enrique Castro Torres,,2027-05-12,2026-05-13,,,,,,,,,,,,,,,Not yet due,,,Rent roll lease expiration (current lease),
ACTUAL (Yardi),2027-05,Scheduled Expiration,,F212,B3b_Seas,,t0040203,Jeannetta Helms,,2027-05-31,2026-06-01,,,,,,,,,,,,,,,Not yet due,,,Rent roll lease expiration (current lease),
ACTUAL (Yardi),2027-05,Scheduled Expiration,,G110,A2_Seas,,t0040027,Hayley Snyder,,2027-05-16,2026-05-17,,,,,,,,,,,,,,,Not yet due,,,Rent roll lease expiration (current lease),
ACTUAL (Yardi),2027-05,Scheduled Expiration,,G207,B2_Seas,,t0037798,Joshua Weeks,,2027-05-01,2026-05-02,,,,,,,,,,,,,,,Not yet due,,,Rent roll lease expiration (current lease),
ACTUAL (Yardi),2027-05,Scheduled Expiration,,G305,B1_Seas,,t0039839,Elijah Boysen,,2027-05-22,2026-05-23,,,,,,,,,,,,,,,Not yet due,,,Rent roll lease expiration (current lease),
ACTUAL (Yardi),2027-05,Scheduled Expiration,,H105,A1_Seas,,t0038359,Hudson McFain,,2027-05-06,2026-05-07,,,,,,,,,,,,,,,Not yet due,,,Rent roll lease expiration (current lease),
ACTUAL (Yardi),2027-05,Scheduled Expiration,,H113,B2_Seas,,t0035155,Connor Mahoney,,2027-05-31,2025-12-01,,,,,,,,,,,,,,,Not yet due,,,Rent roll lease expiration (current lease),
ACTUAL (Yardi),2027-05,Scheduled Expiration,,H208,A1_Seas,,t0028957,Maria Chan,,2027-05-07,2024-11-08,,,,,,,,,,,,,,,Not yet due,,,Rent roll lease expiration (current lease),
ACTUAL (Yardi),2027-05,Scheduled Expiration,,I113,B3a_Seas,,t0032375,Clarisa Alcantara,,2027-05-23,2025-05-24,,,,,,,,,,,,,,,Not yet due,,,Rent roll lease expiration (current lease),
ACTUAL (Yardi),2027-05,Scheduled Expiration,,I212,B3b_Seas,,t0035976,Diego Gil,,2027-05-03,2025-11-04,,,,,,,,,,,,,,,Not yet due,,,Rent roll lease expiration (current lease),
ACTUAL (Yardi),2027-05,Scheduled Expiration,,I301,B2_Seas,,t0036033,camille grimm,,2027-05-04,2025-12-05,,,,,,,,,,,,,,,Not yet due,,,Rent roll lease expiration (current lease),
ACTUAL (Yardi),2027-05,Scheduled Expiration,,J203,A1_Seas,,t0042364,Lilly Ngo,,2027-05-08,2026-08-09,,,,,,,,,,,,,,,Not yet due,,,Rent roll lease expiration (current lease),
ACTUAL (Yardi),2027-05,Scheduled Expiration,,J203,A1_Seas,,t0042988,Kermit Akin,,2027-05-13,2026-08-14,,,,,,,,,,,,,,,Not yet due,,,Rent roll lease expiration (current lease),
ACTUAL (Yardi),2027-06,Scheduled Expiration,,A103,A1_Seas,,t0041651,Murata Machinery Inc,Y,2027-06-09,2026-08-03,,,,,,,,,,,,,,,Not yet due,,,Rent roll lease expiration (current lease),
ACTUAL (Yardi),2027-06,Scheduled Expiration,,A110,A2_Seas,,t0036419,Zackary Dent,,2027-06-17,2025-12-18,,,,,,,,,,,,,,,Not yet due,,,Rent roll lease expiration (current lease),
ACTUAL (Yardi),2027-06,Scheduled Expiration,,A305,B1_Seas,,t0032547,Johnny Harris,,2027-06-26,2025-05-27,,,,,,,,,,,,,,,Not yet due,,,Rent roll lease expiration (current lease),
ACTUAL (Yardi),2027-06,Scheduled Expiration,,B201,B2_Seas,,t0039802,Brent Mcgirr,,2027-06-09,2026-06-10,,,,,,,,,,,,,,,Not yet due,,,Rent roll lease expiration (current lease),
ACTUAL (Yardi),2027-06,Scheduled Expiration,,B213,B2_Seas,,t0042628,Madison Schneider,,2027-06-06,2026-08-07,,,,,,,,,,,,,,,Not yet due,,,Rent roll lease expiration (current lease),
ACTUAL (Yardi),2027-06,Scheduled Expiration,,B302,B3b_Seas,,t0040032,Karey Hoke,,2027-06-15,2026-06-16,,,,,,,,,,,,,,,Not yet due,,,Rent roll lease expiration (current lease),
ACTUAL (Yardi),2027-06,Scheduled Expiration,,C111,A1_Seas,,t0031925,Zachary Langford,,2027-06-30,2025-07-01,,,,,,,,,,,,,,,Not yet due,,,Rent roll lease expiration (current lease),
ACTUAL (Yardi),2027-06,Scheduled Expiration,,D103,A1_Seas,,t0031960,Caleb Cosentino,,2027-06-16,2025-06-17,,,,,,,,,,,,,,,Not yet due,,,Rent roll lease expiration (current lease),
ACTUAL (Yardi),2027-06,Scheduled Expiration,,E203,A1_Seas,,t0040207,Sebastian Mooney,,2027-06-26,2026-06-27,,,,,,,,,,,,,,,Not yet due,,,Rent roll lease expiration (current lease),
ACTUAL (Yardi),2027-06,Scheduled Expiration,,E205,A1_Seas,,t0033020,Dalton Bjorum,,2027-06-20,2025-06-21,,,,,,,,,,,,,,,Not yet due,,,Rent roll lease expiration (current lease),
ACTUAL (Yardi),2027-06,Scheduled Expiration,,F102,C1a_Seas,,t0032805,Camille Nielsen,,2027-06-27,2025-06-28,,,,,,,,,,,,,,,Not yet due,,,Rent roll lease expiration (current lease),
ACTUAL (Yardi),2027-06,Scheduled Expiration,,F104,A2_Seas,,t0033307,Kricia Tauiliili,,2027-06-13,2025-07-14,,,,,,,,,,,,,,,Not yet due,,,Rent roll lease expiration (current lease),
ACTUAL (Yardi),2027-06,Scheduled Expiration,,F201,B2_Seas,,t0033357,Cameron Hom,,2027-06-11,2025-07-12,,,,,,,,,,,,,,,Not yet due,,,Rent roll lease expiration (current lease),
ACTUAL (Yardi),2027-06,Scheduled Expiration,,F205,B1_Seas,,t0042810,Kristi Clavere,,2027-06-27,2026-09-28,,,,,,,,,,,,,,,Not yet due,,,Rent roll lease expiration (current lease),
ACTUAL (Yardi),2027-06,Scheduled Expiration,,F208,A1_Seas,,t0030993,Lawrence Wells,,2027-06-25,2025-03-26,,,,,,,,,,,,,,,Not yet due,,,Rent roll lease expiration (current lease),
ACTUAL (Yardi),2027-06,Scheduled Expiration,,F211,A1_Seas,,t0030833,Brooke Jorde,,2027-06-27,2025-03-28,,,,,,,,,,,,,,,Not yet due,,,Rent roll lease expiration (current lease),
ACTUAL (Yardi),2027-06,Scheduled Expiration,,F303,A1_Seas,,t0036292,Olivia Feller,,2027-06-12,2025-12-13,,,,,,,,,,,,,,,Not yet due,,,Rent roll lease expiration (current lease),
ACTUAL (Yardi),2027-06,Scheduled Expiration,,G105,B1_Seas,,t0032722,Cassandra Win,,2027-06-17,2025-06-18,,,,,,,,,,,,,,,Not yet due,,,Rent roll lease expiration (current lease),
ACTUAL (Yardi),2027-06,Scheduled Expiration,,G301,B2_Seas,,t0038412,Alexander Nash,,2027-06-21,2026-03-22,,,,,,,,,,,,,,,Not yet due,,,Rent roll lease expiration (current lease),
ACTUAL (Yardi),2027-06,Scheduled Expiration,,G306,A1_Seas,,t0030845,Allison Wilcox,,2027-06-16,2025-03-17,,,,,,,,,,,,,,,Not yet due,,,Rent roll lease expiration (current lease),
ACTUAL (Yardi),2027-06,Scheduled Expiration,,I108,A1_Seas,,t0031314,Eyob Tarekegn,,2027-06-29,2025-04-30,,,,,,,,,,,,,,,Not yet due,,,Rent roll lease expiration (current lease),
ACTUAL (Yardi),2027-06,Scheduled Expiration,,I112,B3a_Seas,,t0032096,Chareen Snelson,,2027-06-09,2025-05-10,,,,,,,,,,,,,,,Not yet due,,,Rent roll lease expiration (current lease),
ACTUAL (Yardi),2027-06,Scheduled Expiration,,I207,B2_Seas,,t0039656,Amber Newbourg,,2027-06-06,2026-06-07,,,,,,,,,,,,,,,Not yet due,,,Rent roll lease expiration (current lease),
ACTUAL (Yardi),2027-06,Scheduled Expiration,,I209,A1_Seas,,t0040232,John Mock,,2027-06-24,2026-06-25,,,,,,,,,,,,,,,Not yet due,,,Rent roll lease expiration (current lease),
ACTUAL (Yardi),2027-06,Scheduled Expiration,,I213,B3b_Seas,,t0032788,Samuel Oliferchik,,2027-06-25,2026-06-26,,,,,,,,,,,,,,,Not yet due,,,Rent roll lease expiration (current lease),
ACTUAL (Yardi),2027-06,Scheduled Expiration,,I307,B2_Seas,,t0029395,Kevin Seely,,2027-06-02,2024-12-03,,,,,,,,,,,,,,,Not yet due,,,Rent roll lease expiration (current lease),
ACTUAL (Yardi),2027-06,Scheduled Expiration,,J104,A2_Seas,,t0035220,Hailey Kelton,,2027-06-17,2025-12-18,,,,,,,,,,,,,,,Not yet due,,,Rent roll lease expiration (current lease),
ACTUAL (Yardi),2027-06,Scheduled Expiration,,J107,B2_Seas,,t0035830,Kelsey Carter,,2027-06-11,2025-12-12,,,,,,,,,,,,,,,Not yet due,,,Rent roll lease expiration (current lease),
ACTUAL (Yardi),2027-06,Scheduled Expiration,,J108,A1_Seas,,t0041655,Murata Machinery Inc,Y,2027-06-17,2026-08-17,,,,,,,,,,,,,,,Not yet due,,,Rent roll lease expiration (current lease),
ACTUAL (Yardi),2027-06,Scheduled Expiration,,J202,B3b_Seas,,t0030716,Sasi Kiran Nallapaneni,,2027-06-14,2025-03-15,,,,,,,,,,,,,,,Not yet due,,,Rent roll lease expiration (current lease),
ACTUAL (Yardi),2027-06,Scheduled Expiration,,J206,A1_Seas,,t0040870,Bridget Lorentzen,,2027-06-08,2026-06-09,,,,,,,,,,,,,,,Not yet due,,,Rent roll lease expiration (current lease),
ACTUAL (Yardi),2027-07,Scheduled Expiration,,A105,B1_Seas,,t0040872,Parker Banner,,2027-07-16,2026-07-17,,,,,,,,,,,,,,,Not yet due,,,Rent roll lease expiration (current lease),
ACTUAL (Yardi),2027-07,Scheduled Expiration,,A201,B2_Seas,,t0040592,Katelyn Greenwald,,2027-07-28,2026-07-29,,,,,,,,,,,,,,,Not yet due,,,Rent roll lease expiration (current lease),
ACTUAL (Yardi),2027-07,Scheduled Expiration,,A304,A2_Seas,,t0042429,Sriharsha Kolla,,2027-07-24,2026-07-25,,,,,,,,,,,,,,,Not yet due,,,Rent roll lease expiration (current lease),
ACTUAL (Yardi),2027-07,Scheduled Expiration,,A307,B2_Seas,,t0029257,Nicholas Sleyko,,2027-07-16,2025-01-17,,,,,,,,,,,,,,,Not yet due,,,Rent roll lease expiration (current lease),
ACTUAL (Yardi),2027-07,Scheduled Expiration,,B202,B3b_Seas,,t0041048,Clare Converse,,2027-07-30,2026-07-31,,,,,,,,,,,,,,,Not yet due,,,Rent roll lease expiration (current lease),
ACTUAL (Yardi),2027-07,Scheduled Expiration,,B211,A1_Seas,,t0040452,Jacob Stauble,,2027-07-07,2026-07-08,,,,,,,,,,,,,,,Not yet due,,,Rent roll lease expiration (current lease),
ACTUAL (Yardi),2027-07,Scheduled Expiration,,B211,A1_Seas,,t0042612,Stephanie Huner,,2027-07-19,2026-07-20,,,,,,,,,,,,,,,Not yet due,,,Rent roll lease expiration (current lease),
ACTUAL (Yardi),2027-07,Scheduled Expiration,,B304,A2_Seas,,t0037906,Leah Sullivan,,2027-07-23,2026-04-24,,,,,,,,,,,,,,,Not yet due,,,Rent roll lease expiration (current lease),
ACTUAL (Yardi),2027-07,Scheduled Expiration,,C106,A1_Seas,,t0040715,Catherine McInnes,,2027-07-21,2026-07-22,,,,,,,,,,,,,,,Not yet due,,,Rent roll lease expiration (current lease),
ACTUAL (Yardi),2027-07,Scheduled Expiration,,C108,A1_Seas,,t0031911,Renata Holmes,,2027-07-02,2025-07-03,,,,,,,,,,,,,,,Not yet due,,,Rent roll lease expiration (current lease),
ACTUAL (Yardi),2027-07,Scheduled Expiration,,C112,B3a_Seas,,t0043209,Dakota hi hi McKeeth,,2027-07-31,2026-08-05,,,,,,,,,,,,,,,Not yet due,,,Rent roll lease expiration (current lease),
ACTUAL (Yardi),2027-07,Scheduled Expiration,,C204,A2_Seas,,t0036783,Isaac Chandler Rivera,,2027-07-28,2026-01-29,,,,,,,,,,,,,,,Not yet due,,,Rent roll lease expiration (current lease),
ACTUAL (Yardi),2027-07,Scheduled Expiration,,C210,A2_Seas,,t0033480,Kylee Gloria,,2027-07-28,2025-07-29,,,,,,,,,,,,,,,Not yet due,,,Rent roll lease expiration (current lease),
ACTUAL (Yardi),2027-07,Scheduled Expiration,,D107,B2_Seas,,t0040591,Abigail Booth,,2027-07-15,2026-07-16,,,,,,,,,,,,,,,Not yet due,,,Rent roll lease expiration (current lease),
ACTUAL (Yardi),2027-07,Scheduled Expiration,,D107,B2_Seas,,t0042667,Sam Burkholder,,2027-07-15,2026-07-16,,,,,,,,,,,,,,,Not yet due,,,Rent roll lease expiration (current lease),
ACTUAL (Yardi),2027-07,Scheduled Expiration,,D202,B3b_Seas,,t0041717,Mark Garcia,,2027-07-19,2026-07-19,,,,,,,,,,,,,,,Not yet due,,,Rent roll lease expiration (current lease),
ACTUAL (Yardi),2027-07,Scheduled Expiration,,D207,B2_Seas,,t0035639,Samantha Post,,2027-07-24,2026-07-25,,,,,,,,,,,,,,,Not yet due,,,Rent roll lease expiration (current lease),
ACTUAL (Yardi),2027-07,Scheduled Expiration,,D210,S1_Seas,,t0041421,Jackalyn Gates,,2027-07-27,2026-07-28,,,,,,,,,,,,,,,Not yet due,,,Rent roll lease expiration (current lease),
ACTUAL (Yardi),2027-07,Scheduled Expiration,,E107,B2_Seas,,t0033668,Haley Fellman,,2027-07-31,2025-08-01,,,,,,,,,,,,,,,Not yet due,,,Rent roll lease expiration (current lease),
ACTUAL (Yardi),2027-07,Scheduled Expiration,,E210,S1_Seas,,t0040799,Timothy Liu,,2027-07-17,2026-07-18,,,,,,,,,,,,,,,Not yet due,,,Rent roll lease expiration (current lease),
ACTUAL (Yardi),2027-07,Scheduled Expiration,,E304,A2_Seas,,t0042719,Anjali Devabhaktuni,,2027-07-22,2026-07-23,,,,,,,,,,,,,,,Not yet due,,,Rent roll lease expiration (current lease),
ACTUAL (Yardi),2027-07,Scheduled Expiration,,F109,A1_Seas,,t0042556,Adrian Tate,,2027-07-17,2026-07-18,,,,,,,,,,,,,,,Not yet due,,,Rent roll lease expiration (current lease),
ACTUAL (Yardi),2027-07,Scheduled Expiration,,F111,A1_Seas,,t0039960,Avery Lallande,,2027-07-10,2026-07-11,,,,,,,,,,,,,,,Not yet due,,,Rent roll lease expiration (current lease),
ACTUAL (Yardi),2027-07,Scheduled Expiration,,F204,A2_Seas,,t0042733,Christopher Rodriguez,,2027-07-21,2026-07-22,,,,,,,,,,,,,,,Not yet due,,,Rent roll lease expiration (current lease),
ACTUAL (Yardi),2027-07,Scheduled Expiration,,G204,A2_Seas,,t0036660,Seth Senajon,,2027-07-13,2026-01-14,,,,,,,,,,,,,,,Not yet due,,,Rent roll lease expiration (current lease),
ACTUAL (Yardi),2027-07,Scheduled Expiration,,G210,A2_Seas,,t0040121,Britney Burnam,,2027-07-19,2026-07-20,,,,,,,,,,,,,,,Not yet due,,,Rent roll lease expiration (current lease),
ACTUAL (Yardi),2027-07,Scheduled Expiration,,G312,B3b_Seas,,t0031082,Ruth Cuentas,,2027-07-31,2025-05-01,,,,,,,,,,,,,,,Not yet due,,,Rent roll lease expiration (current lease),
ACTUAL (Yardi),2027-07,Scheduled Expiration,,G313,B3b_Seas,,t0030466,Annabella Pierotti,,2027-07-31,2026-06-07,,,,,,,,,,,,,,,Not yet due,,,Rent roll lease expiration (current lease),
ACTUAL (Yardi),2027-07,Scheduled Expiration,,H302,B3b_Seas,,t0037759,David Horras,,2027-07-13,2026-03-14,,,,,,,,,,,,,,,Not yet due,,,Rent roll lease expiration (current lease),
ACTUAL (Yardi),2027-07,Scheduled Expiration,,I107,B2_Seas,,t0038026,Micah Frickel,,2027-07-07,2026-06-08,,,,,,,,,,,,,,,Not yet due,,,Rent roll lease expiration (current lease),
ACTUAL (Yardi),2027-07,Scheduled Expiration,,I110,A2_Seas,,t0039164,Gurleen Gill,,2027-07-19,2026-07-20,,,,,,,,,,,,,,,Not yet due,,,Rent roll lease expiration (current lease),
ACTUAL (Yardi),2027-07,Scheduled Expiration,,I203,A1_Seas,,t0041654,Murata Machinery Inc,Y,2027-07-15,2026-08-16,,,,,,,,,,,,,,,Not yet due,,,Rent roll lease expiration (current lease),
ACTUAL (Yardi),2027-07,Scheduled Expiration,,I310,A2_Seas,,t0039136,Mia Fandrey,,2027-07-20,2026-07-21,,,,,,,,,,,,,,,Not yet due,,,Rent roll lease expiration (current lease),
ACTUAL (Yardi),2027-07,Scheduled Expiration,,I313,B3b_Seas,,t0038526,Joshua Arredondo,,2027-07-09,2026-04-10,,,,,,,,,,,,,,,Not yet due,,,Rent roll lease expiration (current lease),
ACTUAL (Yardi),2027-07,Scheduled Expiration,,J302,B3b_Seas,,t0041478,Alliya Lopez,,2027-07-25,2026-07-26,,,,,,,,,,,,,,,Not yet due,,,Rent roll lease expiration (current lease),
ACTUAL (Yardi),2027-08,Scheduled Expiration,,A112,B3a_Seas,,t0043172,Armaan Monavari,,2027-08-07,2026-08-08,,,,,,,,,,,,,,,Not yet due,,,Rent roll lease expiration (current lease),
ACTUAL (Yardi),2027-08,Scheduled Expiration,,A205,B1_Seas,,t0031017,Michael Saffery Hoopii,,2027-08-19,2026-02-20,,,,,,,,,,,,,,,Not yet due,,,Rent roll lease expiration (current lease),
ACTUAL (Yardi),2027-08,Scheduled Expiration,,A303,A1_Seas,,t0041657,Murata Machinery Inc,Y,2027-08-24,2026-08-25,,,,,,,,,,,,,,,Not yet due,,,Rent roll lease expiration (current lease),
ACTUAL (Yardi),2027-08,Scheduled Expiration,,B207,B2_Seas,,t0042642,Taylor Perron,,2027-08-15,2026-08-16,,,,,,,,,,,,,,,Not yet due,,,Rent roll lease expiration (current lease),
ACTUAL (Yardi),2027-08,Scheduled Expiration,,B301,B2_Seas,,t0037520,Rollin Goodman,,2027-08-13,2026-02-14,,,,,,,,,,,,,,,Not yet due,,,Rent roll lease expiration (current lease),
ACTUAL (Yardi),2027-08,Scheduled Expiration,,C109,A1_Seas,,t0043080,Christopher Cavalline,,2027-08-04,2026-08-05,,,,,,,,,,,,,,,Not yet due,,,Rent roll lease expiration (current lease),
ACTUAL (Yardi),2027-08,Scheduled Expiration,,C112,B3a_Seas,,t0042598,Carol Solbrig,,2027-08-04,2026-08-05,,,,,,,,,,,,,,,Not yet due,,,Rent roll lease expiration (current lease),
ACTUAL (Yardi),2027-08,Scheduled Expiration,,C312,B3b_Seas,,t0037238,Caleb Hoobery,,2027-08-05,2026-02-06,,,,,,,,,,,,,,,Not yet due,,,Rent roll lease expiration (current lease),
ACTUAL (Yardi),2027-08,Scheduled Expiration,,D206,A1_Seas,,t0036534,Rachel Maxwell,,2027-08-05,2026-02-06,,,,,,,,,,,,,,,Not yet due,,,Rent roll lease expiration (current lease),
ACTUAL (Yardi),2027-08,Scheduled Expiration,,D310,S1_Seas,,t0043203,Orin Clawson,,2027-08-06,2026-08-07,,,,,,,,,,,,,,,Not yet due,,,Rent roll lease expiration (current lease),
ACTUAL (Yardi),2027-08,Scheduled Expiration,,E201,B2_Seas,,t0032972,Ruslan BAKLANOV,,2027-08-04,2025-07-05,,,,,,,,,,,,,,,Not yet due,,,Rent roll lease expiration (current lease),
ACTUAL (Yardi),2027-08,Scheduled Expiration,,E301,B2_Seas,,t0037024,James Souder,,2027-08-11,2026-02-12,,,,,,,,,,,,,,,Not yet due,,,Rent roll lease expiration (current lease),
ACTUAL (Yardi),2027-08,Scheduled Expiration,,E313,S1_Seas,,t0042787,Charles Aiken,,2027-08-13,2026-08-07,,,,,,,,,,,,,,,Not yet due,,,Rent roll lease expiration (current lease),
ACTUAL (Yardi),2027-08,Scheduled Expiration,,F106,A1_Seas,,t0041656,Murata Machinery Inc,Y,2027-08-29,2026-08-18,,,,,,,,,,,,,,,Not yet due,,,Rent roll lease expiration (current lease),
ACTUAL (Yardi),2027-08,Scheduled Expiration,,F112,B3a_Seas,,t0042638,Mitchell Johnson,,2027-08-10,2026-08-11,,,,,,,,,,,,,,,Not yet due,,,Rent roll lease expiration (current lease),
ACTUAL (Yardi),2027-08,Scheduled Expiration,,F301,B2_Seas,,t0043248,Arnaldo Lopez,,2027-08-03,2026-08-04,,,,,,,,,,,,,,,Not yet due,,,Rent roll lease expiration (current lease),
ACTUAL (Yardi),2027-08,Scheduled Expiration,,G209,A1_Seas,,t0042695,Michael Mccarthy,,2027-08-09,2026-08-10,,,,,,,,,,,,,,,Not yet due,,,Rent roll lease expiration (current lease),
ACTUAL (Yardi),2027-08,Scheduled Expiration,,H203,A1_Seas,,t0042759,Murata Machinery Inc,Y,2027-08-29,2026-08-30,,,,,,,,,,,,,,,Not yet due,,,Rent roll lease expiration (current lease),
ACTUAL (Yardi),2027-08,Scheduled Expiration,,H213,B2_Seas,,t0043088,Alan Vergara,,2027-08-28,2026-08-29,,,,,,,,,,,,,,,Not yet due,,,Rent roll lease expiration (current lease),
ACTUAL (Yardi),2027-08,Scheduled Expiration,,H313,B2_Seas,,t0038947,Cameron Welcome,,2027-08-29,2026-06-30,,,,,,,,,,,,,,,Not yet due,,,Rent roll lease expiration (current lease),
ACTUAL (Yardi),2027-08,Scheduled Expiration,,J304,A2_Seas,,t0038531,Samantha Neilson,,2027-08-18,2026-04-19,,,,,,,,,,,,,,,Not yet due,,,Rent roll lease expiration (current lease),
ACTUAL (Yardi),2027-09,Scheduled Expiration,,A302,C1b_Seas,,t0038089,Christopher Dante,,2027-09-29,2026-03-30,,,,,,,,,,,,,,,Not yet due,,,Rent roll lease expiration (current lease),
ACTUAL (Yardi),2027-09,Scheduled Expiration,,B106,A1_Seas,,t0041650,Murata Machinery Inc,Y,2027-09-01,2026-08-01,,,,,,,,,,,,,,,Not yet due,,,Rent roll lease expiration (current lease),
ACTUAL (Yardi),2027-09,Scheduled Expiration,,B203,A1_Seas,,t0037754,Anne Dalpini,,2027-09-06,2026-03-07,,,,,,,,,,,,,,,Not yet due,,,Rent roll lease expiration (current lease),
ACTUAL (Yardi),2027-09,Scheduled Expiration,,B208,A1_Seas,,t0037959,Kennedi Fischer,,2027-09-13,2026-03-14,,,,,,,,,,,,,,,Not yet due,,,Rent roll lease expiration (current lease),
ACTUAL (Yardi),2027-09,Scheduled Expiration,,D113,B2_Seas,,t0039860,Lorena Limon-Walker,,2027-09-30,2026-08-01,,,,,,,,,,,,,,,Not yet due,,,Rent roll lease expiration (current lease),
ACTUAL (Yardi),2027-09,Scheduled Expiration,,E109,B1_Seas,,t0036543,Karen Walker,,2027-09-18,2026-03-19,,,,,,,,,,,,,,,Not yet due,,,Rent roll lease expiration (current lease),
ACTUAL (Yardi),2027-09,Scheduled Expiration,,E112,C1a_Seas,,t0031668,Jonathan Willis,,2027-09-26,2025-04-27,,,,,,,,,,,,,,,Not yet due,,,Rent roll lease expiration (current lease),
ACTUAL (Yardi),2027-09,Scheduled Expiration,,E212,C1b_Seas,,t0038047,Danielle Muller,,2027-09-30,2026-03-31,,,,,,,,,,,,,,,Not yet due,,,Rent roll lease expiration (current lease),
ACTUAL (Yardi),2027-09,Scheduled Expiration,,F108,A1_Seas,,t0041653,Murata Machinery Inc,Y,2027-09-08,2026-08-05,,,,,,,,,,,,,,,Not yet due,,,Rent roll lease expiration (current lease),
ACTUAL (Yardi),2027-09,Scheduled Expiration,,F306,A1_Seas,,t0038004,John Chorlog,,2027-09-22,2026-03-23,,,,,,,,,,,,,,,Not yet due,,,Rent roll lease expiration (current lease),
ACTUAL (Yardi),2027-09,Scheduled Expiration,,F313,B3b_Seas,,t0030480,Rob Nord,,2027-09-27,2025-03-28,,,,,,,,,,,,,,,Not yet due,,,Rent roll lease expiration (current lease),
ACTUAL (Yardi),2027-09,Scheduled Expiration,,G107,B2_Seas,,t0027910,Janece Gourley,,2027-09-12,2026-03-15,,,,,,,,,,,,,,,Not yet due,,,Rent roll lease expiration (current lease),
ACTUAL (Yardi),2027-09,Scheduled Expiration,,H207,B2_Seas,,t0038050,Trey Axtell,,2027-09-19,2026-06-20,,,,,,,,,,,,,,,Not yet due,,,Rent roll lease expiration (current lease),
ACTUAL (Yardi),2027-09,Scheduled Expiration,,H312,C1b_Seas,,t0038546,Arrianna Estes,,2027-09-25,2026-03-26,,,,,,,,,,,,,,,Not yet due,,,Rent roll lease expiration (current lease),
ACTUAL (Yardi),2027-09,Scheduled Expiration,,J209,B1_Seas,,t0038423,Leah Martin,,2027-09-18,2026-03-19,,,,,,,,,,,,,,,Not yet due,,,Rent roll lease expiration (current lease),
ACTUAL (Yardi),2027-10,Scheduled Expiration,,E213,B2_Seas,,t0038417,Kelcey Cooper,,2027-10-22,2026-04-23,,,,,,,,,,,,,,,Not yet due,,,Rent roll lease expiration (current lease),
ACTUAL (Yardi),2027-10,Scheduled Expiration,,E307,B2_Seas,,t0039449,Ray Ramirez,,2027-10-23,2026-04-24,,,,,,,,,,,,,,,Not yet due,,,Rent roll lease expiration (current lease),
ACTUAL (Yardi),2027-10,Scheduled Expiration,,H102,B3a_Seas,,t0031664,antonio arellano,,2027-10-29,2025-04-30,,,,,,,,,,,,,,,Not yet due,,,Rent roll lease expiration (current lease),
ACTUAL (Yardi),2027-11,Scheduled Expiration,,G102,C1a_Seas,,t0039140,Rachel Stice,,2027-11-25,2026-05-26,,,,,,,,,,,,,,,Not yet due,,,Rent roll lease expiration (current lease),
ACTUAL (Yardi),2027-12,Scheduled Expiration,,E113,B2_Seas,,t0039790,Arrin Gunn,,2027-12-15,2026-06-16,,,,,,,,,,,,,,,Not yet due,,,Rent roll lease expiration (current lease),
ACTUAL (Yardi),2027-12,Scheduled Expiration,,I201,B2_Seas,,t0037876,Makyna Christensen,,2027-12-14,2026-06-15,,,,,,,,,,,,,,,Not yet due,,,Rent roll lease expiration (current lease),
ACTUAL (Yardi),2028-01,Scheduled Expiration,,A113,B3a_Seas,,t0042564,Jabier Flores Garcia,,2028-01-28,2026-07-27,,,,,,,,,,,,,,,Not yet due,,,Rent roll lease expiration (current lease),
ACTUAL (Yardi),2028-01,Scheduled Expiration,,F307,B2_Seas,,t0040363,Isabel Brown,,2028-01-09,2026-07-10,,,,,,,,,,,,,,,Not yet due,,,Rent roll lease expiration (current lease),
ACTUAL (Yardi),2028-01,Scheduled Expiration,,I206,A1_Seas,,t0029954,Ray Monks,,2028-01-27,2025-01-28,,,,,,,,,,,,,,,Not yet due,,,Rent roll lease expiration (current lease),
ACTUAL (Yardi),2028-02,Scheduled Expiration,,E102,B3a_Seas,,t0043176,Van Pacheco,,2028-02-15,2026-08-16,,,,,,,,,,,,,,,Not yet due,,,Rent roll lease expiration (current lease),
ACTUAL (Yardi),2028-02,Scheduled Expiration,,F210,A2_Seas,,t0032847,Camille Munk,,2028-02-05,2026-08-06,,,,,,,,,,,,,,,Not yet due,,,Rent roll lease expiration (current lease),
