Property Name,Floorplan,Unit,Floor,Bedrooms,Bathrooms,Partial Bathrooms,SF,Available On,Deposit,Term,Est AMI Level,Last Asking Rent,Asking Rent PSF,Last Effective Rent,Effective Rent PSF,On Market Date,Off Market Date,Days on Market,Days Vacant
Canyon Ridge,A3,D-211,2,1,1,,593,8/12/2025,700,15,80%,1495,2.52,1495,2.52,2025-07-02,2025-10-27,118,77
Canyon Ridge,A3,A-207,2,1,1,,593,9/1/2024,700,12,80%,1600,2.7,1477,2.49,2024-07-16,2024-09-21,68,21
Canyon Ridge,A3,A-207,2,1,1,,593,11/5/2025,700,15,80%,1495,2.52,1495,2.52,2025-08-20,2025-11-21,94,17
Canyon Ridge,A3,A-107,1,1,1,,593,9/1/2024,700,12,80%,1525,2.57,1525,2.57,2024-07-16,2024-08-09,25,0
Canyon Ridge,A3,A-107,1,1,1,,593,11/4/2025,700,14,80%,1525,2.57,1324,2.23,2025-09-26,2025-12-03,69,30
Canyon Ridge,A3,C-406,4,1,1,,593,10/2/2025,700,15,80%,1550,2.61,1359,2.29,2025-03-11,2025-12-31,296,91
Canyon Ridge,A3,B-220,2,1,1,,593,9/1/2024,700,12,80%,1600,2.7,1600,2.7,2024-07-16,2024-07-26,11,0
Canyon Ridge,A3,B-220,2,1,1,,593,3/15/2025,500,12,80%,1565,2.64,1384,2.33,2024-11-15,2025-05-10,177,57
Canyon Ridge,A3,D-404,4,1,1,,593,8/12/2025,700,12,80%,1595,2.69,1349,2.27,2025-07-02,2025-09-12,73,32
Canyon Ridge,A3,D-304,3,1,1,,593,8/12/2025,700,12,80%,1595,2.69,1349,2.27,2025-07-02,2025-09-11,72,31
Canyon Ridge,A3,D-204,2,1,1,,593,8/12/2025,700,12,80%,1595,2.69,1595,2.69,2025-07-02,2025-09-04,65,24
Canyon Ridge,A3,E-206,2,1,1,,593,8/5/2025,700,12,80%,1595,2.69,1349,2.27,2025-05-30,2025-09-18,112,45
Canyon Ridge,A3,C-306,3,1,1,,593,4/5/2025,700,12,80%,1600,2.7,1415,2.39,2025-03-06,2025-04-06,32,2
Canyon Ridge,A3,C-106,1,1,1,,593,4/5/2025,500,12,80%,1605,2.71,1420,2.39,2025-03-11,2025-05-09,60,35
Canyon Ridge,A3,A-307,3,1,1,,593,9/1/2024,700,12,80%,1650,2.78,1650,2.78,2024-07-26,2024-09-09,46,9
Canyon Ridge,A3,B-317,3,1,1,,593,3/15/2025,700,12,80%,1650,2.78,1459,2.46,2024-11-15,2025-04-09,146,26
Canyon Ridge,A3,A-407,4,1,1,,593,9/1/2024,700,12,80%,1655,2.79,1655,2.79,2024-07-26,2024-08-17,23,0
Canyon Ridge,A3,B-117,1,1,1,,593,3/15/2025,500,12,80%,1670,2.82,1477,2.49,2024-11-15,2025-06-03,201,81
Canyon Ridge,A3 1x1,B-320,3,1,1,,593,9/1/2024,700,12,80%,1600,2.7,1600,2.7,2024-07-16,2024-07-26,11,0
Canyon Ridge,A3 1x1,B-320,3,1,1,,593,3/15/2025,700,12,80%,1600,2.7,1477,2.49,2024-11-15,2025-04-03,140,20
Canyon Ridge,A3 1x1,B-320,3,1,1,,593,1/31/2026,700,13,80%,1689,2.85,1569,2.65,2026-01-13,2026-02-19,38,20
Canyon Ridge,A3,D-213,2,1,1,,593,8/12/2025,700,14,120%,1720,2.9,1720,2.9,2025-07-02,2026-01-15,198,157
Canyon Ridge,A3 1x1,D-311,3,1,1,,593,8/12/2025,700,15,120%,1495,2.52,1495,2.52,2025-07-02,2025-10-22,113,72
Canyon Ridge,A3 1x1,D-311,3,1,1,,593,5/19/2026,700,12,120%,1720,2.9,1720,2.9,2026-03-14,2026-03-21,8,0
Canyon Ridge,A3,D-111,1,1,1,,593,8/12/2025,700,12,120%,1725,2.91,1459,2.46,2025-07-02,2025-09-18,79,38
Canyon Ridge,A3,E-106,1,1,1,,593,8/5/2025,700,14,120%,1725,2.91,1725,2.91,2025-05-30,2026-01-06,222,155
Canyon Ridge,A3,D-113,1,1,1,,593,8/12/2025,700,14,120%,1725,2.91,1725,2.91,2025-07-02,2026-01-08,191,150
Canyon Ridge,A3,D-504,5,1,1,,593,8/12/2025,700,12,120%,1745,2.94,1476,2.49,2025-07-02,2025-08-14,44,3
Canyon Ridge,A3 1x1,B-420,4,1,1,,593,3/15/2025,700,12,120%,1655,2.79,1464,2.47,2024-11-15,2025-04-10,147,27
Canyon Ridge,A3 1x1,B-420,4,1,1,,593,10/24/2025,700,13,120%,1775,2.99,1649,2.78,2025-08-15,2026-02-13,183,113
Canyon Ridge,A3,D-511,5,1,1,,593,8/12/2025,700,12,120%,1795,3.03,1519,2.56,2025-07-02,2025-09-12,73,32
Canyon Ridge,A3 1x1,B-120,1,1,1,,593,3/15/2025,500,12,120%,1570,2.65,1389,2.34,2024-11-15,2025-05-02,169,49
Canyon Ridge,A3 1x1,B-120,1,1,1,,593,7/17/2026,700,12,120%,1810,3.05,1810,3.05,2026-05-13,2026-05-21,9,0
Canyon Ridge,A3 1x1,C-206,2,1,1,,593,4/5/2025,700,12,120%,1615,2.72,1429,2.41,2025-03-11,2025-04-15,36,11
Canyon Ridge,A3 1x1,C-206,2,1,1,,593,7/20/2026,700,12,120%,1820,3.07,1820,3.07,2026-05-15,2026-05-29,15,0
Canyon Ridge,A3 1x1,D-413,4,1,1,,593,8/12/2025,700,13,120%,1820,3.07,1691,2.85,2025-07-02,2026-03-08,250,209
Canyon Ridge,A3 1x1,B-217,2,1,1,,593,9/1/2024,700,12,120%,1600,2.7,1600,2.7,2024-07-16,2024-07-26,11,0
Canyon Ridge,A3 1x1,B-217,2,1,1,,593,3/15/2025,700,12,120%,1600,2.7,1354,2.28,2024-11-15,2025-01-31,78,0
Canyon Ridge,A3 1x1,B-217,2,1,1,,593,6/9/2026,700,12,120%,1845,3.11,1845,3.11,2026-04-02,2026-04-16,15,0
Canyon Ridge,A3 1x1,B-417,4,1,1,,593,3/15/2025,700,12,120%,1660,2.8,1404,2.37,2024-11-15,2025-01-27,74,0
Canyon Ridge,A3 1x1,B-417,4,1,1,,593,4/25/2026,700,13,120%,1855,3.13,1855,3.13,2026-03-21,2026-04-01,12,0
Canyon Ridge,A3 1x1,E-306,3,1,1,,593,8/5/2025,700,12,120%,1690,2.85,1430,2.41,2025-07-02,2025-07-23,22,0
Canyon Ridge,A3 1x1,E-306,3,1,1,,593,9/12/2026,700,,120%,1870,3.15,1870,3.15,2026-07-03,,13,0
Canyon Ridge,A3 1x1,D-513,5,1,1,,593,8/12/2025,700,14,120%,1875,3.16,1689,2.85,2025-07-02,2026-01-29,212,171
Canyon Ridge,A3 1x1,E-406,4,1,1,,593,8/5/2025,700,13,120%,1599,2.7,1429,2.41,2025-05-30,2026-02-07,254,187
Canyon Ridge,A3 1x1,E-406,4,1,1,,593,9/7/2026,700,,120%,1885,3.18,1885,3.18,2026-07-03,,13,0
Canyon Ridge,A3 1x1,D-411,4,1,1,,593,8/12/2025,700,14,120%,1720,2.9,1720,2.9,2025-07-02,2026-01-04,187,146
Canyon Ridge,A3 1x1,D-411,4,1,1,,593,7/27/2026,700,,120%,1945,3.28,1945,3.28,2026-05-22,2026-06-20,30,0
Canyon Ridge,A3 1x1,D-313,3,1,1,,593,8/12/2025,700,12,120%,1595,2.69,1595,2.69,2025-07-02,2025-09-09,70,29
Canyon Ridge,A3 1x1,D-313,3,1,1,,593,8/12/2026,700,,120%,1995,3.36,1995,3.36,2026-06-09,,37,0
Canyon Ridge,A2,E-104,1,1,1,,722,9/1/2024,700,12,80%,1580,2.19,1580,2.19,2024-07-16,2024-07-26,11,0
Canyon Ridge,A2,E-104,1,1,1,,722,8/5/2025,700,15,80%,1495,2.07,1495,2.07,2025-05-30,2025-11-18,173,106
Canyon Ridge,A2,D-105,1,1,1,,722,9/1/2024,700,12,80%,1730,2.4,1730,2.4,2024-07-16,2024-07-26,11,0
Canyon Ridge,A2,D-105,1,1,1,,722,8/12/2025,700,15,80%,1495,2.07,1311,1.82,2025-07-02,2025-12-23,175,134
Canyon Ridge,A2,C-104,1,1,1,,722,9/1/2024,700,12,80%,1730,2.4,1730,2.4,2024-07-16,2024-07-26,11,0
Canyon Ridge,A2,C-104,1,1,1,,722,10/2/2025,700,15,80%,1495,2.07,1311,1.82,2025-03-11,2025-12-14,279,74
Canyon Ridge,A2 1x1,D-512,5,1,1,,722,8/12/2025,700,14,80%,1549,2.15,1396,1.93,2025-07-02,2026-02-01,215,174
Canyon Ridge,A2,D-308,3,1,1,,722,8/12/2025,700,12,80%,1565,2.17,1324,1.83,2025-07-02,2025-08-17,47,6
Canyon Ridge,A2,E-204,2,1,1,,722,8/5/2025,700,12,80%,1565,2.17,1565,2.17,2025-05-30,2025-08-08,71,4
Canyon Ridge,A2,D-214,2,1,1,,722,8/12/2025,700,14,80%,1565,2.17,1358,1.88,2025-07-02,2025-10-03,94,53
Canyon Ridge,A2,E-304,3,1,1,,722,8/5/2025,700,12,80%,1565,2.17,1565,2.17,2025-05-30,2025-08-08,71,4
Canyon Ridge,A2,D-208,2,1,1,,722,8/12/2025,700,12,80%,1565,2.17,1565,2.17,2025-07-02,2025-08-24,54,13
Canyon Ridge,A2,C-103,1,1,1,,722,9/25/2025,700,15,80%,1595,2.21,1399,1.94,2025-03-11,2025-11-10,245,47
Canyon Ridge,A2,D-412,4,1,1,,722,8/12/2025,700,15,80%,1595,2.21,1399,1.94,2025-07-02,2025-11-16,138,97
Canyon Ridge,A2,C-105,1,1,1,,722,4/5/2025,700,15,80%,1595,2.21,1595,2.21,2025-03-11,2025-11-19,254,229
Canyon Ridge,A2,D-414,4,1,1,,722,8/12/2025,700,15,80%,1595,2.21,1595,2.21,2025-07-02,2025-11-21,143,102
Canyon Ridge,A2,C-404,4,1,1,,722,4/5/2025,500,12,80%,1595,2.21,1411,1.95,2025-03-06,2025-06-01,88,58
Canyon Ridge,A2,D-408,4,1,1,,722,8/12/2025,700,15,80%,1595,2.21,1595,2.21,2025-07-02,2025-10-25,116,75
Canyon Ridge,A2,D-205,2,1,1,,722,9/1/2024,700,12,80%,1725,2.39,1725,2.39,2024-07-16,2024-07-26,11,0
Canyon Ridge,A2,D-205,2,1,1,,722,8/12/2025,700,15,80%,1595,2.21,1399,1.94,2025-07-02,2025-10-31,122,81
Canyon Ridge,A2 1x1,D-503,5,1,1,,722,8/12/2025,700,13,80%,1599,2.21,1429,1.98,2025-07-02,2026-02-04,218,177
Canyon Ridge,A2 1x1,D-505,5,1,1,,722,8/12/2025,700,13,80%,1599,2.21,1429,1.98,2025-07-02,2026-02-09,223,182
Canyon Ridge,A2,C-204,2,1,1,,722,4/5/2025,700,12,80%,1620,2.24,1371,1.9,2025-03-11,2025-06-28,110,85
Canyon Ridge,A2,D-312,3,1,1,,722,8/12/2025,700,12,80%,1775,2.46,1775,2.46,2025-07-02,2025-08-23,53,12
Canyon Ridge,A2,D-312,3,1,1,,722,12/24/2025,700,14,80%,1675,2.32,1675,2.32,2025-12-23,2026-01-17,26,25
Canyon Ridge,A2,A-408,4,1,1,,722,9/1/2024,700,12,80%,1695,2.35,1695,2.35,2024-07-26,2024-11-19,117,80
Canyon Ridge,A2,A-406,4,1,1,,722,9/1/2024,700,12,80%,1695,2.35,1695,2.35,2024-07-26,2024-11-16,114,77
Canyon Ridge,A2,D-508,5,1,1,,722,8/12/2025,700,14,80%,1699,2.35,1475,2.04,2025-07-02,2026-01-28,211,170
Canyon Ridge,A2,C-304,3,1,1,,722,4/5/2025,500,12,80%,1700,2.35,1504,2.08,2025-03-11,2025-04-27,48,23
Canyon Ridge,A2,B-211,2,1,1,,722,3/15/2025,700,12,80%,1700,2.35,1438,1.99,2024-10-18,2025-03-20,154,6
Canyon Ridge,A2,B-312,3,1,1,,722,3/15/2025,700,12,80%,1700,2.35,1438,1.99,2024-10-18,2025-03-20,154,6
Canyon Ridge,A2,B-204,2,1,1,,722,3/15/2025,700,12,80%,1700,2.35,1438,1.99,2024-10-18,2025-03-20,154,6
Canyon Ridge,A2,B-205,2,1,1,,722,3/15/2025,700,12,80%,1700,2.35,1438,1.99,2024-10-18,2025-03-20,154,6
Canyon Ridge,A2,B-212,2,1,1,,722,3/15/2025,700,12,80%,1700,2.35,1438,1.99,2024-10-18,2025-03-20,154,6
Canyon Ridge,A2,B-304,3,1,1,,722,3/15/2025,700,12,80%,1700,2.35,1438,1.99,2024-10-18,2025-03-20,154,6
Canyon Ridge,A2,C-303,3,1,1,,722,4/5/2025,500,12,80%,1700,2.35,1504,2.08,2025-03-11,2025-05-08,59,34
Canyon Ridge,A2,B-104,1,1,1,,722,3/15/2025,700,12,80%,1705,2.36,1442,2,2024-10-18,2025-03-20,154,6
Canyon Ridge,A2,B-111,1,1,1,,722,3/15/2025,700,12,80%,1705,2.36,1442,2,2024-10-18,2025-03-20,154,6
Canyon Ridge,A2,B-105,1,1,1,,722,3/15/2025,700,12,80%,1705,2.36,1442,2,2024-10-18,2025-03-20,154,6
Canyon Ridge,A2,B-404,4,1,1,,722,3/15/2025,700,12,80%,1705,2.36,1442,2,2024-10-18,2025-03-12,146,0
Canyon Ridge,A2,D-203,2,1,1,,722,9/1/2024,700,12,120%,1725,2.39,1725,2.39,2024-07-16,2024-07-26,11,0
Canyon Ridge,A2,D-203,2,1,1,,722,8/12/2025,700,12,120%,1725,2.39,1725,2.39,2025-07-02,2025-08-26,56,15
Canyon Ridge,A2,D-103,1,1,1,,722,9/1/2024,700,12,120%,1730,2.4,1730,2.4,2024-07-16,2024-07-26,11,0
Canyon Ridge,A2,D-103,1,1,1,,722,8/12/2025,700,12,120%,1730,2.4,1730,2.4,2025-07-02,2025-08-23,53,12
Canyon Ridge,A2,A-206,2,1,1,,722,9/1/2024,700,12,120%,1750,2.42,1750,2.42,2024-07-16,2024-07-26,11,0
Canyon Ridge,A2,B-305,3,1,1,,722,3/15/2025,700,12,120%,1750,2.42,1481,2.05,2024-10-18,2025-03-18,152,4
Canyon Ridge,A2 1x1,C-403,4,1,1,,722,4/5/2025,700,13,120%,1755,2.43,1568,2.17,2025-03-06,2026-02-10,342,312
Canyon Ridge,A2,D-303,3,1,1,,722,8/12/2025,700,12,120%,1775,2.46,1502,2.08,2025-07-02,2025-09-17,78,37
Canyon Ridge,A2,E-205,2,1,1,,722,8/5/2025,700,15,120%,1775,2.46,1556,2.16,2025-05-30,2025-12-24,209,142
Canyon Ridge,A2 1x1,D-314,3,1,1,,722,2/7/2026,700,13,120%,1775,2.46,1775,2.46,2025-07-02,2026-02-15,229,9
Canyon Ridge,A2,C-203,2,1,1,,722,4/5/2025,700,12,120%,1775,2.46,1775,2.46,2025-03-11,2025-09-03,177,152
Canyon Ridge,A2,D-405,4,1,1,,722,8/15/2025,700,12,120%,1775,2.46,1502,2.08,2025-07-02,2025-07-26,25,0
Canyon Ridge,A2,C-305,3,1,1,,722,4/5/2025,700,12,120%,1775,2.46,1775,2.46,2025-03-06,2025-07-30,147,117
Canyon Ridge,A2,E-203,2,1,1,,722,8/5/2025,700,12,120%,1775,2.46,1502,2.08,2025-05-30,2025-09-14,108,41
Canyon Ridge,A2,D-305,3,1,1,,722,8/12/2025,700,12,120%,1775,2.46,1502,2.08,2025-07-02,2025-09-17,78,37
Canyon Ridge,A2 1x1,B-412,4,1,1,,722,3/15/2025,700,12,120%,1705,2.36,1508,2.09,2024-10-18,2025-04-18,183,35
Canyon Ridge,A2 1x1,B-412,4,1,1,,722,5/31/2026,700,12,120%,1780,2.47,1780,2.47,2026-03-01,2026-03-11,11,0
Canyon Ridge,A2,E-103,1,1,1,,722,8/5/2025,700,15,120%,1780,2.47,1561,2.16,2025-05-30,2025-11-02,157,90
Canyon Ridge,A2,E-105,1,1,1,,722,8/5/2025,700,15,120%,1780,2.47,1561,2.16,2025-05-30,2025-11-09,164,97
Canyon Ridge,A2,E-404,4,1,1,,722,8/5/2025,700,12,120%,1780,2.47,1506,2.09,2025-05-30,2025-06-24,26,0
Canyon Ridge,A2 1x1,B-112,1,1,1,,722,3/15/2025,700,12,120%,1710,2.37,1513,2.1,2024-10-18,2025-04-07,172,24
Canyon Ridge,A2 1x1,B-112,1,1,1,,722,5/17/2026,700,12,120%,1785,2.47,1785,2.47,2026-03-13,2026-03-27,15,0
Canyon Ridge,A2 1x1,D-212,2,1,1,,722,8/12/2025,700,12,120%,1565,2.17,1565,2.17,2025-07-02,2025-08-26,56,15
Canyon Ridge,A2 1x1,D-212,2,1,1,,722,6/16/2026,700,12,120%,1800,2.49,1800,2.49,2026-04-06,2026-04-11,6,0
Canyon Ridge,A2,D-514,5,1,1,,722,8/15/2025,700,12,120%,1830,2.53,1548,2.14,2025-07-02,2025-08-11,41,0
Canyon Ridge,A2 1x1,D-403,4,1,1,,722,8/12/2025,700,12,120%,1775,2.46,1775,2.46,2025-07-02,2025-09-09,70,29
Canyon Ridge,A2 1x1,D-403,4,1,1,,722,8/16/2026,700,,120%,1850,2.56,1850,2.56,2026-06-14,2026-06-18,5,0
Canyon Ridge,A2 1x1,B-311,3,1,1,,722,3/15/2025,700,12,120%,1800,2.49,1592,2.2,2024-10-18,2025-04-17,182,34
Canyon Ridge,A2 1x1,B-311,3,1,1,,722,6/1/2026,700,12,120%,1875,2.6,1875,2.6,2026-03-13,2026-03-27,15,0
Canyon Ridge,A2 1x1,C-205,2,1,1,,722,4/5/2025,700,12,120%,1750,2.42,1548,2.14,2025-03-11,2025-06-14,96,71
Canyon Ridge,A2 1x1,C-205,2,1,1,,722,8/24/2026,700,,120%,1900,2.63,1900,2.63,2026-06-18,2026-07-01,14,0
Canyon Ridge,A2 1x1,C-405,4,1,1,,722,4/5/2025,500,12,120%,1780,2.47,1574,2.18,2025-03-11,2025-05-05,56,31
Canyon Ridge,A2 1x1,C-405,4,1,1,,722,7/13/2026,700,12,120%,1965,2.72,1965,2.72,2026-05-04,2026-05-24,21,0
Canyon Ridge,A2 1x1,E-303,3,1,1,,722,8/5/2025,700,13,120%,1975,2.74,1835,2.54,2025-05-30,2026-03-08,283,216
Canyon Ridge,A2 1x1,E-405,4,1,1,,722,8/5/2025,700,13,120%,1985,2.75,1985,2.75,2025-05-30,2026-03-18,293,226
Canyon Ridge,A2,B-405,4,1,1,,722,3/15/2025,700,13,120%,1985,2.75,1703,2.36,2024-10-18,2025-09-24,342,194
Canyon Ridge,A2 1x1,E-305,3,1,1,,722,8/5/2025,700,13,120%,2000,2.77,2000,2.77,2025-05-30,2026-03-31,306,239
Canyon Ridge,A2,E-403,4,1,1,,722,8/5/2025,700,15,120%,2085,2.89,2085,2.89,2025-05-30,2025-10-21,145,78
Canyon Ridge,A2 1x1,B-411,4,1,1,,722,3/15/2025,700,12,120%,1760,2.44,1760,2.44,2024-10-18,2025-03-03,137,0
Canyon Ridge,A2 1x1,B-411,4,1,1,,722,7/7/2026,700,12,120%,2090,2.89,2090,2.89,2026-05-01,2026-05-22,22,0
Canyon Ridge,A1,A-101,1,1,1,,775,9/1/2024,700,12,80%,1650,2.13,1459,1.88,2024-07-16,2024-12-25,163,116
Canyon Ridge,A1,B-121,1,1,1,,775,3/15/2025,700,12,120%,1780,2.3,1780,2.3,2024-07-16,2025-03-06,234,0
Canyon Ridge,A1,C-307,3,1,1,,775,9/1/2024,700,12,120%,1850,2.39,1850,2.39,2024-07-16,2024-07-26,11,0
Canyon Ridge,A1,C-307,3,1,1,,775,4/5/2025,500,12,120%,1800,2.32,1592,2.05,2025-03-06,2025-05-03,59,29
Canyon Ridge,A1,A-201,2,1,1,,775,9/1/2024,700,12,120%,1825,2.35,1825,2.35,2024-07-16,2024-07-26,11,0
Canyon Ridge,A1,A-301,3,1,1,,775,9/1/2024,700,12,120%,1900,2.45,1607,2.07,2024-08-02,2024-12-09,130,100
Canyon Ridge,A1,E-207,2,1,1,,775,8/5/2025,700,12,120%,1925,2.48,1629,2.1,2025-05-30,2025-07-20,52,0
Canyon Ridge,A1 1x1,E-107,1,1,1,,775,8/5/2025,700,13,120%,1960,2.53,1821,2.35,2025-05-30,2026-03-03,278,211
Canyon Ridge,A1 1x1,C-107,1,1,1,,775,4/5/2025,700,12,120%,1810,2.34,1601,2.07,2025-03-11,2025-04-18,39,14
Canyon Ridge,A1 1x1,C-107,1,1,1,,775,5/20/2026,700,12,120%,2045,2.64,2045,2.64,2025-10-02,2026-05-06,217,0
Canyon Ridge,A1 1x1,E-307,3,1,1,,775,8/5/2025,700,13,120%,2055,2.65,1909,2.46,2025-05-30,2026-03-08,283,216
Canyon Ridge,A1 1x1,B-221,2,1,1,,775,3/15/2025,500,12,120%,1825,2.35,1614,2.08,2024-07-16,2025-05-15,304,62
Canyon Ridge,A1 1x1,B-221,2,1,1,,775,7/22/2026,700,,120%,2055,2.65,2055,2.65,2026-05-15,2026-07-10,57,0
Canyon Ridge,A1 1x1,C-207,2,1,1,,775,9/1/2024,700,12,120%,1850,2.39,1850,2.39,2024-07-16,2024-07-26,11,0
Canyon Ridge,A1 1x1,C-207,2,1,1,,775,4/5/2025,500,12,120%,1825,2.35,1614,2.08,2025-03-11,2025-05-17,68,43
Canyon Ridge,A1 1x1,C-207,2,1,1,,775,7/28/2026,700,,120%,2055,2.65,2055,2.65,2026-05-23,2026-06-18,27,0
Canyon Ridge,A1 1x1,C-407,4,1,1,,775,4/5/2025,700,12,120%,2005,2.59,1696,2.19,2025-03-11,2025-08-21,164,139
Canyon Ridge,A1 1x1,C-407,4,1,1,,775,5/15/2026,700,12,120%,2060,2.66,2060,2.66,2026-03-10,2026-04-11,33,0
Canyon Ridge,A1 1x1,E-407,4,1,1,,775,8/5/2025,700,15,120%,2215,2.86,1942,2.51,2025-05-30,2025-12-21,206,139
Canyon Ridge,A1 1x1,E-407,4,1,1,,775,8/25/2026,700,,120%,2095,2.7,2095,2.7,2026-07-03,,13,0
Canyon Ridge,A1 1x1,A-401,4,1,1,,775,9/1/2024,700,12,120%,2005,2.59,1696,2.19,2024-08-02,2025-01-18,170,140
Canyon Ridge,A1 1x1,A-401,4,1,1,,775,4/11/2026,700,12,120%,2160,2.79,2160,2.79,2026-02-02,2026-03-29,56,0
Canyon Ridge,A1 1x1,B-321,3,1,1,,775,3/15/2025,700,13,120%,2205,2.85,2205,2.85,2024-10-18,2026-03-25,524,376
Canyon Ridge,A1 1x1,B-421,4,1,1,,775,3/15/2025,700,12,120%,2085,2.69,1764,2.28,2024-10-18,2025-07-21,277,129
Canyon Ridge,A1 1x1,B-421,4,1,1,,775,6/13/2026,700,12,120%,2245,2.9,2245,2.9,2026-05-26,2026-05-29,4,0
Canyon Ridge,B2,B-209,2,2,2,,934,3/15/2025,700,12,120%,2050,2.19,1734,1.86,2024-10-18,2025-06-29,255,107
Canyon Ridge,B2,B-309,3,2,2,,934,3/15/2025,500,12,120%,2100,2.25,1858,1.99,2025-02-19,2025-05-31,102,78
Canyon Ridge,B2 2x2,B-409,4,2,2,,934,3/15/2025,700,12,120%,2210,2.37,1870,2,2025-02-19,2025-03-11,21,0
Canyon Ridge,B2 2x2,B-409,4,2,2,,934,5/3/2026,700,12,120%,2320,2.48,2320,2.48,2026-02-26,2026-03-21,24,0
Canyon Ridge,B2,D-209,2,2,2,,940,8/12/2025,700,15,80%,1845,1.96,1845,1.96,2025-07-02,2025-10-29,120,79
Canyon Ridge,B2 2x2,B-109,1,2,2,,940,3/15/2025,700,15,120%,2005,2.13,1758,1.87,2025-02-19,2025-11-29,284,260
Canyon Ridge,B2 2x2,B-109,1,2,2,,940,4/1/2026,700,13,120%,2215,2.36,2215,2.36,2026-03-27,2026-03-31,5,0
Canyon Ridge,B2,A-114,1,2,2,,965,9/18/2024,700,12,80%,1740,1.8,1606,1.66,2024-09-18,2025-03-26,190,190
Canyon Ridge,B2,A-411,4,2,2,,965,9/1/2024,700,12,80%,1775,1.84,1570,1.63,2024-07-26,2025-04-11,260,223
Canyon Ridge,B2,A-210,2,2,2,,965,9/1/2024,700,12,80%,1795,1.86,1519,1.57,2024-07-26,2025-01-15,174,137
Canyon Ridge,B2,A-104,1,2,2,,965,9/1/2024,700,12,80%,1795,1.86,1519,1.57,2024-07-26,2025-03-14,232,195
Canyon Ridge,B2,B-314,3,2,2,,965,3/15/2025,700,12,80%,1795,1.86,1795,1.86,2024-10-16,2025-08-08,297,147
Canyon Ridge,B2,B-318,3,2,2,,965,3/15/2025,700,12,80%,1795,1.86,1519,1.57,2024-10-16,2025-08-15,304,154
Canyon Ridge,B2,A-203,2,2,2,,965,9/1/2024,700,12,80%,2050,2.12,1892,1.96,2024-07-16,2024-09-20,67,20
Canyon Ridge,B2,A-203,2,2,2,,965,5/23/2025,700,12,80%,1795,1.86,1519,1.57,2025-03-20,2025-08-21,155,91
Canyon Ridge,B2,B-215,2,2,2,,965,3/15/2025,700,12,80%,1795,1.86,1795,1.86,2024-10-18,2025-08-26,313,165
Canyon Ridge,B2,D-310,3,2,2,,965,8/12/2025,700,12,80%,1795,1.86,1795,1.86,2025-07-02,2025-08-27,57,16
Canyon Ridge,B2,B-310,3,2,2,,965,3/15/2025,700,15,80%,1845,1.91,1845,1.91,2024-10-16,2025-11-22,403,253
Canyon Ridge,B2,D-206,2,2,2,,965,8/12/2025,700,15,80%,1845,1.91,1845,1.91,2025-07-02,2025-10-30,121,80
Canyon Ridge,B2,A-211,2,2,2,,965,9/1/2024,700,12,80%,1850,1.92,1636,1.7,2024-07-26,2025-04-04,253,216
Canyon Ridge,B2,A-312,3,2,2,,965,9/1/2024,700,12,80%,1850,1.92,1850,1.92,2024-07-26,2024-11-08,106,69
Canyon Ridge,B2,B-208,2,2,2,,965,3/15/2025,700,12,80%,1875,1.94,1586,1.64,2024-10-18,2025-07-14,270,122
Canyon Ridge,B2,A-314,3,2,2,,965,9/1/2024,700,12,80%,1895,1.96,1603,1.66,2024-07-26,2025-01-31,190,153
Canyon Ridge,B2 2x2,B-110,1,2,2,,965,3/15/2025,700,13,80%,1895,1.96,1693,1.75,2024-07-16,2026-02-07,572,330
Canyon Ridge,B2 2x2,A-204,2,2,2,,965,9/1/2024,700,12,80%,1850,1.92,1565,1.62,2024-07-16,2024-10-21,98,51
Canyon Ridge,B2 2x2,A-204,2,2,2,,965,8/20/2025,700,14,80%,1895,1.96,1707,1.77,2025-08-04,2026-01-30,180,164
Canyon Ridge,B2,D-109,1,2,2,,965,9/1/2024,700,12,80%,2030,2.1,2030,2.1,2024-07-16,2024-07-26,11,0
Canyon Ridge,B2,D-109,1,2,2,,965,8/12/2025,700,14,80%,1895,1.96,1645,1.7,2025-07-02,2026-01-26,209,168
Canyon Ridge,B2,D-207,2,2,2,,965,8/12/2025,700,14,80%,1895,1.96,1645,1.7,2025-07-02,2025-10-08,99,58
Canyon Ridge,B2,D-306,3,2,2,,965,8/12/2025,700,13,80%,1895,1.96,1626,1.68,2025-07-02,2025-09-24,85,44
Canyon Ridge,B2,A-212,2,2,2,,965,9/1/2024,700,12,120%,1950,2.02,1950,2.02,2024-07-26,2024-09-15,52,15
Canyon Ridge,B2,D-309,3,2,2,,965,8/12/2025,700,15,120%,2000,2.07,1754,1.82,2025-07-02,2025-12-23,175,134
Canyon Ridge,B2,A-209,2,2,2,,965,9/1/2024,700,12,120%,2000,2.07,2000,2.07,2024-07-26,2024-10-30,97,60
Canyon Ridge,B2,B-316,3,2,2,,965,3/15/2025,700,12,120%,2000,2.07,2000,2.07,2024-10-16,2025-08-08,297,147
Canyon Ridge,B2,D-406,4,2,2,,965,8/12/2025,700,15,120%,2000,2.07,1754,1.82,2025-07-02,2025-12-09,161,120
Canyon Ridge,B2,D-307,3,2,2,,965,8/12/2025,700,15,120%,2000,2.07,1754,1.82,2025-07-02,2025-12-09,161,120
Canyon Ridge,B2,B-213,2,2,2,,965,3/15/2025,700,12,120%,2000,2.07,2000,2.07,2024-10-18,2025-03-28,162,14
Canyon Ridge,B2,A-311,3,2,2,,965,9/1/2024,700,12,120%,2000,2.07,1692,1.75,2024-07-26,2024-12-02,130,93
Canyon Ridge,B2,B-216,2,2,2,,965,3/15/2025,500,12,120%,2000,2.07,1769,1.83,2024-10-16,2025-06-04,232,82
Canyon Ridge,B2,D-210,2,2,2,,965,8/12/2025,700,13,120%,2000,2.07,1716,1.78,2025-07-02,2025-09-27,88,47
Canyon Ridge,B2,D-409,4,2,2,,965,8/12/2025,700,14,120%,2000,2.07,2000,2.07,2025-07-02,2026-01-07,190,149
Canyon Ridge,B2,D-410,4,2,2,,965,8/12/2025,700,15,120%,2000,2.07,1754,1.82,2025-07-02,2025-12-19,171,130
Canyon Ridge,B2,B-115,1,2,2,,965,3/15/2025,700,12,120%,2005,2.08,1696,1.76,2025-02-19,2025-09-11,205,181
Canyon Ridge,B2,B-408,4,2,2,,965,3/15/2025,500,12,120%,2005,2.08,1773,1.84,2025-02-19,2025-06-06,108,84
Canyon Ridge,B2,B-406,4,2,2,,965,3/15/2025,700,12,120%,2005,2.08,1696,1.76,2025-02-19,2025-07-13,145,121
Canyon Ridge,B2,B-410,4,2,2,,965,3/15/2025,500,12,120%,2005,2.08,1773,1.84,2025-02-19,2025-05-06,77,53
Canyon Ridge,B2,B-103,1,2,2,,965,3/15/2025,700,12,120%,2005,2.08,1696,1.76,2024-10-18,2025-07-16,272,124
Canyon Ridge,B2,B-113,1,2,2,,965,3/15/2025,700,12,120%,2005,2.08,1696,1.76,2025-02-19,2025-08-04,167,143
Canyon Ridge,B2,B-414,4,2,2,,965,3/15/2025,700,12,120%,2005,2.08,2005,2.08,2025-02-19,2025-08-08,171,147
Canyon Ridge,B2,D-107,1,2,2,,965,8/12/2025,700,15,120%,2005,2.08,2005,2.08,2025-07-02,2025-11-19,141,100
Canyon Ridge,B2,B-106,1,2,2,,965,3/15/2025,700,15,120%,2005,2.08,2005,2.08,2024-10-18,2025-10-28,376,228
Canyon Ridge,B2,B-416,4,2,2,,965,3/15/2025,700,12,120%,2005,2.08,2005,2.08,2025-02-19,2025-08-24,187,163
Canyon Ridge,B2,B-418,4,2,2,,965,3/15/2025,700,12,120%,2005,2.08,2005,2.08,2025-02-19,2025-08-28,191,167
Canyon Ridge,B2,B-107,1,2,2,,965,3/15/2025,700,12,120%,2005,2.08,2005,2.08,2025-02-19,2025-08-28,191,167
Canyon Ridge,B2,A-409,4,2,2,,965,9/1/2024,700,12,120%,2055,2.13,2055,2.13,2024-07-26,2024-09-07,44,7
Canyon Ridge,B2,A-409,4,2,2,,965,9/14/2025,700,12,120%,2005,2.08,1696,1.76,2025-08-08,2025-09-16,40,3
Canyon Ridge,B2,B-118,1,2,2,,965,3/15/2025,700,12,120%,2005,2.08,1696,1.76,2025-02-19,2025-09-18,212,188
Canyon Ridge,B2,B-114,1,2,2,,965,3/15/2025,700,15,120%,2010,2.08,1762,1.83,2025-02-19,2025-12-15,300,276
Canyon Ridge,B2,B-207,2,2,2,,965,3/15/2025,700,12,120%,2050,2.12,1734,1.8,2024-10-18,2025-06-21,247,99
Canyon Ridge,B2,B-203,2,2,2,,965,3/15/2025,700,12,120%,2050,2.12,2050,2.12,2024-10-18,2025-08-28,315,167
Canyon Ridge,B2,A-309,3,2,2,,965,9/1/2024,700,12,120%,2050,2.12,2050,2.12,2024-07-26,2024-09-10,47,10
Canyon Ridge,B2,B-307,3,2,2,,965,3/15/2025,700,12,120%,2050,2.12,2050,2.12,2025-02-19,2025-02-26,8,0
Canyon Ridge,B2,D-506,5,2,2,,965,8/12/2025,700,14,120%,2055,2.13,1784,1.85,2025-07-02,2025-12-10,162,121
Canyon Ridge,B2,B-206,2,2,2,,965,3/15/2025,700,12,120%,2055,2.13,1739,1.8,2024-10-18,2025-07-25,281,133
Canyon Ridge,B2,D-510,5,2,2,,965,8/12/2025,700,15,120%,2055,2.13,1802,1.87,2025-07-02,2025-12-08,160,119
Canyon Ridge,B2,A-403,4,2,2,,965,11/13/2024,700,12,120%,2055,2.13,1739,1.8,2024-11-13,2025-01-25,74,74
Canyon Ridge,B2,B-415,4,2,2,,965,3/15/2025,700,12,120%,2060,2.13,1743,1.81,2025-02-19,2025-03-11,21,0
Canyon Ridge,B2,A-414,4,2,2,,965,10/21/2024,500,12,120%,1775,1.84,1570,1.63,2024-10-21,2025-04-27,189,189
Canyon Ridge,B2,A-414,4,2,2,,965,10/12/2025,700,14,120%,2065,2.14,2065,2.14,2025-08-06,2026-01-07,155,88
Canyon Ridge,B2,B-116,1,2,2,,965,3/15/2025,700,14,120%,2070,2.15,2070,2.15,2025-02-19,2026-01-11,327,303
Canyon Ridge,B2,B-315,3,2,2,,965,3/15/2025,700,13,120%,2100,2.18,1802,1.87,2025-02-19,2025-09-23,217,193
Canyon Ridge,B2,D-507,5,2,2,,965,8/12/2025,700,14,120%,2105,2.18,1827,1.89,2025-07-02,2025-10-06,97,56
Canyon Ridge,B2,D-509,5,2,2,,965,8/12/2025,700,12,120%,2105,2.18,2105,2.18,2025-07-02,2025-09-03,64,23
Canyon Ridge,B2 2x2,B-218,2,2,2,,965,3/15/2025,700,12,120%,1895,1.96,1895,1.96,2024-10-16,2025-08-07,296,146
Canyon Ridge,B2 2x2,B-218,2,2,2,,965,3/7/2026,700,12,120%,2110,2.19,2110,2.19,2025-12-30,2026-02-14,47,0
Canyon Ridge,B2,B-413,4,2,2,,965,7/6/2025,700,12,120%,2110,2.19,1785,1.85,2025-02-19,2025-07-08,140,3
Canyon Ridge,B2 2x2,A-105,1,2,2,,965,9/1/2024,700,12,120%,2055,2.13,2055,2.13,2024-07-26,2024-08-16,22,0
Canyon Ridge,B2 2x2,A-105,1,2,2,,965,12/9/2025,700,14,120%,2115,2.19,1906,1.98,2025-10-04,2026-01-31,120,54
Canyon Ridge,B2 2x2,A-112,1,2,2,,965,9/5/2024,700,12,120%,1795,1.86,1795,1.86,2024-09-05,2025-02-28,177,177
Canyon Ridge,B2 2x2,A-112,1,2,2,,965,3/6/2026,700,12,120%,2115,2.19,2115,2.19,2025-12-18,2026-02-10,55,0
Canyon Ridge,B2,A-404,4,2,2,,965,9/1/2024,500,12,120%,1875,1.94,1658,1.72,2024-08-06,2025-05-11,279,253
Canyon Ridge,B2,A-404,4,2,2,,965,1/13/2026,700,14,120%,2125,2.2,2125,2.2,2025-11-09,2026-01-11,64,0
Canyon Ridge,B2 2x2,A-305,3,2,2,,965,11/8/2024,700,12,120%,1750,1.81,1548,1.6,2024-11-08,2025-04-06,150,150
Canyon Ridge,B2 2x2,A-305,3,2,2,,965,5/16/2026,700,12,120%,2185,2.26,2185,2.26,2026-03-08,2026-03-29,22,0
Canyon Ridge,B2 2x2,A-303,3,2,2,,965,11/2/2024,700,12,120%,2050,2.12,1734,1.8,2024-11-02,2025-03-14,133,133
Canyon Ridge,B2 2x2,A-303,3,2,2,,965,4/28/2026,700,12,120%,2185,2.26,2185,2.26,2026-02-12,2026-02-20,9,0
Canyon Ridge,B2,B-403,4,2,2,,965,3/15/2025,700,12,120%,2210,2.29,1870,1.94,2025-02-19,2025-07-16,148,124
Canyon Ridge,B2 2x2,B-313,3,2,2,,965,3/15/2025,700,13,120%,2210,2.29,2053,2.13,2025-02-19,2026-02-12,359,335
Canyon Ridge,B2 2x2,A-110,1,2,2,,965,9/5/2024,700,12,120%,1740,1.8,1606,1.66,2024-09-05,2025-03-23,200,200
Canyon Ridge,B2 2x2,A-110,1,2,2,,965,6/8/2026,700,12,120%,2250,2.33,2250,2.33,2026-03-26,2026-04-04,10,0
Canyon Ridge,B2 2x2,B-210,2,2,2,,965,3/15/2025,500,12,120%,1975,2.05,1747,1.81,2024-10-18,2025-04-29,194,46
Canyon Ridge,B2 2x2,B-210,2,2,2,,965,7/5/2026,700,12,120%,2310,2.39,2310,2.39,2026-04-17,2026-04-19,3,0
Canyon Ridge,B2 2x2,B-108,1,2,2,,965,3/15/2025,700,15,120%,2010,2.08,1762,1.83,2025-02-19,2025-11-26,281,257
Canyon Ridge,B2 2x2,B-108,1,2,2,,965,6/5/2026,700,12,120%,2355,2.44,2355,2.44,2026-04-01,2026-04-26,26,0
Canyon Ridge,B2 2x2,A-103,1,2,2,,965,9/1/2024,700,12,120%,1820,1.89,1610,1.67,2024-07-26,2025-04-11,260,223
Canyon Ridge,B2 2x2,A-103,1,2,2,,965,6/6/2026,700,12,120%,2375,2.46,2375,2.46,2026-04-12,2026-05-11,30,0
Canyon Ridge,B2 2x2,A-214,2,2,2,,965,9/1/2024,700,12,120%,1750,1.81,1548,1.6,2024-07-26,2025-04-05,254,217
Canyon Ridge,B2 2x2,A-214,2,2,2,,965,6/22/2026,700,12,120%,2410,2.5,2410,2.5,2026-05-01,2026-05-16,16,0
Canyon Ridge,B2 2x2,D-407,4,2,2,,965,8/12/2025,700,15,120%,2000,2.07,1754,1.82,2025-07-02,2025-12-13,165,124
Canyon Ridge,B2 2x2,D-407,4,2,2,,965,7/7/2026,700,12,120%,2435,2.52,2435,2.52,2026-05-22,2026-05-26,5,0
Canyon Ridge,B2 2x2,A-109,1,2,2,,965,9/1/2024,500,12,120%,1740,1.8,1539,1.59,2024-07-16,2025-05-29,318,271
Canyon Ridge,B2 2x2,A-109,1,2,2,,965,8/7/2026,700,,120%,2455,2.54,2455,2.54,2026-05-22,2026-07-07,47,0
Canyon Ridge,B2 2x2,B-306,3,2,2,,965,3/15/2025,700,12,120%,1975,2.05,1671,1.73,2024-10-16,2025-06-26,254,104
Canyon Ridge,B2 2x2,B-306,3,2,2,,965,9/14/2026,700,,120%,2500,2.59,2500,2.59,2026-07-03,,13,0
Canyon Ridge,B2 2x2,A-412,4,2,2,,965,9/15/2024,500,12,120%,1775,1.84,1570,1.63,2024-09-15,2025-04-25,223,223
Canyon Ridge,B2 2x2,A-412,4,2,2,,965,7/10/2026,700,12,120%,2525,2.62,2525,2.62,2026-05-01,2026-05-28,28,0
Canyon Ridge,B2 2x2,B-214,2,2,2,,965,3/15/2025,700,12,120%,1875,1.94,1658,1.72,2024-10-18,2025-06-18,244,96
Canyon Ridge,B2 2x2,B-214,2,2,2,,965,Now,700,,120%,2525,2.62,2525,2.62,2026-05-01,,76,5
Canyon Ridge,B2 2x2,B-308,3,2,2,,965,3/15/2025,700,12,120%,1975,2.05,1671,1.73,2024-10-16,2025-07-07,265,115
Canyon Ridge,B2 2x2,B-308,3,2,2,,965,9/14/2026,700,,120%,2525,2.62,2525,2.62,2026-07-07,,9,0
Canyon Ridge,B2 2x2,A-410,4,2,2,,965,9/1/2024,500,12,120%,1875,1.94,1658,1.72,2024-08-16,2025-05-12,270,254
Canyon Ridge,B2 2x2,A-410,4,2,2,,965,7/14/2026,700,,120%,2550,2.64,2550,2.64,2026-06-04,2026-06-17,14,0
Canyon Ridge,B2 2x2,A-405,4,2,2,,965,12/18/2024,700,12,120%,1875,1.94,1658,1.72,2024-12-18,2025-04-16,120,120
Canyon Ridge,B2 2x2,A-405,4,2,2,,965,7/21/2026,700,,120%,2550,2.64,2550,2.64,2026-06-27,2026-06-29,3,0
Canyon Ridge,B2 2x2,A-304,3,2,2,,965,9/1/2024,700,12,120%,2035,2.11,1722,1.78,2024-07-26,2025-03-08,226,189
Canyon Ridge,B2 2x2,A-304,3,2,2,,965,8/7/2026,700,,120%,2560,2.65,2560,2.65,2026-05-15,,62,0
Canyon Ridge,B2 2x2,B-303,3,2,2,,965,3/15/2025,700,12,120%,2100,2.18,1858,1.93,2025-02-19,2025-06-15,117,93
Canyon Ridge,B2 2x2,B-303,3,2,2,,965,9/5/2026,700,,120%,2560,2.65,2560,2.65,2026-06-30,2026-07-04,5,0
Canyon Ridge,B2 2x2,A-205,2,2,2,,965,9/1/2024,700,12,120%,1850,1.92,1565,1.62,2024-07-16,2024-10-21,98,51
Canyon Ridge,B2 2x2,A-205,2,2,2,,965,4/14/2025,500,12,120%,1850,1.92,1636,1.7,2025-03-11,2025-05-26,77,43
Canyon Ridge,B2 2x2,A-205,2,2,2,,965,8/10/2026,700,,120%,2560,2.65,2560,2.65,2026-06-09,,37,0
Canyon Ridge,B2 2x2,A-310,3,2,2,,965,9/1/2024,700,12,120%,1795,1.86,1519,1.57,2024-07-26,2025-02-14,204,167
Canyon Ridge,B2 2x2,A-310,3,2,2,,965,8/7/2026,700,,120%,2560,2.65,2560,2.65,2026-06-01,,45,0
Canyon Ridge,B2 2x2,B-407,4,2,2,,965,3/15/2025,700,12,120%,2210,2.29,1870,1.94,2025-02-19,2025-07-14,146,122
Canyon Ridge,B2 2x2,B-407,4,2,2,,965,5/22/2026,700,12,120%,2675,2.77,2675,2.77,2026-05-13,2026-05-19,7,0
Canyon Ridge,B1,C-202,2,2,2,,1056,9/1/2024,700,12,120%,2125,2.01,2125,2.01,2024-07-16,2024-07-26,11,0
Canyon Ridge,B1,C-202,2,2,2,,1056,10/8/2025,700,12,120%,1955,1.85,1654,1.57,2025-03-11,2025-09-23,197,0
Canyon Ridge,B1,D-216,2,2,2,,1056,8/12/2025,700,12,120%,1955,1.85,1654,1.57,2025-07-02,2025-09-13,74,33
Canyon Ridge,B1,D-316,3,2,2,,1056,8/12/2025,700,12,120%,1955,1.85,1955,1.85,2025-07-02,2025-08-25,55,14
Canyon Ridge,B1,E-208,2,2,2,,1056,8/5/2025,700,12,120%,1955,1.85,1654,1.57,2025-05-30,2025-09-18,112,45
Canyon Ridge,B1,E-102,1,2,2,,1056,8/5/2025,700,12,120%,1955,1.85,1654,1.57,2025-05-30,2025-08-18,81,14
Canyon Ridge,B1,E-308,3,2,2,,1056,8/5/2025,700,12,120%,1955,1.85,1955,1.85,2025-05-30,2025-08-08,71,4
Canyon Ridge,B1,A-215,2,2,2,,1056,9/1/2024,700,12,120%,2025,1.92,1713,1.62,2024-07-16,2024-10-17,94,47
Canyon Ridge,B1,A-215,2,2,2,,1056,1/25/2025,700,12,120%,2025,1.92,1713,1.62,2025-01-25,2025-02-23,30,30
Canyon Ridge,B1,B-422,4,2,2,,1056,3/15/2025,700,12,120%,2080,1.97,1920,1.82,2024-07-16,2025-03-27,255,13
Canyon Ridge,B1,A-116,1,2,2,,1056,9/1/2024,700,12,120%,2080,1.97,2080,1.97,2024-07-16,2024-07-26,11,0
Canyon Ridge,B1,C-401,4,2,2,,1056,4/5/2025,500,12,120%,2105,1.99,1862,1.76,2025-03-06,2025-04-30,56,26
Canyon Ridge,B1,C-301,3,2,2,,1056,4/5/2025,500,12,120%,2125,2.01,1880,1.78,2025-03-11,2025-05-14,65,40
Canyon Ridge,B1,D-215,2,2,2,,1056,8/12/2025,700,14,120%,2125,2.01,1845,1.75,2025-07-02,2025-10-09,100,59
Canyon Ridge,B1,B-222,2,2,2,,1056,3/15/2025,700,12,120%,2125,2.01,1880,1.78,2024-10-18,2025-04-17,182,34
Canyon Ridge,B1,C-102,1,2,2,,1056,3/17/2025,500,12,120%,2130,2.02,1884,1.78,2025-03-11,2025-05-23,74,68
Canyon Ridge,B1,B-122,1,2,2,,1056,3/15/2025,700,12,120%,2130,2.02,1966,1.86,2024-10-18,2025-04-03,168,20
Canyon Ridge,B1,A-415,4,2,2,,1056,9/1/2024,700,12,120%,2180,2.06,2180,2.06,2024-07-26,2024-08-08,14,0
Canyon Ridge,B1,C-302,3,2,2,,1056,4/5/2025,700,12,120%,2200,2.08,1946,1.84,2025-03-11,2025-06-13,95,70
Canyon Ridge,B1,E-302,3,2,2,,1056,8/5/2025,700,12,120%,2225,2.11,1882,1.78,2025-05-30,2025-08-14,77,10
Canyon Ridge,B1,E-202,2,2,2,,1056,8/5/2025,700,12,120%,2225,2.11,2225,2.11,2025-05-30,2025-08-08,71,4
Canyon Ridge,B1 2x2,C-108,1,2,2,,1056,4/5/2025,700,12,120%,2080,1.97,1840,1.74,2025-03-11,2025-04-09,30,5
Canyon Ridge,B1 2x2,C-108,1,2,2,,1056,6/1/2026,700,12,120%,2230,2.11,2230,2.11,2026-03-12,2026-03-30,19,0
Canyon Ridge,B1,C-402,4,2,2,,1056,4/5/2025,500,12,120%,2105,1.99,1862,1.76,2025-03-06,2025-05-06,62,32
Canyon Ridge,B1,C-402,4,2,2,,1056,9/6/2025,700,14,120%,2255,2.14,2255,2.14,2025-08-24,2026-01-17,147,134
Canyon Ridge,B1,D-416,4,2,2,,1056,8/12/2025,700,15,120%,2275,2.15,1995,1.89,2025-07-02,2025-12-31,183,142
Canyon Ridge,B1 2x2,A-216,2,2,2,,1056,9/1/2024,700,12,120%,2025,1.92,1713,1.62,2024-07-26,2024-10-29,96,59
Canyon Ridge,B1 2x2,A-216,2,2,2,,1056,2/16/2026,700,13,120%,2275,2.15,2275,2.15,2025-12-09,2026-02-09,63,0
Canyon Ridge,B1,E-402,4,2,2,,1056,8/5/2025,700,14,120%,2280,2.16,2280,2.16,2025-05-30,2025-10-12,136,69
Canyon Ridge,B1,E-108,1,2,2,,1056,8/5/2025,700,15,120%,2280,2.16,2280,2.16,2025-05-30,2025-10-26,150,83
Canyon Ridge,B1,E-408,4,2,2,,1056,8/5/2025,700,15,120%,2280,2.16,2280,2.16,2025-05-30,2025-10-27,151,84
Canyon Ridge,B1,E-101,1,2,2,,1056,8/5/2025,700,12,120%,2280,2.16,1929,1.83,2025-05-30,2025-09-20,114,47
Canyon Ridge,B1 2x2,A-115,1,2,2,,1056,9/1/2024,700,12,120%,2035,1.93,1722,1.63,2024-07-16,2024-10-17,94,47
Canyon Ridge,B1 2x2,A-115,1,2,2,,1056,4/21/2026,700,12,120%,2285,2.16,2285,2.16,2026-02-15,2026-03-04,18,0
Canyon Ridge,B1,D-315,3,2,2,,1056,8/12/2025,700,15,120%,2325,2.2,2039,1.93,2025-07-02,2025-11-15,137,96
Canyon Ridge,B1,D-516,5,2,2,,1056,8/12/2025,700,15,120%,2330,2.21,2043,1.93,2025-07-02,2025-12-24,176,135
Canyon Ridge,B1,A-416,4,2,2,,1056,9/1/2024,700,12,120%,2165,2.05,1832,1.73,2024-07-26,2024-10-17,84,47
Canyon Ridge,B1,A-416,4,2,2,,1056,12/14/2025,700,14,120%,2340,2.22,2031,1.92,2025-10-10,2026-01-25,108,43
Canyon Ridge,B1 2x2,A-315,3,2,2,,1056,9/1/2024,700,12,120%,2125,2.01,1798,1.7,2024-07-26,2024-10-17,84,47
Canyon Ridge,B1 2x2,A-315,3,2,2,,1056,3/11/2026,700,13,120%,2375,2.25,2206,2.09,2026-01-03,2026-03-07,64,0
Canyon Ridge,B1 2x2,D-415,4,2,2,,1056,8/12/2025,700,14,120%,2375,2.25,2140,2.03,2025-07-02,2026-01-30,213,172
Canyon Ridge,B1 2x2,B-322,3,2,2,,1056,3/15/2025,500,12,120%,2125,2.01,1880,1.78,2024-10-18,2025-05-12,207,59
Canyon Ridge,B1 2x2,B-322,3,2,2,,1056,6/9/2026,700,12,120%,2425,2.3,2425,2.3,2026-04-06,2026-04-15,10,0
Canyon Ridge,B1,D-515,5,2,2,,1056,8/12/2025,700,15,120%,2430,2.3,2131,2.02,2025-07-02,2025-12-02,154,113
Canyon Ridge,B1 2x2,C-408,4,2,2,,1056,4/5/2025,700,12,120%,2130,2.02,1884,1.78,2025-03-11,2025-04-24,45,20
Canyon Ridge,B1 2x2,C-408,4,2,2,,1056,6/22/2026,700,12,120%,2465,2.33,2465,2.33,2026-04-07,2026-04-26,20,0
Canyon Ridge,B1,E-401,4,2,2,,1056,8/5/2025,700,12,120%,2535,2.4,2535,2.4,2025-05-30,2025-09-09,103,36
Canyon Ridge,B1 2x2,C-308,3,2,2,,1056,4/5/2025,500,12,120%,2100,1.99,1858,1.76,2025-03-06,2025-05-13,69,39
Canyon Ridge,B1 2x2,C-308,3,2,2,,1056,7/25/2026,700,,120%,2560,2.42,2560,2.42,2026-06-04,2026-06-18,15,0
Canyon Ridge,B1 2x2,C-201,2,2,2,,1056,9/1/2024,700,12,120%,2125,2.01,2125,2.01,2024-07-16,2024-07-26,11,0
Canyon Ridge,B1 2x2,C-201,2,2,2,,1056,4/5/2025,500,12,120%,2075,1.96,1835,1.74,2025-03-11,2025-04-29,50,25
Canyon Ridge,B1 2x2,C-201,2,2,2,,1056,8/24/2026,700,,120%,2560,2.42,2560,2.42,2026-06-20,,26,0
Canyon Ridge,B1 2x2,E-301,3,2,2,,1056,8/5/2025,700,13,120%,2575,2.44,2392,2.27,2025-05-30,2026-03-03,278,211
Canyon Ridge,B1 2x2,C-101,1,2,2,,1056,4/5/2025,500,12,120%,2180,2.06,1928,1.83,2025-03-11,2025-05-29,80,55
Canyon Ridge,B1 2x2,C-101,1,2,2,,1056,9/11/2026,700,,120%,2575,2.44,2575,2.44,2026-07-04,,12,0
Canyon Ridge,B1 2x2,C-208,2,2,2,,1056,4/5/2025,500,12,120%,2175,2.06,1924,1.82,2025-03-11,2025-05-30,81,56
Canyon Ridge,B1 2x2,C-208,2,2,2,,1056,8/19/2026,700,,120%,2585,2.45,2585,2.45,2026-06-10,,36,0
Canyon Ridge,B1 2x2,A-316,3,2,2,,1056,9/1/2024,700,12,120%,2125,2.01,1798,1.7,2024-07-26,2024-10-21,88,51
Canyon Ridge,B1 2x2,A-316,3,2,2,,1056,1/7/2026,700,13,120%,2275,2.15,2033,1.93,2025-10-31,2026-02-08,101,33
Canyon Ridge,B1 2x2,A-316,3,2,2,,1056,Now,700,,120%,2610,2.47,2610,2.47,2026-06-04,,42,27
Canyon Ridge,B1 2x2,D-115,1,2,2,,1088,9/26/2025,700,14,120%,2280,2.1,2280,2.1,2025-09-26,2025-10-15,20,20
Canyon Ridge,B1 2x2,D-115,1,2,2,,1088,5/12/2026,700,12,120%,2465,2.27,2465,2.27,2026-04-28,2026-04-30,3,0
Canyon Ridge,C1,B-202,2,3,2,,1165,3/15/2025,500,12,120%,2275,1.95,2012,1.73,2024-07-16,2025-04-30,289,47
Canyon Ridge,C1,A-402,4,3,2,,1165,9/1/2024,700,12,120%,2330,2,2330,2,2024-07-26,2024-08-25,31,0
Canyon Ridge,C1,B-402,4,3,2,,1165,3/15/2025,700,12,120%,2330,2,1971,1.69,2024-10-18,2025-03-20,154,6
Canyon Ridge,C1,A-202,2,3,2,,1165,9/1/2024,700,12,120%,2275,1.95,2012,1.73,2024-07-16,2024-12-19,157,110
Canyon Ridge,C1,A-202,2,3,2,,1165,8/22/2025,700,12,120%,2345,2.01,2345,2.01,2025-05-30,2025-08-29,92,8
Canyon Ridge,C1,D-401,4,3,2,,1165,8/15/2025,700,12,120%,2345,2.01,1984,1.7,2025-07-02,2025-07-23,22,0
Canyon Ridge,C1,D-402,4,3,2,,1165,8/15/2025,700,12,120%,2345,2.01,1984,1.7,2025-07-02,2025-07-20,19,0
Canyon Ridge,C1,D-201,2,3,2,,1165,9/1/2024,700,12,120%,2275,1.95,2275,1.95,2024-07-16,2024-07-26,11,0
Canyon Ridge,C1,D-201,2,3,2,,1165,8/15/2025,700,12,120%,2345,2.01,1984,1.7,2025-07-02,2025-08-21,51,7
Canyon Ridge,C1,D-101,1,3,2,,1165,8/15/2025,700,12,120%,2350,2.02,1988,1.71,2025-07-02,2025-07-07,6,0
Canyon Ridge,C1,B-302,3,3,2,,1165,3/15/2025,700,12,120%,2385,2.05,2110,1.81,2024-10-18,2025-06-10,236,88
Canyon Ridge,C1,D-202,2,3,2,,1165,9/1/2024,700,12,120%,2275,1.95,2275,1.95,2024-07-16,2024-07-26,11,0
Canyon Ridge,C1,D-202,2,3,2,,1165,8/13/2025,700,15,120%,2395,2.06,2100,1.8,2025-07-02,2025-11-09,131,89
Canyon Ridge,C1,D-302,3,3,2,,1165,8/12/2025,700,15,120%,2395,2.06,2395,2.06,2025-07-02,2025-11-18,140,99
Canyon Ridge,C1,D-502,5,3,2,,1165,8/15/2025,700,12,120%,2400,2.06,2400,2.06,2025-08-04,2025-08-08,5,0
Canyon Ridge,C1,A-302,3,3,2,,1165,9/1/2024,700,12,120%,2420,2.08,2141,1.84,2024-07-26,2025-06-18,328,291
Canyon Ridge,C1,D-501,5,3,2,,1165,8/15/2025,700,12,120%,2450,2.1,2073,1.78,2025-07-02,2025-09-06,67,23
Canyon Ridge,C1,B-401,4,3,2,,1165,3/15/2025,700,12,120%,2485,2.13,2102,1.8,2024-10-18,2025-02-19,125,0
Canyon Ridge,C1 3x2,B-101,1,3,2,,1165,3/15/2025,700,12,120%,2280,1.96,2017,1.73,2024-10-18,2025-04-10,175,27
Canyon Ridge,C1 3x2,B-101,1,3,2,,1165,6/1/2026,700,,120%,2560,2.2,2560,2.2,2026-03-28,2026-07-08,103,38
Canyon Ridge,C1 3x2,A-102,1,3,2,,1165,9/1/2024,700,12,120%,2280,1.96,1929,1.66,2024-07-26,2025-03-12,230,193
Canyon Ridge,C1 3x2,A-102,1,3,2,,1165,9/7/2026,700,,120%,2560,2.2,2560,2.2,2026-02-06,2026-07-05,150,0
Canyon Ridge,C1 3x2,B-201,2,3,2,,1165,3/15/2025,700,12,120%,2275,1.95,2275,1.95,2024-07-16,2025-02-26,226,0
Canyon Ridge,C1 3x2,B-201,2,3,2,,1165,3/24/2026,700,13,120%,2570,2.21,2570,2.21,2026-01-14,2026-03-12,58,0
Canyon Ridge,C1 3x2,B-102,1,3,2,,1165,3/15/2025,500,12,120%,2280,1.96,2017,1.73,2024-10-18,2025-04-30,195,47
Canyon Ridge,C1 3x2,B-102,1,3,2,,1165,8/1/2026,700,,120%,2585,2.22,2585,2.22,2026-07-09,,7,0
Canyon Ridge,C1 3x2,D-301,3,3,2,,1165,9/1/2024,700,12,120%,2275,1.95,2275,1.95,2024-07-16,2024-07-26,11,0
Canyon Ridge,C1 3x2,D-301,3,3,2,,1165,8/15/2025,700,12,120%,2445,2.1,2069,1.78,2025-07-02,2025-08-20,50,6
Canyon Ridge,C1 3x2,D-301,3,3,2,,1165,5/8/2026,700,12,120%,2595,2.23,2595,2.23,2026-03-05,2026-04-12,39,0
Canyon Ridge,C1,B-301,3,3,2,,1165,10/11/2025,700,15,120%,2595,2.23,2275,1.95,2024-10-18,2025-12-01,410,52
Canyon Ridge,C2,B-119,1,3,2,,1291,3/15/2025,500,12,120%,2405,1.86,2127,1.65,2024-07-16,2025-06-03,323,81
Canyon Ridge,C2 3x2,A-213,2,3,2,,1291,9/1/2024,700,12,120%,2300,1.78,2300,1.78,2024-07-16,2024-09-15,62,15
Canyon Ridge,C2 3x2,A-213,2,3,2,,1291,11/19/2025,700,13,120%,2495,1.93,2495,1.93,2025-10-04,2026-02-03,123,77
Canyon Ridge,C2 3x2,A-313,3,3,2,,1291,9/1/2024,700,12,120%,2350,1.82,1988,1.54,2024-07-16,2025-02-12,212,165
Canyon Ridge,C2 3x2,A-313,3,3,2,,1291,9/8/2025,700,12,120%,2495,1.93,2111,1.64,2025-08-01,2025-08-04,4,0
Canyon Ridge,C2 3x2,A-313,3,3,2,,1291,3/13/2026,700,13,120%,2495,1.93,2406,1.86,2026-01-27,2026-03-10,43,0
Canyon Ridge,C2 3x2,B-319,3,3,2,,1291,3/15/2025,700,12,120%,2400,1.86,2030,1.57,2024-10-18,2025-02-14,120,0
Canyon Ridge,C2 3x2,B-319,3,3,2,,1291,5/20/2026,700,12,120%,2595,2.01,2595,2.01,2026-03-07,2026-03-15,9,0
Canyon Ridge,C2 3x2,B-419,4,3,2,,1291,3/15/2025,700,12,120%,2410,1.87,2410,1.87,2024-10-18,2025-01-16,91,0
Canyon Ridge,C2 3x2,B-419,4,3,2,,1291,4/29/2026,700,12,120%,2605,2.02,2605,2.02,2026-02-18,2026-03-05,16,0
Canyon Ridge,C2,A-113,1,3,2,,1291,9/1/2024,500,12,120%,2610,2.02,2309,1.79,2024-07-16,2025-05-28,317,270
Canyon Ridge,C2 3x2,B-219,2,3,2,,1291,3/15/2025,500,12,120%,2475,1.92,2189,1.7,2024-07-16,2025-05-30,319,77
Canyon Ridge,C2 3x2,B-219,2,3,2,,1291,7/13/2026,700,12,120%,2695,2.09,2695,2.09,2026-05-11,2026-05-14,4,0
Canyon Ridge,C2 3x2,A-413,4,3,2,,1291,9/1/2024,700,12,120%,2355,1.82,2355,1.82,2024-07-16,2024-10-30,107,60
Canyon Ridge,C2 3x2,A-413,4,3,2,,1291,7/15/2025,700,12,120%,2500,1.94,2115,1.64,2025-06-24,2025-06-25,2,0
Canyon Ridge,C2 3x2,A-413,4,3,2,,1291,8/3/2026,700,,120%,2760,2.14,2760,2.14,2026-05-29,2026-07-03,36,0
The Timbers at Harris Ranch,Urban One Bedroom,C209,2,0,1,,591,9/28/2023,500,,80%,1460,2.47,1460,2.47,2023-08-29,2023-08-30,2,0
The Timbers at Harris Ranch,Urban One Bedroom,C209,2,0,1,,591,4/15/2024,500,,80%,1495,2.53,1370,2.32,2024-02-29,2024-11-16,262,216
The Timbers at Harris Ranch,Urban One Bedroom,C403,4,0,1,,591,9/28/2023,500,,80%,1560,2.64,1560,2.64,2023-08-29,2023-08-30,2,0
The Timbers at Harris Ranch,Urban One Bedroom,C403,4,0,1,,591,3/1/2024,500,,80%,1495,2.53,1370,2.32,2024-03-01,2024-10-30,244,244
The Timbers at Harris Ranch,Urban One Bedroom,C309,3,0,1,,591,9/28/2023,500,,120%,1435,2.43,1435,2.43,2023-08-29,2023-08-30,2,0
The Timbers at Harris Ranch,Urban One Bedroom,C309,3,0,1,,591,4/15/2024,500,,120%,1675,2.83,1482,2.51,2024-02-29,2024-08-14,168,122
The Timbers at Harris Ranch,Urban One Bedroom,C309,3,0,1,,591,7/8/2025,500,,120%,1575,2.66,1444,2.44,2025-05-28,2026-01-15,233,192
The Timbers at Harris Ranch,Urban One Bedroom,D403,4,0,1,,591,9/28/2023,500,,120%,1560,2.64,1560,2.64,2023-08-29,2023-08-30,2,0
The Timbers at Harris Ranch,Urban One Bedroom,D403,4,0,1,,591,5/3/2024,500,,120%,1595,2.7,1595,2.7,2024-04-05,2024-10-11,190,162
The Timbers at Harris Ranch,Urban One Bedroom,D409,4,0,1,,591,9/28/2023,500,,120%,1535,2.6,1535,2.6,2023-08-29,2023-08-30,2,0
The Timbers at Harris Ranch,Urban One Bedroom,D409,4,0,1,,591,12/27/2024,500,,120%,1595,2.7,1329,2.25,2024-04-05,2024-12-07,247,0
The Timbers at Harris Ranch,Urban One Bedroom,D209,2,0,1,,591,9/28/2023,500,,120%,1460,2.47,1460,2.47,2023-08-29,2023-08-30,2,0
The Timbers at Harris Ranch,Urban One Bedroom,D209,2,0,1,,591,5/3/2024,500,,120%,1500,2.54,1500,2.54,2024-04-05,2024-08-12,130,102
The Timbers at Harris Ranch,Urban One Bedroom,D209,2,0,1,,591,4/6/2025,500,,120%,1600,2.71,1600,2.71,2025-02-05,2025-04-17,72,12
The Timbers at Harris Ranch,Urban One Bedroom,D203,2,0,1,,591,9/28/2023,500,,120%,1485,2.51,1485,2.51,2023-08-29,2023-08-30,2,0
The Timbers at Harris Ranch,Urban One Bedroom,D203,2,0,1,,591,5/3/2024,500,,120%,1600,2.71,1354,2.29,2024-04-05,2024-08-03,121,93
The Timbers at Harris Ranch,Urban One Bedroom,D203,2,0,1,,591,2/28/2025,500,,120%,1545,2.61,1545,2.61,2025-01-23,2025-01-26,4,0
The Timbers at Harris Ranch,Urban One Bedroom,D203,2,0,1,,591,4/9/2026,500,,120%,1600,2.71,1600,2.71,2026-03-05,2026-03-22,18,0
The Timbers at Harris Ranch,Urban One Bedroom,C203,2,0,1,,591,9/28/2023,500,,120%,1485,2.51,1485,2.51,2023-08-29,2023-08-30,2,0
The Timbers at Harris Ranch,Urban One Bedroom,C203,2,0,1,,591,4/15/2024,500,,120%,1500,2.54,1500,2.54,2024-02-29,2024-08-09,163,117
The Timbers at Harris Ranch,Urban One Bedroom,C203,2,0,1,,591,1/8/2025,500,,120%,1545,2.61,1545,2.61,2025-01-03,2025-01-09,7,2
The Timbers at Harris Ranch,Urban One Bedroom,C203,2,0,1,,591,9/8/2025,500,,120%,1600,2.71,1600,2.71,2025-08-16,2025-09-12,28,5
The Timbers at Harris Ranch,Urban One Bedroom,D309,3,0,1,,591,9/28/2023,500,,120%,1435,2.43,1435,2.43,2023-08-29,2023-08-30,2,0
The Timbers at Harris Ranch,Urban One Bedroom,D309,3,0,1,,591,5/3/2024,500,,120%,1620,2.74,1620,2.74,2024-04-05,2024-10-19,198,170
The Timbers at Harris Ranch,Urban One Bedroom,D309,3,0,1,,591,11/13/2025,500,,120%,1675,2.83,1535,2.6,2025-10-12,2025-12-03,53,21
The Timbers at Harris Ranch,Urban One Bedroom,C303,3,0,1,,591,9/28/2023,500,,120%,1460,2.47,1460,2.47,2023-08-29,2023-08-30,2,0
The Timbers at Harris Ranch,Urban One Bedroom,C303,3,0,1,,591,4/15/2024,500,,120%,1675,2.83,1482,2.51,2024-02-29,2024-04-03,35,0
The Timbers at Harris Ranch,Urban One Bedroom,C303,3,0,1,,591,11/30/2025,500,,120%,1675,2.83,1535,2.6,2025-11-30,2025-12-03,4,4
The Timbers at Harris Ranch,Urban One Bedroom,C409,4,0,1,,591,9/28/2023,500,,120%,1535,2.6,1535,2.6,2023-08-29,2023-08-30,2,0
The Timbers at Harris Ranch,Urban One Bedroom,C409,4,0,1,,591,4/15/2024,500,,120%,1695,2.87,1554,2.63,2024-02-29,2024-10-25,240,194
The Timbers at Harris Ranch,Urban One Bedroom,C409,4,0,1,,591,6/18/2025,500,,120%,1750,2.96,1750,2.96,2025-05-14,2025-08-27,106,71
The Timbers at Harris Ranch,Urban One Bedroom,D303,3,0,1,,591,9/28/2023,500,,120%,1460,2.47,1460,2.47,2023-08-29,2023-08-30,2,0
The Timbers at Harris Ranch,Urban One Bedroom,D303,3,0,1,,591,5/3/2024,500,,120%,1675,2.83,1675,2.83,2024-04-05,2024-07-31,118,90
The Timbers at Harris Ranch,Urban One Bedroom,D303,3,0,1,,591,8/15/2025,500,,120%,1575,2.66,1575,2.66,2025-06-04,2025-10-06,125,53
The Timbers at Harris Ranch,Urban One Bedroom,D303,3,0,1,,591,8/18/2026,500,,120%,1750,2.96,1750,2.96,2026-05-11,,66,0
The Timbers at Harris Ranch,1 Bedroom 1 Bath,C111,1,1,1,,641,9/28/2023,500,,120%,1750,2.73,1750,2.73,2023-08-29,2023-08-30,2,0
The Timbers at Harris Ranch,1 Bedroom 1 Bath,C111,1,1,1,,641,4/15/2024,500,,120%,1725,2.69,1526,2.38,2024-02-29,2024-06-20,113,67
The Timbers at Harris Ranch,1 Bedroom 1 Bath,C111,1,1,1,,641,6/15/2026,500,,120%,1870,2.92,1870,2.92,2025-10-26,2026-06-02,220,0
The Timbers at Harris Ranch,1 Bedroom 1 Bath,D111,1,1,1,,641,9/28/2023,500,,120%,1850,2.89,1850,2.89,2023-08-29,2023-08-30,2,0
The Timbers at Harris Ranch,1 Bedroom 1 Bath,D111,1,1,1,,641,5/3/2024,500,,120%,1725,2.69,1526,2.38,2024-04-05,2024-05-06,32,4
The Timbers at Harris Ranch,1 Bedroom 1 Bath,D111,1,1,1,,641,6/13/2025,500,,120%,1775,2.77,1775,2.77,2025-04-05,2025-06-20,77,8
The Timbers at Harris Ranch,1 Bedroom 1 Bath,D111,1,1,1,,641,8/1/2026,500,,120%,1945,3.03,1945,3.03,2026-06-25,2026-07-01,7,0
The Timbers at Harris Ranch,1 Bedroom 1 Bath,C208,2,1,1,,690,9/28/2023,500,,80%,1845,2.67,1845,2.67,2023-08-29,2023-08-30,2,0
The Timbers at Harris Ranch,1 Bedroom 1 Bath,C208,2,1,1,,690,4/15/2024,500,,80%,1712,2.48,1514,2.19,2024-02-29,2024-05-31,93,47
The Timbers at Harris Ranch,1 Bedroom 1 Bath,C208,2,1,1,,690,7/21/2025,500,,80%,1762,2.55,1762,2.55,2025-05-16,2025-06-01,17,0
The Timbers at Harris Ranch,1 Bedroom 1 Bath,C208,2,1,1,,690,1/25/2026,500,,80%,1612,2.34,1478,2.14,2025-12-16,2026-01-28,44,4
The Timbers at Harris Ranch,1 Bedroom 1 Bath,D406,4,1,1,,690,9/28/2023,500,,80%,1970,2.86,1970,2.86,2023-08-29,2023-08-30,2,0
The Timbers at Harris Ranch,1 Bedroom 1 Bath,D406,4,1,1,,690,5/3/2024,500,,80%,1762,2.55,1559,2.26,2024-04-05,2024-08-22,140,112
The Timbers at Harris Ranch,1 Bedroom 1 Bath,D406,4,1,1,,690,1/14/2026,500,,80%,1662,2.41,1524,2.21,2026-01-07,2026-01-26,20,13
The Timbers at Harris Ranch,1 Bedroom 1 Bath,D304,3,1,1,,690,9/28/2023,500,,80%,1870,2.71,1870,2.71,2023-08-29,2023-08-30,2,0
The Timbers at Harris Ranch,1 Bedroom 1 Bath,D304,3,1,1,,690,5/3/2024,500,,80%,1787,2.59,1512,2.19,2024-04-05,2024-08-02,120,92
The Timbers at Harris Ranch,1 Bedroom 1 Bath,D304,3,1,1,,690,7/22/2025,500,,80%,1837,2.66,1684,2.44,2025-05-25,2025-08-06,74,16
The Timbers at Harris Ranch,1 Bedroom 1 Bath,D304,3,1,1,,690,12/27/2025,500,,80%,1687,2.44,1546,2.24,2025-12-16,2026-01-15,31,20
The Timbers at Harris Ranch,1 Bedroom 1 Bath,D210,2,1,1,,690,9/28/2023,500,,80%,1945,2.82,1945,2.82,2023-08-29,2023-08-30,2,0
The Timbers at Harris Ranch,1 Bedroom 1 Bath,D210,2,1,1,,690,5/3/2024,500,,80%,1712,2.48,1514,2.19,2024-04-05,2024-06-05,62,34
The Timbers at Harris Ranch,1 Bedroom 1 Bath,D204,2,1,1,,690,9/28/2023,500,,80%,1870,2.71,1870,2.71,2023-08-29,2023-08-30,2,0
The Timbers at Harris Ranch,1 Bedroom 1 Bath,D204,2,1,1,,690,5/3/2024,500,,80%,1712,2.48,1569,2.27,2024-04-05,2024-06-26,83,55
The Timbers at Harris Ranch,1 Bedroom 1 Bath,D208,2,1,1,,690,9/28/2023,500,,80%,1845,2.67,1845,2.67,2023-08-29,2023-08-30,2,0
The Timbers at Harris Ranch,1 Bedroom 1 Bath,D208,2,1,1,,690,5/3/2024,500,,80%,1712,2.48,1569,2.27,2024-04-05,2024-06-23,80,52
The Timbers at Harris Ranch,1 Bedroom 1 Bath,C210,2,1,1,,690,9/28/2023,500,,120%,1845,2.67,1845,2.67,2023-08-29,2023-08-30,2,0
The Timbers at Harris Ranch,1 Bedroom 1 Bath,C210,2,1,1,,690,4/15/2024,500,,120%,1725,2.5,1517,2.2,2024-02-29,2024-04-19,51,5
The Timbers at Harris Ranch,1 Bedroom 1 Bath,C210,2,1,1,,690,6/10/2025,500,,120%,1762,2.55,1762,2.55,2025-04-04,2025-04-30,27,0
The Timbers at Harris Ranch,1 Bedroom 1 Bath,D410,4,1,1,,690,9/28/2023,500,,120%,1945,2.82,1945,2.82,2023-08-29,2023-08-30,2,0
The Timbers at Harris Ranch,1 Bedroom 1 Bath,D410,4,1,1,,690,5/3/2024,500,,120%,2187,3.17,1934,2.8,2024-04-05,2024-06-08,65,37
The Timbers at Harris Ranch,1 Bedroom 1 Bath,D410,4,1,1,,690,11/26/2024,500,,120%,1762,2.55,1468,2.13,2024-11-12,2024-12-09,28,14
The Timbers at Harris Ranch,1 Bedroom 1 Bath,D206,2,1,1,,690,9/28/2023,500,,120%,1870,2.71,1870,2.71,2023-08-29,2023-08-30,2,0
The Timbers at Harris Ranch,1 Bedroom 1 Bath,D206,2,1,1,,690,5/3/2024,500,,120%,1712,2.48,1712,2.48,2024-04-05,2024-07-01,88,60
The Timbers at Harris Ranch,1 Bedroom 1 Bath,D206,2,1,1,,690,9/7/2025,500,,120%,1762,2.55,1762,2.55,2025-07-11,2025-08-27,48,0
The Timbers at Harris Ranch,1 Bedroom 1 Bath,D308,3,1,1,,690,9/28/2023,500,,120%,1845,2.67,1845,2.67,2023-08-29,2023-08-30,2,0
The Timbers at Harris Ranch,1 Bedroom 1 Bath,D308,3,1,1,,690,5/3/2024,500,,120%,1787,2.59,1581,2.29,2024-04-05,2024-06-07,64,36
The Timbers at Harris Ranch,1 Bedroom 1 Bath,C310,3,1,1,,690,9/28/2023,500,,120%,1845,2.67,1845,2.67,2023-08-29,2023-08-30,2,0
The Timbers at Harris Ranch,1 Bedroom 1 Bath,C310,3,1,1,,690,3/1/2024,500,,120%,1787,2.59,1787,2.59,2024-03-01,2024-07-08,130,130
The Timbers at Harris Ranch,1 Bedroom 1 Bath,C308,3,1,1,,690,9/28/2023,500,,120%,1845,2.67,1845,2.67,2023-08-29,2023-08-30,2,0
The Timbers at Harris Ranch,1 Bedroom 1 Bath,C308,3,1,1,,690,4/15/2024,500,,120%,1787,2.59,1787,2.59,2024-02-29,2024-07-26,149,103
The Timbers at Harris Ranch,1 Bedroom 1 Bath,D306,3,1,1,,690,9/28/2023,500,,120%,1870,2.71,1870,2.71,2023-08-29,2023-08-30,2,0
The Timbers at Harris Ranch,1 Bedroom 1 Bath,D306,3,1,1,,690,5/3/2024,500,,120%,1787,2.59,1787,2.59,2024-04-05,2024-07-23,110,82
The Timbers at Harris Ranch,1 Bedroom 1 Bath,D306,3,1,1,,690,3/31/2025,500,,120%,1787,2.59,1787,2.59,2025-01-30,2025-02-05,7,0
The Timbers at Harris Ranch,1 Bedroom 1 Bath,D306,3,1,1,,690,4/4/2026,500,,120%,1787,2.59,1787,2.59,2026-01-14,2026-02-18,36,0
The Timbers at Harris Ranch,1 Bedroom 1 Bath,C408,4,1,1,,690,9/28/2023,500,,120%,1945,2.82,1945,2.82,2023-08-29,2023-08-30,2,0
The Timbers at Harris Ranch,1 Bedroom 1 Bath,C408,4,1,1,,690,4/15/2024,500,,120%,1795,2.6,1588,2.3,2024-02-29,2024-09-07,192,146
The Timbers at Harris Ranch,1 Bedroom 1 Bath,C306,3,1,1,,690,9/28/2023,500,,120%,1870,2.71,1870,2.71,2023-08-29,2023-08-30,2,0
The Timbers at Harris Ranch,1 Bedroom 1 Bath,C306,3,1,1,,690,4/15/2024,500,,120%,1787,2.59,1787,2.59,2024-02-29,2024-07-26,149,103
The Timbers at Harris Ranch,1 Bedroom 1 Bath,C306,3,1,1,,690,10/8/2025,500,,120%,1799,2.61,1649,2.39,2025-08-01,2025-12-03,125,57
The Timbers at Harris Ranch,1 Bedroom 1 Bath,C204,2,1,1,,690,9/28/2023,500,,120%,1870,2.71,1870,2.71,2023-08-29,2023-08-30,2,0
The Timbers at Harris Ranch,1 Bedroom 1 Bath,C204,2,1,1,,690,4/15/2024,500,,120%,1712,2.48,1514,2.19,2024-02-29,2024-06-17,110,64
The Timbers at Harris Ranch,1 Bedroom 1 Bath,C204,2,1,1,,690,9/8/2026,500,,120%,1800,2.61,1800,2.61,2026-05-07,2026-05-14,8,0
The Timbers at Harris Ranch,1 Bedroom 1 Bath,D408,4,1,1,,690,9/28/2023,500,,120%,1945,2.82,1945,2.82,2023-08-29,2023-08-30,2,0
The Timbers at Harris Ranch,1 Bedroom 1 Bath,D408,4,1,1,,690,5/3/2024,500,,120%,1762,2.55,1559,2.26,2024-04-05,2024-08-18,136,108
The Timbers at Harris Ranch,1 Bedroom 1 Bath,D408,4,1,1,,690,10/6/2025,500,,120%,1812,2.63,1812,2.63,2025-07-24,2025-10-30,99,25
The Timbers at Harris Ranch,1 Bedroom 1 Bath,C206,2,1,1,,690,9/28/2023,500,,120%,1870,2.71,1870,2.71,2023-08-29,2023-08-30,2,0
The Timbers at Harris Ranch,1 Bedroom 1 Bath,C206,2,1,1,,690,4/15/2024,500,,120%,1712,2.48,1514,2.19,2024-02-29,2024-06-13,106,60
The Timbers at Harris Ranch,1 Bedroom 1 Bath,C206,2,1,1,,690,7/12/2025,500,,120%,1762,2.55,1762,2.55,2025-05-07,2025-06-12,37,0
The Timbers at Harris Ranch,1 Bedroom 1 Bath,C206,2,1,1,,690,8/18/2026,500,,120%,1845,2.67,1845,2.67,2026-06-30,2026-07-02,3,0
The Timbers at Harris Ranch,1 Bedroom 1 Bath,C304,3,1,1,,690,9/28/2023,500,,120%,1870,2.71,1870,2.71,2023-08-29,2023-08-30,2,0
The Timbers at Harris Ranch,1 Bedroom 1 Bath,C304,3,1,1,,690,4/15/2024,500,,120%,1800,2.61,1592,2.31,2024-02-29,2024-04-28,60,14
The Timbers at Harris Ranch,1 Bedroom 1 Bath,C304,3,1,1,,690,4/3/2025,500,,120%,1787,2.59,1787,2.59,2025-03-25,2025-03-28,4,0
The Timbers at Harris Ranch,1 Bedroom 1 Bath,C304,3,1,1,,690,5/11/2026,500,,120%,1850,2.68,1850,2.68,2026-03-26,2026-04-08,14,0
The Timbers at Harris Ranch,1 Bedroom 1 Bath,C410,4,1,1,,690,9/28/2023,500,,120%,1945,2.82,1945,2.82,2023-08-29,2023-08-30,2,0
The Timbers at Harris Ranch,1 Bedroom 1 Bath,C410,4,1,1,,690,4/15/2024,500,,120%,2187,3.17,2187,3.17,2024-02-29,2024-07-22,145,99
The Timbers at Harris Ranch,1 Bedroom 1 Bath,C410,4,1,1,,690,11/21/2024,500,,120%,1862,2.7,1862,2.7,2024-11-08,2025-01-05,59,46
The Timbers at Harris Ranch,1 Bedroom 1 Bath,D310,3,1,1,,690,9/28/2023,500,,120%,1945,2.82,1945,2.82,2023-08-29,2023-08-30,2,0
The Timbers at Harris Ranch,1 Bedroom 1 Bath,D310,3,1,1,,690,5/3/2024,500,,120%,1787,2.59,1581,2.29,2024-04-05,2024-05-24,50,22
The Timbers at Harris Ranch,1 Bedroom 1 Bath,D310,3,1,1,,690,7/7/2025,500,,120%,1837,2.66,1684,2.44,2025-06-10,2025-07-22,43,16
The Timbers at Harris Ranch,1 Bedroom 1 Bath,D310,3,1,1,,690,8/2/2026,500,,120%,1875,2.72,1875,2.72,2026-05-16,2026-05-20,5,0
The Timbers at Harris Ranch,1 Bedroom 1 Bath,D404,4,1,1,,690,9/28/2023,500,,120%,1970,2.86,1970,2.86,2023-08-29,2023-08-30,2,0
The Timbers at Harris Ranch,1 Bedroom 1 Bath,D404,4,1,1,,690,5/3/2024,500,,120%,1762,2.55,1559,2.26,2024-04-05,2024-09-06,155,127
The Timbers at Harris Ranch,1 Bedroom 1 Bath,D404,4,1,1,,690,8/19/2025,500,,120%,1812,2.63,1661,2.41,2025-08-19,2025-10-31,74,74
The Timbers at Harris Ranch,1 Bedroom 1 Bath,D404,4,1,1,,690,8/2/2026,500,,120%,1895,2.75,1895,2.75,2026-06-30,2026-07-02,3,0
The Timbers at Harris Ranch,1 Bedroom 1 Bath,C406,4,1,1,,690,9/28/2023,500,,120%,1970,2.86,1970,2.86,2023-08-29,2023-08-30,2,0
The Timbers at Harris Ranch,1 Bedroom 1 Bath,C406,4,1,1,,690,4/15/2024,500,,120%,1795,2.6,1588,2.3,2024-02-29,2024-08-31,185,139
The Timbers at Harris Ranch,1 Bedroom 1 Bath,C406,4,1,1,,690,9/23/2025,500,,120%,1912,2.77,1753,2.54,2025-07-18,2025-12-27,163,96
The Timbers at Harris Ranch,1 Bedroom 1 Bath,C404,4,1,1,,690,9/28/2023,500,,120%,1970,2.86,1970,2.86,2023-08-29,2023-08-30,2,0
The Timbers at Harris Ranch,1 Bedroom 1 Bath,C404,4,1,1,,690,4/15/2024,500,,120%,1795,2.6,1588,2.3,2024-02-29,2024-09-06,191,145
The Timbers at Harris Ranch,1 Bedroom 1 Bath,C404,4,1,1,,690,11/2/2025,500,,120%,1912,2.77,1753,2.54,2025-08-27,2026-01-08,135,68
The Timbers at Harris Ranch,1 Bedroom 1 Bath,D106,1,1,1,,697,9/28/2023,500,,80%,2000,2.87,2000,2.87,2023-08-29,2023-08-30,2,0
The Timbers at Harris Ranch,1 Bedroom 1 Bath,D106,1,1,1,,697,5/3/2024,500,,80%,1720,2.47,1720,2.47,2024-04-05,2024-07-19,106,78
The Timbers at Harris Ranch,1 Bedroom 1 Bath,D106,1,1,1,,697,12/27/2024,500,,80%,1645,2.36,1371,1.97,2024-12-18,2024-12-28,11,2
The Timbers at Harris Ranch,1 Bedroom 1 Bath,C104,1,1,1,,697,9/28/2023,500,,120%,2000,2.87,2000,2.87,2023-08-29,2023-08-30,2,0
The Timbers at Harris Ranch,1 Bedroom 1 Bath,C104,1,1,1,,697,4/15/2024,500,,120%,1720,2.47,1720,2.47,2024-02-29,2024-07-01,124,78
The Timbers at Harris Ranch,1 Bedroom 1 Bath,D104,1,1,1,,697,9/28/2023,500,,120%,2000,2.87,2000,2.87,2023-08-29,2023-08-30,2,0
The Timbers at Harris Ranch,1 Bedroom 1 Bath,D104,1,1,1,,697,5/3/2024,500,,120%,1720,2.47,1720,2.47,2024-04-05,2024-07-24,111,83
The Timbers at Harris Ranch,1 Bedroom 1 Bath,C106,1,1,1,,697,9/28/2023,500,,120%,2000,2.87,2000,2.87,2023-08-29,2023-08-30,2,0
The Timbers at Harris Ranch,1 Bedroom 1 Bath,C106,1,1,1,,697,4/15/2024,500,,120%,1720,2.47,1720,2.47,2024-02-29,2024-07-19,142,96
The Timbers at Harris Ranch,1 Bedroom 1 Bath,C106,1,1,1,,697,9/19/2025,500,,120%,1738,2.49,1738,2.49,2025-09-19,2025-09-28,10,10
The Timbers at Harris Ranch,1 Bedroom 1 Bath,C104-ADA,1,1,1,,697,8/21/2026,500,,120%,1845,2.65,1845,2.65,2026-06-02,2026-06-19,18,0
The Timbers at Harris Ranch,1 Bedroom 1 Bath,E103,1,1,1,,708,9/8/2023,500,,80%,1495,2.11,1495,2.11,2023-07-27,2023-11-09,106,63
The Timbers at Harris Ranch,1 Bedroom 1 Bath,K205,2,1,1,,708,9/28/2023,500,,80%,1665,2.35,1665,2.35,2023-08-13,2023-10-10,59,13
The Timbers at Harris Ranch,1 Bedroom 1 Bath,K205,2,1,1,,708,11/11/2024,500,,80%,1595,2.25,1462,2.06,2024-09-06,2024-11-09,65,0
The Timbers at Harris Ranch,1 Bedroom 1 Bath,A205,2,1,1,,708,4/15/2024,500,,80%,1495,2.11,1287,1.82,2023-11-26,2024-04-22,149,8
The Timbers at Harris Ranch,1 Bedroom 1 Bath,A205,2,1,1,,708,11/2/2025,500,,80%,1643,2.32,1506,2.13,2025-08-02,2025-11-30,121,29
The Timbers at Harris Ranch,1 Bedroom 1 Bath,E105,1,1,1,,708,9/8/2023,500,,80%,1595,2.25,1595,2.25,2023-07-27,2023-10-04,70,27
The Timbers at Harris Ranch,1 Bedroom 1 Bath,E105,1,1,1,,708,11/8/2024,500,,80%,1595,2.25,1462,2.06,2024-09-06,2024-10-27,52,0
The Timbers at Harris Ranch,1 Bedroom 1 Bath,E105,1,1,1,,708,12/15/2025,500,,80%,1643,2.32,1643,2.32,2025-08-02,2025-09-03,33,0
The Timbers at Harris Ranch,1 Bedroom 1 Bath,B203,2,1,1,,708,7/28/2023,500,,80%,1665,2.35,1665,2.35,2023-06-22,2023-07-12,21,0
The Timbers at Harris Ranch,1 Bedroom 1 Bath,B203,2,1,1,,708,6/16/2024,500,,80%,1595,2.25,1411,1.99,2024-04-07,2024-05-19,43,0
The Timbers at Harris Ranch,1 Bedroom 1 Bath,B203,2,1,1,,708,12/27/2025,500,,80%,1643,2.32,1506,2.13,2025-12-02,2025-12-06,5,0
The Timbers at Harris Ranch,1 Bedroom 1 Bath,B205,2,1,1,,708,7/28/2023,500,,80%,1665,2.35,1665,2.35,2023-06-22,2023-07-11,20,0
The Timbers at Harris Ranch,1 Bedroom 1 Bath,K203,2,1,1,,708,9/28/2023,500,,80%,1665,2.35,1665,2.35,2023-08-13,2023-10-21,70,24
The Timbers at Harris Ranch,1 Bedroom 1 Bath,K203,2,1,1,,708,6/11/2025,500,,80%,1643,2.32,1643,2.32,2025-05-06,2025-05-20,15,0
The Timbers at Harris Ranch,1 Bedroom 1 Bath,K203,2,1,1,,708,6/18/2026,500,,80%,1675,2.37,1675,2.37,2026-03-27,2026-04-05,10,0
The Timbers at Harris Ranch,1 Bedroom 1 Bath,F203,2,1,1,,708,7/28/2023,500,,80%,1765,2.49,1765,2.49,2023-07-28,2023-08-02,6,6
The Timbers at Harris Ranch,1 Bedroom 1 Bath,F203,2,1,1,,708,12/6/2025,500,,80%,1643,2.32,1506,2.13,2025-10-09,2025-12-10,63,5
The Timbers at Harris Ranch,1 Bedroom 1 Bath,F203,2,1,1,,708,5/8/2026,500,,80%,1675,2.37,1675,2.37,2026-04-09,2026-04-11,3,0
The Timbers at Harris Ranch,1 Bedroom 1 Bath,F205,2,1,1,,708,8/16/2024,500,,80%,1695,2.39,1499,2.12,2024-06-08,2024-06-12,5,0
The Timbers at Harris Ranch,1 Bedroom 1 Bath,E305,3,1,1,,708,9/8/2023,500,,80%,1695,2.39,1695,2.39,2023-07-27,2023-08-02,7,0
The Timbers at Harris Ranch,1 Bedroom 1 Bath,E303,3,1,1,,708,9/8/2023,500,,80%,1695,2.39,1695,2.39,2023-07-27,2023-08-01,6,0
The Timbers at Harris Ranch,1 Bedroom 1 Bath,E303,3,1,1,,708,4/20/2025,500,,80%,1695,2.39,1695,2.39,2025-03-15,2025-03-23,9,0
The Timbers at Harris Ranch,1 Bedroom 1 Bath,F105,1,1,1,,708,7/1/2023,500,,120%,1695,2.39,1695,2.39,,2023-07-26,,
The Timbers at Harris Ranch,1 Bedroom 1 Bath,F105,1,1,1,,708,10/2/2024,500,,120%,1720,2.43,1433,2.02,2024-09-06,2024-09-13,8,0
The Timbers at Harris Ranch,1 Bedroom 1 Bath,A103,1,1,1,,708,8/29/2023,500,,120%,1788,2.53,1788,2.53,2023-08-29,2023-08-30,2,2
The Timbers at Harris Ranch,1 Bedroom 1 Bath,A103,1,1,1,,708,6/4/2025,500,,120%,1720,2.43,1720,2.43,2025-03-13,2025-03-14,2,0
The Timbers at Harris Ranch,1 Bedroom 1 Bath,F305,3,1,1,,708,7/1/2023,500,,120%,1695,2.39,1695,2.39,,2023-07-28,,
The Timbers at Harris Ranch,1 Bedroom 1 Bath,F305,3,1,1,,708,8/2/2025,500,,120%,1743,2.46,1743,2.46,2025-05-28,2025-06-19,23,0
The Timbers at Harris Ranch,1 Bedroom 1 Bath,A203,2,1,1,,708,8/23/2025,500,,120%,1643,2.32,1506,2.13,2025-08-15,2025-08-20,6,0
The Timbers at Harris Ranch,1 Bedroom 1 Bath,A203,2,1,1,,708,9/14/2026,500,,120%,1760,2.49,1760,2.49,2026-07-08,2026-07-11,4,0
The Timbers at Harris Ranch,1 Bedroom 1 Bath,E203,2,1,1,,708,9/8/2023,500,,120%,1665,2.35,1665,2.35,2023-07-27,2023-09-22,58,15
The Timbers at Harris Ranch,1 Bedroom 1 Bath,E203,2,1,1,,708,7/29/2025,500,,120%,1643,2.32,1643,2.32,2025-07-24,2025-10-06,75,70
The Timbers at Harris Ranch,1 Bedroom 1 Bath,E203,2,1,1,,708,7/14/2026,500,,120%,1760,2.49,1760,2.49,2026-07-03,2026-07-04,2,0
The Timbers at Harris Ranch,1 Bedroom 1 Bath,E205,2,1,1,,708,9/8/2023,500,,120%,1765,2.49,1765,2.49,2023-07-27,2023-08-09,14,0
The Timbers at Harris Ranch,1 Bedroom 1 Bath,A105,1,1,1,,708,3/7/2026,500,,120%,1768,2.5,1768,2.5,2026-02-05,2026-02-19,15,0
The Timbers at Harris Ranch,1 Bedroom 1 Bath,B105,1,1,1,,708,7/28/2023,500,,120%,1790,2.53,1790,2.53,2023-06-22,2023-08-02,42,6
The Timbers at Harris Ranch,1 Bedroom 1 Bath,B105,1,1,1,,708,8/29/2025,500,,120%,1768,2.5,1685,2.38,2025-06-26,2025-07-11,16,0
The Timbers at Harris Ranch,1 Bedroom 1 Bath,K103,1,1,1,,708,9/28/2023,500,,120%,1790,2.53,1790,2.53,2023-08-13,2023-09-22,41,0
The Timbers at Harris Ranch,1 Bedroom 1 Bath,K103,1,1,1,,708,11/16/2024,500,,120%,1720,2.43,1577,2.23,2024-10-08,2024-11-18,42,3
The Timbers at Harris Ranch,1 Bedroom 1 Bath,K103,1,1,1,,708,3/14/2026,500,,120%,1768,2.5,1621,2.29,2026-01-11,2026-01-23,13,0
The Timbers at Harris Ranch,1 Bedroom 1 Bath,B103,1,1,1,,708,7/28/2023,500,,120%,1790,2.53,1790,2.53,2023-06-22,2023-08-02,42,6
The Timbers at Harris Ranch,1 Bedroom 1 Bath,K303,3,1,1,,708,9/28/2023,500,,120%,1865,2.63,1865,2.63,2023-08-13,2023-10-18,67,21
The Timbers at Harris Ranch,1 Bedroom 1 Bath,K303,3,1,1,,708,2/24/2024,500,,120%,1795,2.54,1588,2.24,2024-01-23,2024-06-14,144,112
The Timbers at Harris Ranch,1 Bedroom 1 Bath,F303,3,1,1,,708,7/1/2023,500,,120%,1695,2.39,1695,2.39,,2023-07-14,,
The Timbers at Harris Ranch,1 Bedroom 1 Bath,F303,3,1,1,,708,10/8/2024,500,,120%,1795,2.54,1645,2.32,2024-09-17,2024-11-03,48,27
The Timbers at Harris Ranch,1 Bedroom 1 Bath,K305,3,1,1,,708,9/28/2023,500,,120%,1865,2.63,1865,2.63,2023-08-13,2023-10-24,73,27
The Timbers at Harris Ranch,1 Bedroom 1 Bath,K305,3,1,1,,708,8/23/2024,500,,120%,1795,2.54,1795,2.54,2024-06-19,2024-07-10,22,0
The Timbers at Harris Ranch,1 Bedroom 1 Bath,F105-ADA,,1,1,,708,7/18/2023,500,,120%,1695,2.39,1695,2.39,2023-07-18,2023-07-19,2,2
The Timbers at Harris Ranch,1 Bedroom 1 Bath,F105-ADA,,1,1,,708,5/23/2026,500,,120%,1800,2.54,1800,2.54,2026-04-09,2026-04-21,13,0
The Timbers at Harris Ranch,1 Bedroom 1 Bath,K105,1,1,1,,708,9/28/2023,500,,120%,1650,2.33,1650,2.33,2023-08-13,2023-11-23,103,57
The Timbers at Harris Ranch,1 Bedroom 1 Bath,K105,1,1,1,,708,8/4/2025,500,,120%,1768,2.5,1621,2.29,2025-06-01,2025-08-07,68,4
The Timbers at Harris Ranch,1 Bedroom 1 Bath,K105,1,1,1,,708,5/16/2026,500,,120%,1800,2.54,1800,2.54,2025-12-16,2026-04-18,124,0
The Timbers at Harris Ranch,1 Bedroom 1 Bath,B305,3,1,1,,708,7/28/2023,500,,120%,1695,2.39,1695,2.39,2023-06-22,2023-09-19,90,54
The Timbers at Harris Ranch,1 Bedroom 1 Bath,B305,3,1,1,,708,8/11/2024,500,,120%,1795,2.54,1588,2.24,2024-08-11,2024-08-13,3,3
The Timbers at Harris Ranch,1 Bedroom 1 Bath,B305,3,1,1,,708,5/29/2025,500,,120%,1843,2.6,1843,2.6,2025-05-06,2025-05-28,23,0
The Timbers at Harris Ranch,1 Bedroom 1 Bath,B303,3,1,1,,708,7/28/2023,500,,120%,1865,2.63,1865,2.63,2023-06-22,2023-08-02,42,6
The Timbers at Harris Ranch,1 Bedroom 1 Bath,B303,3,1,1,,708,8/29/2025,500,,120%,1843,2.6,1843,2.6,2025-06-26,2025-08-22,58,0
The Timbers at Harris Ranch,1 Bedroom 1 Bath,B303,3,1,1,,708,4/4/2026,500,,120%,1863,2.63,1863,2.63,2026-02-24,2026-03-06,11,0
The Timbers at Harris Ranch,1 Bedroom 1 Bath,A305,3,1,1,,708,4/9/2024,500,,120%,1550,2.19,1342,1.9,2024-04-04,2024-04-06,3,0
The Timbers at Harris Ranch,1 Bedroom 1 Bath,A305,3,1,1,,708,4/20/2025,500,,120%,1795,2.54,1795,2.54,2025-02-05,2025-03-23,47,0
The Timbers at Harris Ranch,1 Bedroom 1 Bath,A305,3,1,1,,708,5/22/2026,500,,120%,1875,2.65,1875,2.65,2026-03-14,2026-05-01,49,0
The Timbers at Harris Ranch,1 Bedroom 1 Bath,A303,3,1,1,,708,10/3/2023,500,,120%,1695,2.39,1695,2.39,2023-07-21,2023-12-10,143,69
The Timbers at Harris Ranch,1 Bedroom 1 Bath,A303,3,1,1,,708,1/1/2025,500,,120%,1795,2.54,1795,2.54,2024-10-25,2025-01-01,69,1
The Timbers at Harris Ranch,1 Bedroom 1 Bath,A303,3,1,1,,708,4/16/2026,500,,120%,1895,2.68,1895,2.68,2026-01-14,2026-04-18,95,3
The Timbers at Harris Ranch,1 Bedroom 1 Bath,C108,1,1,1,,709,9/28/2023,500,,120%,2000,2.82,2000,2.82,2023-08-29,2023-08-30,2,0
The Timbers at Harris Ranch,1 Bedroom 1 Bath,C108,1,1,1,,709,4/15/2024,500,,120%,1885,2.66,1667,2.35,2024-02-29,2024-06-07,100,54
The Timbers at Harris Ranch,1 Bedroom 1 Bath,C108,1,1,1,,709,8/6/2025,500,,120%,1861,2.62,1861,2.62,2025-05-14,2025-06-06,24,0
The Timbers at Harris Ranch,1 Bedroom 1 Bath,D108,1,1,1,,709,9/28/2023,500,,120%,2000,2.82,2000,2.82,2023-08-29,2023-08-30,2,0
The Timbers at Harris Ranch,1 Bedroom 1 Bath,D108,1,1,1,,709,5/3/2024,500,,120%,1875,2.64,1658,2.34,2024-04-05,2024-05-04,30,2
The Timbers at Harris Ranch,1 Bedroom 1 Bath,D108,1,1,1,,709,7/17/2026,500,,120%,1965,2.77,1965,2.77,2026-04-16,2026-04-22,7,0
The Timbers at Harris Ranch,1 Bedroom 1 Bath,H206,2,1,1,,710,8/29/2023,500,,80%,1550,2.18,1550,2.18,2023-08-29,2023-08-30,2,2
The Timbers at Harris Ranch,1 Bedroom 1 Bath,H206,2,1,1,,710,3/15/2024,500,,80%,1495,2.11,1322,1.86,2024-01-13,2024-03-30,78,16
The Timbers at Harris Ranch,1 Bedroom 1 Bath,F103,1,1,1,,710,4/21/2024,500,,80%,1495,2.11,1287,1.81,2024-03-20,2024-04-11,23,0
The Timbers at Harris Ranch,1 Bedroom 1 Bath,G206,2,1,1,,710,1/3/2024,500,,80%,1550,2.18,1371,1.93,2023-08-29,2024-02-19,175,48
The Timbers at Harris Ranch,1 Bedroom 1 Bath,G306,3,1,1,,711,1/3/2024,500,,80%,1405,1.98,1243,1.75,2023-08-29,2024-05-20,266,139
The Timbers at Harris Ranch,1 Bedroom 1 Bath,J206,2,1,1,,711,10/5/2023,500,,80%,1550,2.18,1550,2.18,2023-08-29,2023-08-30,2,0
The Timbers at Harris Ranch,1 Bedroom 1 Bath,J206,2,1,1,,711,2/8/2024,500,,80%,1665,2.34,1665,2.34,2023-12-07,2024-01-23,48,0
The Timbers at Harris Ranch,1 Bedroom 1 Bath,J206,2,1,1,,711,11/6/2024,500,,80%,1605,2.26,1605,2.26,2024-10-02,2024-10-04,3,0
The Timbers at Harris Ranch,1 Bedroom 1 Bath,H306,3,1,1,,711,8/29/2023,500,,80%,1750,2.46,1750,2.46,2023-08-29,2023-08-30,2,2
The Timbers at Harris Ranch,1 Bedroom 1 Bath,H306,3,1,1,,711,3/15/2024,500,,80%,1795,2.52,1588,2.23,2024-01-13,2024-02-08,27,0
The Timbers at Harris Ranch,1 Bedroom 1 Bath,H306,3,1,1,,711,4/2/2025,500,,80%,1705,2.4,1705,2.4,2025-01-28,2025-02-11,15,0
The Timbers at Harris Ranch,1 Bedroom 1 Bath,J306,3,1,1,,711,10/5/2023,500,,120%,1650,2.32,1650,2.32,2023-08-29,2023-08-30,2,0
The Timbers at Harris Ranch,1 Bedroom 1 Bath,J306,3,1,1,,711,2/8/2024,500,,120%,1765,2.48,1765,2.48,2023-12-07,2024-03-01,86,23
The Timbers at Harris Ranch,1 Bedroom 1 Bath,J306,3,1,1,,711,7/25/2025,500,,120%,1753,2.47,1753,2.47,2025-06-15,2025-08-22,69,29
The Timbers at Harris Ranch,1 Bedroom 1 Bath,J306,3,1,1,,711,8/28/2026,500,,120%,1820,2.56,1820,2.56,2026-06-03,2026-06-29,27,0
The Timbers at Harris Ranch,1 Bedroom 1 Bath,E206,2,1,1,,753,9/8/2023,500,,80%,1495,1.99,1495,1.99,2023-07-27,2023-11-12,109,66
The Timbers at Harris Ranch,1 Bedroom 1 Bath,E304,3,1,1,,753,9/8/2023,500,,80%,1715,2.28,1715,2.28,2023-07-27,2023-09-13,49,6
The Timbers at Harris Ranch,1 Bedroom 1 Bath,E304,3,1,1,,753,9/28/2024,500,,80%,1651,2.19,1376,1.83,2024-09-13,2024-09-17,5,0
The Timbers at Harris Ranch,1 Bedroom 1 Bath,K206,2,1,1,,753,9/28/2023,500,,80%,1495,1.99,1495,1.99,2023-08-13,2023-11-22,102,56
The Timbers at Harris Ranch,1 Bedroom 1 Bath,K206,2,1,1,,753,12/26/2024,500,,80%,1676,2.23,1397,1.86,2024-10-18,2024-12-07,51,0
The Timbers at Harris Ranch,1 Bedroom 1 Bath,K304,3,1,1,,753,9/28/2023,500,,80%,1695,2.25,1695,2.25,2023-08-13,2023-12-18,128,82
The Timbers at Harris Ranch,1 Bedroom 1 Bath,E204,2,1,1,,753,9/8/2023,500,,120%,1715,2.28,1715,2.28,2023-07-27,2023-10-05,71,28
The Timbers at Harris Ranch,1 Bedroom 1 Bath,B206,2,1,1,,753,7/28/2023,500,,120%,1740,2.31,1740,2.31,2023-06-22,2023-08-25,65,29
The Timbers at Harris Ranch,1 Bedroom 1 Bath,B206,2,1,1,,753,9/2/2025,500,,120%,1726,2.29,1726,2.29,2025-06-26,2025-09-03,70,2
The Timbers at Harris Ranch,1 Bedroom 1 Bath,F206,2,1,1,,753,9/15/2025,500,,120%,1726,2.29,1726,2.29,2025-09-04,2025-10-01,28,17
The Timbers at Harris Ranch,1 Bedroom 1 Bath,K204,2,1,1,,753,9/28/2023,500,,120%,1740,2.31,1740,2.31,2023-08-13,2023-10-13,62,16
The Timbers at Harris Ranch,1 Bedroom 1 Bath,K204,2,1,1,,753,2/16/2024,500,,120%,1740,2.31,1740,2.31,2024-02-08,2024-03-20,42,34
The Timbers at Harris Ranch,1 Bedroom 1 Bath,B204,2,1,1,,753,7/28/2023,500,,120%,1740,2.31,1740,2.31,2023-06-22,2023-07-25,34,0
The Timbers at Harris Ranch,1 Bedroom 1 Bath,A206,2,1,1,,753,8/29/2024,500,,120%,1676,2.23,1676,2.23,2024-07-24,2024-07-31,8,0
The Timbers at Harris Ranch,1 Bedroom 1 Bath,A206,2,1,1,,753,12/30/2025,500,,120%,1726,2.29,1582,2.1,2025-11-25,2026-01-08,45,10
The Timbers at Harris Ranch,1 Bedroom 1 Bath,A206,2,1,1,,753,5/9/2026,500,,120%,1750,2.32,1750,2.32,2026-04-08,2026-04-14,7,0
The Timbers at Harris Ranch,1 Bedroom 1 Bath,A204,2,1,1,,753,5/25/2025,500,,120%,1726,2.29,1726,2.29,2025-05-02,2025-05-15,14,0
The Timbers at Harris Ranch,1 Bedroom 1 Bath,A204,2,1,1,,753,5/30/2026,500,,120%,1750,2.32,1750,2.32,2026-03-26,2026-04-02,8,0
The Timbers at Harris Ranch,1 Bedroom 1 Bath,E306,3,1,1,,753,9/8/2023,500,,120%,1675,2.22,1675,2.22,2023-07-27,2023-10-18,84,41
The Timbers at Harris Ranch,1 Bedroom 1 Bath,E306,3,1,1,,753,9/16/2024,500,,120%,1751,2.33,1549,2.06,2024-07-16,2024-08-31,47,0
The Timbers at Harris Ranch,1 Bedroom 1 Bath,A306,3,1,1,,753,4/6/2024,500,,120%,1495,1.99,1287,1.71,2024-03-16,2024-04-26,42,21
The Timbers at Harris Ranch,1 Bedroom 1 Bath,A306,3,1,1,,753,7/3/2025,500,,120%,1775,2.36,1627,2.16,2025-06-19,2025-07-29,41,27
The Timbers at Harris Ranch,1 Bedroom 1 Bath,A304,3,1,1,,753,6/30/2024,500,,120%,1751,2.33,1549,2.06,2024-04-16,2024-05-24,39,0
The Timbers at Harris Ranch,1 Bedroom 1 Bath,A304,3,1,1,,753,1/10/2026,500,,120%,1801,2.39,1651,2.19,2025-11-18,2026-01-13,57,4
The Timbers at Harris Ranch,1 Bedroom 1 Bath,F306,3,1,1,,753,7/1/2023,500,,120%,1675,2.22,1675,2.22,,2023-07-04,,
The Timbers at Harris Ranch,1 Bedroom 1 Bath,F306,3,1,1,,753,9/25/2025,500,,120%,1801,2.39,1651,2.19,2025-07-24,2025-08-21,29,0
The Timbers at Harris Ranch,1 Bedroom 1 Bath,K306,3,1,1,,753,9/28/2023,500,,120%,1495,1.99,1495,1.99,2023-08-13,2024-01-18,159,113
The Timbers at Harris Ranch,1 Bedroom 1 Bath,K306,3,1,1,,753,7/31/2025,500,,120%,1801,2.39,1801,2.39,2025-05-21,2025-05-28,8,0
The Timbers at Harris Ranch,1 Bedroom 1 Bath,B304,3,1,1,,753,7/28/2023,500,,120%,1815,2.41,1815,2.41,2023-06-22,2023-07-18,27,0
The Timbers at Harris Ranch,1 Bedroom 1 Bath,B306,3,1,1,,753,7/28/2023,500,,120%,1815,2.41,1815,2.41,2023-06-22,2023-08-02,42,6
The Timbers at Harris Ranch,1 Bedroom 1 Bath,B306,3,1,1,,753,8/29/2025,500,,120%,1801,2.39,1801,2.39,2025-06-26,2025-08-24,60,0
The Timbers at Harris Ranch,1 Bedroom 1 Bath,B306,3,1,1,,753,9/11/2026,500,,120%,1895,2.52,1895,2.52,2026-07-03,2026-07-08,6,0
The Timbers at Harris Ranch,1 Bedroom 1 Bath,G205,2,1,1,,773,1/3/2024,500,,80%,1495,1.93,1287,1.66,2023-08-29,2024-04-30,246,119
The Timbers at Harris Ranch,1 Bedroom 1 Bath,G207,2,1,1,,773,1/3/2024,500,,80%,1495,1.93,1322,1.71,2023-08-29,2024-02-12,168,41
The Timbers at Harris Ranch,1 Bedroom 1 Bath,G107-ADA,1,1,1,,773,5/13/2025,500,,80%,1638,2.12,1638,2.12,2025-03-26,2025-04-22,28,0
The Timbers at Harris Ranch,1 Bedroom 1 Bath,G107,1,1,1,,773,1/3/2024,500,,80%,1695,2.19,1499,1.94,2023-08-29,2024-02-12,168,41
The Timbers at Harris Ranch,1 Bedroom 1 Bath,G107,1,1,1,,773,12/27/2024,500,,80%,1638,2.12,1638,2.12,2024-12-27,2025-01-07,12,12
The Timbers at Harris Ranch,1 Bedroom 1 Bath,G103,1,1,1,,773,1/3/2024,500,,80%,1495,1.93,1495,1.93,2023-08-29,2024-03-11,196,69
The Timbers at Harris Ranch,1 Bedroom 1 Bath,G103,1,1,1,,773,5/28/2025,500,,80%,1638,2.12,1638,2.12,2025-03-24,2025-06-12,81,16
The Timbers at Harris Ranch,1 Bedroom 1 Bath,H205,2,1,1,,773,8/29/2023,500,,80%,1695,2.19,1695,2.19,2023-08-29,2023-08-30,2,2
The Timbers at Harris Ranch,1 Bedroom 1 Bath,H205,2,1,1,,773,3/15/2024,500,,80%,1495,1.93,1495,1.93,2024-01-13,2024-03-24,72,10
The Timbers at Harris Ranch,1 Bedroom 1 Bath,H205,2,1,1,,773,9/8/2025,500,,80%,1638,2.12,1502,1.94,2025-07-11,2025-08-08,29,0
The Timbers at Harris Ranch,1 Bedroom 1 Bath,H203,2,1,1,,773,8/29/2023,500,,80%,1695,2.19,1695,2.19,2023-08-29,2023-08-30,2,2
The Timbers at Harris Ranch,1 Bedroom 1 Bath,H203,2,1,1,,773,3/15/2024,500,,80%,1695,2.19,1695,2.19,2024-01-13,2024-03-12,60,0
The Timbers at Harris Ranch,1 Bedroom 1 Bath,H203,2,1,1,,773,4/10/2026,500,,80%,1687,2.18,1687,2.18,2026-02-21,2026-02-27,7,0
The Timbers at Harris Ranch,1 Bedroom 1 Bath,H107,1,1,1,,773,8/29/2023,500,,80%,1820,2.35,1820,2.35,2023-08-29,2023-08-30,2,2
The Timbers at Harris Ranch,1 Bedroom 1 Bath,H107,1,1,1,,773,3/15/2024,500,,80%,1495,1.93,1287,1.66,2024-01-13,2024-04-05,84,22
The Timbers at Harris Ranch,1 Bedroom 1 Bath,H107,1,1,1,,773,1/7/2026,500,,80%,1687,2.18,1546,2,2025-11-11,2025-11-21,11,0
The Timbers at Harris Ranch,1 Bedroom 1 Bath,G203,2,1,1,,773,1/3/2024,500,,80%,1695,2.19,1499,1.94,2023-08-29,2024-02-21,177,50
The Timbers at Harris Ranch,1 Bedroom 1 Bath,G203,2,1,1,,773,12/27/2025,500,,80%,1687,2.18,1546,2,2025-11-07,2025-12-10,34,0
The Timbers at Harris Ranch,1 Bedroom 1 Bath,H103,1,1,1,,773,8/29/2023,500,,80%,1820,2.35,1820,2.35,2023-08-29,2023-08-30,2,2
The Timbers at Harris Ranch,1 Bedroom 1 Bath,H103,1,1,1,,773,3/15/2024,500,,80%,1695,2.19,1695,2.19,2024-01-13,2024-03-12,60,0
The Timbers at Harris Ranch,1 Bedroom 1 Bath,H103,1,1,1,,773,5/9/2026,500,,80%,1690,2.19,1690,2.19,2026-03-05,2026-03-13,9,0
The Timbers at Harris Ranch,1 Bedroom 1 Bath,H207,2,1,1,,773,8/29/2023,500,,80%,1695,2.19,1695,2.19,2023-08-29,2023-08-30,2,2
The Timbers at Harris Ranch,1 Bedroom 1 Bath,H207,2,1,1,,773,3/15/2024,500,,80%,1695,2.19,1487,1.92,2024-01-13,2024-04-18,97,35
The Timbers at Harris Ranch,1 Bedroom 1 Bath,H207,2,1,1,,773,6/9/2025,500,,80%,1638,2.12,1638,2.12,2025-04-04,2025-05-15,42,0
The Timbers at Harris Ranch,1 Bedroom 1 Bath,H207,2,1,1,,773,5/27/2026,500,,80%,1690,2.19,1690,2.19,2026-03-21,2026-03-23,3,0
The Timbers at Harris Ranch,1 Bedroom 1 Bath,G105,1,1,1,,773,1/3/2024,500,,80%,1695,2.19,1499,1.94,2023-08-29,2024-02-20,176,49
The Timbers at Harris Ranch,1 Bedroom 1 Bath,H105,1,1,1,,773,8/29/2023,500,,80%,1820,2.35,1820,2.35,2023-08-29,2023-08-30,2,2
The Timbers at Harris Ranch,1 Bedroom 1 Bath,H105,1,1,1,,773,3/15/2024,500,,80%,1795,2.32,1795,2.32,2024-01-13,2024-03-16,64,2
The Timbers at Harris Ranch,1 Bedroom 1 Bath,H105,1,1,1,,773,5/8/2026,500,,80%,1710,2.21,1710,2.21,2026-02-05,2026-03-22,46,0
The Timbers at Harris Ranch,1 Bedroom 1 Bath,H305,3,1,1,,773,8/29/2023,500,,120%,1795,2.32,1795,2.32,2023-08-29,2023-08-30,2,2
The Timbers at Harris Ranch,1 Bedroom 1 Bath,H305,3,1,1,,773,3/15/2024,500,,120%,1738,2.25,1537,1.99,2024-01-13,2024-05-21,130,68
The Timbers at Harris Ranch,1 Bedroom 1 Bath,J205,2,1,1,,773,10/5/2023,500,,120%,1695,2.19,1695,2.19,2023-08-29,2023-08-30,2,0
The Timbers at Harris Ranch,1 Bedroom 1 Bath,J205,2,1,1,,773,2/8/2024,500,,120%,1765,2.28,1765,2.28,2023-12-07,2024-03-24,109,46
The Timbers at Harris Ranch,1 Bedroom 1 Bath,J205,2,1,1,,773,5/8/2025,500,,120%,1738,2.25,1738,2.25,2025-03-05,2025-04-25,52,0
The Timbers at Harris Ranch,1 Bedroom 1 Bath,J105,1,1,1,,773,10/5/2023,500,,120%,1720,2.23,1720,2.23,2023-08-29,2023-08-30,2,0
The Timbers at Harris Ranch,1 Bedroom 1 Bath,J105,1,1,1,,773,2/8/2024,500,,120%,1765,2.28,1765,2.28,2023-12-07,2024-03-17,102,39
The Timbers at Harris Ranch,1 Bedroom 1 Bath,J105,1,1,1,,773,5/7/2025,500,,120%,1738,2.25,1738,2.25,2025-03-02,2025-03-12,11,0
The Timbers at Harris Ranch,1 Bedroom 1 Bath,H307,3,1,1,,773,8/29/2023,500,,120%,1795,2.32,1795,2.32,2023-08-29,2023-08-30,2,2
The Timbers at Harris Ranch,1 Bedroom 1 Bath,H307,3,1,1,,773,3/15/2024,500,,120%,1738,2.25,1537,1.99,2024-01-13,2024-05-21,130,68
The Timbers at Harris Ranch,1 Bedroom 1 Bath,G307,3,1,1,,773,1/3/2024,500,,120%,1695,2.19,1499,1.94,2023-08-29,2024-02-24,180,53
The Timbers at Harris Ranch,1 Bedroom 1 Bath,G307,3,1,1,,773,3/11/2025,500,,120%,1738,2.25,1738,2.25,2025-01-16,2025-01-28,13,0
The Timbers at Harris Ranch,1 Bedroom 1 Bath,J203,2,1,1,,773,10/5/2023,500,,120%,1695,2.19,1695,2.19,2023-08-29,2023-08-30,2,0
The Timbers at Harris Ranch,1 Bedroom 1 Bath,J203,2,1,1,,773,2/8/2024,500,,120%,1765,2.28,1557,2.01,2023-12-07,2024-05-02,148,85
The Timbers at Harris Ranch,1 Bedroom 1 Bath,J103,1,1,1,,773,10/5/2023,500,,120%,1820,2.35,1820,2.35,2023-08-29,2023-08-30,2,0
The Timbers at Harris Ranch,1 Bedroom 1 Bath,J103,1,1,1,,773,2/8/2024,500,,120%,1765,2.28,1765,2.28,2023-12-07,2024-01-01,26,0
The Timbers at Harris Ranch,1 Bedroom 1 Bath,G303,3,1,1,,773,1/3/2024,500,,120%,1695,2.19,1695,2.19,2023-08-29,2023-12-23,117,0
The Timbers at Harris Ranch,1 Bedroom 1 Bath,G303,3,1,1,,773,1/22/2026,500,,120%,1787,2.31,1787,2.31,2025-11-15,2026-02-10,88,20
The Timbers at Harris Ranch,1 Bedroom 1 Bath,G305,3,1,1,,773,1/3/2024,500,,120%,1695,2.19,1499,1.94,2023-08-29,2024-02-14,170,43
The Timbers at Harris Ranch,1 Bedroom 1 Bath,G305,3,1,1,,773,6/13/2025,500,,120%,1738,2.25,1738,2.25,2025-04-27,2025-05-07,11,0
The Timbers at Harris Ranch,1 Bedroom 1 Bath,G305,3,1,1,,773,6/19/2026,500,,120%,1790,2.32,1790,2.32,2026-03-27,2026-04-22,27,0
The Timbers at Harris Ranch,1 Bedroom 1 Bath,H303,3,1,1,,773,8/29/2023,500,,120%,1795,2.32,1795,2.32,2023-08-29,2023-08-30,2,2
The Timbers at Harris Ranch,1 Bedroom 1 Bath,H303,3,1,1,,773,3/15/2024,500,,120%,1815,2.35,1605,2.08,2024-01-13,2024-05-06,115,53
The Timbers at Harris Ranch,1 Bedroom 1 Bath,H303,3,1,1,,773,6/30/2026,500,,120%,1790,2.32,1790,2.32,2026-04-09,2026-04-29,21,0
The Timbers at Harris Ranch,1 Bedroom 1 Bath,J207,2,1,1,,773,10/5/2023,500,,120%,1695,2.19,1695,2.19,2023-08-29,2023-08-30,2,0
The Timbers at Harris Ranch,1 Bedroom 1 Bath,J207,2,1,1,,773,2/8/2024,500,,120%,1765,2.28,1557,2.01,2023-12-07,2024-04-05,121,58
The Timbers at Harris Ranch,1 Bedroom 1 Bath,J207,2,1,1,,773,6/9/2025,500,,120%,1738,2.25,1738,2.25,2025-04-03,2025-05-01,29,0
The Timbers at Harris Ranch,1 Bedroom 1 Bath,J207,2,1,1,,773,6/27/2026,500,,120%,1790,2.32,1790,2.32,2026-03-25,2026-04-10,17,0
The Timbers at Harris Ranch,1 Bedroom 1 Bath,J107,1,1,1,,773,10/5/2023,500,,120%,1720,2.23,1720,2.23,2023-08-29,2023-08-30,2,0
The Timbers at Harris Ranch,1 Bedroom 1 Bath,J107,1,1,1,,773,2/8/2024,500,,120%,1765,2.28,1557,2.01,2023-12-07,2024-04-15,131,68
The Timbers at Harris Ranch,1 Bedroom 1 Bath,J107,1,1,1,,773,5/20/2025,500,,120%,1738,2.25,1738,2.25,2025-03-04,2025-06-12,101,24
The Timbers at Harris Ranch,1 Bedroom 1 Bath,J107,1,1,1,,773,7/14/2026,500,,120%,1790,2.32,1790,2.32,2026-04-22,2026-05-07,16,0
The Timbers at Harris Ranch,1 Bedroom 1 Bath,J305,3,1,1,,773,10/5/2023,500,,120%,1795,2.32,1795,2.32,2023-08-29,2023-08-30,2,0
The Timbers at Harris Ranch,1 Bedroom 1 Bath,J305,3,1,1,,773,2/8/2024,500,,120%,1865,2.41,1650,2.13,2023-12-07,2024-02-05,61,0
The Timbers at Harris Ranch,1 Bedroom 1 Bath,J305,3,1,1,,773,4/3/2025,500,,120%,1838,2.38,1838,2.38,2025-01-21,2025-01-23,3,0
The Timbers at Harris Ranch,1 Bedroom 1 Bath,J307,3,1,1,,773,10/5/2023,500,,120%,1795,2.32,1795,2.32,2023-08-29,2023-08-30,2,0
The Timbers at Harris Ranch,1 Bedroom 1 Bath,J307,3,1,1,,773,2/8/2024,500,,120%,1865,2.41,1650,2.13,2023-12-07,2024-05-13,159,96
The Timbers at Harris Ranch,1 Bedroom 1 Bath,J307,3,1,1,,773,5/31/2025,500,,120%,1838,2.38,1838,2.38,2025-03-26,2025-04-26,32,0
The Timbers at Harris Ranch,1 Bedroom 1 Bath,J303,3,1,1,,773,10/5/2023,500,,120%,1795,2.32,1795,2.32,2023-08-29,2023-08-30,2,0
The Timbers at Harris Ranch,1 Bedroom 1 Bath,J303,3,1,1,,773,2/8/2024,500,,120%,1915,2.48,1694,2.19,2023-12-07,2024-02-21,77,14
The Timbers at Harris Ranch,1 Bedroom 1 Bath,C110,1,1,1,,794,9/28/2023,500,,120%,2075,2.61,2075,2.61,2023-08-29,2023-08-30,2,0
The Timbers at Harris Ranch,1 Bedroom 1 Bath,C110,1,1,1,,794,4/15/2024,500,,120%,1935,2.44,1712,2.16,2024-02-29,2024-06-05,98,52
The Timbers at Harris Ranch,1 Bedroom 1 Bath,C110,1,1,1,,794,9/8/2025,500,,120%,1966,2.48,1966,2.48,2025-08-14,2025-10-15,63,38
The Timbers at Harris Ranch,1 Bedroom 1 Bath,D110,1,1,1,,794,9/28/2023,500,,120%,2175,2.74,2175,2.74,2023-08-29,2023-08-30,2,0
The Timbers at Harris Ranch,1 Bedroom 1 Bath,D110,1,1,1,,794,5/3/2024,500,,120%,1860,2.34,1645,2.07,2024-04-05,2024-08-18,136,108
The Timbers at Harris Ranch,1 Bedroom 1 Bath,D110,1,1,1,,794,2/28/2025,500,,120%,1860,2.34,1860,2.34,2025-01-24,2025-02-11,19,0
The Timbers at Harris Ranch,1 Bedroom 1 Bath,D110,1,1,1,,794,5/9/2026,500,,120%,1985,2.5,1985,2.5,2026-04-04,2026-04-14,11,0
The Timbers at Harris Ranch,2 Bedroom 1 Bath,C205,2,2,1,,951,9/28/2023,500,,120%,1900,2,1900,2,2023-08-29,2023-08-30,2,0
The Timbers at Harris Ranch,2 Bedroom 1 Bath,C205,2,2,1,,951,4/15/2024,500,,120%,2025,2.13,1791,1.88,2024-02-29,2024-06-21,114,68
The Timbers at Harris Ranch,2 Bedroom 1 Bath,D207,2,2,1,,951,9/28/2023,500,,120%,1875,1.97,1875,1.97,2023-08-29,2023-08-30,2,0
The Timbers at Harris Ranch,2 Bedroom 1 Bath,D207,2,2,1,,951,5/3/2024,500,,120%,2025,2.13,2025,2.13,2024-04-05,2025-01-13,284,256
The Timbers at Harris Ranch,2 Bedroom 1 Bath,D407,4,2,1,,951,9/28/2023,500,,120%,1950,2.05,1950,2.05,2023-08-29,2023-08-30,2,0
The Timbers at Harris Ranch,2 Bedroom 1 Bath,D407,4,2,1,,951,5/3/2024,500,,120%,2075,2.18,1729,1.82,2024-04-05,2024-09-12,161,133
The Timbers at Harris Ranch,2 Bedroom 1 Bath,C207,2,2,1,,951,9/28/2023,500,,120%,1875,1.97,1875,1.97,2023-08-29,2023-08-30,2,0
The Timbers at Harris Ranch,2 Bedroom 1 Bath,C207,2,2,1,,951,4/15/2024,500,,120%,2025,2.13,1791,1.88,2024-02-29,2024-07-15,138,92
The Timbers at Harris Ranch,2 Bedroom 1 Bath,C207,2,2,1,,951,7/27/2025,500,,120%,2084,2.19,2084,2.19,2025-06-14,2025-06-28,15,0
The Timbers at Harris Ranch,2 Bedroom 1 Bath,D307,3,2,1,,951,9/28/2023,500,,120%,1850,1.95,1850,1.95,2023-08-29,2023-08-30,2,0
The Timbers at Harris Ranch,2 Bedroom 1 Bath,D307,3,2,1,,951,5/3/2024,500,,120%,2100,2.21,2100,2.21,2024-04-05,2025-01-20,291,263
The Timbers at Harris Ranch,2 Bedroom 1 Bath,C307,3,2,1,,951,9/28/2023,500,,120%,1850,1.95,1850,1.95,2023-08-29,2023-08-30,2,0
The Timbers at Harris Ranch,2 Bedroom 1 Bath,C307,3,2,1,,951,4/15/2024,500,,120%,2100,2.21,2100,2.21,2024-02-29,2024-10-03,218,172
The Timbers at Harris Ranch,2 Bedroom 1 Bath,D305,3,2,1,,951,9/28/2023,500,,120%,1875,1.97,1875,1.97,2023-08-29,2023-08-30,2,0
The Timbers at Harris Ranch,2 Bedroom 1 Bath,D305,3,2,1,,951,5/3/2024,500,,120%,2100,2.21,2100,2.21,2024-04-05,2024-10-18,197,169
The Timbers at Harris Ranch,2 Bedroom 1 Bath,C305,3,2,1,,951,9/28/2023,500,,120%,1875,1.97,1875,1.97,2023-08-29,2023-08-30,2,0
The Timbers at Harris Ranch,2 Bedroom 1 Bath,C305,3,2,1,,951,4/15/2024,500,,120%,2100,2.21,1858,1.95,2024-02-29,2024-05-30,92,46
The Timbers at Harris Ranch,2 Bedroom 1 Bath,D405,4,2,1,,951,9/28/2023,500,,120%,1975,2.08,1975,2.08,2023-08-29,2023-08-30,2,0
The Timbers at Harris Ranch,2 Bedroom 1 Bath,D405,4,2,1,,951,5/3/2024,500,,120%,2075,2.18,1835,1.93,2024-04-05,2024-09-04,153,125
The Timbers at Harris Ranch,2 Bedroom 1 Bath,D405,4,2,1,,951,11/15/2025,500,,120%,2195,2.31,2195,2.31,2025-10-18,2025-10-21,4,0
The Timbers at Harris Ranch,2 Bedroom 1 Bath,D205,2,2,1,,951,9/28/2023,500,,120%,1900,2,1900,2,2023-08-29,2023-08-30,2,0
The Timbers at Harris Ranch,2 Bedroom 1 Bath,D205,2,2,1,,951,5/3/2024,500,,120%,1995,2.1,1995,2.1,2024-04-05,2025-03-07,337,309
The Timbers at Harris Ranch,2 Bedroom 1 Bath,D205,2,2,1,,951,6/6/2026,500,,120%,2235,2.35,2235,2.35,2026-02-05,2026-05-14,99,0
The Timbers at Harris Ranch,2 Bedroom 1 Bath,C407,4,2,1,,951,9/28/2023,500,,120%,1950,2.05,1950,2.05,2023-08-29,2023-08-30,2,0
The Timbers at Harris Ranch,2 Bedroom 1 Bath,C407,4,2,1,,951,4/15/2024,500,,120%,2425,2.55,2425,2.55,2024-02-29,2024-03-13,14,0
The Timbers at Harris Ranch,2 Bedroom 1 Bath,C407,4,2,1,,951,12/22/2025,500,,120%,2295,2.41,2104,2.21,2025-10-30,2025-11-04,6,0
The Timbers at Harris Ranch,2 Bedroom 1 Bath,C405,4,2,1,,951,9/28/2023,500,,120%,1975,2.08,1975,2.08,2023-08-29,2023-08-30,2,0
The Timbers at Harris Ranch,2 Bedroom 1 Bath,C405,4,2,1,,951,4/15/2024,500,,120%,2175,2.29,1924,2.02,2024-02-29,2024-08-22,176,130
The Timbers at Harris Ranch,2 Bedroom 1 Bath,C405,4,2,1,,951,7/16/2025,500,,120%,2295,2.41,2295,2.41,2025-07-11,2025-10-11,93,88
The Timbers at Harris Ranch,2 Bedroom 2 Bath,H209,2,2,2,,1005,8/29/2023,500,,80%,2025,2.01,2025,2.01,2023-08-29,2023-08-30,2,2
The Timbers at Harris Ranch,2 Bedroom 2 Bath,H209,2,2,2,,1005,3/15/2024,500,,80%,1995,1.99,1765,1.76,2024-01-13,2024-06-03,143,81
The Timbers at Harris Ranch,2 Bedroom 2 Bath,H209,2,2,2,,1005,7/9/2025,500,,80%,1875,1.87,1875,1.87,2025-06-04,2025-09-04,93,58
The Timbers at Harris Ranch,2 Bedroom 2 Bath,G209,2,2,2,,1005,1/3/2024,500,,120%,1995,1.99,1995,1.99,2023-08-29,2024-03-16,201,74
The Timbers at Harris Ranch,2 Bedroom 2 Bath,G209,2,2,2,,1005,3/13/2025,500,,120%,1995,1.99,1995,1.99,2025-02-06,2025-03-06,29,0
The Timbers at Harris Ranch,2 Bedroom 2 Bath,G211,2,2,2,,1005,1/3/2024,500,,120%,2000,1.99,1769,1.76,2023-08-29,2024-02-10,166,39
The Timbers at Harris Ranch,2 Bedroom 2 Bath,J209,2,2,2,,1005,10/5/2023,500,,120%,2025,2.01,2025,2.01,2023-08-29,2023-08-30,2,0
The Timbers at Harris Ranch,2 Bedroom 2 Bath,J209,2,2,2,,1005,2/8/2024,500,,120%,2095,2.08,1853,1.84,2023-12-07,2024-07-03,210,147
The Timbers at Harris Ranch,2 Bedroom 2 Bath,H309,3,2,2,,1005,8/29/2023,500,,120%,2125,2.11,2125,2.11,2023-08-29,2023-08-30,2,2
The Timbers at Harris Ranch,2 Bedroom 2 Bath,H309,3,2,2,,1005,3/15/2024,500,,120%,2180,2.17,1928,1.92,2024-01-13,2024-05-11,120,58
The Timbers at Harris Ranch,2 Bedroom 2 Bath,H309,3,2,2,,1005,9/18/2024,500,,120%,2095,2.08,2095,2.08,2024-08-20,2024-08-27,8,0
The Timbers at Harris Ranch,2 Bedroom 2 Bath,H309,3,2,2,,1005,12/8/2025,500,,120%,2095,2.08,1920,1.91,2025-11-15,2025-12-30,46,23
The Timbers at Harris Ranch,2 Bedroom 2 Bath,J201,2,2,2,,1005,10/5/2023,500,,120%,2200,2.19,2200,2.19,2023-08-29,2023-08-30,2,0
The Timbers at Harris Ranch,2 Bedroom 2 Bath,J201,2,2,2,,1005,2/8/2024,500,,120%,2100,2.09,2100,2.09,2023-12-07,2024-01-29,54,0
The Timbers at Harris Ranch,2 Bedroom 2 Bath,J109,1,2,2,,1005,10/5/2023,500,,120%,2050,2.04,2050,2.04,2023-08-29,2023-08-30,2,0
The Timbers at Harris Ranch,2 Bedroom 2 Bath,J109,1,2,2,,1005,2/8/2024,500,,120%,2100,2.09,1858,1.85,2023-12-07,2024-02-16,72,9
The Timbers at Harris Ranch,2 Bedroom 2 Bath,J111,1,2,2,,1005,10/5/2023,500,,120%,2125,2.11,2125,2.11,2023-08-29,2023-08-30,2,0
The Timbers at Harris Ranch,2 Bedroom 2 Bath,J111,1,2,2,,1005,2/8/2024,500,,120%,2100,2.09,1858,1.85,2023-12-07,2024-02-16,72,9
The Timbers at Harris Ranch,2 Bedroom 2 Bath,G309,3,2,2,,1005,1/3/2024,500,,120%,2180,2.17,1928,1.92,2023-08-29,2024-05-04,250,123
The Timbers at Harris Ranch,2 Bedroom 2 Bath,H109,1,2,2,,1005,8/29/2023,500,,120%,2150,2.14,2150,2.14,2023-08-29,2023-08-30,2,2
The Timbers at Harris Ranch,2 Bedroom 2 Bath,H109,1,2,2,,1005,3/15/2024,500,,120%,2180,2.17,1928,1.92,2024-01-13,2024-05-09,118,56
The Timbers at Harris Ranch,2 Bedroom 2 Bath,H109,1,2,2,,1005,6/21/2026,500,,120%,2195,2.18,2195,2.18,2026-03-22,2026-03-23,2,0
The Timbers at Harris Ranch,2 Bedroom 2 Bath,G109,1,2,2,,1005,1/3/2024,500,,120%,1995,1.99,1995,1.99,2023-08-29,2024-03-10,195,68
The Timbers at Harris Ranch,2 Bedroom 2 Bath,G109,1,2,2,,1005,6/8/2026,500,,120%,2195,2.18,2195,2.18,2026-02-05,2026-02-08,4,0
The Timbers at Harris Ranch,2 Bedroom 2 Bath,J309,3,2,2,,1005,10/5/2023,500,,120%,2125,2.11,2125,2.11,2023-08-29,2023-08-30,2,0
The Timbers at Harris Ranch,2 Bedroom 2 Bath,J309,3,2,2,,1005,2/8/2024,500,,120%,2200,2.19,1992,1.98,2023-12-07,2024-04-24,140,77
The Timbers at Harris Ranch,2 Bedroom 2 Bath,J309,3,2,2,,1005,5/25/2025,500,,120%,2195,2.18,2195,2.18,2025-03-20,2025-04-07,19,0
The Timbers at Harris Ranch,2 Bedroom 2 Bath,H208,2,2,2,,1018,8/29/2023,500,,120%,1925,1.89,1925,1.89,2023-08-29,2023-08-30,2,2
The Timbers at Harris Ranch,2 Bedroom 2 Bath,H208,2,2,2,,1018,3/15/2024,500,,120%,1995,1.96,1995,1.96,2024-01-13,2024-01-25,13,0
The Timbers at Harris Ranch,2 Bedroom 2 Bath,H208,2,2,2,,1018,4/2/2025,500,,120%,1981,1.95,1981,1.95,2025-01-24,2025-03-02,38,0
The Timbers at Harris Ranch,2 Bedroom 2 Bath,J208,2,2,2,,1018,10/5/2023,500,,120%,1925,1.89,1925,1.89,2023-08-29,2023-08-30,2,0
The Timbers at Harris Ranch,2 Bedroom 2 Bath,J208,2,2,2,,1018,2/8/2024,500,,120%,2000,1.96,1792,1.76,2023-12-07,2024-04-07,123,60
The Timbers at Harris Ranch,2 Bedroom 2 Bath,J208,2,2,2,,1018,6/14/2025,500,,120%,2040,2,2040,2,2025-04-23,2025-05-06,14,0
The Timbers at Harris Ranch,2 Bedroom 2 Bath,G308,3,2,2,,1018,1/3/2024,500,,120%,2095,2.06,2095,2.06,2023-08-29,2024-03-13,198,71
The Timbers at Harris Ranch,2 Bedroom 2 Bath,G308,3,2,2,,1018,4/5/2025,500,,120%,2081,2.04,2081,2.04,2025-03-06,2025-03-28,23,0
The Timbers at Harris Ranch,2 Bedroom 2 Bath,H308,3,2,2,,1018,8/29/2023,500,,120%,2125,2.09,2125,2.09,2023-08-29,2023-08-30,2,2
The Timbers at Harris Ranch,2 Bedroom 2 Bath,H308,3,2,2,,1018,3/15/2024,500,,120%,2081,2.04,2081,2.04,2024-01-13,2024-07-08,178,116
The Timbers at Harris Ranch,2 Bedroom 2 Bath,H308,3,2,2,,1018,7/31/2025,500,,120%,2140,2.1,1962,1.93,2025-05-14,2025-07-29,77,0
The Timbers at Harris Ranch,2 Bedroom 2 Bath,J308,3,2,2,,1018,10/5/2023,500,,120%,2025,1.99,2025,1.99,2023-08-29,2023-08-30,2,0
The Timbers at Harris Ranch,2 Bedroom 2 Bath,J308,3,2,2,,1018,2/8/2024,500,,120%,2081,2.04,1841,1.81,2023-12-07,2024-06-08,185,122
The Timbers at Harris Ranch,2 Bedroom 2 Bath,J308,3,2,2,,1018,7/4/2025,500,,120%,2140,2.1,2057,2.02,2025-04-25,2025-07-02,69,0
The Timbers at Harris Ranch,2 Bedroom 2 Bath,G208,2,2,2,,1018,1/3/2024,500,,120%,1981,1.95,1752,1.72,2023-08-29,2024-07-06,313,186
The Timbers at Harris Ranch,2 Bedroom 2 Bath,G208,2,2,2,,1018,9/3/2026,500,,120%,2190,2.15,2190,2.15,2026-06-05,2026-06-18,14,0
The Timbers at Harris Ranch,2 Bedroom 2 Bath,G204,2,2,2,,1028,1/3/2024,500,,120%,2145,2.09,1897,1.85,2023-08-29,2024-05-06,252,125
The Timbers at Harris Ranch,2 Bedroom 2 Bath,E208,2,2,2,,1032,9/8/2023,500,,120%,2125,2.06,2125,2.06,2023-07-27,2023-11-25,122,79
The Timbers at Harris Ranch,2 Bedroom 2 Bath,E201,2,2,2,,1032,9/8/2023,500,,120%,1895,1.84,1676,1.62,2023-07-27,2024-02-02,191,148
The Timbers at Harris Ranch,2 Bedroom 2 Bath,E201,2,2,2,,1032,4/21/2026,500,,120%,2130,2.06,2130,2.06,2026-03-14,2026-04-04,22,0
The Timbers at Harris Ranch,2 Bedroom 2 Bath,F201,2,2,2,,1032,7/31/2024,500,,120%,2170,2.1,1919,1.86,2024-05-25,2024-06-07,14,0
The Timbers at Harris Ranch,2 Bedroom 2 Bath,B201,2,2,2,,1032,7/28/2023,500,,120%,2125,2.06,2125,2.06,2023-06-22,2023-07-04,13,0
The Timbers at Harris Ranch,2 Bedroom 2 Bath,B201,2,2,2,,1032,2/21/2025,500,,120%,2170,2.1,2170,2.1,2025-01-15,2025-02-26,43,6
The Timbers at Harris Ranch,2 Bedroom 2 Bath,B201,2,2,2,,1032,12/15/2025,500,,120%,2230,2.16,2044,1.98,2025-11-04,2026-01-08,66,25
The Timbers at Harris Ranch,2 Bedroom 2 Bath,K201,2,2,2,,1032,9/28/2023,500,,120%,2125,2.06,2125,2.06,2023-08-13,2023-10-26,75,29
The Timbers at Harris Ranch,2 Bedroom 2 Bath,K201,2,2,2,,1032,11/22/2024,500,,120%,2170,2.1,1808,1.75,2024-09-11,2024-12-15,96,24
The Timbers at Harris Ranch,2 Bedroom 2 Bath,K201,2,2,2,,1032,2/23/2026,500,,120%,2230,2.16,2044,1.98,2025-12-11,2026-01-26,47,0
The Timbers at Harris Ranch,2 Bedroom 2 Bath,E301,3,2,2,,1032,9/8/2023,500,,120%,2125,2.06,2125,2.06,2023-07-27,2023-09-02,38,0
The Timbers at Harris Ranch,2 Bedroom 2 Bath,E301,3,2,2,,1032,9/25/2025,500,,120%,2230,2.16,2230,2.16,2025-08-27,2025-10-06,41,12
The Timbers at Harris Ranch,2 Bedroom 2 Bath,B307,3,2,2,,1032,7/28/2023,500,,120%,2235,2.17,2235,2.17,2023-06-22,2023-06-26,5,0
The Timbers at Harris Ranch,2 Bedroom 2 Bath,E308,3,2,2,,1032,9/8/2023,500,,120%,2250,2.18,2250,2.18,2023-07-27,2023-08-29,34,0
The Timbers at Harris Ranch,2 Bedroom 2 Bath,K301,3,2,2,,1032,9/28/2023,500,,120%,2225,2.16,2225,2.16,2023-08-13,2023-08-19,7,0
The Timbers at Harris Ranch,2 Bedroom 2 Bath,K301,3,2,2,,1032,6/20/2024,500,,120%,2270,2.2,2081,2.02,2024-06-04,2024-06-26,23,7
The Timbers at Harris Ranch,2 Bedroom 2 Bath,A301,3,2,2,,1032,11/8/2025,500,,120%,2330,2.26,2330,2.26,2025-08-19,2025-08-24,6,0
The Timbers at Harris Ranch,2 Bedroom 2 Bath,B101,1,2,2,,1032,7/28/2023,500,,120%,2250,2.18,2250,2.18,2023-06-22,2023-08-02,42,6
The Timbers at Harris Ranch,2 Bedroom 2 Bath,B101,1,2,2,,1032,1/3/2026,500,,120%,2355,2.28,2159,2.09,2025-11-07,2025-11-21,15,0
The Timbers at Harris Ranch,2 Bedroom 2 Bath,H204,2,2,2,,1038,8/29/2023,500,,120%,1925,1.85,1925,1.85,2023-08-29,2023-08-30,2,2
The Timbers at Harris Ranch,2 Bedroom 2 Bath,H204,2,2,2,,1038,3/15/2024,500,,120%,2095,2.02,1853,1.79,2024-01-13,2024-05-29,138,76
The Timbers at Harris Ranch,2 Bedroom 2 Bath,H204,2,2,2,,1038,7/8/2025,500,,120%,1995,1.92,1995,1.92,2025-05-01,2025-05-28,28,0
The Timbers at Harris Ranch,2 Bedroom 2 Bath,G210,2,2,2,,1038,1/3/2024,500,,120%,2095,2.02,1772,1.71,2023-08-29,2024-08-03,341,214
The Timbers at Harris Ranch,2 Bedroom 2 Bath,G210,2,2,2,,1038,8/28/2025,500,,120%,1995,1.92,1829,1.76,2025-06-19,2025-08-13,56,0
The Timbers at Harris Ranch,2 Bedroom 2 Bath,J304,3,2,2,,1038,10/5/2023,500,,120%,2025,1.95,2025,1.95,2023-08-29,2023-08-30,2,0
The Timbers at Harris Ranch,2 Bedroom 2 Bath,J304,3,2,2,,1038,2/8/2024,500,,120%,2095,2.02,1853,1.79,2023-12-07,2024-07-03,210,147
The Timbers at Harris Ranch,2 Bedroom 2 Bath,H310,3,2,2,,1038,8/29/2023,500,,120%,2125,2.05,2125,2.05,2023-08-29,2023-08-30,2,2
The Timbers at Harris Ranch,2 Bedroom 2 Bath,H310,3,2,2,,1038,3/15/2024,500,,120%,2025,1.95,2025,1.95,2024-01-13,2024-03-12,60,0
The Timbers at Harris Ranch,2 Bedroom 2 Bath,H310,3,2,2,,1038,2/20/2025,500,,120%,2095,2.02,2095,2.02,2025-02-05,2025-05-07,92,77
The Timbers at Harris Ranch,2 Bedroom 2 Bath,G304,3,2,2,,1038,7/19/2025,500,,120%,2095,2.02,2095,2.02,2023-08-29,2025-07-19,691,1
The Timbers at Harris Ranch,2 Bedroom 2 Bath,J310,3,2,2,,1038,10/5/2023,500,,120%,2025,1.95,2025,1.95,2023-08-29,2023-08-30,2,0
The Timbers at Harris Ranch,2 Bedroom 2 Bath,J310,3,2,2,,1038,2/8/2024,500,,120%,2095,2.02,2095,2.02,2023-12-07,2024-06-30,207,144
The Timbers at Harris Ranch,2 Bedroom 2 Bath,J210,2,2,2,,1038,10/5/2023,500,,120%,1925,1.85,1925,1.85,2023-08-29,2023-08-30,2,0
The Timbers at Harris Ranch,2 Bedroom 2 Bath,J210,2,2,2,,1038,2/8/2024,500,,120%,2000,1.93,1769,1.7,2023-12-07,2024-04-02,118,55
The Timbers at Harris Ranch,2 Bedroom 2 Bath,J210,2,2,2,,1038,5/16/2026,500,,120%,2145,2.07,2145,2.07,2026-03-05,2026-05-01,58,0
The Timbers at Harris Ranch,2 Bedroom 2 Bath,H210,2,2,2,,1038,8/29/2023,500,,120%,1925,1.85,1925,1.85,2023-08-29,2023-08-30,2,2
The Timbers at Harris Ranch,2 Bedroom 2 Bath,H210,2,2,2,,1038,3/15/2024,500,,120%,2095,2.02,2095,2.02,2024-01-13,2024-07-21,191,129
The Timbers at Harris Ranch,2 Bedroom 2 Bath,H210,2,2,2,,1038,1/20/2026,500,,120%,2145,2.07,2145,2.07,2026-01-13,2026-02-28,47,40
The Timbers at Harris Ranch,2 Bedroom 2 Bath,J204,2,2,2,,1038,10/5/2023,500,,120%,1925,1.85,1925,1.85,2023-08-29,2023-08-30,2,0
The Timbers at Harris Ranch,2 Bedroom 2 Bath,J204,2,2,2,,1038,2/8/2024,500,,120%,2000,1.93,1792,1.73,2023-12-07,2024-04-09,125,62
The Timbers at Harris Ranch,2 Bedroom 2 Bath,J204,2,2,2,,1038,5/25/2025,500,,120%,1995,1.92,1995,1.92,2025-03-20,2025-04-22,34,0
The Timbers at Harris Ranch,2 Bedroom 2 Bath,J204,2,2,2,,1038,6/1/2026,500,,120%,2145,2.07,2145,2.07,2026-05-18,2026-05-19,2,0
The Timbers at Harris Ranch,2 Bedroom 2 Bath,G310,3,2,2,,1038,1/3/2024,500,,120%,2095,2.02,2095,2.02,2023-08-29,2025-04-16,597,470
The Timbers at Harris Ranch,2 Bedroom 2 Bath,G310,3,2,2,,1038,5/29/2026,500,,120%,2245,2.16,2245,2.16,2026-03-20,2026-04-28,40,0
The Timbers at Harris Ranch,2 Bedroom 2 Bath,H304,3,2,2,,1038,8/29/2023,500,,120%,2125,2.05,2125,2.05,2023-08-29,2023-08-30,2,2
The Timbers at Harris Ranch,2 Bedroom 2 Bath,H304,3,2,2,,1038,3/15/2024,500,,120%,2195,2.11,1942,1.87,2024-01-13,2024-05-30,139,77
The Timbers at Harris Ranch,2 Bedroom 2 Bath,H304,3,2,2,,1038,7/17/2025,500,,120%,2095,2.02,1920,1.85,2025-05-14,2025-07-29,77,13
The Timbers at Harris Ranch,2 Bedroom 2 Bath,H304,3,2,2,,1038,8/2/2026,500,,120%,2290,2.21,2290,2.21,2026-06-30,2026-07-11,12,0
The Timbers at Harris Ranch,2 Bedroom 2 Bath,G111,1,2,2,,1056,1/3/2024,500,,120%,2000,1.89,1769,1.68,2023-08-29,2024-02-18,174,47
The Timbers at Harris Ranch,2 Bedroom 2 Bath,G111,1,2,2,,1056,3/27/2025,500,,120%,2105,1.99,2105,1.99,2025-01-23,2025-03-11,48,0
The Timbers at Harris Ranch,2 Bedroom 2 Bath,H211,2,2,2,,1056,8/29/2023,500,,120%,2200,2.08,2200,2.08,2023-08-29,2023-08-30,2,2
The Timbers at Harris Ranch,2 Bedroom 2 Bath,H211,2,2,2,,1056,3/15/2024,500,,120%,2105,1.99,2105,1.99,2024-01-13,2024-03-22,70,8
The Timbers at Harris Ranch,2 Bedroom 2 Bath,H211,2,2,2,,1056,7/5/2025,500,,120%,2105,1.99,2105,1.99,2025-05-01,2025-07-10,71,6
The Timbers at Harris Ranch,2 Bedroom 2 Bath,H201,2,2,2,,1056,8/29/2023,500,,120%,2100,1.99,2100,1.99,2023-08-29,2023-08-30,2,2
The Timbers at Harris Ranch,2 Bedroom 2 Bath,H201,2,2,2,,1056,3/15/2024,500,,120%,2105,1.99,1862,1.76,2024-01-13,2024-05-12,121,59
The Timbers at Harris Ranch,2 Bedroom 2 Bath,H201,2,2,2,,1056,6/21/2025,500,,120%,2105,1.99,2105,1.99,2025-04-23,2025-05-12,20,0
The Timbers at Harris Ranch,2 Bedroom 2 Bath,G201,2,2,2,,1056,1/3/2024,500,,120%,2000,1.89,2000,1.89,2023-08-29,2024-02-27,183,56
The Timbers at Harris Ranch,2 Bedroom 2 Bath,G201,2,2,2,,1056,4/7/2025,500,,120%,2105,1.99,2105,1.99,2025-01-23,2025-03-15,52,0
The Timbers at Harris Ranch,2 Bedroom 2 Bath,H111,1,2,2,,1056,8/29/2023,500,,120%,2325,2.2,2325,2.2,2023-08-29,2023-08-30,2,2
The Timbers at Harris Ranch,2 Bedroom 2 Bath,H111,1,2,2,,1056,3/15/2024,500,,120%,2205,2.09,1950,1.85,2024-03-07,2024-06-12,98,90
The Timbers at Harris Ranch,2 Bedroom 2 Bath,H111,1,2,2,,1056,7/2/2025,500,,120%,2105,1.99,2105,1.99,2025-04-19,2025-04-23,5,0
The Timbers at Harris Ranch,2 Bedroom 2 Bath,G101,1,2,2,,1056,1/3/2024,500,,120%,2000,1.89,1769,1.68,2023-08-29,2024-02-18,174,47
The Timbers at Harris Ranch,2 Bedroom 2 Bath,G101,1,2,2,,1056,10/15/2024,500,,120%,2105,1.99,2105,1.99,2024-09-20,2024-09-27,8,0
The Timbers at Harris Ranch,2 Bedroom 2 Bath,G101,1,2,2,,1056,11/11/2025,500,,120%,2166,2.05,1986,1.88,2025-06-28,2025-11-02,128,0
The Timbers at Harris Ranch,2 Bedroom 2 Bath,H101,1,2,2,,1056,8/29/2023,500,,120%,2225,2.11,2225,2.11,2023-08-29,2023-08-30,2,2
The Timbers at Harris Ranch,2 Bedroom 2 Bath,H101,1,2,2,,1056,3/15/2024,500,,120%,2205,2.09,1997,1.89,2024-01-13,2024-05-02,111,49
The Timbers at Harris Ranch,2 Bedroom 2 Bath,H101,1,2,2,,1056,5/29/2025,500,,120%,2105,1.99,2105,1.99,2025-03-23,2025-03-26,4,0
The Timbers at Harris Ranch,2 Bedroom 2 Bath,H101,1,2,2,,1056,6/5/2026,500,,120%,2215,2.1,2215,2.1,2026-03-31,2026-04-03,4,0
The Timbers at Harris Ranch,2 Bedroom 2 Bath,G311,3,2,2,,1056,1/3/2024,500,,120%,2005,1.9,1773,1.68,2023-08-29,2024-02-17,173,46
The Timbers at Harris Ranch,2 Bedroom 2 Bath,G311,3,2,2,,1056,11/13/2025,500,,120%,2266,2.15,2077,1.97,2025-11-06,2025-11-18,13,6
The Timbers at Harris Ranch,2 Bedroom 2 Bath,J301,3,2,2,,1056,10/5/2023,500,,120%,2300,2.18,2300,2.18,2023-08-29,2023-08-30,2,0
The Timbers at Harris Ranch,2 Bedroom 2 Bath,J301,3,2,2,,1056,2/8/2024,500,,120%,2275,2.15,2275,2.15,2023-12-07,2023-12-24,18,0
The Timbers at Harris Ranch,2 Bedroom 2 Bath,J211,2,2,2,,1056,10/5/2023,500,,120%,2100,1.99,2100,1.99,2023-08-29,2023-08-30,2,0
The Timbers at Harris Ranch,2 Bedroom 2 Bath,J211,2,2,2,,1056,2/8/2024,500,,120%,2175,2.06,1967,1.86,2023-12-07,2024-04-11,127,64
The Timbers at Harris Ranch,2 Bedroom 2 Bath,J211,2,2,2,,1056,5/27/2025,500,,120%,2205,2.09,2205,2.09,2025-03-20,2025-03-26,7,0
The Timbers at Harris Ranch,2 Bedroom 2 Bath,J211,2,2,2,,1056,6/9/2026,500,,120%,2315,2.19,2315,2.19,2026-03-08,2026-04-03,27,0
The Timbers at Harris Ranch,2 Bedroom 2 Bath,H301,3,2,2,,1056,8/29/2023,500,,120%,2200,2.08,2200,2.08,2023-08-29,2023-08-30,2,2
The Timbers at Harris Ranch,2 Bedroom 2 Bath,H301,3,2,2,,1056,3/15/2024,500,,120%,2205,2.09,1950,1.85,2024-01-13,2024-03-27,75,13
The Timbers at Harris Ranch,2 Bedroom 2 Bath,H301,3,2,2,,1056,7/9/2025,500,,120%,2205,2.09,2122,2.01,2025-06-05,2025-07-15,41,7
The Timbers at Harris Ranch,2 Bedroom 2 Bath,H301,3,2,2,,1056,4/18/2026,500,,120%,2335,2.21,2335,2.21,2026-04-02,2026-04-13,12,0
The Timbers at Harris Ranch,2 Bedroom 2 Bath,G301,3,2,2,,1056,1/3/2024,500,,120%,2100,1.99,2100,1.99,2023-08-29,2024-01-19,144,17
The Timbers at Harris Ranch,2 Bedroom 2 Bath,G301,3,2,2,,1056,2/8/2025,500,,120%,2205,2.09,2205,2.09,2024-12-06,2025-03-01,86,22
The Timbers at Harris Ranch,2 Bedroom 2 Bath,G301,3,2,2,,1056,4/18/2026,500,,120%,2335,2.21,2335,2.21,2026-02-05,2026-03-20,44,0
The Timbers at Harris Ranch,2 Bedroom 2 Bath,H311,3,2,2,,1056,8/30/2023,500,,120%,2300,2.18,2300,2.18,2023-08-29,2023-08-30,2,1
The Timbers at Harris Ranch,2 Bedroom 2 Bath,H311,3,2,2,,1056,3/15/2024,500,,120%,2110,2,2110,2,2024-01-13,2024-03-22,70,8
The Timbers at Harris Ranch,2 Bedroom 2 Bath,H311,3,2,2,,1056,5/31/2025,500,,120%,2205,2.09,2205,2.09,2025-03-26,2025-04-09,15,0
The Timbers at Harris Ranch,2 Bedroom 2 Bath,H311,3,2,2,,1056,7/7/2026,500,,120%,2365,2.24,2365,2.24,2026-03-27,2026-05-20,55,0
The Timbers at Harris Ranch,2 Bedroom 2 Bath,J101,1,2,2,,1056,10/5/2023,500,,120%,2325,2.2,2325,2.2,2023-08-29,2023-08-30,2,0
The Timbers at Harris Ranch,2 Bedroom 2 Bath,J101,1,2,2,,1056,2/8/2024,500,,120%,2175,2.06,2175,2.06,2023-12-07,2023-12-30,24,0
The Timbers at Harris Ranch,2 Bedroom 2 Bath,J101,1,2,2,,1056,9/15/2026,500,,120%,2380,2.25,2380,2.25,2026-07-10,2026-07-11,2,0
The Timbers at Harris Ranch,2 Bedroom 2 Bath,J311,3,2,2,,1056,10/5/2023,500,,120%,2200,2.08,2200,2.08,2023-08-29,2023-08-30,2,0
The Timbers at Harris Ranch,2 Bedroom 2 Bath,J311,3,2,2,,1056,4/25/2026,500,,120%,2415,2.29,2415,2.29,2026-03-21,2026-04-03,14,0
The Timbers at Harris Ranch,2 Bedroom 2 Bath,A201,2,2,2,,1079,10/3/2023,500,,120%,1995,1.85,1995,1.85,2023-09-22,2023-09-29,8,0
The Timbers at Harris Ranch,2 Bedroom 2 Bath,E101,1,2,2,,1079,9/8/2023,500,,120%,2075,1.92,2075,1.92,2023-07-27,2024-01-04,162,119
The Timbers at Harris Ranch,2 Bedroom 2 Bath,E107,1,2,2,,1079,9/8/2023,500,,120%,2085,1.93,2085,1.93,2023-07-27,2023-09-17,53,10
The Timbers at Harris Ranch,2 Bedroom 2 Bath,E107,1,2,2,,1079,2/6/2024,500,,120%,2085,1.93,1844,1.71,2024-01-15,2024-02-08,25,3
The Timbers at Harris Ranch,2 Bedroom 2 Bath,F101,1,2,2,,1079,9/17/2023,500,,120%,1995,1.85,1995,1.85,2023-09-02,2023-09-06,5,0
The Timbers at Harris Ranch,2 Bedroom 2 Bath,F101,1,2,2,,1079,12/29/2023,500,,120%,2145,1.99,2145,1.99,2023-12-29,2024-01-28,31,31
The Timbers at Harris Ranch,2 Bedroom 2 Bath,F207,2,2,2,,1079,5/30/2024,500,,120%,2205,2.04,2021,1.87,2024-03-26,2024-11-28,248,183
The Timbers at Harris Ranch,2 Bedroom 2 Bath,K207,2,2,2,,1079,9/28/2023,500,,120%,2100,1.95,1858,1.72,2023-08-13,2024-02-21,193,147
The Timbers at Harris Ranch,2 Bedroom 2 Bath,K207,2,2,2,,1079,4/3/2025,500,,120%,2205,2.04,2205,2.04,2025-01-26,2025-03-24,58,0
The Timbers at Harris Ranch,2 Bedroom 2 Bath,B301,3,2,2,,1079,7/29/2023,500,,120%,2225,2.06,2225,2.06,2023-06-22,2023-06-23,2,0
The Timbers at Harris Ranch,2 Bedroom 2 Bath,A101,1,2,2,,1079,8/29/2023,500,,120%,2246,2.08,2246,2.08,2023-08-29,2023-08-30,2,2
The Timbers at Harris Ranch,2 Bedroom 2 Bath,K101,1,2,2,,1079,9/28/2023,500,,120%,2250,2.09,2250,2.09,2023-08-13,2023-10-20,69,23
The Timbers at Harris Ranch,2 Bedroom 2 Bath,E207,2,2,2,,1079,9/8/2023,500,,120%,1895,1.76,1895,1.76,2023-07-27,2023-10-13,79,36
The Timbers at Harris Ranch,2 Bedroom 2 Bath,E207,2,2,2,,1079,12/7/2024,500,,120%,2105,1.95,2105,1.95,2024-11-01,2025-01-10,71,35
The Timbers at Harris Ranch,2 Bedroom 2 Bath,E207,2,2,2,,1079,2/28/2026,500,,120%,2216,2.05,2216,2.05,2026-01-13,2026-02-25,44,0
The Timbers at Harris Ranch,2 Bedroom 2 Bath,E207,2,2,2,,1079,9/15/2026,500,,120%,2260,2.09,2260,2.09,2026-07-03,2026-07-14,12,0
The Timbers at Harris Ranch,2 Bedroom 2 Bath,F307,3,2,2,,1079,10/19/2023,500,,120%,2200,2.04,2200,2.04,2023-08-19,2023-11-15,89,28
The Timbers at Harris Ranch,2 Bedroom 2 Bath,F307,3,2,2,,1079,12/7/2024,500,,120%,2305,2.14,1921,1.78,2024-10-02,2024-12-27,87,21
The Timbers at Harris Ranch,2 Bedroom 2 Bath,F307,3,2,2,,1079,8/16/2025,500,,120%,2266,2.1,2266,2.1,2025-08-07,2025-10-01,56,47
The Timbers at Harris Ranch,2 Bedroom 2 Bath,E307,3,2,2,,1079,9/8/2023,500,,120%,2135,1.98,2135,1.98,2023-07-27,2023-09-01,37,0
The Timbers at Harris Ranch,2 Bedroom 2 Bath,E307,3,2,2,,1079,11/4/2025,500,,120%,2266,2.1,2266,2.1,2025-08-22,2025-10-12,52,0
The Timbers at Harris Ranch,2 Bedroom 2 Bath,A207,2,2,2,,1079,2/3/2026,500,,120%,2285,2.12,2285,2.12,2026-01-27,2026-03-23,56,49
The Timbers at Harris Ranch,2 Bedroom 2 Bath,B107,1,2,2,,1079,7/28/2023,500,,120%,2125,1.97,2125,1.97,2023-06-22,2023-08-02,42,6
The Timbers at Harris Ranch,2 Bedroom 2 Bath,B107,1,2,2,,1079,1/10/2026,500,,120%,2291,2.12,2100,1.95,2025-11-07,2025-11-12,6,0
The Timbers at Harris Ranch,2 Bedroom 2 Bath,B107,1,2,2,,1079,6/27/2026,500,,120%,2290,2.12,2290,2.12,2026-04-16,2026-04-18,3,0
The Timbers at Harris Ranch,2 Bedroom 2 Bath,F107,1,2,2,,1079,7/1/2023,500,,120%,2250,2.09,2250,2.09,,2023-06-22,,
The Timbers at Harris Ranch,2 Bedroom 2 Bath,F107,1,2,2,,1079,10/13/2025,500,,120%,2291,2.12,2291,2.12,2025-04-25,2025-09-19,148,0
The Timbers at Harris Ranch,2 Bedroom 2 Bath,F107,1,2,2,,1079,6/12/2026,500,,120%,2290,2.12,2290,2.12,2026-05-07,2026-05-11,5,0
The Timbers at Harris Ranch,2 Bedroom 2 Bath,K107,1,2,2,,1079,9/28/2023,500,,120%,2125,1.97,2125,1.97,2023-08-13,2023-09-24,43,0
The Timbers at Harris Ranch,2 Bedroom 2 Bath,K107,1,2,2,,1079,10/27/2025,500,,120%,2291,2.12,2291,2.12,2025-08-01,2025-08-22,22,0
The Timbers at Harris Ranch,2 Bedroom 2 Bath,A107-ADA,1,2,2,,1079,6/7/2025,500,,120%,2291,2.12,2100,1.95,2025-04-07,2025-08-01,117,56
The Timbers at Harris Ranch,2 Bedroom 2 Bath,A307,3,2,2,,1079,6/19/2024,500,,120%,2305,2.14,2305,2.14,2024-04-13,2024-07-09,88,21
The Timbers at Harris Ranch,2 Bedroom 2 Bath,B207,2,2,2,,1079,7/28/2023,500,,120%,2100,1.95,2100,1.95,2023-06-22,2023-08-02,42,6
The Timbers at Harris Ranch,2 Bedroom 2 Bath,B207,2,2,2,,1079,6/16/2026,500,,120%,2315,2.15,2315,2.15,2026-04-11,2026-05-14,34,0
The Timbers at Harris Ranch,2 Bedroom 2 Bath,K307,3,2,2,,1079,9/28/2023,500,,120%,2200,2.04,2200,2.04,2023-08-13,2023-10-09,58,12
The Timbers at Harris Ranch,2 Bedroom 2 Bath,K307,3,2,2,,1079,9/17/2026,500,,120%,2460,2.28,2460,2.28,2026-07-08,2026-07-09,2,0
The Timbers at Harris Ranch,2 Bedroom 2 Bath,F208,2,2,2,,1083,7/13/2024,500,,120%,2130,1.97,1884,1.74,2024-05-07,2024-05-26,20,0
The Timbers at Harris Ranch,2 Bedroom 2 Bath,A208,2,2,2,,1083,7/20/2024,500,,120%,2130,1.97,1952,1.8,2024-04-16,2024-06-29,75,0
The Timbers at Harris Ranch,2 Bedroom 2 Bath,A208,2,2,2,,1083,8/8/2025,500,,120%,2191,2.02,2008,1.85,2025-06-18,2025-08-15,59,8
The Timbers at Harris Ranch,2 Bedroom 2 Bath,A308,3,2,2,,1083,8/21/2023,500,,120%,2025,1.87,2025,1.87,2023-07-08,2023-09-29,84,40
The Timbers at Harris Ranch,2 Bedroom 2 Bath,A308,3,2,2,,1083,4/9/2025,500,,120%,2205,2.04,2205,2.04,2025-03-04,2025-03-15,12,0
The Timbers at Harris Ranch,2 Bedroom 2 Bath,B208,2,2,2,,1083,7/28/2023,500,,120%,2025,1.87,2025,1.87,2023-06-22,2023-08-02,42,6
The Timbers at Harris Ranch,2 Bedroom 2 Bath,B208,2,2,2,,1083,12/27/2025,500,,120%,2254,2.08,2066,1.91,2025-11-07,2026-01-18,73,23
The Timbers at Harris Ranch,2 Bedroom 2 Bath,F308,3,2,2,,1083,9/5/2025,500,,120%,2266,2.09,2077,1.92,2025-07-15,2025-08-08,25,0
The Timbers at Harris Ranch,2 Bedroom 2 Bath,K208,2,2,2,,1083,9/28/2023,500,,120%,2025,1.87,2025,1.87,2023-08-13,2023-10-04,53,7
The Timbers at Harris Ranch,2 Bedroom 2 Bath,K208,2,2,2,,1083,11/6/2024,500,,120%,2130,1.97,2130,1.97,2024-08-23,2025-01-13,144,69
The Timbers at Harris Ranch,2 Bedroom 2 Bath,K208,2,2,2,,1083,3/19/2026,500,,120%,2275,2.1,2275,2.1,2026-01-14,2026-04-03,80,16
The Timbers at Harris Ranch,2 Bedroom 2 Bath,B308,3,2,2,,1083,7/28/2023,500,,120%,2100,1.94,2100,1.94,2023-06-22,2023-08-02,42,6
The Timbers at Harris Ranch,2 Bedroom 2 Bath,B308,3,2,2,,1083,6/2/2026,500,,120%,2330,2.15,2330,2.15,2026-04-15,2026-05-07,23,0
The Timbers at Harris Ranch,2 Bedroom 2 Bath,K308,3,2,2,,1083,9/28/2023,500,,120%,2100,1.94,2100,1.94,2023-08-13,2023-09-27,46,0
The Timbers at Harris Ranch,2 Bedroom 2 Bath,K308,3,2,2,,1083,10/6/2024,500,,120%,2205,2.04,1838,1.7,2024-08-01,2024-12-23,145,79
The Timbers at Harris Ranch,2 Bedroom 2 Bath,K308,3,2,2,,1083,5/8/2026,500,,120%,2330,2.15,2330,2.15,2026-04-01,2026-04-03,3,0
The Timbers at Harris Ranch,2 Bedroom 2 Bath,D201,2,2,2,,1094,9/28/2023,500,,120%,2175,1.99,2175,1.99,2023-08-29,2023-08-30,2,0
The Timbers at Harris Ranch,2 Bedroom 2 Bath,D201,2,2,2,,1094,5/3/2024,500,,120%,2337,2.14,2337,2.14,2024-04-05,2024-07-23,110,82
The Timbers at Harris Ranch,2 Bedroom 2 Bath,D201,2,2,2,,1094,8/20/2025,500,,120%,2200,2.01,2200,2.01,2025-06-12,2025-10-12,123,54
The Timbers at Harris Ranch,2 Bedroom 2 Bath,C311,3,2,2,,1094,9/28/2023,500,,120%,2125,1.94,2125,1.94,2023-08-29,2023-08-30,2,0
The Timbers at Harris Ranch,2 Bedroom 2 Bath,C311,3,2,2,,1094,3/1/2024,500,,120%,2412,2.2,2211,2.02,2024-03-01,2024-11-12,257,257
The Timbers at Harris Ranch,2 Bedroom 2 Bath,C311,3,2,2,,1094,9/18/2025,500,,120%,2212,2.02,2028,1.85,2025-09-11,2025-12-03,84,77
The Timbers at Harris Ranch,2 Bedroom 2 Bath,C211,2,2,2,,1094,9/28/2023,500,,120%,2125,1.94,2125,1.94,2023-08-29,2023-08-30,2,0
The Timbers at Harris Ranch,2 Bedroom 2 Bath,C211,2,2,2,,1094,4/15/2024,500,,120%,2295,2.1,2295,2.1,2024-02-29,2024-10-11,226,180
The Timbers at Harris Ranch,2 Bedroom 2 Bath,D401,4,2,2,,1094,9/28/2023,500,,120%,2250,2.06,2250,2.06,2023-08-29,2023-08-30,2,0
The Timbers at Harris Ranch,2 Bedroom 2 Bath,D401,4,2,2,,1094,5/3/2024,500,,120%,2337,2.14,2142,1.96,2024-04-05,2024-10-26,205,177
The Timbers at Harris Ranch,2 Bedroom 2 Bath,D401,4,2,2,,1094,3/8/2025,500,,120%,2337,2.14,2337,2.14,2025-02-03,2025-02-13,11,0
The Timbers at Harris Ranch,2 Bedroom 2 Bath,D211,2,2,2,,1094,9/28/2023,500,,120%,2225,2.03,2225,2.03,2023-08-29,2023-08-30,2,0
The Timbers at Harris Ranch,2 Bedroom 2 Bath,D211,2,2,2,,1094,5/3/2024,500,,120%,1995,1.82,1995,1.82,2024-04-05,2024-10-07,186,158
The Timbers at Harris Ranch,2 Bedroom 2 Bath,D211,2,2,2,,1094,10/18/2025,500,,120%,2403,2.2,2403,2.2,2025-08-23,2025-10-27,66,10
The Timbers at Harris Ranch,2 Bedroom 2 Bath,D301,3,2,2,,1094,9/28/2023,500,,120%,2150,1.97,2150,1.97,2023-08-29,2023-08-30,2,0
The Timbers at Harris Ranch,2 Bedroom 2 Bath,D301,3,2,2,,1094,5/3/2024,500,,120%,1995,1.82,1829,1.67,2024-04-05,2024-11-05,215,187
The Timbers at Harris Ranch,2 Bedroom 2 Bath,D301,3,2,2,,1094,1/15/2026,500,,120%,2418,2.21,2216,2.03,2025-12-03,2026-01-25,54,11
The Timbers at Harris Ranch,2 Bedroom 2 Bath,D311,3,2,2,,1094,9/28/2023,500,,120%,2225,2.03,2225,2.03,2023-08-29,2023-08-30,2,0
The Timbers at Harris Ranch,2 Bedroom 2 Bath,D311,3,2,2,,1094,5/3/2024,500,,120%,2295,2.1,1912,1.75,2024-04-05,2024-09-17,166,138
The Timbers at Harris Ranch,2 Bedroom 2 Bath,D311,3,2,2,,1094,4/29/2026,500,,120%,2418,2.21,2418,2.21,2026-02-16,2026-02-24,9,0
The Timbers at Harris Ranch,2 Bedroom 2 Bath,D411,4,2,2,,1094,9/28/2023,500,,120%,2225,2.03,2225,2.03,2023-08-29,2023-08-30,2,0
The Timbers at Harris Ranch,2 Bedroom 2 Bath,D411,4,2,2,,1094,5/3/2024,500,,120%,2337,2.14,2142,1.96,2024-04-05,2024-11-07,217,189
The Timbers at Harris Ranch,2 Bedroom 2 Bath,D411,4,2,2,,1094,11/29/2025,500,,120%,2403,2.2,2203,2.01,2025-10-26,2025-11-20,26,0
The Timbers at Harris Ranch,2 Bedroom 2 Bath,D411,4,2,2,,1094,5/22/2026,500,,120%,2420,2.21,2420,2.21,2026-04-15,2026-04-16,2,0
The Timbers at Harris Ranch,2 Bedroom 2 Bath,C301,3,2,2,,1094,9/28/2023,500,,120%,2150,1.97,2150,1.97,2023-08-29,2023-08-30,2,0
The Timbers at Harris Ranch,2 Bedroom 2 Bath,C301,3,2,2,,1094,4/15/2024,500,,120%,2412,2.2,2211,2.02,2024-02-29,2024-11-28,274,228
The Timbers at Harris Ranch,2 Bedroom 2 Bath,C301,3,2,2,,1094,5/19/2025,500,,120%,2478,2.27,2272,2.08,2025-05-14,2025-07-30,78,73
The Timbers at Harris Ranch,2 Bedroom 2 Bath,C201,2,2,2,,1094,9/28/2023,500,,120%,2175,1.99,2175,1.99,2023-08-29,2023-08-30,2,0
The Timbers at Harris Ranch,2 Bedroom 2 Bath,C201,2,2,2,,1094,4/15/2024,500,,120%,2337,2.14,2337,2.14,2024-02-29,2024-07-01,124,78
The Timbers at Harris Ranch,2 Bedroom 2 Bath,C201,2,2,2,,1094,6/20/2025,500,,120%,2203,2.01,2203,2.01,2025-05-21,2025-09-07,110,80
The Timbers at Harris Ranch,2 Bedroom 2 Bath,C201,2,2,2,,1094,6/26/2026,500,,120%,2495,2.28,2495,2.28,2026-05-20,2026-06-25,37,0
The Timbers at Harris Ranch,2 Bedroom 2 Bath,C411,4,2,2,,1094,9/28/2023,500,,120%,2225,2.03,2225,2.03,2023-08-29,2023-08-30,2,0
The Timbers at Harris Ranch,2 Bedroom 2 Bath,C411,4,2,2,,1094,4/15/2024,500,,120%,2487,2.27,2487,2.27,2024-02-29,2024-09-28,213,167
The Timbers at Harris Ranch,2 Bedroom 2 Bath,C411,4,2,2,,1094,9/16/2025,500,,120%,2553,2.33,2553,2.33,2025-09-09,2025-10-02,24,17
The Timbers at Harris Ranch,2 Bedroom 2 Bath,C401,4,2,2,,1094,9/28/2023,500,,120%,2250,2.06,2250,2.06,2023-08-29,2023-08-30,2,0
The Timbers at Harris Ranch,2 Bedroom 2 Bath,C401,4,2,2,,1094,4/15/2024,500,,120%,2487,2.27,2487,2.27,2024-02-29,2024-08-28,182,136
The Timbers at Harris Ranch,2 Bedroom 2 Bath,C401,4,2,2,,1094,6/8/2026,500,,120%,2570,2.35,2570,2.35,2026-04-28,2026-04-29,2,0
The Timbers at Harris Ranch,2 Bedroom 2 Bath,D102,1,2,2,,1199,9/28/2023,500,,120%,2525,2.11,2525,2.11,2023-08-29,2023-08-30,2,0
The Timbers at Harris Ranch,2 Bedroom 2 Bath,D102,1,2,2,,1199,5/3/2024,500,,120%,2350,1.96,2079,1.73,2024-04-05,2024-06-07,64,36
The Timbers at Harris Ranch,2 Bedroom 2 Bath,D102,1,2,2,,1199,10/15/2024,500,,120%,2350,1.96,2350,1.96,2024-09-24,2024-10-18,25,4
The Timbers at Harris Ranch,2 Bedroom 2 Bath,C102,1,2,2,,1199,9/28/2023,500,,120%,2525,2.11,2525,2.11,2023-08-29,2023-08-30,2,0
The Timbers at Harris Ranch,2 Bedroom 2 Bath,C102,1,2,2,,1199,4/15/2024,500,,120%,2350,1.96,2079,1.73,2024-02-29,2024-04-03,35,0
The Timbers at Harris Ranch,2 Bedroom 2 Bath,C102,1,2,2,,1199,5/12/2025,500,,120%,2350,1.96,2350,1.96,2025-03-07,2025-03-08,2,0
The Timbers at Harris Ranch,2 Bedroom 2 Bath,C102,1,2,2,,1199,12/24/2025,500,,120%,2503,2.09,2503,2.09,2025-12-17,2026-02-13,59,52
The Timbers at Harris Ranch,2 Bedroom 2 Bath,D302-ADA,3,2,2,,1200,8/19/2025,500,,120%,2241,1.87,2054,1.71,2025-06-15,2025-11-15,154,89
The Timbers at Harris Ranch,2 Bedroom 2 Bath,C302,3,2,2,,1200,9/28/2023,500,,120%,2550,2.13,2550,2.13,2023-08-29,2023-08-30,2,0
The Timbers at Harris Ranch,2 Bedroom 2 Bath,C302,3,2,2,,1200,4/15/2024,500,,120%,2441,2.03,2238,1.87,2024-02-29,2024-11-05,251,205
The Timbers at Harris Ranch,2 Bedroom 2 Bath,C202,2,2,2,,1200,9/28/2023,500,,120%,2550,2.13,2550,2.13,2023-08-29,2023-08-30,2,0
The Timbers at Harris Ranch,2 Bedroom 2 Bath,C202,2,2,2,,1200,4/15/2024,500,,120%,2441,2.03,2159,1.8,2024-02-29,2024-07-06,129,83
The Timbers at Harris Ranch,2 Bedroom 2 Bath,D202,2,2,2,,1200,9/28/2023,500,,120%,2550,2.13,2550,2.13,2023-08-29,2023-08-30,2,0
The Timbers at Harris Ranch,2 Bedroom 2 Bath,D202,2,2,2,,1200,5/3/2024,500,,120%,2441,2.03,2238,1.87,2024-04-05,2024-11-08,218,190
The Timbers at Harris Ranch,2 Bedroom 2 Bath,D202,2,2,2,,1200,6/27/2025,500,,120%,2510,2.09,2301,1.92,2025-06-18,2025-08-07,51,42
The Timbers at Harris Ranch,2 Bedroom 2 Bath,D302,3,2,2,,1200,9/28/2023,500,,120%,2550,2.13,2550,2.13,2023-08-29,2023-08-30,2,0
The Timbers at Harris Ranch,2 Bedroom 2 Bath,D302,3,2,2,,1200,5/3/2024,500,,120%,2516,2.1,2225,1.85,2024-04-05,2024-08-15,133,105
The Timbers at Harris Ranch,2 Bedroom 2 Bath,D402,4,2,2,,1200,9/28/2023,500,,120%,2650,2.21,2650,2.21,2023-08-29,2023-08-30,2,0
The Timbers at Harris Ranch,2 Bedroom 2 Bath,D402,4,2,2,,1200,5/3/2024,500,,120%,2491,2.08,2203,1.84,2024-04-05,2024-08-30,148,120
The Timbers at Harris Ranch,2 Bedroom 2 Bath,D402,4,2,2,,1200,4/4/2026,500,,120%,2560,2.13,2560,2.13,2026-01-13,2026-02-11,30,0
The Timbers at Harris Ranch,2 Bedroom 2 Bath,C402,4,2,2,,1200,9/28/2023,500,,120%,2650,2.21,2650,2.21,2023-08-29,2023-08-30,2,0
The Timbers at Harris Ranch,2 Bedroom 2 Bath,C402,4,2,2,,1200,4/15/2024,500,,120%,2591,2.16,2591,2.16,2024-02-29,2024-10-04,219,173
The Timbers at Harris Ranch,2 Bedroom 2 Bath,C402,4,2,2,,1200,5/7/2025,500,,120%,2660,2.22,2660,2.22,2025-03-30,2025-05-28,60,22
The Timbers at Harris Ranch,2 Bedroom 2 Bath,C402,4,2,2,,1200,3/21/2026,500,,120%,2660,2.22,2660,2.22,2026-01-14,2026-02-11,29,0
The Timbers at Harris Ranch,2 Bedroom 2 Bath,C312,3,2,2,,1219,9/28/2023,500,,120%,2525,2.07,2525,2.07,2023-08-29,2023-08-30,2,0
The Timbers at Harris Ranch,2 Bedroom 2 Bath,C312,3,2,2,,1219,3/1/2024,500,,120%,2550,2.09,2342,1.92,2024-03-01,2024-04-26,57,57
The Timbers at Harris Ranch,2 Bedroom 2 Bath,C212,2,2,2,,1238,9/28/2023,500,,120%,2525,2.04,2525,2.04,2023-08-29,2023-08-30,2,0
The Timbers at Harris Ranch,2 Bedroom 2 Bath,C212,2,2,2,,1238,4/15/2024,500,,120%,2475,2,2267,1.83,2024-02-29,2024-05-02,64,18
The Timbers at Harris Ranch,2 Bedroom 2 Bath,C212,2,2,2,,1238,12/28/2025,500,,120%,2561,2.07,2348,1.9,2025-12-23,2026-01-27,36,31
The Timbers at Harris Ranch,2 Bedroom 2 Bath,D212,2,2,2,,1238,9/28/2023,500,,120%,2525,2.04,2525,2.04,2023-08-29,2023-08-30,2,0
The Timbers at Harris Ranch,2 Bedroom 2 Bath,D212,2,2,2,,1238,5/3/2024,500,,120%,2491,2.01,2491,2.01,2024-04-05,2024-09-22,171,143
The Timbers at Harris Ranch,2 Bedroom 2 Bath,D212,2,2,2,,1238,11/20/2025,500,,120%,2561,2.07,2348,1.9,2025-10-14,2025-12-10,58,21
The Timbers at Harris Ranch,2 Bedroom 2 Bath,D412,4,2,2,,1238,9/28/2023,500,,120%,2625,2.12,2625,2.12,2023-08-29,2023-08-30,2,0
The Timbers at Harris Ranch,2 Bedroom 2 Bath,D412,4,2,2,,1238,5/3/2024,500,,120%,3216,2.6,3216,2.6,2024-04-05,2024-07-17,104,76
The Timbers at Harris Ranch,2 Bedroom 2 Bath,D412,4,2,2,,1238,12/31/2024,500,,120%,2541,2.05,2541,2.05,2024-11-27,2025-01-08,43,9
The Timbers at Harris Ranch,2 Bedroom 2 Bath,D412,4,2,2,,1238,1/16/2026,500,,120%,2611,2.11,2393,1.93,2025-11-04,2025-11-11,8,0
The Timbers at Harris Ranch,2 Bedroom 2 Bath,D312,3,2,2,,1238,9/28/2023,500,,120%,2525,2.04,2525,2.04,2023-08-29,2023-08-30,2,0
The Timbers at Harris Ranch,2 Bedroom 2 Bath,D312,3,2,2,,1238,5/3/2024,500,,120%,2566,2.07,2270,1.83,2024-04-05,2024-06-18,75,47
The Timbers at Harris Ranch,2 Bedroom 2 Bath,D312,3,2,2,,1238,7/3/2025,500,,120%,2636,2.13,2416,1.95,2025-04-17,2025-07-28,103,26
The Timbers at Harris Ranch,2 Bedroom 2 Bath,C412,4,2,2,,1238,9/28/2023,500,,120%,2625,2.12,2625,2.12,2023-08-29,2023-08-30,2,0
The Timbers at Harris Ranch,2 Bedroom 2 Bath,C412,4,2,2,,1238,4/15/2024,500,,120%,2641,2.13,2641,2.13,2024-02-29,2024-08-29,183,137
The Timbers at Harris Ranch,2 Bedroom 2 Bath,C412,4,2,2,,1238,9/28/2026,500,,120%,2845,2.3,2845,2.3,2026-07-02,2026-07-04,3,0
The Timbers at Harris Ranch,3 Bedroom 2 Bath,E202,2,3,2,,1294,9/8/2023,500,,120%,2350,1.82,2079,1.61,2023-07-27,2024-06-12,322,279
The Timbers at Harris Ranch,3 Bedroom 2 Bath,F202,2,3,2,,1294,7/7/2024,500,,120%,2450,1.89,2167,1.67,2024-05-03,2024-06-18,47,0
The Timbers at Harris Ranch,3 Bedroom 2 Bath,F202,2,3,2,,1294,7/14/2025,500,,120%,2450,1.89,2450,1.89,2025-04-25,2025-05-27,33,0
The Timbers at Harris Ranch,3 Bedroom 2 Bath,K202,2,3,2,,1294,9/28/2023,500,,120%,2500,1.93,2211,1.71,2023-08-13,2024-05-04,266,220
The Timbers at Harris Ranch,3 Bedroom 2 Bath,K202,2,3,2,,1294,5/12/2025,500,,120%,2450,1.89,2450,1.89,2025-03-05,2025-04-17,44,0
The Timbers at Harris Ranch,3 Bedroom 2 Bath,E302,3,3,2,,1294,9/8/2023,500,,120%,2575,1.99,2575,1.99,2023-07-27,2023-09-06,42,0
The Timbers at Harris Ranch,3 Bedroom 2 Bath,E302,3,3,2,,1294,10/20/2024,500,,120%,2525,1.95,2104,1.63,2024-08-11,2024-12-18,130,60
The Timbers at Harris Ranch,3 Bedroom 2 Bath,B302,3,3,2,,1294,7/28/2023,500,,120%,2525,1.95,2525,1.95,2023-06-22,2023-06-30,9,0
The Timbers at Harris Ranch,3 Bedroom 2 Bath,F302,3,3,2,,1294,7/1/2023,500,,120%,2475,1.91,2475,1.91,,2023-06-22,,
The Timbers at Harris Ranch,3 Bedroom 2 Bath,F302,3,3,2,,1294,6/19/2024,500,,120%,2475,1.91,2267,1.75,2024-04-13,2024-04-26,14,0
The Timbers at Harris Ranch,3 Bedroom 2 Bath,F302,3,3,2,,1294,11/9/2024,500,,120%,2525,1.95,2315,1.79,2024-10-06,2024-11-18,44,10
The Timbers at Harris Ranch,3 Bedroom 2 Bath,F302,3,3,2,,1294,12/26/2025,500,,120%,2595,2.01,2379,1.84,2025-11-27,2025-12-18,22,0
The Timbers at Harris Ranch,3 Bedroom 2 Bath,B202,2,3,2,,1294,7/28/2023,500,,120%,2475,1.91,2475,1.91,2023-06-22,2023-07-20,29,0
The Timbers at Harris Ranch,3 Bedroom 2 Bath,B202,2,3,2,,1294,5/11/2024,500,,120%,2475,1.91,2189,1.69,2024-03-08,2024-05-04,58,0
The Timbers at Harris Ranch,3 Bedroom 2 Bath,B202,2,3,2,,1294,6/7/2026,500,,120%,2620,2.02,2620,2.02,2026-03-22,2026-04-14,24,0
The Timbers at Harris Ranch,3 Bedroom 2 Bath,A202,2,3,2,,1294,12/17/2023,500,,120%,2475,1.91,2189,1.69,2023-11-13,2024-05-14,184,150
The Timbers at Harris Ranch,3 Bedroom 2 Bath,A202,2,3,2,,1294,6/19/2026,500,,120%,2620,2.02,2620,2.02,2026-04-16,2026-04-29,14,0
The Timbers at Harris Ranch,3 Bedroom 2 Bath,K302,3,3,2,,1294,9/28/2023,500,,120%,2525,1.95,2525,1.95,2023-08-13,2023-12-17,127,81
The Timbers at Harris Ranch,3 Bedroom 2 Bath,K302,3,3,2,,1294,10/19/2024,500,,120%,2525,1.95,2233,1.73,2024-08-14,2024-08-22,9,0
The Timbers at Harris Ranch,3 Bedroom 2 Bath,K302,3,3,2,,1294,10/8/2026,500,,120%,2765,2.14,2765,2.14,2026-07-08,,8,0
The Timbers at Harris Ranch,3 Bedroom 2 Bath,H202,2,3,2,,1375,8/29/2023,500,,120%,2500,1.82,2500,1.82,2023-08-29,2023-08-30,2,2
The Timbers at Harris Ranch,3 Bedroom 2 Bath,H202,2,3,2,,1375,3/15/2024,500,,120%,2530,1.84,2530,1.84,2024-01-13,2024-03-26,74,12
The Timbers at Harris Ranch,3 Bedroom 2 Bath,H202,2,3,2,,1375,5/28/2025,500,,120%,2405,1.75,2322,1.69,2025-03-01,2025-07-15,137,49
The Timbers at Harris Ranch,3 Bedroom 2 Bath,G312,3,3,2,,1375,1/3/2024,500,,120%,2630,1.91,2630,1.91,2023-08-29,2023-11-19,83,0
The Timbers at Harris Ranch,3 Bedroom 2 Bath,G312,3,3,2,,1375,7/3/2025,500,,120%,2499,1.82,2416,1.76,2024-07-09,2025-07-15,372,13
The Timbers at Harris Ranch,3 Bedroom 2 Bath,G202,2,3,2,,1375,1/3/2024,500,,120%,2530,1.84,2530,1.84,2023-08-29,2023-10-29,62,0
The Timbers at Harris Ranch,3 Bedroom 2 Bath,G202,2,3,2,,1375,1/9/2025,500,,120%,2499,1.82,2499,1.82,2024-11-04,2025-04-16,164,98
The Timbers at Harris Ranch,3 Bedroom 2 Bath,G212,2,3,2,,1375,1/3/2024,500,,120%,2530,1.84,2238,1.63,2023-08-29,2024-06-02,279,152
The Timbers at Harris Ranch,3 Bedroom 2 Bath,J312,3,3,2,,1375,10/5/2023,500,,120%,2600,1.89,2600,1.89,2023-08-29,2023-08-30,2,0
The Timbers at Harris Ranch,3 Bedroom 2 Bath,J312,3,3,2,,1375,2/8/2024,500,,120%,2630,1.91,2630,1.91,2023-12-07,2024-03-13,98,35
The Timbers at Harris Ranch,3 Bedroom 2 Bath,G302,3,3,2,,1375,1/3/2024,500,,120%,2630,1.91,2630,1.91,2023-08-29,2024-01-15,140,13
The Timbers at Harris Ranch,3 Bedroom 2 Bath,G302,3,3,2,,1375,2/6/2025,500,,120%,2630,1.91,2630,1.91,2024-12-01,2025-04-09,130,63
The Timbers at Harris Ranch,3 Bedroom 2 Bath,J212,2,3,2,,1375,10/5/2023,500,,120%,2500,1.82,2500,1.82,2023-08-29,2023-08-30,2,0
The Timbers at Harris Ranch,3 Bedroom 2 Bath,J212,2,3,2,,1375,2/8/2024,500,,120%,2530,1.84,2238,1.63,2023-12-07,2024-05-07,153,90
The Timbers at Harris Ranch,3 Bedroom 2 Bath,J212,2,3,2,,1375,8/7/2026,500,,120%,2670,1.94,2670,1.94,2026-03-27,2026-05-11,46,0
The Timbers at Harris Ranch,3 Bedroom 2 Bath,J202,2,3,2,,1375,10/5/2023,500,,120%,2700,1.96,2700,1.96,2023-08-29,2023-08-30,2,0
The Timbers at Harris Ranch,3 Bedroom 2 Bath,J202,2,3,2,,1375,2/8/2024,500,,120%,2530,1.84,2238,1.63,2023-12-07,2024-02-16,72,9
The Timbers at Harris Ranch,3 Bedroom 2 Bath,J202,2,3,2,,1375,1/21/2026,500,,120%,2693,1.96,2693,1.96,2026-01-14,2026-03-03,49,42
The Timbers at Harris Ranch,3 Bedroom 2 Bath,H312,3,3,2,,1375,8/29/2023,500,,120%,2700,1.96,2700,1.96,2023-08-29,2023-08-30,2,2
The Timbers at Harris Ranch,3 Bedroom 2 Bath,H312,3,3,2,,1375,3/15/2024,500,,120%,2630,1.91,2326,1.69,2024-01-13,2024-05-19,128,66
The Timbers at Harris Ranch,3 Bedroom 2 Bath,H312,3,3,2,,1375,12/8/2025,500,,120%,2704,1.97,2704,1.97,2025-08-30,2025-09-03,5,0
The Timbers at Harris Ranch,3 Bedroom 2 Bath,H212,2,3,2,,1375,8/29/2023,500,,120%,2600,1.89,2600,1.89,2023-08-29,2023-08-30,2,2
The Timbers at Harris Ranch,3 Bedroom 2 Bath,H212,2,3,2,,1375,3/15/2024,500,,120%,2530,1.84,2238,1.63,2024-01-13,2024-02-04,23,0
The Timbers at Harris Ranch,3 Bedroom 2 Bath,H212,2,3,2,,1375,9/22/2026,500,,120%,2765,2.01,2765,2.01,2026-07-14,,2,0
The Timbers at Harris Ranch,3 Bedroom 2 Bath,H302,3,3,2,,1375,8/30/2023,500,,120%,2700,1.96,2700,1.96,2023-08-29,2023-08-30,2,1
The Timbers at Harris Ranch,3 Bedroom 2 Bath,H302,3,3,2,,1375,3/15/2024,500,,120%,2630,1.91,2326,1.69,2024-01-13,2024-05-03,112,50
The Timbers at Harris Ranch,3 Bedroom 2 Bath,H302,3,3,2,,1375,1/17/2025,500,,120%,2630,1.91,2630,1.91,2025-01-08,2025-04-17,100,91
The Timbers at Harris Ranch,3 Bedroom 2 Bath,H302,3,3,2,,1375,6/12/2026,500,,120%,2770,2.01,2770,2.01,2026-03-23,2026-05-11,50,0
The Timbers at Harris Ranch,3 Bedroom 2 Bath,J302,3,3,2,,1375,10/5/2023,500,,120%,2800,2.04,2800,2.04,2023-08-29,2023-08-30,2,0
The Timbers at Harris Ranch,3 Bedroom 2 Bath,J302,3,3,2,,1375,2/8/2024,500,,120%,2630,1.91,2326,1.69,2023-12-07,2024-04-03,119,56
The Timbers at Harris Ranch,3 Bedroom 2 Bath,J302,3,3,2,,1375,5/7/2025,500,,120%,2630,1.91,2630,1.91,2025-04-02,2025-06-05,65,30
The Timbers at Harris Ranch,3 Bedroom 2 Bath,J302,3,3,2,,1375,5/22/2026,500,,120%,2795,2.03,2795,2.03,2026-04-16,2026-05-14,29,0
Arboretum at Barber Station,Convertible,2-218,2,1,1,,633,2/4/2025,500,,80%,1450,2.29,1450,2.29,2024-12-28,2025-04-29,123,85
Arboretum at Barber Station,Convertible,2-304,3,1,1,,633,3/11/2025,500,,80%,1500,2.37,1327,2.1,2025-02-06,2025-03-20,43,10
Arboretum at Barber Station,Convertible,2-318,3,1,1,,633,10/1/2023,300,,80%,1621,2.56,1621,2.56,2023-08-21,2023-10-28,69,28
Arboretum at Barber Station,Convertible,2-318,3,1,1,,633,5/30/2024,500,,80%,1625,2.57,1625,2.57,2024-05-03,2024-06-29,58,31
Arboretum at Barber Station,Convertible,2-318,3,1,1,,633,4/6/2025,500,,80%,1500,2.37,1458,2.3,2025-03-12,2025-05-23,73,48
Arboretum at Barber Station,1A - Convertible,2-204,2,1,1,,633,5/6/2026,500,,80%,1545,2.44,1545,2.44,2026-01-28,2026-03-03,35,0
Arboretum at Barber Station,1A - Convertible,2-518,5,1,1,,633,6/30/2023,300,,80%,1589,2.51,1547,2.44,2023-06-21,2023-07-25,35,26
Arboretum at Barber Station,1A - Convertible,2-518,5,1,1,,633,7/7/2024,500,,80%,1725,2.73,1725,2.73,2023-12-12,2024-07-09,211,3
Arboretum at Barber Station,1A - Convertible,2-518,5,1,1,,633,11/27/2024,500,,80%,1550,2.45,1292,2.04,2024-11-09,2025-01-16,69,51
Arboretum at Barber Station,1A - Convertible,2-518,5,1,1,,633,5/11/2026,500,,80%,1595,2.52,1472,2.33,2026-03-17,2026-03-23,7,0
Arboretum at Barber Station,1A - Convertible,2-404,4,1,1,,633,6/17/2023,300,,80%,1514,2.39,1472,2.33,,2023-07-25,,
Arboretum at Barber Station,1A - Convertible,2-404,4,1,1,,633,12/2/2023,500,,80%,1395,2.2,1234,1.95,2023-11-10,2024-03-12,124,102
Arboretum at Barber Station,1A - Convertible,2-404,4,1,1,,633,4/7/2025,500,,80%,1525,2.41,1349,2.13,2025-02-28,2025-03-11,12,0
Arboretum at Barber Station,1A - Convertible,2-404,4,1,1,,633,6/12/2026,500,,80%,1675,2.65,1675,2.65,2026-06-02,2026-06-03,2,0
Arboretum at Barber Station,1B - One Bedroom,2-317,3,1,1,,795,10/10/2023,300,,80%,1799,2.26,1649,2.07,2023-08-25,2023-09-14,21,0
Arboretum at Barber Station,1B - One Bedroom,2-317,3,1,1,,795,10/20/2025,500,,80%,1570,1.97,1389,1.75,2025-08-17,2025-09-16,31,0
Arboretum at Barber Station,1 Bedroom ADA,1-404,4,1,1,,795,5/29/2024,500,,80%,1575,1.98,1393,1.75,2024-01-18,2024-03-30,73,0
Arboretum at Barber Station,One Bedroom,3-205,2,1,1,,795,2/27/2024,500,,80%,1585,1.99,1585,1.99,2023-12-12,2024-03-01,81,4
Arboretum at Barber Station,1B - One Bedroom,2-415,4,1,1,,795,8/11/2023,300,,80%,1654,2.08,1612,2.03,2023-07-22,2023-07-27,6,0
Arboretum at Barber Station,1B - One Bedroom,2-415,4,1,1,,795,9/25/2025,500,,80%,1595,2.01,1411,1.77,2025-08-17,2025-09-26,41,2
Arboretum at Barber Station,1B - One Bedroom,1-416,4,1,1,,795,2/2/2024,500,,80%,1811,2.28,1602,2.02,2024-01-18,2024-02-16,30,15
Arboretum at Barber Station,1B - One Bedroom,1-416,4,1,1,,795,9/24/2025,500,,80%,1620,2.04,1433,1.8,2025-09-06,2025-09-28,23,5
Arboretum at Barber Station,1B - One Bedroom,2-503,5,1,1,,795,6/11/2025,500,,80%,1700,2.14,1700,2.14,2025-05-04,2025-05-29,26,0
Arboretum at Barber Station,1B - One Bedroom,2-503,5,1,1,,795,10/25/2025,500,,80%,1620,2.04,1433,1.8,2025-10-02,2025-10-08,7,0
Arboretum at Barber Station,1B - One Bedroom,1-316,3,1,1,,795,12/25/2023,300,,80%,1764,2.22,1764,2.22,2023-09-28,2023-09-29,2,0
Arboretum at Barber Station,1B - One Bedroom,1-316,3,1,1,,795,11/26/2024,500,,80%,1675,2.11,1396,1.76,2024-11-26,2025-01-18,54,54
Arboretum at Barber Station,1B - One Bedroom,1-316,3,1,1,,795,11/28/2025,500,,80%,1625,2.04,1437,1.81,2025-10-18,2025-11-04,18,0
Arboretum at Barber Station,One Bedroom,1-403,4,1,1,,795,5/9/2024,500,,80%,1625,2.04,1437,1.81,2024-02-19,2024-03-09,20,0
Arboretum at Barber Station,One Bedroom,3-203,2,1,1,,795,7/1/2025,500,,80%,1635,2.06,1593,2,2025-01-28,2025-05-21,114,0
Arboretum at Barber Station,1B - One Bedroom,2-203,2,1,1,,795,5/24/2024,500,,80%,1520,1.91,1344,1.69,2024-03-17,2024-03-21,5,0
Arboretum at Barber Station,1B - One Bedroom,2-203,2,1,1,,795,12/10/2024,500,,80%,1655,2.08,1517,1.91,2024-11-19,2024-12-27,39,18
Arboretum at Barber Station,1B - One Bedroom,2-203,2,1,1,,795,2/2/2026,500,,80%,1640,2.06,1640,2.06,2025-11-18,2025-12-20,33,0
Arboretum at Barber Station,One Bedroom,2-303,3,1,1,,795,3/23/2025,500,,80%,1650,2.08,1459,1.84,2025-02-13,2025-03-11,27,0
Arboretum at Barber Station,One Bedroom,3-201,2,1,1,,795,8/26/2024,500,,80%,1660,2.09,1522,1.91,2024-07-16,2025-01-10,179,138
Arboretum at Barber Station,1B - One Bedroom,1-503,5,1,1,,795,8/9/2023,300,,80%,1804,2.27,1762,2.22,,2023-07-25,,
Arboretum at Barber Station,1B - One Bedroom,1-503,5,1,1,,795,10/24/2025,500,,80%,1670,2.1,1670,2.1,2025-08-17,2025-09-20,35,0
Arboretum at Barber Station,1B - One Bedroom,2-205,2,1,1,,795,4/21/2025,500,,80%,1675,2.11,1546,1.94,2025-03-14,2025-07-18,127,89
Arboretum at Barber Station,One Bedroom,1-304,3,1,1,,795,3/14/2025,500,,80%,1675,2.11,1482,1.86,2025-02-05,2025-03-12,36,0
Arboretum at Barber Station,1B - One Bedroom,2-405,4,1,1,,795,1/14/2024,500,,80%,1786,2.25,1580,1.99,2023-12-05,2023-12-12,8,0
Arboretum at Barber Station,1B - One Bedroom,2-405,4,1,1,,795,10/25/2025,500,,80%,1595,2.01,1411,1.77,2025-09-06,2025-10-01,26,0
Arboretum at Barber Station,1B - One Bedroom,2-405,4,1,1,,795,8/12/2026,500,,80%,1695,2.13,1695,2.13,2026-05-15,2026-05-17,3,0
Arboretum at Barber Station,One Bedroom,1-411,4,1,1,,795,4/10/2024,500,,80%,1625,2.04,1437,1.81,2024-01-24,2024-03-20,57,0
Arboretum at Barber Station,One Bedroom,1-411,4,1,1,,795,3/8/2025,500,,80%,1700,2.14,1504,1.89,2025-03-08,2025-03-09,2,2
Arboretum at Barber Station,1B - One Bedroom,1-217,2,1,1,,795,10/11/2023,300,,80%,1789,2.25,1640,2.06,2023-07-25,2023-09-14,52,0
Arboretum at Barber Station,1B - One Bedroom,1-217,2,1,1,,795,11/1/2025,500,,80%,1590,2,1406,1.77,2025-08-17,2025-09-28,43,0
Arboretum at Barber Station,1B - One Bedroom,1-217,2,1,1,,795,5/10/2026,500,,80%,1705,2.14,1705,2.14,2026-04-29,2026-05-05,7,0
Arboretum at Barber Station,1B - One Bedroom,1-211,2,1,1,,795,6/11/2024,500,,120%,1575,1.98,1393,1.75,2024-03-27,2024-03-28,2,0
Arboretum at Barber Station,1B - One Bedroom,1-211,2,1,1,,795,1/28/2026,500,,120%,1720,2.16,1588,2,2025-12-20,2026-02-18,61,22
Arboretum at Barber Station,1B - One Bedroom,2-517,5,1,1,,795,6/27/2026,500,,120%,1720,2.16,1720,2.16,2026-04-24,2026-05-02,9,0
Arboretum at Barber Station,One Bedroom,1-504,5,1,1,,795,4/11/2025,500,,120%,1725,2.17,1683,2.12,2025-03-15,2025-05-16,63,36
Arboretum at Barber Station,1B - One Bedroom,2-403,4,1,1,,795,11/26/2025,500,,120%,1725,2.17,1526,1.92,2025-10-23,2026-01-02,72,38
Arboretum at Barber Station,One Bedroom,1-203,2,1,1,,795,7/21/2024,500,,120%,1750,2.2,1750,2.2,2024-05-24,2024-07-08,46,0
Arboretum at Barber Station,One Bedroom,2-315,3,1,1,,795,11/21/2023,300,,120%,1761,2.22,1558,1.96,2023-11-09,2023-11-10,2,0
Arboretum at Barber Station,1B - One Bedroom,1-517,5,1,1,,795,9/22/2025,500,,120%,1770,2.23,1566,1.97,2025-07-22,2025-07-28,7,0
Arboretum at Barber Station,One Bedroom,1-303,3,1,1,,795,6/25/2024,500,,120%,1800,2.26,1800,2.26,2024-01-10,2024-04-11,93,0
Arboretum at Barber Station,One Bedroom,2-515,5,1,1,,795,1/15/2024,500,,120%,1851,2.33,1637,2.06,2023-12-13,2024-01-10,29,0
Arboretum at Barber Station,One Bedroom,1-417,4,1,1,,795,8/24/2023,300,,120%,1855,2.33,1855,2.33,2023-07-27,2023-09-03,39,11
Arboretum at Barber Station,1B - One Bedroom,2-417,4,1,1,,795,4/30/2024,500,,120%,1550,1.95,1550,1.95,2024-02-18,2024-03-02,14,0
Arboretum at Barber Station,1B - One Bedroom,2-417,4,1,1,,795,7/17/2026,500,,120%,1935,2.43,1935,2.43,2026-07-11,2026-07-12,2,0
Arboretum at Barber Station,One Bedroom,1-210,2,1,1,,976,3/31/2025,500,,120%,1870,1.92,1654,1.69,2025-02-07,2025-03-11,33,0
Arboretum at Barber Station,1C - One Bedroom,1-410,4,1,1,,976,1/4/2024,500,,120%,1860,1.91,1645,1.69,2023-10-19,2024-01-16,90,13
Arboretum at Barber Station,1C - One Bedroom,1-410,4,1,1,,976,7/23/2026,500,,120%,2110,2.16,2110,2.16,2026-06-16,2026-06-17,2,0
Arboretum at Barber Station,Two Bedroom,2-410,4,2,1,,976,10/21/2023,500,,80%,1600,1.64,1415,1.45,2023-10-12,2024-01-19,100,91
Arboretum at Barber Station,2A - Two Bedroom,2-412,4,2,1,,976,7/28/2025,500,,80%,1650,1.69,1459,1.49,2025-06-15,2025-09-25,103,60
Arboretum at Barber Station,Two Bedroom,1-208,2,2,1,,976,10/8/2023,500,,80%,1517,1.55,1342,1.38,2023-10-05,2024-01-13,101,98
Arboretum at Barber Station,Two Bedroom,1-208,2,2,1,,976,2/25/2025,500,,80%,1799,1.84,1799,1.84,2025-01-30,2025-04-16,77,51
Arboretum at Barber Station,Two Bedroom,2-212,2,2,1,,976,8/29/2023,,,80%,2006,2.06,2006,2.06,2023-08-29,2023-08-30,2,2
Arboretum at Barber Station,Two Bedroom,2-212,2,2,1,,976,4/1/2024,500,,80%,1750,1.79,1548,1.59,2024-02-22,2024-02-24,3,0
Arboretum at Barber Station,Two Bedroom,2-212,2,2,1,,976,6/11/2024,500,,80%,1800,1.84,1800,1.84,2024-06-11,2024-06-18,8,8
Arboretum at Barber Station,Two Bedroom,2-210,2,2,1,,976,10/1/2023,500,,80%,1656,1.7,1465,1.5,2023-09-13,2024-02-10,151,133
Arboretum at Barber Station,Two Bedroom,2-210,2,2,1,,976,3/30/2025,500,,80%,1800,1.84,1800,1.84,2025-03-20,2025-05-07,49,39
Arboretum at Barber Station,2A - Two Bedroom,1-508,5,2,1,,976,5/18/2024,500,,80%,1900,1.95,1681,1.72,2024-03-22,2024-03-29,8,0
Arboretum at Barber Station,2A - Two Bedroom,1-508,5,2,1,,976,2/24/2026,500,,80%,1820,1.86,1610,1.65,2026-01-17,2026-03-03,46,8
Arboretum at Barber Station,Two Bedroom,1-308,3,2,1,,976,10/31/2024,500,,80%,1880,1.93,1567,1.61,2024-09-21,2025-01-26,128,88
Arboretum at Barber Station,2A - Two Bedroom,2-310,3,2,1,,976,8/10/2023,300,,80%,2035,2.09,1993,2.04,2023-07-13,2023-07-27,15,0
Arboretum at Barber Station,2A - Two Bedroom,2-310,3,2,1,,976,7/20/2025,500,,80%,1895,1.94,1749,1.79,2025-06-09,2025-07-07,29,0
Arboretum at Barber Station,Two Bedroom,2-512,5,2,1,,976,1/17/2025,500,,120%,1950,2,1788,1.83,2024-11-09,2024-12-13,35,0
Arboretum at Barber Station,Two Bedroom,1-312,3,2,2,,1053,3/6/2024,500,,80%,1761,1.67,1558,1.48,2023-12-26,2024-02-05,42,0
Arboretum at Barber Station,2B - Two Bedroom,2-313,3,2,2,,1053,9/2/2023,300,,80%,2099,1.99,1924,1.83,2023-06-26,2023-09-14,81,13
Arboretum at Barber Station,2B - Two Bedroom,2-313,3,2,2,,1053,11/5/2025,500,,80%,1770,1.68,1566,1.49,2025-09-11,2025-09-16,6,0
Arboretum at Barber Station,2B - Two Bedroom,1-205,2,2,2,,1053,9/18/2023,300,,80%,2211,2.1,2161,2.05,2023-07-22,2023-08-14,24,0
Arboretum at Barber Station,2B - Two Bedroom,1-205,2,2,2,,1053,12/28/2024,500,,80%,2020,1.92,1852,1.76,2024-10-08,2024-11-22,46,0
Arboretum at Barber Station,2B - Two Bedroom,1-205,2,2,2,,1053,10/11/2025,500,,80%,1790,1.7,1583,1.5,2025-09-06,2025-09-18,13,0
Arboretum at Barber Station,2B - Two Bedroom,2-408,4,2,2,,1053,12/22/2023,500,,80%,1764,1.68,1560,1.48,2023-11-08,2024-01-30,84,40
Arboretum at Barber Station,2B - Two Bedroom,2-408,4,2,2,,1053,2/11/2025,500,,80%,1945,1.85,1621,1.54,2025-01-03,2025-01-30,28,0
Arboretum at Barber Station,2B - Two Bedroom,2-408,4,2,2,,1053,11/5/2025,500,,80%,1795,1.7,1588,1.51,2025-09-26,2025-10-01,6,0
Arboretum at Barber Station,2B - Two Bedroom,1-315,3,2,2,,1053,11/11/2025,500,,80%,1795,1.7,1588,1.51,2025-05-15,2025-09-26,135,0
Arboretum at Barber Station,2B - Two Bedroom,2-214,2,2,2,,1053,9/13/2024,500,,80%,1895,1.8,1853,1.76,2024-08-04,2024-08-24,21,0
Arboretum at Barber Station,2B - Two Bedroom,2-214,2,2,2,,1053,9/22/2025,500,,80%,1795,1.7,1588,1.51,2025-08-01,2025-10-12,73,21
Arboretum at Barber Station,2B - Two Bedroom,2-314,3,2,2,,1053,12/1/2025,500,,80%,1800,1.71,1592,1.51,2025-10-18,2025-11-05,19,0
Arboretum at Barber Station,2B - Two Bedroom,2-213,2,2,2,,1053,12/28/2025,500,,80%,1815,1.72,1675,1.59,2025-11-15,2025-11-23,9,0
Arboretum at Barber Station,Two Bedroom,2-206,2,2,2,,1053,9/21/2023,500,,80%,1825,1.73,1614,1.53,2023-07-09,2023-12-07,152,78
Arboretum at Barber Station,2B - Two Bedroom,3-206,2,2,2,,1053,9/30/2023,500,,80%,1682,1.6,1488,1.41,2023-09-19,2024-01-08,112,101
Arboretum at Barber Station,2B - Two Bedroom,3-206,2,2,2,,1053,9/7/2025,500,,80%,1825,1.73,1614,1.53,2025-07-23,2025-10-24,94,48
Arboretum at Barber Station,2B - Two Bedroom,1-212,2,2,2,,1053,10/11/2023,300,,80%,2209,2.1,2025,1.92,2023-07-27,2023-09-14,50,0
Arboretum at Barber Station,2B - Two Bedroom,1-212,2,2,2,,1053,1/11/2026,500,,80%,1830,1.74,1830,1.74,2025-08-17,2025-11-22,98,0
Arboretum at Barber Station,Two Bedroom,2-506,5,2,2,,1053,2/27/2024,500,,80%,1839,1.75,1627,1.55,2023-12-21,2024-02-02,44,0
Arboretum at Barber Station,2B - Two Bedroom,2-516,5,2,2,,1053,1/12/2026,500,,80%,1860,1.77,1860,1.77,2025-11-20,2025-11-22,3,0
Arboretum at Barber Station,2B - Two Bedroom,2-413,4,2,2,,1053,11/30/2023,300,,80%,1875,1.78,1658,1.57,2023-09-19,2023-11-08,51,0
Arboretum at Barber Station,2B - Two Bedroom,2-413,4,2,2,,1053,3/21/2026,500,,80%,1865,1.77,1650,1.57,2026-01-28,2026-03-06,38,0
Arboretum at Barber Station,2B - Two Bedroom,2-306,3,2,2,,1053,2/26/2024,500,,80%,1739,1.65,1538,1.46,2023-12-19,2024-02-08,52,0
Arboretum at Barber Station,2B - Two Bedroom,2-306,3,2,2,,1053,4/7/2026,500,,80%,1865,1.77,1650,1.57,2026-02-13,2026-03-09,25,0
Arboretum at Barber Station,2B - Two Bedroom,2-416,4,2,2,,1053,10/17/2024,500,,80%,1975,1.88,1810,1.72,2024-09-26,2024-12-01,67,46
Arboretum at Barber Station,2B - Two Bedroom,2-416,4,2,2,,1053,1/12/2026,500,,80%,1870,1.78,1726,1.64,2025-10-09,2025-12-04,57,0
Arboretum at Barber Station,Two Bedroom,3-202,2,2,2,,1053,1/21/2025,500,,80%,1885,1.79,1571,1.49,2024-12-17,2025-01-28,43,8
Arboretum at Barber Station,2B - Two Bedroom,2-216,2,2,2,,1053,6/12/2024,500,,80%,1714,1.63,1714,1.63,2023-11-05,2024-04-10,158,0
Arboretum at Barber Station,2B - Two Bedroom,2-216,2,2,2,,1053,5/1/2026,500,,80%,1890,1.79,1890,1.79,2026-03-23,2026-03-26,4,0
Arboretum at Barber Station,2B - Two Bedroom,2-316,3,2,2,,1053,6/12/2024,500,,80%,1900,1.8,1900,1.8,2024-03-30,2024-05-31,63,0
Arboretum at Barber Station,2B - Two Bedroom,2-316,3,2,2,,1053,8/22/2025,500,,80%,1900,1.8,1754,1.67,2025-07-11,2025-07-21,11,0
Arboretum at Barber Station,2B - Two Bedroom,1-405,4,2,2,,1053,5/27/2024,500,,80%,1950,1.85,1950,1.85,2024-04-11,2024-04-13,3,0
Arboretum at Barber Station,2B - Two Bedroom,1-405,4,2,2,,1053,6/8/2026,500,,80%,1900,1.8,1817,1.73,2026-04-05,2026-04-19,15,0
Arboretum at Barber Station,Two Bedroom,1-406,4,2,2,,1053,12/12/2023,500,,80%,1900,1.8,1681,1.6,2023-11-08,2023-12-03,26,0
Arboretum at Barber Station,2B - Two Bedroom,1-415,4,2,2,,1053,6/12/2026,500,,80%,1900,1.8,1900,1.8,2026-04-22,2026-04-26,5,0
Arboretum at Barber Station,Two Bedroom,1-514,5,2,2,,1053,12/11/2023,500,,80%,1864,1.77,1649,1.57,2023-09-20,2024-02-07,141,59
Arboretum at Barber Station,Two Bedroom,1-514,5,2,2,,1053,6/8/2025,500,,80%,1900,1.8,1681,1.6,2025-03-05,2025-03-18,14,0
Arboretum at Barber Station,2B - Two Bedroom,2-208,2,2,2,,1053,2/18/2024,500,,80%,1825,1.73,1614,1.53,2024-01-06,2024-02-08,34,0
Arboretum at Barber Station,2B - Two Bedroom,2-208,2,2,2,,1053,3/3/2025,500,,80%,1915,1.82,1694,1.61,2025-02-21,2025-03-21,29,19
Arboretum at Barber Station,2B - Two Bedroom,2-208,2,2,2,,1053,12/22/2025,500,,80%,1905,1.81,1905,1.81,2025-11-27,2025-12-21,25,0
Arboretum at Barber Station,2B - Two Bedroom,1-414,4,2,2,,1053,7/31/2026,500,,80%,1920,1.82,1920,1.82,2026-04-28,2026-04-29,2,0
Arboretum at Barber Station,Two Bedroom,2-307,3,2,2,,1053,4/11/2025,500,,80%,1920,1.82,1698,1.61,2025-02-28,2025-03-08,9,0
Arboretum at Barber Station,2B - Two Bedroom,1-314,3,2,2,,1053,9/29/2023,300,,80%,2190,2.08,2148,2.04,,2023-07-27,,
Arboretum at Barber Station,2B - Two Bedroom,1-314,3,2,2,,1053,12/27/2023,500,,80%,1850,1.76,1636,1.55,2023-12-05,2023-12-08,4,0
Arboretum at Barber Station,2B - Two Bedroom,1-314,3,2,2,,1053,6/30/2024,500,,80%,1850,1.76,1850,1.76,2024-04-19,2024-04-21,3,0
Arboretum at Barber Station,2B - Two Bedroom,1-314,3,2,2,,1053,7/7/2025,500,,80%,1925,1.83,1703,1.62,2025-06-02,2025-07-26,55,20
Arboretum at Barber Station,2B - Two Bedroom,2-406,4,2,2,,1053,3/12/2024,500,,120%,1875,1.78,1658,1.57,2024-02-02,2024-02-11,10,0
Arboretum at Barber Station,2B - Two Bedroom,2-406,4,2,2,,1053,6/24/2025,500,,120%,1925,1.83,1703,1.62,2025-05-13,2025-08-02,82,40
Arboretum at Barber Station,2B - Two Bedroom,2-406,4,2,2,,1053,1/20/2026,500,,120%,1935,1.84,1712,1.63,2025-12-16,2026-01-04,20,0
Arboretum at Barber Station,2B - Two Bedroom,2-514,5,2,2,,1053,9/11/2025,500,,120%,1950,1.85,1725,1.64,2025-03-22,2025-08-10,142,0
Arboretum at Barber Station,2B - Two Bedroom,2-507,5,2,2,,1053,12/7/2023,500,,120%,1850,1.76,1636,1.55,2023-10-10,2023-12-13,65,7
Arboretum at Barber Station,2B - Two Bedroom,2-507,5,2,2,,1053,5/1/2025,500,,120%,1970,1.87,1970,1.87,2024-12-20,2025-05-06,138,6
Arboretum at Barber Station,2B - Two Bedroom,2-507,5,2,2,,1053,6/3/2026,500,,120%,1960,1.86,1960,1.86,2026-04-30,2026-05-01,2,0
Arboretum at Barber Station,Two Bedroom,2-508,5,2,2,,1053,4/11/2025,500,,120%,1970,1.87,1743,1.66,2025-03-02,2025-03-14,13,0
Arboretum at Barber Station,Two Bedroom,1-512,5,2,2,,1053,5/13/2025,500,,120%,1995,1.89,1995,1.89,2025-03-26,2025-04-10,16,0
Arboretum at Barber Station,2B - Two Bedroom,1-505,5,2,2,,1053,12/10/2023,500,,120%,1914,1.82,1693,1.61,2023-10-03,2024-02-14,135,67
Arboretum at Barber Station,2B - Two Bedroom,1-505,5,2,2,,1053,6/26/2025,500,,120%,2000,1.9,1846,1.75,2025-06-07,2025-07-15,39,20
Arboretum at Barber Station,2B - Two Bedroom,1-505,5,2,2,,1053,2/26/2026,500,,120%,2025,1.92,1869,1.77,2026-01-15,2026-02-05,22,0
Arboretum at Barber Station,Two Bedroom,1-515,5,2,2,,1053,10/14/2024,500,,120%,2125,2.02,1880,1.79,2024-09-06,2024-10-15,40,2
Arboretum at Barber Station,2B - Two Bedroom,1-306,3,2,2,,1053,5/22/2024,500,,120%,1850,1.76,1850,1.76,2024-04-11,2024-04-13,3,0
Arboretum at Barber Station,2B - Two Bedroom,1-306,3,2,2,,1053,8/6/2025,500,,120%,1925,1.83,1703,1.62,2025-06-28,2025-08-11,45,6
Arboretum at Barber Station,2B - Two Bedroom,1-306,3,2,2,,1053,8/30/2026,500,,120%,2130,2.02,2130,2.02,2026-06-03,2026-06-10,8,0
Arboretum at Barber Station,Two Bedroom,2-308,3,2,2,,1053,10/18/2023,300,,120%,2145,2.04,2145,2.04,2023-08-12,2023-08-25,14,0
Arboretum at Barber Station,Two Bedroom,1-215,2,2,2,,1053,6/26/2023,300,,120%,2146,2.04,2146,2.04,,2023-07-08,,
Arboretum at Barber Station,2B - Two Bedroom,1-206,2,2,2,,1053,6/21/2023,300,,120%,2087,1.98,2087,1.98,,2023-07-05,,
Arboretum at Barber Station,2B - Two Bedroom,1-206,2,2,2,,1053,1/13/2024,500,,120%,1714,1.63,1516,1.44,2023-12-06,2024-01-28,54,16
Arboretum at Barber Station,2B - Two Bedroom,1-206,2,2,2,,1053,2/8/2025,500,,120%,1940,1.84,1940,1.84,2025-01-30,2025-02-02,4,0
Arboretum at Barber Station,2B - Two Bedroom,1-206,2,2,2,,1053,4/18/2026,500,,120%,1925,1.83,1777,1.69,2026-03-05,2026-03-14,10,0
Arboretum at Barber Station,2B - Two Bedroom,1-206,2,2,2,,1053,7/21/2026,500,,120%,2155,2.05,2155,2.05,2026-06-12,2026-06-13,2,0
Arboretum at Barber Station,2B - Two Bedroom,1-214,2,2,2,,1053,3/7/2024,500,,120%,1714,1.63,1516,1.44,2023-12-17,2024-01-31,46,0
Arboretum at Barber Station,2B - Two Bedroom,1-214,2,2,2,,1053,8/11/2026,500,,120%,2235,2.12,2235,2.12,2026-07-02,2026-07-11,10,0
Arboretum at Barber Station,2C - Two Bedroom,1-213,2,2,2,,1104,9/30/2023,300,,80%,1875,1.7,1658,1.5,2023-08-18,2023-11-08,83,40
Arboretum at Barber Station,2C - Two Bedroom,1-213,2,2,2,,1104,2/11/2025,500,,80%,1965,1.78,1638,1.48,2025-01-07,2025-01-18,12,0
Arboretum at Barber Station,2C - Two Bedroom,1-213,2,2,2,,1104,9/19/2025,500,,80%,1840,1.67,1628,1.47,2025-08-02,2025-09-28,58,10
Arboretum at Barber Station,2C - Two Bedroom,1-213,2,2,2,,1104,1/23/2026,500,,80%,1830,1.66,1619,1.47,2025-12-27,2026-03-09,73,46
Arboretum at Barber Station,2CA - 2 Bedroom ADA,2-411,4,2,2,,1104,12/9/2023,500,,80%,1794,1.63,1587,1.44,2023-11-28,2024-02-07,72,61
Arboretum at Barber Station,2CA - 2 Bedroom ADA,2-411,4,2,2,,1104,2/20/2025,500,,80%,1900,1.72,1900,1.72,2025-01-14,2025-02-13,31,0
Arboretum at Barber Station,2CA - 2 Bedroom ADA,2-411,4,2,2,,1104,12/13/2025,500,,80%,1885,1.71,1885,1.71,2025-10-31,2025-11-15,16,0
Arboretum at Barber Station,2CA - 2 Bedroom ADA,2-411,4,2,2,,1104,3/27/2026,500,,80%,1845,1.67,1703,1.54,2026-03-05,2026-03-19,15,0
Arboretum at Barber Station,2C - Two Bedroom,2-211,2,2,2,,1104,10/2/2023,500,,80%,1699,1.54,1503,1.36,2023-09-01,2023-12-23,114,83
Arboretum at Barber Station,2C - Two Bedroom,2-211,2,2,2,,1104,4/22/2026,500,,80%,1880,1.7,1663,1.51,2026-02-26,2026-03-09,12,0
Arboretum at Barber Station,2C - Two Bedroom,1-313,3,2,2,,1104,10/7/2023,300,,80%,1895,1.72,1676,1.52,2023-08-15,2023-11-08,86,33
Arboretum at Barber Station,2C - Two Bedroom,1-313,3,2,2,,1104,1/12/2025,500,,80%,1970,1.78,1642,1.49,2024-11-22,2025-01-24,64,13
Arboretum at Barber Station,2C - Two Bedroom,1-313,3,2,2,,1104,3/10/2026,500,,80%,1880,1.7,1663,1.51,2026-01-23,2026-03-07,44,0
Arboretum at Barber Station,2C - Two Bedroom,1-513,5,2,2,,1104,5/22/2024,500,,80%,2100,1.9,2100,1.9,2024-05-03,2024-05-10,8,0
Arboretum at Barber Station,2C - Two Bedroom,1-513,5,2,2,,1104,10/28/2024,500,,80%,2195,1.99,1942,1.76,2024-09-18,2024-10-01,14,0
Arboretum at Barber Station,2C - Two Bedroom,1-513,5,2,2,,1104,11/1/2025,500,,80%,1920,1.74,1698,1.54,2025-09-06,2025-09-17,12,0
Arboretum at Barber Station,2C - Two Bedroom,1-413,4,2,2,,1104,2/9/2025,500,,80%,1925,1.74,1925,1.74,2024-12-12,2025-02-13,64,5
Arboretum at Barber Station,2C - Two Bedroom,1-413,4,2,2,,1104,5/18/2026,500,,80%,1925,1.74,1842,1.67,2026-04-02,2026-04-07,6,0
Arboretum at Barber Station,Two Bedroom,2-209,2,2,2,,1104,5/27/2025,500,,120%,1950,1.77,1950,1.77,2025-04-17,2025-04-19,3,0
Arboretum at Barber Station,Two Bedroom,1-207,2,2,2,,1104,8/18/2023,300,,120%,1799,1.63,1591,1.44,,2023-11-18,,
Arboretum at Barber Station,Two Bedroom,1-207,2,2,2,,1104,4/11/2024,500,,120%,1975,1.79,1747,1.58,2024-03-23,2024-03-29,7,0
Arboretum at Barber Station,Two Bedroom,1-207,2,2,2,,1104,10/11/2024,500,,120%,2120,1.92,2120,1.92,2024-09-21,2024-09-26,6,0
Arboretum at Barber Station,Two Bedroom,1-207,2,2,2,,1104,3/9/2025,500,,120%,1965,1.78,1638,1.48,2025-02-13,2025-02-21,9,0
Arboretum at Barber Station,Two Bedroom,2-309,3,2,2,,1104,8/22/2023,300,,120%,1975,1.79,1975,1.79,,2023-10-23,,
Arboretum at Barber Station,2C - Two Bedroom,1-307,3,2,2,,1104,7/28/2025,500,,120%,1975,1.79,1747,1.58,2025-07-12,2025-07-30,19,3
Arboretum at Barber Station,2C - Two Bedroom,1-507,5,2,2,,1104,12/26/2024,500,,120%,2045,1.85,1875,1.7,2024-11-22,2025-01-07,47,13
Arboretum at Barber Station,2C - Two Bedroom,1-507,5,2,2,,1104,2/26/2026,500,,120%,1985,1.8,1832,1.66,2026-01-21,2026-03-24,63,27
Arboretum at Barber Station,2C - Two Bedroom,1-407,4,2,2,,1104,1/26/2024,500,,120%,1969,1.78,1742,1.58,2023-12-21,2024-01-26,37,1
Arboretum at Barber Station,2C - Two Bedroom,1-407,4,2,2,,1104,7/28/2025,500,,120%,2000,1.81,1769,1.6,2025-07-12,2025-07-26,15,0
Arboretum at Barber Station,Two Bedroom,2-409,4,2,2,,1104,11/11/2024,500,,120%,2045,1.85,2045,1.85,2024-10-02,2024-11-02,32,0
Arboretum at Barber Station,2C - Two Bedroom,2-511,5,2,2,,1104,7/17/2023,300,,120%,2292,2.08,2250,2.04,,2023-07-22,,
Arboretum at Barber Station,2C - Two Bedroom,2-511,5,2,2,,1104,7/6/2024,500,,120%,2025,1.83,2025,1.83,2024-04-25,2024-04-29,5,0
Arboretum at Barber Station,2C - Two Bedroom,2-511,5,2,2,,1104,8/16/2025,500,,120%,2000,1.81,1769,1.6,2025-07-03,2025-08-04,33,0
Arboretum at Barber Station,2C - Two Bedroom,2-511,5,2,2,,1104,9/2/2026,500,,120%,2275,2.06,2275,2.06,2026-07-01,2026-07-04,4,0
Arboretum at Barber Station,2F - Two Bedroom,2-519,5,2,2,,1190,8/29/2023,300,,120%,2628,2.21,2628,2.21,2023-08-29,2023-08-30,2,2
Arboretum at Barber Station,2F - Two Bedroom,2-519,5,2,2,,1190,9/12/2025,500,,120%,2060,1.73,1822,1.53,2025-08-04,2025-09-30,58,19
Arboretum at Barber Station,2F - Two Bedroom,2-419,4,2,2,,1190,6/15/2025,500,,120%,2125,1.79,2083,1.75,2025-05-14,2025-05-21,8,0
Arboretum at Barber Station,2F - Two Bedroom,2-419,4,2,2,,1190,9/16/2025,500,,120%,2065,1.74,1827,1.54,2025-08-21,2025-10-16,57,31
Arboretum at Barber Station,Two Bedroom,2-219,2,2,2,,1190,9/11/2024,500,,120%,2090,1.76,2090,1.76,2024-08-09,2024-10-18,71,38
Arboretum at Barber Station,Two Bedroom,2-201,2,2,2,,1190,1/21/2025,500,,120%,2105,1.77,2105,1.77,2024-10-11,2025-02-12,125,23
Arboretum at Barber Station,Two Bedroom,2-401,4,2,2,,1190,11/27/2023,500,,120%,2000,1.68,1769,1.49,2023-09-20,2024-01-24,127,59
Arboretum at Barber Station,Two Bedroom,2-401,4,2,2,,1190,4/3/2025,500,,120%,2125,1.79,2125,1.79,2025-02-25,2025-04-18,53,16
Arboretum at Barber Station,2F - Two Bedroom,2-301,3,2,2,,1190,9/11/2024,500,,120%,2225,1.87,1968,1.65,2024-05-30,2024-10-09,133,29
Arboretum at Barber Station,2F - Two Bedroom,2-301,3,2,2,,1190,10/14/2025,500,,120%,1965,1.65,1738,1.46,2025-09-06,2025-10-30,55,17
Arboretum at Barber Station,2F - Two Bedroom,2-301,3,2,2,,1190,6/12/2026,500,,120%,2125,1.79,2125,1.79,2026-05-03,2026-05-04,2,0
Arboretum at Barber Station,Two Bedroom,2-319,3,2,2,,1190,8/29/2023,300,,120%,2278,1.91,2278,1.91,2023-08-29,2023-08-30,2,2
Arboretum at Barber Station,Two Bedroom,2-501,5,2,2,,1190,8/29/2023,300,,120%,2725,2.29,2725,2.29,2023-08-29,2023-08-30,2,2
Arboretum at Barber Station,2D - Two Bedroom,1-409,4,2,2,,1210,12/13/2023,500,,120%,1925,1.59,1703,1.41,2023-12-01,2024-02-08,70,58
Arboretum at Barber Station,2D - Two Bedroom,1-409,4,2,2,,1210,7/28/2025,500,,120%,2040,1.69,1804,1.49,2025-07-12,2025-10-18,99,83
Arboretum at Barber Station,2D - Two Bedroom,1-509,5,2,2,,1210,4/23/2024,500,,120%,1997,1.65,1766,1.46,2023-06-26,2024-02-24,244,0
Arboretum at Barber Station,2D - Two Bedroom,1-509,5,2,2,,1210,3/8/2025,500,,120%,2325,1.92,2325,1.92,2025-02-04,2025-02-07,4,0
Arboretum at Barber Station,2D - Two Bedroom,1-509,5,2,2,,1210,7/28/2025,500,,120%,2185,1.81,1933,1.6,2025-07-09,2025-09-05,59,40
Arboretum at Barber Station,Two Bedroom,1-309,3,2,2,,1210,6/20/2023,500,,120%,1799,1.49,1591,1.31,,2024-01-12,,
Arboretum at Barber Station,Two Bedroom,1-309,3,2,2,,1210,8/11/2024,500,,120%,2325,1.92,2325,1.92,2024-06-19,2024-07-11,23,0
Arboretum at Barber Station,2D - Two Bedroom,1-209,2,2,2,,1210,9/30/2024,500,,120%,2090,1.73,1916,1.58,2024-08-09,2024-11-22,106,54
Arboretum at Barber Station,2D - Two Bedroom,1-209,2,2,2,,1210,1/11/2026,500,,120%,2200,1.82,1946,1.61,2025-12-04,2026-01-10,38,0
Arboretum at Barber Station,2D - Two Bedroom,1-209,2,2,2,,1210,8/21/2026,500,,120%,2490,2.06,2490,2.06,2026-07-08,,8,0
Arboretum at Barber Station,2E - Two Bedroom,1-518,5,2,2,,1252,8/29/2023,300,,120%,2745,2.19,2745,2.19,2023-08-29,2023-08-30,2,2
Arboretum at Barber Station,2E - Two Bedroom,1-518,5,2,2,,1252,8/26/2025,500,,120%,2090,1.67,1849,1.48,2025-08-21,2025-10-06,47,42
Arboretum at Barber Station,2E - Two Bedroom,1-318,3,2,2,,1252,8/29/2023,300,,120%,2158,1.72,2158,1.72,2023-08-29,2023-08-30,2,2
Arboretum at Barber Station,2E - Two Bedroom,1-318,3,2,2,,1252,2/24/2026,500,,120%,2140,1.71,1975,1.58,2026-02-16,2026-03-18,31,23
Arboretum at Barber Station,Two Bedroom,2-202,2,2,2,,1252,1/10/2024,500,,120%,1870,1.49,1654,1.32,2024-01-10,2024-02-10,32,32
Arboretum at Barber Station,Two Bedroom,2-202,2,2,2,,1252,2/25/2025,500,,120%,2150,1.72,1902,1.52,2025-01-14,2025-02-22,40,0
Arboretum at Barber Station,2E - Two Bedroom,1-418,4,2,2,,1252,8/29/2023,300,,120%,2545,2.03,2545,2.03,2023-08-29,2023-08-30,2,2
Arboretum at Barber Station,2E - Two Bedroom,1-418,4,2,2,,1252,9/10/2025,500,,120%,2170,1.73,1919,1.53,2025-08-30,2025-10-14,46,35
Arboretum at Barber Station,Two Bedroom,1-218,2,2,2,,1252,8/29/2023,300,,120%,2173,1.74,2173,1.74,2023-08-29,2023-08-30,2,2
Arboretum at Barber Station,2E - Two Bedroom,1-302,3,2,2,,1252,7/10/2026,500,,120%,2185,1.75,2185,1.75,2026-03-19,2026-04-11,24,0
Arboretum at Barber Station,2E - Two Bedroom,2-302,3,2,2,,1252,9/8/2023,500,,120%,1800,1.44,1592,1.27,2023-07-27,2024-01-28,186,143
Arboretum at Barber Station,2E - Two Bedroom,2-302,3,2,2,,1252,10/11/2025,500,,120%,2045,1.63,2045,1.63,2025-10-01,2025-11-16,47,37
Arboretum at Barber Station,2E - Two Bedroom,2-302,3,2,2,,1252,4/6/2026,500,,120%,2185,1.75,2102,1.68,2026-03-05,2026-04-18,45,13
Arboretum at Barber Station,2E - Two Bedroom,1-202,2,2,2,,1252,2/11/2024,500,,120%,2295,1.83,2030,1.62,2024-01-12,2024-02-03,23,0
Arboretum at Barber Station,2E - Two Bedroom,1-202,2,2,2,,1252,5/18/2026,500,,120%,2210,1.77,2127,1.7,2026-04-01,2026-04-04,4,0
Arboretum at Barber Station,Two Bedroom,1-402,4,2,2,,1252,3/10/2025,500,,120%,2230,1.78,2230,1.78,2025-01-30,2025-02-12,14,0
Arboretum at Barber Station,Two Bedroom,2-420,4,2,2,,1252,8/29/2023,300,,120%,2253,1.8,2253,1.8,2023-08-29,2023-08-30,2,2
Arboretum at Barber Station,Two Bedroom,2-502,5,2,2,,1252,7/24/2023,300,,120%,2350,1.88,2350,1.88,,2023-10-21,,
Arboretum at Barber Station,2E - Two Bedroom,2-220,2,2,2,,1252,8/26/2023,300,,120%,2467,1.97,2425,1.94,,2023-07-22,,
Arboretum at Barber Station,2E - Two Bedroom,2-220,2,2,2,,1252,12/6/2024,500,,120%,2320,1.85,2127,1.7,2024-08-23,2024-12-21,121,16
Arboretum at Barber Station,2E - Two Bedroom,2-220,2,2,2,,1252,8/11/2026,500,,120%,2440,1.95,2440,1.95,2026-06-11,2026-06-13,3,0
Arboretum at Barber Station,2EA - 2 Bedroom ADA,2-520,5,2,2,,1252,8/29/2023,,,120%,2578,2.06,2578,2.06,2023-08-29,2023-08-30,2,2
Arboretum at Barber Station,2EA - 2 Bedroom ADA,2-520,5,2,2,,1252,7/14/2026,500,,120%,2470,1.97,2470,1.97,2026-06-02,2026-06-16,15,0
Arboretum at Barber Station,Two Bedroom,2-320,3,2,2,,1252,9/21/2023,300,,120%,2538,2.03,2538,2.03,2023-08-09,2023-10-05,58,15
Arboretum at Barber Station,3A - Three Bedroom,1-219,2,3,2,,1345,9/30/2023,300,,120%,2465,1.83,2465,1.83,2023-09-19,2023-10-19,31,20
Arboretum at Barber Station,3A - Three Bedroom,1-219,2,3,2,,1345,11/14/2025,500,,120%,2274,1.69,2011,1.5,2025-10-02,2025-10-06,5,0
Arboretum at Barber Station,Three Bedroom,1-301,3,3,2,,1345,1/16/2024,500,,120%,2360,1.75,2087,1.55,2023-10-29,2023-12-28,61,0
Arboretum at Barber Station,3A - Three Bedroom,1-419,4,3,2,,1345,10/11/2024,500,,120%,2650,1.97,2429,1.81,2024-05-31,2024-11-20,174,41
Arboretum at Barber Station,3A - Three Bedroom,1-419,4,3,2,,1345,4/22/2026,500,,120%,2409,1.79,2224,1.65,2026-03-12,2026-03-22,11,0
Arboretum at Barber Station,3A - Three Bedroom,1-201,2,3,2,,1345,4/17/2024,500,,120%,2450,1.82,2167,1.61,2024-02-21,2024-02-24,4,0
Arboretum at Barber Station,3A - Three Bedroom,1-201,2,3,2,,1345,6/11/2025,500,,120%,2399,1.78,2214,1.65,2025-04-29,2025-06-20,53,10
Arboretum at Barber Station,3A - Three Bedroom,1-201,2,3,2,,1345,4/7/2026,500,,120%,2414,1.79,2331,1.73,2026-02-27,2026-04-09,42,3
Arboretum at Barber Station,3A - Three Bedroom,1-401,4,3,2,,1345,8/29/2023,300,,120%,2385,1.77,2385,1.77,2023-08-29,2023-08-30,2,2
Arboretum at Barber Station,3A - Three Bedroom,1-401,4,3,2,,1345,6/16/2025,500,,120%,2429,1.81,2336,1.74,2025-04-26,2025-06-11,47,0
Arboretum at Barber Station,3A - Three Bedroom,1-519,5,3,2,,1345,10/10/2023,300,,120%,2644,1.97,2424,1.8,2023-08-03,2023-09-19,48,0
Arboretum at Barber Station,3A - Three Bedroom,1-519,5,3,2,,1345,2/10/2026,500,,120%,2509,1.87,2219,1.65,2025-12-31,2026-01-11,12,0
Arboretum at Barber Station,Three Bedroom,1-501,5,3,2,,1345,10/10/2023,300,,120%,2525,1.88,2233,1.66,2023-10-05,2023-11-18,45,40
Arboretum at Barber Station,Three Bedroom,1-501,5,3,2,,1345,7/26/2024,500,,120%,2825,2.1,2783,2.07,2024-06-29,2024-08-14,47,20
Encore Skyline,1 Bedroom 1 Bath,E-105,1,1,1,,703,9/9/2023,300,,80%,1375,1.96,1375,1.96,2023-07-29,2023-12-05,130,88
Encore Skyline,1 Bedroom 1 Bath,C-105,1,1,1,,703,7/25/2023,300,,80%,1375,1.96,1375,1.96,2023-06-21,2023-11-12,145,111
Encore Skyline,1 Bedroom 1 Bath,A-205,2,1,1,,703,8/20/2023,300,,80%,1395,1.98,1395,1.98,2023-08-15,2023-11-09,87,82
Encore Skyline,1 Bedroom 1 Bath,A-205,2,1,1,,703,2/27/2025,400,,80%,1495,2.13,1370,1.95,2024-12-21,2025-03-09,79,11
Encore Skyline,1 Bedroom 1 Bath,C-302,3,1,1,,703,9/16/2023,300,,80%,1375,1.96,1260,1.79,2023-08-16,2023-12-21,128,97
Encore Skyline,1 Bedroom 1 Bath,C-302,3,1,1,,703,6/25/2025,400,,80%,1495,2.13,1495,2.13,2025-04-23,2025-05-10,18,0
Encore Skyline,1 Bedroom 1 Bath,E-304,3,1,1,,703,5/30/2025,400,,80%,1495,2.13,1495,2.13,2025-04-09,2025-05-02,24,0
Encore Skyline,1 Bedroom 1 Bath,C-303,3,1,1,,703,6/17/2025,400,,80%,1495,2.13,1453,2.07,2025-04-15,2025-04-22,8,0
Encore Skyline,1 Bedroom 1 Bath,G-202,2,1,1,,703,4/13/2025,400,,80%,1495,2.13,1370,1.95,2025-02-13,2025-04-04,51,0
Encore Skyline,1 Bedroom 1 Bath,C-304,3,1,1,,703,3/19/2024,300,,80%,1525,2.17,1525,2.17,2024-01-23,2024-01-31,9,0
Encore Skyline,1 Bedroom 1 Bath,C-304,3,1,1,,703,4/13/2025,400,,80%,1495,2.13,1370,1.95,2025-02-27,2025-03-14,16,0
Encore Skyline,1 Bedroom 1 Bath,E-204,2,1,1,,703,9/26/2023,300,,80%,1375,1.96,1375,1.96,2023-08-16,2023-11-23,100,59
Encore Skyline,1 Bedroom 1 Bath,E-204,2,1,1,,703,5/28/2024,300,,80%,1550,2.2,1550,2.2,2024-05-23,2024-06-01,10,5
Encore Skyline,1 Bedroom 1 Bath,E-204,2,1,1,,703,8/13/2025,400,,80%,1500,2.13,1269,1.81,2025-07-09,2025-10-15,99,64
Encore Skyline,1 Bedroom 1 Bath,A-302,3,1,1,,703,7/6/2025,400,,80%,1550,2.2,1550,2.2,2025-04-29,2025-06-07,40,0
Encore Skyline,1 Bedroom 1 Bath,B-204,2,1,1,,703,3/7/2024,300,,80%,1550,2.2,1550,2.2,2024-02-03,2024-05-29,117,84
Encore Skyline,1 Bedroom 1 Bath,B-204,2,1,1,,703,2/10/2025,300,,80%,1690,2.4,1690,2.4,2025-01-11,2025-01-24,14,0
Encore Skyline,1 Bedroom 1 Bath,B-204,2,1,1,,703,9/19/2025,400,,80%,1550,2.2,1421,2.02,2025-07-15,2025-08-14,31,0
Encore Skyline,1 Bedroom 1 Bath,E-303,3,1,1,,703,7/4/2024,300,,80%,1610,2.29,1610,2.29,2024-05-30,2024-06-28,30,0
Encore Skyline,1 Bedroom 1 Bath,E-303,3,1,1,,703,9/19/2025,400,,80%,1560,2.22,1320,1.88,2025-07-16,2025-10-09,86,21
Encore Skyline,1 Bedroom 1 Bath,J-304,3,1,1,,703,3/20/2024,300,,80%,1695,2.41,1695,2.41,2024-02-18,2024-06-08,112,81
Encore Skyline,1 Bedroom 1 Bath,J-304,3,1,1,,703,10/6/2025,400,,80%,1560,2.22,1560,2.22,2025-07-30,2025-09-13,46,0
Encore Skyline,1 Bedroom 1 Bath,A-104,1,1,1,,703,10/5/2025,400,,80%,1560,2.22,1430,2.03,2025-07-30,2025-08-29,31,0
Encore Skyline,1 Bedroom 1 Bath,G-303,3,1,1,,703,9/1/2025,400,,80%,1560,2.22,1430,2.03,2025-07-01,2025-08-19,50,0
Encore Skyline,1 Bedroom 1 Bath,J-302,3,1,1,,703,11/10/2023,300,,80%,1375,1.96,1375,1.96,2023-10-31,2023-11-17,18,8
Encore Skyline,1 Bedroom 1 Bath,J-302,3,1,1,,703,10/6/2024,300,,80%,1595,2.27,1462,2.08,2024-08-07,2024-09-26,51,0
Encore Skyline,1 Bedroom 1 Bath,J-302,3,1,1,,703,10/12/2025,400,,80%,1560,2.22,1320,1.88,2025-08-23,2025-10-14,53,3
Encore Skyline,1 Bedroom 1 Bath,C-203,2,1,1,,703,9/18/2023,300,,80%,1375,1.96,1375,1.96,2023-09-13,2023-11-14,63,58
Encore Skyline,1 Bedroom 1 Bath,C-203,2,1,1,,703,12/6/2025,400,,80%,1570,2.23,1328,1.89,2025-10-03,2025-10-18,16,0
Encore Skyline,1 Bedroom 1 Bath,J-303,3,1,1,,703,4/12/2024,300,,80%,1585,2.25,1585,2.25,2024-02-21,2024-03-23,32,0
Encore Skyline,1 Bedroom 1 Bath,G-102,1,1,1,,703,12/18/2023,300,,80%,1585,2.25,1568,2.23,2023-12-13,2024-03-13,92,87
Encore Skyline,1 Bedroom 1 Bath,C-103,1,1,1,,703,5/3/2024,300,,80%,1585,2.25,1585,2.25,2024-03-07,2024-03-20,14,0
Encore Skyline,1 Bedroom 1 Bath,A-304,3,1,1,,703,8/13/2023,300,,80%,1750,2.49,1750,2.49,2023-06-30,2023-07-19,20,0
Encore Skyline,1 Bedroom 1 Bath,A-304,3,1,1,,703,11/9/2023,300,,80%,1450,2.06,1329,1.89,2023-10-31,2023-12-29,60,51
Encore Skyline,1 Bedroom 1 Bath,A-304,3,1,1,,703,1/25/2025,300,,80%,1595,2.27,1595,2.27,2024-12-28,2025-01-24,28,0
Encore Skyline,1 Bedroom 1 Bath,J-203,2,1,1,,703,8/22/2023,300,,80%,1375,1.96,1260,1.79,2023-07-25,2023-12-12,141,113
Encore Skyline,1 Bedroom 1 Bath,J-203,2,1,1,,703,10/6/2024,300,,80%,1595,2.27,1462,2.08,2024-07-16,2024-10-08,85,3
Encore Skyline,1 Bedroom 1 Bath,J-104,1,1,1,,703,7/19/2024,300,,80%,1595,2.27,1462,2.08,2024-05-22,2024-10-10,142,84
Encore Skyline,1 Bedroom 1 Bath,J-102,1,1,1,,703,11/8/2023,300,,80%,1375,1.96,1260,1.79,2023-09-29,2023-12-28,91,51
Encore Skyline,1 Bedroom 1 Bath,J-102,1,1,1,,703,10/4/2024,300,,80%,1595,2.27,1462,2.08,2024-09-26,2024-10-05,10,2
Encore Skyline,1 Bedroom 1 Bath,J-305,3,1,1,,703,7/12/2024,300,,80%,1600,2.28,1600,2.28,2024-01-31,2024-06-28,150,0
Encore Skyline,1 Bedroom 1 Bath,B-105,1,1,1,,703,1/10/2024,300,,80%,1375,1.96,1375,1.96,2023-11-03,2023-11-15,13,0
Encore Skyline,1 Bedroom 1 Bath,B-105,1,1,1,,703,10/4/2024,300,,80%,1710,2.43,1710,2.43,2024-08-06,2024-08-13,8,0
Encore Skyline,1 Bedroom 1 Bath,B-105,1,1,1,,703,10/9/2025,400,,80%,1650,2.35,1375,1.96,2025-08-08,2025-12-05,120,58
Encore Skyline,1 Bedroom 1 Bath,E-103,1,1,1,,703,9/12/2023,300,,80%,1595,2.27,1595,2.27,2023-08-16,2023-09-30,46,19
Encore Skyline,1 Bedroom 1 Bath,E-103,1,1,1,,703,5/6/2024,300,,80%,1688,2.4,1688,2.4,2024-03-29,2024-04-19,22,0
Encore Skyline,1 Bedroom 1 Bath,G-205,2,1,1,,703,11/2/2023,300,,80%,1375,1.96,1260,1.79,2023-10-25,2023-12-21,58,50
Encore Skyline,1 Bedroom 1 Bath,G-205,2,1,1,,703,7/10/2024,300,,80%,1560,2.22,1560,2.22,2024-05-08,2024-06-25,49,0
Encore Skyline,1 Bedroom 1 Bath,G-205,2,1,1,,703,5/11/2026,400,,80%,1690,2.4,1690,2.4,2026-04-24,2026-05-02,9,0
Encore Skyline,1 Bedroom 1 Bath,J-103,1,1,1,,703,9/1/2024,300,,80%,1710,2.43,1568,2.23,2024-03-02,2024-08-31,183,0
Encore Skyline,1 Bedroom 1 Bath,J-103,1,1,1,,703,12/19/2024,300,,80%,1690,2.4,1430,2.03,2024-12-11,2024-12-14,4,0
Encore Skyline,1 Bedroom 1 Bath,E-302,3,1,1,,703,11/6/2023,300,,80%,1375,1.96,1375,1.96,2023-09-22,2023-12-02,72,27
Encore Skyline,1 Bedroom 1 Bath,E-302,3,1,1,,703,3/18/2025,400,,80%,1690,2.4,1648,2.34,2025-01-09,2025-04-17,99,31
Encore Skyline,1 Bedroom 1 Bath,E-202,2,1,1,,703,8/6/2023,300,,80%,1660,2.36,1522,2.17,2023-06-28,2023-09-23,88,49
Encore Skyline,1 Bedroom 1 Bath,E-202,2,1,1,,703,10/29/2025,400,,80%,1690,2.4,1430,2.03,2025-09-24,2025-10-10,17,0
Encore Skyline,1 Bedroom 1 Bath,B-303,3,1,1,,703,5/1/2025,300,,80%,1690,2.4,1690,2.4,2025-02-26,2025-03-06,9,0
Encore Skyline,1 Bedroom 1 Bath,E-305,3,1,1,,703,5/18/2024,300,,80%,1695,2.41,1695,2.41,2024-04-13,2024-05-10,28,0
Encore Skyline,1 Bedroom 1 Bath,C-102,1,1,1,,703,1/11/2024,300,,80%,1695,2.41,1695,2.41,2024-01-06,2024-06-11,158,153
Encore Skyline,1 Bedroom 1 Bath,A-303,3,1,1,,703,6/19/2024,300,,80%,1695,2.41,1695,2.41,2024-05-07,2024-06-28,53,10
Encore Skyline,1 Bedroom 1 Bath,G-304,3,1,1,,703,2/22/2026,400,,80%,1695,2.41,1412,2.01,2025-12-17,2026-02-13,59,0
Encore Skyline,1 Bedroom 1 Bath,B-102,1,1,1,,703,6/29/2025,400,,80%,1550,2.2,1550,2.2,2025-05-25,2025-07-22,59,24
Encore Skyline,1 Bedroom 1 Bath,B-102,1,1,1,,703,2/26/2026,400,,80%,1695,2.41,1412,2.01,2026-02-05,2026-02-13,9,0
Encore Skyline,1 Bedroom 1 Bath,B-305,3,1,1,,703,8/13/2024,300,,80%,1695,2.41,1695,2.41,2024-06-13,2024-06-28,16,0
Encore Skyline,1 Bedroom 1 Bath,G-103,1,1,1,,703,7/6/2024,300,,80%,1695,2.41,1695,2.41,2024-05-03,2024-07-25,84,20
Encore Skyline,1 Bedroom 1 Bath,G-105,1,1,1,,703,3/17/2026,400,,80%,1700,2.42,1417,2.02,2026-01-17,2026-01-22,6,0
Encore Skyline,1 Bedroom 1 Bath,E-205,2,1,1,,703,4/5/2025,400,,120%,1495,2.13,1370,1.95,2025-02-04,2025-03-12,37,0
Encore Skyline,1 Bedroom 1 Bath,E-205,2,1,1,,703,5/1/2026,400,,120%,1725,2.45,1725,2.45,2026-02-12,2026-03-24,41,0
Encore Skyline,1 Bedroom 1 Bath,A-204,2,1,1,,703,12/26/2024,300,,120%,1570,2.23,1308,1.86,2024-10-25,2024-12-11,48,0
Encore Skyline,1 Bedroom 1 Bath,A-204,2,1,1,,703,6/6/2026,400,,120%,1725,2.45,1725,2.45,2026-03-27,2026-05-13,48,0
Encore Skyline,1 Bedroom 1 Bath,A-202,2,1,1,,703,9/28/2023,300,,120%,1375,1.96,1260,1.79,2023-09-21,2023-12-21,92,85
Encore Skyline,1 Bedroom 1 Bath,A-202,2,1,1,,703,6/24/2025,400,,120%,1495,2.13,1495,2.13,2025-04-10,2025-05-06,27,0
Encore Skyline,1 Bedroom 1 Bath,A-202,2,1,1,,703,6/27/2026,400,,120%,1725,2.45,1725,2.45,2026-04-08,2026-05-19,42,0
Encore Skyline,1 Bedroom 1 Bath,G-104,1,1,1,,703,8/3/2023,300,,120%,1695,2.41,1554,2.21,2023-07-08,2023-09-20,75,49
Encore Skyline,1 Bedroom 1 Bath,G-104,1,1,1,,703,5/28/2024,300,,120%,1738,2.47,1738,2.47,2024-04-23,2024-05-09,17,0
Encore Skyline,1 Bedroom 1 Bath,K-105,1,1,1,,703,3/17/2026,400,,120%,1740,2.48,1740,2.48,2026-01-13,2026-03-06,53,0
Encore Skyline,1 Bedroom 1 Bath,A-102,1,1,1,,703,4/10/2026,400,,120%,1740,2.48,1740,2.48,2026-02-05,2026-04-19,74,10
Encore Skyline,1 Bedroom 1 Bath,B-302,3,1,1,,703,6/25/2024,300,,120%,1525,2.17,1525,2.17,2024-05-02,2024-05-23,22,0
Encore Skyline,1 Bedroom 1 Bath,B-302,3,1,1,,703,7/31/2026,400,,120%,1750,2.49,1750,2.49,2026-05-01,2026-06-02,33,0
Encore Skyline,1 Bedroom 1 Bath,E-104,1,1,1,,703,9/9/2023,300,,120%,1475,2.1,1475,2.1,2023-08-15,2023-10-18,65,40
Encore Skyline,1 Bedroom 1 Bath,E-104,1,1,1,,703,3/20/2024,300,,120%,1585,2.25,1568,2.23,2024-03-06,2024-03-27,22,8
Encore Skyline,1 Bedroom 1 Bath,E-104,1,1,1,,703,4/30/2025,400,,120%,1495,2.13,1370,1.95,2025-02-28,2025-03-27,28,0
Encore Skyline,1 Bedroom 1 Bath,E-104,1,1,1,,703,5/12/2026,400,,120%,1750,2.49,1750,2.49,2026-03-06,2026-05-02,58,0
Encore Skyline,1 Bedroom 1 Bath,C-104,1,1,1,,703,5/1/2025,400,,120%,1495,2.13,1370,1.95,2025-02-26,2025-03-18,21,0
Encore Skyline,1 Bedroom 1 Bath,C-104,1,1,1,,703,5/10/2026,400,,120%,1750,2.49,1750,2.49,2026-03-24,2026-04-11,19,0
Encore Skyline,1 Bedroom 1 Bath,E-203,2,1,1,,703,11/2/2023,300,,120%,1750,2.49,1750,2.49,2023-09-28,2023-10-25,28,0
Encore Skyline,1 Bedroom 1 Bath,E-203,2,1,1,,703,8/5/2026,400,,120%,1755,2.5,1755,2.5,2026-06-02,,44,0
Encore Skyline,1 Bedroom 1 Bath,K-204,2,1,1,,703,4/14/2025,400,,120%,1495,2.13,1453,2.07,2025-04-09,2025-04-17,9,4
Encore Skyline,1 Bedroom 1 Bath,K-204,2,1,1,,703,6/5/2026,400,,120%,1755,2.5,1755,2.5,2026-06-02,2026-06-25,24,21
Encore Skyline,1 Bedroom 1 Bath,G-204,2,1,1,,703,9/6/2023,300,,120%,1415,2.01,1415,2.01,2023-08-01,2023-10-27,88,52
Encore Skyline,1 Bedroom 1 Bath,G-204,2,1,1,,703,8/10/2025,400,,120%,1550,2.2,1550,2.2,2025-07-02,2025-07-09,8,0
Encore Skyline,1 Bedroom 1 Bath,G-204,2,1,1,,703,8/23/2026,400,,120%,1755,2.5,1755,2.5,2026-06-24,2026-07-14,21,0
Encore Skyline,1 Bedroom 1 Bath,C-202,2,1,1,,703,8/28/2026,400,,120%,1755,2.5,1755,2.5,2026-06-24,,22,0
Encore Skyline,1 Bedroom 1 Bath,J-105,1,1,1,,703,4/5/2024,300,,120%,1688,2.4,1688,2.4,2024-03-31,2024-05-02,33,28
Encore Skyline,1 Bedroom 1 Bath,J-105,1,1,1,,703,9/18/2024,300,,120%,1595,2.27,1462,2.08,2024-08-16,2024-09-25,41,8
Encore Skyline,1 Bedroom 1 Bath,J-105,1,1,1,,703,4/6/2025,400,,120%,1495,2.13,1370,1.95,2025-03-18,2025-03-26,9,0
Encore Skyline,1 Bedroom 1 Bath,J-105,1,1,1,,703,8/6/2026,400,,120%,1780,2.53,1780,2.53,2026-06-02,2026-07-09,38,0
Encore Skyline,1 Bedroom 1 Bath,B-304,3,1,1,,703,11/29/2023,300,,120%,1450,2.06,1329,1.89,2023-11-15,2023-12-29,45,31
Encore Skyline,1 Bedroom 1 Bath,B-304,3,1,1,,703,2/6/2025,300,,120%,1690,2.4,1690,2.4,2024-12-11,2025-01-24,45,0
Encore Skyline,1 Bedroom 1 Bath,B-304,3,1,1,,703,9/19/2025,400,,120%,1560,2.22,1560,2.22,2025-07-15,2025-09-28,76,10
Encore Skyline,1 Bedroom 1 Bath,B-304,3,1,1,,703,Now,400,,120%,1780,2.53,1780,2.53,2026-05-20,,57,25
Encore Skyline,1 Bedroom 1 Bath,K-104,1,1,1,,703,9/1/2024,300,,120%,1710,2.43,1568,2.23,2024-02-17,2024-09-10,207,10
Encore Skyline,1 Bedroom 1 Bath,K-104,1,1,1,,703,9/18/2026,400,,120%,1780,2.53,1780,2.53,2026-07-08,,8,0
Encore Skyline,1 Bedroom 1 Bath,K-304,3,1,1,,703,7/6/2023,300,,120%,1750,2.49,1750,2.49,2023-06-29,2023-07-07,9,2
Encore Skyline,1 Bedroom 1 Bath,K-304,3,1,1,,703,3/28/2024,300,,120%,1695,2.41,1695,2.41,2024-03-26,2024-07-23,120,118
Encore Skyline,1 Bedroom 1 Bath,K-304,3,1,1,,703,7/20/2026,400,,120%,1780,2.53,1780,2.53,2026-06-24,2026-06-25,2,0
Encore Skyline,1 Bedroom 1 Bath,B-203,2,1,1,,703,5/30/2024,300,,120%,1688,2.4,1688,2.4,2024-03-28,2024-05-02,36,0
Encore Skyline,1 Bedroom 1 Bath,B-203,2,1,1,,703,4/24/2026,400,,120%,1790,2.55,1790,2.55,2026-03-20,2026-04-22,34,0
Encore Skyline,1 Bedroom 1 Bath,A-103,1,1,1,,703,10/25/2023,300,,120%,1375,1.96,1375,1.96,2023-09-22,2023-11-12,52,19
Encore Skyline,1 Bedroom 1 Bath,A-103,1,1,1,,703,5/6/2024,300,,120%,1645,2.34,1645,2.34,2024-04-17,2024-04-18,2,0
Encore Skyline,1 Bedroom 1 Bath,A-103,1,1,1,,703,4/24/2026,400,,120%,1850,2.63,1850,2.63,2026-02-05,2026-05-02,87,9
Encore Skyline,1 Bedroom 1 Bath,C-205,2,1,1,,703,6/20/2026,400,,120%,1855,2.64,1855,2.64,2026-04-21,2026-06-24,65,5
Encore Skyline,1 Bedroom 1 Bath,B-103,1,1,1,,703,7/1/2025,400,,120%,1550,2.2,1550,2.2,2025-04-29,2025-06-20,53,0
Encore Skyline,1 Bedroom 1 Bath,B-103,1,1,1,,703,7/19/2026,400,,120%,1880,2.67,1880,2.67,2026-06-02,2026-07-14,43,0
Encore Skyline,2 Bedroom 2 Bath,K-306,3,2,2,,968,8/9/2023,400,,80%,1475,1.52,1475,1.52,2023-07-06,2023-11-07,125,91
Encore Skyline,2 Bedroom 2 Bath,K-107,1,2,2,,968,8/10/2023,400,,80%,1500,1.55,1500,1.55,2023-08-01,2023-11-01,93,84
Encore Skyline,2 Bedroom 2 Bath,G-301,3,2,2,,968,10/20/2023,400,,80%,1550,1.6,1550,1.6,2023-10-17,2023-11-16,31,28
Encore Skyline,2 Bedroom 2 Bath,B-207,2,2,2,,968,11/7/2023,400,,80%,1550,1.6,1550,1.6,2023-09-29,2023-11-14,47,8
Encore Skyline,2 Bedroom 2 Bath,B-307,3,2,2,,968,10/19/2023,400,,80%,1550,1.6,1550,1.6,2023-09-26,2023-11-11,47,24
Encore Skyline,2 Bedroom 2 Bath,E-307,3,2,2,,968,6/6/2024,400,,80%,1775,1.83,1775,1.83,2024-03-21,2024-03-27,7,0
Encore Skyline,2 Bedroom 2 Bath,E-307,3,2,2,,968,11/11/2024,400,,80%,1624,1.68,1353,1.4,2024-08-16,2024-12-10,117,30
Encore Skyline,2 Bedroom 2 Bath,G-206,2,2,2,,968,12/23/2024,400,,80%,1674,1.73,1674,1.73,2024-10-25,2024-12-31,68,9
Encore Skyline,2 Bedroom 2 Bath,E-200,2,2,2,,968,12/6/2023,400,,80%,2155,2.23,2155,2.23,2023-11-03,2023-11-09,7,0
Encore Skyline,2 Bedroom 2 Bath,E-200,2,2,2,,968,10/11/2025,500,,80%,1675,1.73,1396,1.44,2025-09-06,2026-01-24,141,106
Encore Skyline,2 Bedroom 2 Bath,A-206,2,2,2,,968,7/19/2023,400,,80%,1500,1.55,1500,1.55,2023-07-19,2023-10-22,96,96
Encore Skyline,2 Bedroom 2 Bath,A-206,2,2,2,,968,4/6/2025,500,,80%,1750,1.81,1604,1.66,2025-03-13,2025-04-07,26,2
Encore Skyline,2 Bedroom 2 Bath,A-206,2,2,2,,968,9/17/2025,500,,80%,1675,1.73,1396,1.44,2025-08-30,2026-01-26,150,132
Encore Skyline,2 Bedroom 2 Bath,J-207,2,2,2,,968,8/6/2025,500,,80%,1675,1.73,1396,1.44,2025-07-25,2026-01-15,175,163
Encore Skyline,2 Bedroom 2 Bath,E-206,2,2,2,,968,3/4/2024,400,,80%,1899,1.96,1899,1.96,2024-01-20,2024-05-12,114,70
Encore Skyline,2 Bedroom 2 Bath,E-206,2,2,2,,968,2/27/2025,500,,80%,1750,1.81,1604,1.66,2025-02-05,2025-03-26,50,28
Encore Skyline,2 Bedroom 2 Bath,E-206,2,2,2,,968,10/4/2025,500,,80%,1675,1.73,1396,1.44,2025-07-22,2026-01-14,177,103
Encore Skyline,2 Bedroom 2 Bath,E-306,3,2,2,,968,7/12/2023,400,,80%,1965,2.03,1801,1.86,,2023-09-13,,
Encore Skyline,2 Bedroom 2 Bath,E-306,3,2,2,,968,10/19/2024,400,,80%,1649,1.7,1395,1.44,2024-09-06,2024-12-18,104,61
Encore Skyline,2 Bedroom 2 Bath,E-306,3,2,2,,968,1/8/2026,500,,80%,1675,1.73,1396,1.44,2025-11-05,2026-02-05,93,29
Encore Skyline,2 Bedroom 2 Bath,K-106,1,2,2,,968,2/6/2024,400,,80%,1810,1.87,1810,1.87,2023-12-28,2024-02-08,43,3
Encore Skyline,2 Bedroom 2 Bath,K-106,1,2,2,,968,11/15/2024,400,,80%,1999,2.07,1832,1.89,2024-10-11,2024-10-18,8,0
Encore Skyline,2 Bedroom 2 Bath,K-106,1,2,2,,968,8/22/2025,500,,80%,1675,1.73,1396,1.44,2025-06-11,2025-12-23,196,124
Encore Skyline,2 Bedroom 2 Bath,A-200,2,2,2,,968,7/16/2024,400,,80%,1999,2.07,1999,2.07,2024-05-15,2024-07-08,55,0
Encore Skyline,2 Bedroom 2 Bath,A-200,2,2,2,,968,8/6/2025,500,,80%,1675,1.73,1396,1.44,2025-05-04,2026-02-05,278,184
Encore Skyline,2 Bedroom 2 Bath,A-201,2,2,2,,968,10/21/2023,400,,80%,1550,1.6,1550,1.6,2023-10-03,2023-11-11,40,22
Encore Skyline,2 Bedroom 2 Bath,A-201,2,2,2,,968,1/11/2025,400,,80%,1699,1.76,1564,1.62,2024-11-08,2024-12-03,26,0
Encore Skyline,2 Bedroom 2 Bath,A-201,2,2,2,,968,2/7/2026,500,,80%,1675,1.73,1396,1.44,2025-11-25,2026-02-05,73,0
Encore Skyline,2 Bedroom 2 Bath,E-107,1,2,2,,968,10/10/2023,400,,80%,1700,1.76,1700,1.76,2023-10-10,2023-10-20,11,11
Encore Skyline,2 Bedroom 2 Bath,E-107,1,2,2,,968,2/7/2026,500,,80%,1675,1.73,1396,1.44,2025-11-11,2026-02-05,87,0
Encore Skyline,2 Bedroom 2 Bath,C-206,2,2,2,,968,8/20/2024,400,,80%,1649,1.7,1374,1.42,2024-08-17,2024-12-12,118,115
Encore Skyline,2 Bedroom 2 Bath,C-206,2,2,2,,968,3/13/2026,500,,80%,1675,1.73,1675,1.73,2026-01-09,2026-02-05,28,0
Encore Skyline,2 Bedroom 2 Bath,K-307,3,2,2,,968,10/20/2023,400,,80%,2155,2.23,2155,2.23,2023-09-22,2023-10-26,35,7
Encore Skyline,2 Bedroom 2 Bath,K-307,3,2,2,,968,12/7/2025,500,,80%,1675,1.73,1396,1.44,2025-10-03,2026-02-05,126,61
Encore Skyline,2 Bedroom 2 Bath,J-306,3,2,2,,968,9/6/2023,400,,80%,1500,1.55,1500,1.55,2023-07-04,2023-10-31,120,56
Encore Skyline,2 Bedroom 2 Bath,J-306,3,2,2,,968,11/8/2024,400,,80%,1699,1.76,1416,1.46,2024-10-09,2024-12-05,58,28
Encore Skyline,2 Bedroom 2 Bath,J-306,3,2,2,,968,2/17/2026,500,,80%,1675,1.73,1396,1.44,2025-12-16,2026-02-10,57,0
Encore Skyline,2 Bedroom 2 Bath,C-201,2,2,2,,968,5/10/2024,400,,80%,1899,1.96,1899,1.96,2024-04-11,2024-05-23,43,14
Encore Skyline,2 Bedroom 2 Bath,C-201,2,2,2,,968,8/28/2024,400,,80%,1699,1.76,1557,1.61,2024-08-23,2024-11-08,78,73
Encore Skyline,2 Bedroom 2 Bath,G-306,3,2,2,,968,10/16/2024,400,,80%,1699,1.76,1699,1.76,2024-09-14,2025-01-21,130,98
Encore Skyline,2 Bedroom 2 Bath,B-200,2,2,2,,968,10/8/2024,400,,80%,1699,1.76,1471,1.52,2024-07-02,2024-11-13,135,37
Encore Skyline,2 Bedroom 2 Bath,C-107,1,2,2,,968,1/2/2024,400,,80%,1700,1.76,1558,1.61,2023-12-28,2023-12-31,4,0
Encore Skyline,2 Bedroom 2 Bath,B-306,3,2,2,,968,10/26/2023,400,,80%,1550,1.6,1550,1.6,2023-09-22,2023-11-17,57,23
Encore Skyline,2 Bedroom 2 Bath,B-306,3,2,2,,968,3/6/2025,500,,80%,1750,1.81,1604,1.66,2025-02-14,2025-04-03,49,29
Encore Skyline,2 Bedroom 2 Bath,J-307,3,2,2,,968,8/8/2025,500,,80%,1750,1.81,1458,1.51,2025-07-08,2025-12-04,150,119
Encore Skyline,2 Bedroom 2 Bath,C-307,3,2,2,,968,3/27/2025,500,,80%,1750,1.81,1604,1.66,2025-02-12,2025-03-13,30,0
Encore Skyline,2 Bedroom 2 Bath,A-300,3,2,2,,968,2/22/2025,500,,80%,1750,1.81,1708,1.76,2024-12-18,2025-04-18,122,56
Encore Skyline,2 Bedroom 2 Bath,K-207,2,2,2,,968,2/21/2024,400,,80%,1775,1.83,1758,1.82,2024-01-19,2024-03-01,43,10
Encore Skyline,2 Bedroom 2 Bath,J-201,2,2,2,,968,10/11/2023,400,,80%,1550,1.6,1550,1.6,2023-09-07,2023-11-18,73,39
Encore Skyline,2 Bedroom 2 Bath,J-201,2,2,2,,968,2/12/2026,500,,80%,1795,1.85,1496,1.55,2026-02-05,2026-02-06,2,0
Encore Skyline,2 Bedroom 2 Bath,A-306,3,2,2,,968,7/31/2023,400,,80%,1795,1.85,1795,1.85,,2023-09-30,,
Encore Skyline,2 Bedroom 2 Bath,G-200,2,2,2,,968,9/11/2023,400,,80%,1500,1.55,1500,1.55,2023-09-06,2023-10-25,50,45
Encore Skyline,2 Bedroom 2 Bath,G-200,2,2,2,,968,11/3/2024,400,,80%,1699,1.76,1557,1.61,2024-09-13,2024-11-07,56,5
Encore Skyline,2 Bedroom 2 Bath,G-200,2,2,2,,968,3/11/2026,500,,80%,1795,1.85,1496,1.55,2026-01-06,2026-02-08,34,0
Encore Skyline,2 Bedroom 2 Bath,C-306,3,2,2,,968,6/30/2023,400,,80%,1550,1.6,1550,1.6,,2023-10-19,,
Encore Skyline,2 Bedroom 2 Bath,C-306,3,2,2,,968,11/26/2024,400,,80%,1590,1.64,1325,1.37,2024-09-28,2024-12-11,75,16
Encore Skyline,2 Bedroom 2 Bath,C-306,3,2,2,,968,2/25/2026,500,,80%,1795,1.85,1496,1.55,2025-12-16,2026-02-18,65,0
Encore Skyline,2 Bedroom 2 Bath,C-301,3,2,2,,968,3/8/2024,400,,80%,1775,1.83,1758,1.82,2024-01-24,2024-02-27,35,0
Encore Skyline,2 Bedroom 2 Bath,C-301,3,2,2,,968,3/4/2026,500,,80%,1795,1.85,1496,1.55,2025-12-27,2026-02-20,56,0
Encore Skyline,2 Bedroom 2 Bath,B-101,1,2,2,,968,10/15/2023,400,,80%,1550,1.6,1550,1.6,2023-09-08,2023-11-12,66,29
Encore Skyline,2 Bedroom 2 Bath,B-101,1,2,2,,968,4/5/2026,500,,80%,1795,1.85,1795,1.85,2026-02-05,2026-02-25,21,0
Encore Skyline,2 Bedroom 2 Bath,B-201,2,2,2,,968,12/11/2025,500,,80%,1795,1.85,1496,1.55,2025-10-07,2026-01-21,107,42
Encore Skyline,2 Bedroom 2 Bath,E-106,1,2,2,,968,8/19/2025,500,,80%,1795,1.85,1496,1.55,2025-02-13,2025-11-21,282,95
Encore Skyline,2 Bedroom 2 Bath,K-206,2,2,2,,968,9/6/2023,400,,80%,1500,1.55,1500,1.55,2023-08-17,2023-11-07,83,63
Encore Skyline,2 Bedroom 2 Bath,K-206,2,2,2,,968,7/7/2025,500,,80%,1800,1.86,1800,1.86,2025-05-07,2025-06-11,36,0
Encore Skyline,2 Bedroom 2 Bath,E-300,3,2,2,,968,5/4/2025,500,,80%,1800,1.86,1800,1.86,2025-04-23,2025-06-22,61,50
Encore Skyline,2 Bedroom 2 Bath,G-107,1,2,2,,968,1/8/2024,400,,80%,1650,1.7,1650,1.7,2024-01-04,2024-01-12,9,5
Encore Skyline,2 Bedroom 2 Bath,G-107,1,2,2,,968,3/20/2025,500,,80%,1750,1.81,1750,1.81,2025-02-11,2025-05-02,81,44
Encore Skyline,2 Bedroom 2 Bath,G-107,1,2,2,,968,2/6/2026,500,,80%,1805,1.86,1504,1.55,2025-12-23,2026-02-05,45,0
Encore Skyline,2 Bedroom 2 Bath,J-107,1,2,2,,968,8/13/2023,400,,80%,1965,2.03,1801,1.86,2023-07-11,2023-09-17,69,36
Encore Skyline,2 Bedroom 2 Bath,J-107,1,2,2,,968,12/27/2024,400,,80%,1674,1.73,1395,1.44,2024-12-01,2024-12-13,13,0
Encore Skyline,2 Bedroom 2 Bath,J-107,1,2,2,,968,3/10/2026,500,,80%,1805,1.86,1504,1.55,2025-08-29,2026-02-11,167,0
Encore Skyline,2 Bedroom 2 Bath,J-100,1,2,2,,968,3/21/2024,400,,80%,2210,2.28,2210,2.28,2024-01-17,2024-04-30,105,41
Encore Skyline,2 Bedroom 2 Bath,J-100,1,2,2,,968,1/11/2025,400,,80%,1649,1.7,1649,1.7,2024-12-10,2024-12-28,19,0
Encore Skyline,2 Bedroom 2 Bath,J-100,1,2,2,,968,3/10/2026,500,,80%,1810,1.87,1810,1.87,2026-02-05,2026-03-20,44,11
Encore Skyline,2 Bedroom 2 Bath,J-106,1,2,2,,968,10/10/2024,400,,80%,1750,1.81,1604,1.66,2024-10-05,2024-10-19,15,10
Encore Skyline,2 Bedroom 2 Bath,J-106,1,2,2,,968,12/8/2025,500,,80%,1795,1.85,1496,1.55,2025-10-06,2026-01-01,88,25
Encore Skyline,2 Bedroom 2 Bath,J-106,1,2,2,,968,6/25/2026,500,,80%,1810,1.87,1810,1.87,2026-04-21,2026-05-05,15,0
Encore Skyline,2 Bedroom 2 Bath,E-100,1,2,2,,968,6/6/2024,400,,80%,1999,2.07,1999,2.07,2024-04-06,2024-06-22,78,17
Encore Skyline,2 Bedroom 2 Bath,E-100,1,2,2,,968,11/26/2024,400,,80%,1699,1.76,1541,1.59,2024-11-21,2024-11-28,8,3
Encore Skyline,2 Bedroom 2 Bath,E-100,1,2,2,,968,6/8/2025,500,,80%,1800,1.86,1800,1.86,2025-05-28,2025-07-15,49,38
Encore Skyline,2 Bedroom 2 Bath,E-100,1,2,2,,968,7/31/2026,500,,80%,1825,1.89,1825,1.89,2026-05-19,2026-06-02,15,0
Encore Skyline,2 Bedroom 2 Bath,J-300,3,2,2,,968,7/21/2025,500,,80%,1850,1.91,1850,1.91,2025-05-06,2025-07-25,81,5
Encore Skyline,2 Bedroom 2 Bath,E-201,2,2,2,,968,4/23/2024,400,,80%,1775,1.83,1775,1.83,2024-03-03,2024-03-20,18,0
Encore Skyline,2 Bedroom 2 Bath,E-201,2,2,2,,968,10/6/2024,400,,80%,1649,1.7,1374,1.42,2024-08-08,2024-12-13,128,69
Encore Skyline,2 Bedroom 2 Bath,E-201,2,2,2,,968,12/23/2025,500,,80%,1795,1.85,1496,1.55,2025-10-18,2026-01-01,76,10
Encore Skyline,2 Bedroom 2 Bath,E-201,2,2,2,,968,5/15/2026,500,,80%,1850,1.91,1850,1.91,2026-04-08,2026-04-22,15,0
Encore Skyline,2 Bedroom 2 Bath,B-301,3,2,2,,968,7/28/2024,400,,80%,1899,1.96,1899,1.96,2024-05-03,2024-06-19,48,0
Encore Skyline,2 Bedroom 2 Bath,B-301,3,2,2,,968,8/3/2025,500,,80%,1850,1.91,1850,1.91,2025-05-30,2025-07-29,61,0
Encore Skyline,2 Bedroom 2 Bath,G-201,2,2,2,,968,6/17/2023,400,,80%,1995,2.06,1995,2.06,,2023-07-15,,
Encore Skyline,2 Bedroom 2 Bath,G-201,2,2,2,,968,8/19/2025,500,,80%,1675,1.73,1396,1.44,2025-03-05,2025-12-24,295,128
Encore Skyline,2 Bedroom 2 Bath,G-201,2,2,2,,968,4/6/2026,500,,80%,1850,1.91,1850,1.91,2026-03-24,2026-04-16,24,11
Encore Skyline,2 Bedroom 2 Bath,E-207,2,2,2,,968,3/7/2025,500,,80%,1750,1.81,1708,1.76,2025-01-04,2025-04-20,107,45
Encore Skyline,2 Bedroom 2 Bath,E-207,2,2,2,,968,5/15/2026,500,,80%,1850,1.91,1850,1.91,2026-03-15,2026-05-07,54,0
Encore Skyline,2 Bedroom 2 Bath,G-207,2,2,2,,968,4/4/2024,400,,80%,1810,1.87,1810,1.87,2024-03-27,2024-04-09,14,6
Encore Skyline,2 Bedroom 2 Bath,G-207,2,2,2,,968,4/17/2026,500,,80%,1855,1.92,1855,1.92,2026-03-10,2026-04-02,24,0
Encore Skyline,2 Bedroom 2 Bath,E-301,3,2,2,,968,3/9/2024,400,,80%,1775,1.83,1758,1.82,2024-02-11,2024-03-06,25,0
Encore Skyline,2 Bedroom 2 Bath,E-301,3,2,2,,968,10/6/2025,500,,80%,1860,1.92,1705,1.76,2025-02-14,2025-08-26,194,0
Encore Skyline,2 Bedroom 2 Bath,B-106,1,2,2,,968,3/5/2025,500,,80%,1750,1.81,1750,1.81,2025-02-01,2025-05-10,99,67
Encore Skyline,2 Bedroom 2 Bath,B-106,1,2,2,,968,3/19/2026,500,,80%,1875,1.94,1875,1.94,2026-02-12,2026-03-31,48,13
Encore Skyline,2 Bedroom 2 Bath,C-100,1,2,2,,968,8/10/2025,500,,80%,1795,1.85,1519,1.57,2025-06-17,2025-11-04,141,87
Encore Skyline,2 Bedroom 2 Bath,C-100,1,2,2,,968,3/30/2026,500,,80%,1875,1.94,1875,1.94,2026-03-25,2026-03-29,5,0
Encore Skyline,2 Bedroom 2 Bath,A-106,1,2,2,,968,4/26/2026,500,,80%,1875,1.94,1875,1.94,2026-03-10,2026-04-04,26,0
Encore Skyline,2 Bedroom 2 Bath,G-300,3,2,2,,968,9/18/2024,400,,80%,1624,1.68,1624,1.68,2024-08-16,2024-12-28,135,102
Encore Skyline,2 Bedroom 2 Bath,G-300,3,2,2,,968,6/12/2026,500,,80%,1875,1.94,1875,1.94,2026-04-11,2026-04-24,14,0
Encore Skyline,2 Bedroom 2 Bath,A-307,3,2,2,,968,5/15/2024,400,,80%,1899,1.96,1899,1.96,2024-05-10,2024-05-29,20,15
Encore Skyline,2 Bedroom 2 Bath,C-207,2,2,2,,968,7/6/2023,400,,80%,1999,2.07,1999,2.07,,2023-07-12,,
Encore Skyline,2 Bedroom 2 Bath,C-207,2,2,2,,968,5/21/2024,400,,80%,1899,1.96,1899,1.96,2024-03-28,2024-06-12,77,23
Encore Skyline,2 Bedroom 2 Bath,A-207,2,2,2,,968,10/12/2023,400,,80%,1965,2.03,1965,2.03,2023-08-09,2023-11-09,93,29
Encore Skyline,2 Bedroom 2 Bath,A-207,2,2,2,,968,11/2/2025,500,,80%,1845,1.91,1561,1.61,2025-08-31,2025-10-10,41,0
Encore Skyline,2 Bedroom 2 Bath,A-207,2,2,2,,968,5/21/2026,500,,80%,1925,1.99,1925,1.99,2026-03-20,2026-04-28,40,0
Encore Skyline,2 Bedroom 2 Bath,B-107,1,2,2,,968,6/22/2025,500,,120%,1750,1.81,1708,1.76,2025-04-01,2025-04-17,17,0
Encore Skyline,2 Bedroom 2 Bath,B-107,1,2,2,,968,6/4/2026,500,,120%,1975,2.04,1975,2.04,2026-04-03,2026-05-13,41,0
Encore Skyline,2 Bedroom 2 Bath,A-107,1,2,2,,968,3/20/2024,400,,120%,1810,1.87,1810,1.87,2024-02-20,2024-04-10,51,22
Encore Skyline,2 Bedroom 2 Bath,A-107,1,2,2,,968,10/9/2024,400,,120%,1999,2.07,1832,1.89,2024-08-01,2024-08-29,29,0
Encore Skyline,2 Bedroom 2 Bath,G-100,1,2,2,,968,10/8/2023,400,,120%,1550,1.6,1550,1.6,2023-09-30,2023-11-16,48,40
Encore Skyline,2 Bedroom 2 Bath,G-100,1,2,2,,968,9/22/2024,400,,120%,1999,2.07,1999,2.07,2024-08-10,2024-08-14,5,0
Encore Skyline,2 Bedroom 2 Bath,B-300,3,2,2,,968,6/7/2025,500,,120%,1805,1.86,1527,1.58,2025-05-01,2025-10-31,184,147
Encore Skyline,2 Bedroom 2 Bath,B-300,3,2,2,,968,9/27/2026,500,,120%,2000,2.07,2000,2.07,2026-07-14,,2,0
Encore Skyline,2 Bedroom 2 Bath,A-100,1,2,2,,968,7/29/2025,500,,120%,1860,1.92,1860,1.92,2025-05-21,2025-08-15,87,18
Encore Skyline,2 Bedroom 2 Bath,A-100,1,2,2,,968,8/25/2026,500,,120%,2000,2.07,2000,2.07,2026-06-24,,22,0
Encore Skyline,2 Bedroom 2 Bath,G-101,1,2,2,,968,7/6/2023,400,,120%,1965,2.03,1801,1.86,,2023-09-06,,
Encore Skyline,2 Bedroom 2 Bath,G-101,1,2,2,,968,9/11/2024,400,,120%,1999,2.07,1832,1.89,2024-07-12,2024-09-12,63,2
Encore Skyline,2 Bedroom 2 Bath,G-101,1,2,2,,968,8/6/2025,500,,120%,1860,1.92,1705,1.76,2025-06-19,2025-08-14,57,9
Encore Skyline,2 Bedroom 2 Bath,G-101,1,2,2,,968,8/25/2026,500,,120%,2000,2.07,2000,2.07,2026-06-19,2026-06-22,4,0
Encore Skyline,2 Bedroom 2 Bath,J-101,1,2,2,,968,9/11/2023,400,,120%,2155,2.23,1975,2.04,2023-08-09,2023-09-22,45,12
Encore Skyline,2 Bedroom 2 Bath,J-101,1,2,2,,968,10/31/2025,500,,120%,2009,2.08,1700,1.76,2025-09-26,2025-10-03,8,0
Encore Skyline,2 Bedroom 2 Bath,A-301,3,2,2,,968,8/29/2023,400,,120%,2155,2.23,1975,2.04,2023-08-29,2023-08-30,2,2
Encore Skyline,2 Bedroom 2 Bath,A-101,1,2,2,,968,7/6/2023,400,,120%,2050,2.12,2050,2.12,,2023-06-27,,
Encore Skyline,2 Bedroom 2 Bath,A-101,1,2,2,,968,11/25/2023,400,,120%,2155,2.23,2155,2.23,2023-10-28,2023-11-01,5,0
Encore Skyline,2 Bedroom 2 Bath,D-301,3,2,2,,1044,6/19/2023,400,,80%,1575,1.51,1575,1.51,,2023-12-01,,
Encore Skyline,2 Bedroom 2 Bath,D-100,1,2,2,,1044,11/26/2024,400,,80%,1790,1.71,1492,1.43,2024-10-05,2024-12-11,68,16
Encore Skyline,2 Bedroom 2 Bath,D-100,1,2,2,,1044,12/24/2025,500,,80%,1895,1.82,1579,1.51,2025-10-09,2025-12-27,80,4
Encore Skyline,2 Bedroom 2 Bath,D-200,2,2,2,,1044,10/7/2025,500,,80%,1925,1.84,1925,1.84,2025-07-04,2025-08-07,35,0
Encore Skyline,2 Bedroom 2 Bath,D-303,3,2,2,,1044,3/27/2024,400,,80%,2240,2.15,2240,2.15,2024-03-15,2024-04-09,26,14
Encore Skyline,2 Bedroom 2 Bath,D-303,3,2,2,,1044,6/24/2025,500,,80%,1925,1.84,1925,1.84,2025-04-15,2025-05-13,29,0
Encore Skyline,2 Bedroom 2 Bath,D-302,3,2,2,,1044,6/7/2025,500,,80%,1925,1.84,1925,1.84,2025-05-07,2025-07-23,78,47
Encore Skyline,2 Bedroom 2 Bath,D-300,3,2,2,,1044,4/16/2024,400,,120%,2240,2.15,2240,2.15,2024-02-29,2024-03-20,21,0
Encore Skyline,2 Bedroom 2 Bath,D-300,3,2,2,,1044,8/29/2024,400,,120%,1790,1.71,1790,1.71,2024-08-06,2025-02-05,184,161
Encore Skyline,2 Bedroom 2 Bath,D-300,3,2,2,,1044,4/30/2026,500,,120%,1975,1.89,1975,1.89,2026-03-28,2026-04-25,29,0
Encore Skyline,2 Bedroom 2 Bath,D-103,1,2,2,,1044,9/6/2024,400,,120%,2049,1.96,2049,1.96,2024-08-22,2024-12-31,132,117
Encore Skyline,2 Bedroom 2 Bath,D-203,2,2,2,,1044,3/19/2025,500,,120%,1925,1.84,1925,1.84,2025-01-15,2025-04-30,106,43
Encore Skyline,2 Bedroom 2 Bath,D-203,2,2,2,,1044,5/5/2026,500,,120%,2050,1.96,2050,1.96,2026-03-03,2026-03-24,22,0
Encore Skyline,2 Bedroom 2 Bath,D-202,2,2,2,,1044,6/17/2023,400,,120%,1575,1.51,1575,1.51,,2023-11-07,,
Encore Skyline,2 Bedroom 2 Bath,D-202,2,2,2,,1044,7/8/2024,400,,120%,2140,2.05,2140,2.05,2024-06-13,2024-08-09,58,33
Encore Skyline,2 Bedroom 2 Bath,D-101,1,2,2,,1044,7/11/2023,400,,120%,2150,2.06,2150,2.06,,2023-07-06,,
Encore Skyline,2 Bedroom 2 Bath,D-101,1,2,2,,1044,9/1/2025,500,,120%,1955,1.87,1654,1.58,2025-08-22,2025-10-06,46,36
Encore Skyline,2 Bedroom 2 Bath,D-101,1,2,2,,1044,7/11/2026,500,,120%,2180,2.09,2180,2.09,2026-06-16,2026-06-17,2,0
Encore Skyline,3 Bedroom 3 Bath,K-103,1,3,3,,1260,9/4/2023,500,,120%,2397,1.9,2197,1.74,2023-06-21,2023-09-02,74,0
Encore Skyline,3 Bedroom 3 Bath,K-103,1,3,3,,1260,10/29/2024,500,,120%,2447,1.94,2243,1.78,2024-08-29,2024-10-10,43,0
Encore Skyline,3 Bedroom 3 Bath,K-103,1,3,3,,1260,11/27/2025,600,,120%,2195,1.74,1829,1.45,2025-09-23,2025-11-18,57,0
Encore Skyline,3 Bedroom 3 Bath,K-202,2,3,3,,1260,6/17/2023,500,,120%,1864,1.48,1864,1.48,,2023-10-26,,
Encore Skyline,3 Bedroom 3 Bath,K-202,2,3,3,,1260,11/20/2025,600,,120%,2255,1.79,2255,1.79,2025-09-04,2026-03-06,184,107
Encore Skyline,3 Bedroom 3 Bath,K-203,2,3,3,,1260,3/26/2026,600,,120%,2255,1.79,2255,1.79,2026-01-24,2026-03-07,43,0
Encore Skyline,3 Bedroom 3 Bath,K-303,3,3,3,,1260,12/6/2023,500,,120%,2397,1.9,2397,1.9,2023-12-01,2023-12-02,2,0
Encore Skyline,3 Bedroom 3 Bath,K-303,3,3,3,,1260,1/16/2025,600,,120%,2200,1.75,2017,1.6,2025-01-16,2025-03-14,58,58
Encore Skyline,3 Bedroom 3 Bath,K-303,3,3,3,,1260,4/5/2026,600,,120%,2280,1.81,2280,1.81,2026-02-24,2026-03-20,25,0
Encore Skyline,3 Bedroom 3 Bath,K-100,1,3,3,,1271,6/17/2023,500,,80%,2100,1.65,2100,1.65,,2023-11-01,,
Encore Skyline,3 Bedroom 3 Bath,K-100,1,3,3,,1271,1/14/2025,500,,80%,2099,1.65,2099,1.65,2024-10-12,2025-01-25,106,12
Encore Skyline,3 Bedroom 3 Bath,K-301,3,3,3,,1271,6/24/2023,500,,120%,2295,1.81,2295,1.81,,2023-07-18,,
Encore Skyline,3 Bedroom 3 Bath,K-301,3,3,3,,1271,8/9/2024,500,,120%,2300,1.81,2108,1.66,2024-06-27,2024-10-15,111,68
Encore Skyline,3 Bedroom 3 Bath,K-301,3,3,3,,1271,9/7/2025,600,,120%,2195,1.73,1829,1.44,2025-07-03,2025-11-18,139,73
Encore Skyline,3 Bedroom 3 Bath,K-201,2,3,3,,1271,6/17/2026,600,,120%,2255,1.77,2255,1.77,2026-02-05,2026-06-02,118,0
Encore Skyline,3 Bedroom 3 Bath,H-200,2,3,3,,1271,11/6/2025,600,,120%,2255,1.77,1879,1.48,2025-08-29,2026-02-05,161,92
Encore Skyline,3 Bedroom 3 Bath,H-203,2,3,3,,1271,7/4/2025,600,,120%,2300,1.81,2300,1.81,2025-04-15,2025-05-17,33,0
Encore Skyline,3 Bedroom 3 Bath,H-203,2,3,3,,1271,7/17/2026,600,,120%,2255,1.77,2255,1.77,2026-05-07,2026-05-19,13,0
Encore Skyline,3 Bedroom 3 Bath,H-202,2,3,3,,1271,5/1/2025,600,,120%,2300,1.81,2108,1.66,2025-02-11,2025-03-20,38,0
Encore Skyline,3 Bedroom 3 Bath,H-202,2,3,3,,1271,7/3/2026,600,,120%,2255,1.77,2255,1.77,2026-05-02,2026-06-02,32,0
Encore Skyline,3 Bedroom 3 Bath,H-301,3,3,3,,1271,8/23/2025,600,,120%,2265,1.78,1916,1.51,2025-06-27,2025-10-10,106,49
Encore Skyline,3 Bedroom 3 Bath,H-300,3,3,3,,1271,9/12/2024,500,,120%,2300,1.81,2108,1.66,2024-03-28,2024-09-26,183,15
Encore Skyline,3 Bedroom 3 Bath,H-300,3,3,3,,1271,12/6/2025,600,,120%,2265,1.78,1888,1.49,2025-09-20,2026-02-05,139,62
Encore Skyline,3 Bedroom 3 Bath,H-302,3,3,3,,1271,1/2/2026,600,,120%,2280,1.79,2280,1.79,2025-10-30,2026-03-06,128,64
Encore Skyline,3 Bedroom 3 Bath,H-201,2,3,3,,1271,7/7/2025,600,,120%,2300,1.81,2300,1.81,2025-06-03,2025-06-12,10,0
Encore Skyline,3 Bedroom 3 Bath,K-200,2,3,3,,1271,4/1/2025,600,,120%,2300,1.81,2108,1.66,2025-02-13,2025-03-19,35,0
Encore Skyline,3 Bedroom 3 Bath,H-103,1,3,3,,1271,9/6/2023,500,,120%,2396,1.89,2196,1.73,2023-07-18,2023-09-20,65,15
Encore Skyline,3 Bedroom 3 Bath,H-103,1,3,3,,1271,12/6/2024,500,,120%,2099,1.65,1869,1.47,2024-10-22,2024-11-22,32,0
Encore Skyline,3 Bedroom 3 Bath,H-103,1,3,3,,1271,5/22/2025,600,,120%,2300,1.81,2300,1.81,2025-05-17,2025-06-04,19,14
Encore Skyline,3 Bedroom 3 Bath,K-300,3,3,3,,1271,8/2/2024,500,,120%,2300,1.81,2108,1.66,2024-05-03,2024-10-09,160,69
Encore Skyline,3 Bedroom 3 Bath,K-300,3,3,3,,1271,5/10/2026,600,,120%,2325,1.83,2325,1.83,2026-03-04,2026-03-26,23,0
Encore Skyline,3 Bedroom 3 Bath,H-100,1,3,3,,1271,4/30/2024,500,,120%,2399,1.89,2399,1.89,2024-04-30,2024-07-02,64,64
Encore Skyline,3 Bedroom 3 Bath,H-303,3,3,3,,1271,7/23/2024,500,,120%,2447,1.93,2243,1.76,2024-05-03,2024-08-22,112,31
The District at Parkcenter,A1,533-201,2,1,1,,681,9/24/2025,400,,80%,1399,2.05,1399,2.05,2025-09-24,2025-10-02,9,9
The District at Parkcenter,A1,509-201,2,1,1,,681,9/20/2025,400,,80%,1399,2.05,1399,2.05,2025-09-20,2025-09-24,5,5
The District at Parkcenter,A1,509-205,2,1,1,,681,11/3/2023,400,,80%,1399,2.05,1399,2.05,2023-09-06,2024-02-22,170,112
The District at Parkcenter,A1,533-121,1,1,1,,681,3/18/2024,400,,80%,1450,2.13,1450,2.13,2024-03-15,2024-03-26,12,9
The District at Parkcenter,A1,533-121,1,1,1,,681,11/2/2024,400,,80%,1559,2.29,1559,2.29,2024-11-02,2025-04-24,174,174
The District at Parkcenter,A1,533-121,1,1,1,,681,11/4/2025,400,,80%,1399,2.05,1282,1.88,2025-11-04,2026-01-29,87,87
The District at Parkcenter,A1,537-301,3,1,1,,681,8/17/2023,,,80%,1450,2.13,1450,2.13,2023-07-18,2024-02-03,201,171
The District at Parkcenter,A1,533-321,3,1,1,,681,8/29/2023,,,80%,1450,2.13,1450,2.13,2023-07-04,2024-02-13,225,169
The District at Parkcenter,A1,533-205,2,1,1,,681,9/1/2023,,,80%,1450,2.13,1450,2.13,2023-07-29,2024-01-17,173,139
The District at Parkcenter,A1,533-309,3,1,1,,681,1/9/2024,400,,80%,1450,2.13,1450,2.13,2023-12-28,2024-03-15,79,67
The District at Parkcenter,A1,537-325,3,1,1,,681,10/25/2023,,,80%,1475,2.17,1475,2.17,2023-09-06,2023-09-23,18,0
The District at Parkcenter,A1,537-205,2,1,1,,681,5/10/2025,400,,80%,1499,2.2,1499,2.2,2025-04-24,2025-04-30,7,0
The District at Parkcenter,A1,537-217,2,1,1,,681,1/29/2026,,,80%,1499,2.2,1499,2.2,2026-01-29,2026-02-04,7,7
The District at Parkcenter,A1,533-105,1,1,1,,681,3/4/2024,,,80%,1525,2.24,1525,2.24,2023-07-29,2024-01-09,165,0
The District at Parkcenter,A1,509-121,1,1,1,,681,7/25/2023,,,80%,1599,2.35,1599,2.35,2023-07-18,2023-08-23,37,30
The District at Parkcenter,A1,537-209,2,1,1,,681,8/7/2023,,,80%,1599,2.35,1599,2.35,2023-07-04,2023-07-29,26,0
The District at Parkcenter,A1,537-105,1,1,1,,681,7/7/2023,,,80%,1599,2.35,1599,2.35,,2023-08-03,,
The District at Parkcenter,A3,537-202,2,1,1,,681,2/11/2026,,,80%,1650,2.42,1650,2.42,2026-02-07,2026-02-11,5,1
The District at Parkcenter,A1,533-317,3,1,1,,681,9/12/2024,400,,80%,1650,2.42,1650,2.42,2024-09-12,2024-11-02,52,52
The District at Parkcenter,A3,533-310,3,1,1,,681,1/30/2026,,,80%,1650,2.42,1650,2.42,2026-01-29,2026-02-07,10,9
The District at Parkcenter,A1,537-317,3,1,1,,681,8/11/2023,,,80%,1599,2.35,1599,2.35,2023-06-20,2023-08-03,45,0
The District at Parkcenter,A1,537-317,3,1,1,,681,8/20/2024,400,,80%,1650,2.42,1650,2.42,2024-08-09,2024-09-12,35,24
The District at Parkcenter,A1,533-109,1,1,1,,681,6/13/2024,400,,80%,1700,2.5,1700,2.5,2024-05-02,2024-06-20,50,8
The District at Parkcenter,A1,533-117,1,1,1,,681,4/8/2026,,,120%,1725,2.53,1725,2.53,2026-03-18,2026-04-01,15,0
The District at Parkcenter,A1,509-317,3,1,1,,681,4/17/2026,,,120%,1725,2.53,1725,2.53,2026-04-01,2026-04-08,8,0
The District at Parkcenter,A1,509-101,1,1,1,,681,5/22/2025,400,,120%,1599,2.35,1599,2.35,2025-05-14,2025-05-30,17,9
The District at Parkcenter,A1,509-101,1,1,1,,681,6/11/2026,,,120%,1940,2.85,1940,2.85,2026-06-03,2026-06-17,15,7
The District at Parkcenter,A1,533-209,2,1,1,,681,Now,,,120%,2020,2.97,2020,2.97,2026-07-14,,2,2
The District at Parkcenter,A2,509-115,1,1,1,,774,9/15/2025,400,,80%,1399,1.81,1399,1.81,2025-09-12,2025-09-20,9,6
The District at Parkcenter,A2,533-116,1,1,1,,774,4/30/2025,400,,80%,1499,1.94,1499,1.94,2025-04-30,2025-09-12,136,136
The District at Parkcenter,A2,537-130,1,1,1,,774,12/14/2023,400,,80%,1499,1.94,1499,1.94,2023-11-18,2024-03-05,109,83
The District at Parkcenter,A2,537-131,1,1,1,,774,11/10/2023,,,80%,1690,2.18,1690,2.18,2023-10-10,2023-11-18,40,9
The District at Parkcenter,A2,537-131,1,1,1,,774,7/10/2025,400,,80%,1549,2,1549,2,2025-07-03,2025-07-22,20,13
The District at Parkcenter,A2,537-323,3,1,1,,774,6/13/2024,400,,80%,1750,2.26,1750,2.26,2024-05-11,2024-06-14,35,2
The District at Parkcenter,A2,537-323,3,1,1,,774,7/3/2025,400,,80%,1549,2,1549,2,2025-07-03,2025-07-22,20,20
The District at Parkcenter,A2,533-323,3,1,1,,774,2/5/2024,,,80%,1550,2,1550,2,2023-12-28,2024-01-09,13,0
The District at Parkcenter,A2,533-315,3,1,1,,774,9/11/2023,,,80%,1550,2,1550,2,2023-09-06,2024-01-17,134,129
The District at Parkcenter,A2,509-330,3,1,1,,774,1/12/2024,,,80%,1550,2,1550,2,2023-11-18,2024-01-09,53,0
The District at Parkcenter,A2,509-223,2,1,1,,774,11/9/2023,,,80%,1550,2,1550,2,2023-10-10,2024-01-17,100,70
The District at Parkcenter,A1,537-221,2,1,1,,774,10/5/2023,,,80%,1550,2,1550,2,2023-09-06,2024-02-08,156,127
The District at Parkcenter,A1,537-221,2,1,1,,774,2/4/2026,,,80%,1575,2.03,1575,2.03,2026-02-04,2026-02-26,23,23
The District at Parkcenter,A2,537-215,2,1,1,,774,11/1/2023,,,80%,1550,2,1550,2,2023-10-03,2023-12-28,87,58
The District at Parkcenter,A2,537-215,2,1,1,,774,2/11/2025,400,,80%,1599,2.07,1599,2.07,2025-02-11,2025-03-25,43,43
The District at Parkcenter,A2,533-331,3,1,1,,774,2/8/2024,,,80%,1550,2,1550,2,2023-12-28,2024-01-09,13,0
The District at Parkcenter,A2,533-331,3,1,1,,774,2/13/2026,,,80%,1625,2.1,1625,2.1,2026-02-07,2026-02-11,5,0
The District at Parkcenter,A2,533-207,2,1,1,,774,6/17/2023,,,80%,1649,2.13,1649,2.13,,2023-07-29,,
The District at Parkcenter,A2,533-207,2,1,1,,774,3/5/2024,400,,80%,1650,2.13,1650,2.13,2024-03-05,2024-03-26,22,22
The District at Parkcenter,A2,533-207,2,1,1,,774,7/22/2025,400,,80%,1650,2.13,1650,2.13,2025-07-22,2025-07-31,10,10
The District at Parkcenter,A2,533-207,2,1,1,,774,Now,,,80%,1650,2.13,1650,2.13,2026-07-14,,2,2
The District at Parkcenter,A2,509-231,2,1,1,,774,8/8/2023,400,,80%,1650,2.13,1650,2.13,,2024-03-26,,
The District at Parkcenter,A2,533-231,2,1,1,,774,7/21/2023,,,80%,1690,2.18,1690,2.18,,2023-07-29,,
The District at Parkcenter,A2,533-115,1,1,1,,774,8/4/2023,,,80%,1690,2.18,1690,2.18,2023-07-18,2023-07-29,12,0
The District at Parkcenter,A2,537-123,1,1,1,,774,6/29/2023,,,80%,1690,2.18,1690,2.18,,2023-07-18,,
The District at Parkcenter,A2,537-123,1,1,1,,774,9/20/2025,400,,80%,1699,2.2,1699,2.2,2025-09-20,2025-10-08,19,19
The District at Parkcenter,A2,533-16,,1,1,,774,4/26/2025,400,,80%,1700,2.2,1700,2.2,2025-04-24,2025-04-30,7,5
The District at Parkcenter,A2,533-230,2,1,1,,774,3/13/2026,,,120%,1775,2.29,1775,2.29,2026-03-12,2026-03-26,15,14
The District at Parkcenter,A2,537-316,3,1,1,,774,10/9/2025,400,,120%,1749,2.26,1749,2.26,2025-10-08,2025-10-25,18,17
The District at Parkcenter,A2,537-316,3,1,1,,774,4/28/2026,,,120%,1899,2.45,1899,2.45,2026-04-22,2026-04-29,8,2
The District at Parkcenter,A2,533-316,3,1,1,,774,5/20/2026,,,120%,1899,2.45,1899,2.45,2026-02-26,2026-05-13,77,0
The District at Parkcenter,A4,513-106,1,1,1,,778,7/14/2023,,,120%,1725,2.22,1725,2.22,,2023-07-29,,
The District at Parkcenter,A4,513-106,1,1,1,,778,2/25/2025,400,,120%,1750,2.25,1750,2.25,2025-02-25,2025-05-14,79,79
The District at Parkcenter,A4,513-102,1,1,1,,778,7/15/2025,400,,120%,1750,2.25,1750,2.25,2025-07-03,2025-10-02,92,80
The District at Parkcenter,A4,517-201,2,1,1,,778,10/12/2023,,,120%,1845,2.37,1845,2.37,2023-09-13,2023-09-23,11,0
The District at Parkcenter,A4,505-101,1,1,1,,778,9/1/2023,,,120%,1845,2.37,1845,2.37,2023-07-29,2023-08-23,26,0
The District at Parkcenter,A5,513-202,2,1,1,,778,10/2/2025,400,,120%,1899,2.44,1899,2.44,2025-10-02,2025-11-26,56,56
The District at Parkcenter,A4,505-207,2,1,1,,778,8/4/2023,,,120%,1845,2.37,1845,2.37,2023-07-04,2023-08-23,51,20
The District at Parkcenter,A4,505-207,2,1,1,,778,2/6/2026,,,120%,1899,2.44,1899,2.44,2026-02-04,2026-03-18,43,41
The District at Parkcenter,A4,529-207,2,1,1,,778,5/17/2024,400,,120%,1999,2.57,1999,2.57,2024-04-23,2024-05-11,19,0
The District at Parkcenter,A4,517-104,1,1,1,,781,6/27/2023,,,120%,1845,2.36,1845,2.36,,2023-06-30,,
The District at Parkcenter,A4,517-104,1,1,1,,781,5/17/2024,400,,120%,1925,2.46,1925,2.46,2024-05-11,2024-08-09,91,85
The District at Parkcenter,A4,517-104,1,1,1,,781,10/10/2025,400,,120%,1799,2.3,1799,2.3,2025-10-08,2025-10-25,18,16
The District at Parkcenter,A3,533-128,1,1,1,,801,2/11/2025,400,,80%,1469,1.83,1469,1.83,2025-02-11,2025-02-25,15,15
The District at Parkcenter,A3,537-206,2,1,1,,801,1/7/2025,400,,80%,1469,1.83,1469,1.83,2025-01-07,2025-02-25,50,50
The District at Parkcenter,A3,537-124,1,1,1,,801,11/14/2024,400,,80%,1499,1.87,1499,1.87,2024-11-14,2025-01-07,55,55
The District at Parkcenter,A3,509-324,3,1,1,,801,1/10/2025,400,,80%,1499,1.87,1499,1.87,2025-01-07,2025-02-11,36,33
The District at Parkcenter,A3,537-118,1,1,1,,801,9/14/2023,,,80%,1620,2.02,1620,2.02,2023-07-29,2023-08-09,12,0
The District at Parkcenter,A3,537-118,1,1,1,,801,1/7/2025,400,,80%,1499,1.87,1499,1.87,2025-01-07,2025-01-30,24,24
The District at Parkcenter,A3,509-124,1,1,1,,801,8/28/2023,,,80%,1550,1.94,1550,1.94,2023-07-29,2023-10-10,74,44
The District at Parkcenter,A3,509-202,2,1,1,,801,10/10/2023,,,80%,1575,1.97,1575,1.97,2023-09-13,2023-10-25,43,16
The District at Parkcenter,A3,537-312,3,1,1,,801,10/6/2023,,,80%,1585,1.98,1585,1.98,2023-08-23,2023-09-13,22,0
The District at Parkcenter,A3,537-212,2,1,1,,801,9/6/2023,,,80%,1585,1.98,1585,1.98,2023-08-03,2023-09-06,35,1
The District at Parkcenter,A3,509-310,3,1,1,,801,12/5/2025,400,,80%,1599,2,1466,1.83,2025-11-26,2026-01-29,65,56
The District at Parkcenter,A3,533-124,1,1,1,,801,7/11/2023,,,80%,1620,2.02,1620,2.02,,2023-07-12,,
The District at Parkcenter,A3,509-224,2,1,1,,801,10/6/2023,,,80%,1690,2.11,1690,2.11,2023-09-06,2023-12-30,116,86
The District at Parkcenter,A3,537-224,2,1,1,,801,11/15/2023,,,80%,1690,2.11,1690,2.11,2023-10-25,2023-12-28,65,44
The District at Parkcenter,A3,509-218,2,1,1,,801,11/25/2025,400,,80%,1699,2.12,1699,2.12,2025-11-04,2025-11-26,23,2
The District at Parkcenter,A3,537-324,3,1,1,,801,11/15/2023,,,120%,1550,1.94,1550,1.94,2023-10-03,2023-11-18,47,4
The District at Parkcenter,A3,537-324,3,1,1,,801,10/25/2025,400,,120%,1745,2.18,1745,2.18,2025-10-25,2025-11-04,11,11
The District at Parkcenter,A3,509-210,2,1,1,,801,2/8/2024,400,,120%,1650,2.06,1650,2.06,2024-02-08,2024-05-02,85,85
The District at Parkcenter,A3,509-210,2,1,1,,801,4/4/2026,,,120%,1900,2.37,1900,2.37,2026-03-26,2026-04-01,7,0
The District at Parkcenter,A3,537-318,3,1,1,,801,9/8/2023,,,120%,1620,2.02,1620,2.02,2023-08-09,2023-09-13,36,6
The District at Parkcenter,A3,537-318,3,1,1,,801,5/13/2026,,,120%,1900,2.37,1900,2.37,2026-04-15,2026-04-22,8,0
The District at Parkcenter,A3,537-120,1,1,1,,801,5/8/2026,,,120%,1900,2.37,1900,2.37,2026-04-08,2026-04-15,8,0
The District at Parkcenter,A3,537-310,3,1,1,,801,6/17/2023,,,120%,1620,2.02,1620,2.02,,2023-07-29,,
The District at Parkcenter,A3,537-310,3,1,1,,801,8/9/2024,400,,120%,1499,1.87,1499,1.87,2024-08-09,2025-01-07,152,152
The District at Parkcenter,A3,537-310,3,1,1,,801,4/13/2026,,,120%,1900,2.37,1900,2.37,2026-01-20,2026-04-08,79,0
The District at Parkcenter,A3,533-210,2,1,1,,801,7/3/2026,,,120%,1985,2.48,1985,2.48,2026-06-17,2026-07-14,28,12
The District at Parkcenter,A5,505-206,2,1,1,,813,9/29/2023,,,80%,1699,2.09,1699,2.09,2023-09-13,2024-02-13,154,138
The District at Parkcenter,A5,525-204,2,1,1,,813,12/6/2023,400,,80%,1699,2.09,1699,2.09,2023-11-18,2024-02-22,97,79
The District at Parkcenter,A5,529-206,2,1,1,,813,12/1/2023,,,80%,1699,2.09,1699,2.09,2023-10-25,2024-01-17,85,48
The District at Parkcenter,A5,529-204,2,1,1,,813,7/3/2025,400,,120%,1799,2.21,1799,2.21,2025-07-03,2025-09-20,80,80
The District at Parkcenter,A5,521-204,2,1,1,,813,7/10/2023,,,120%,1845,2.27,1845,2.27,,2023-06-30,,
The District at Parkcenter,A5,517-206,2,1,1,,813,1/30/2026,,,120%,1899,2.34,1899,2.34,2026-01-29,2026-02-04,7,6
The District at Parkcenter,A4,521-105,1,1,1,,813,4/24/2026,,,120%,2150,2.64,2150,2.64,2026-04-08,2026-05-13,36,20
The District at Parkcenter,A4,521-102,1,1,1,,813,6/17/2023,,,120%,1725,2.12,1725,2.12,,2023-07-29,,
The District at Parkcenter,A4,521-102,1,1,1,,813,6/16/2026,,,120%,2175,2.68,2175,2.68,2026-05-15,2026-06-17,34,2
The District at Parkcenter,A2,537-216,2,1,1,,848,6/17/2023,,,80%,1649,1.94,1649,1.94,,2023-07-18,,
The District at Parkcenter,A2,537-216,2,1,1,,848,1/9/2026,,,80%,1599,1.89,1599,1.89,2026-01-29,2026-02-07,10,10
The District at Parkcenter,A2,537-315,3,1,1,,848,1/9/2026,,,80%,1599,1.89,1466,1.73,2026-01-10,2026-01-20,11,11
The District at Parkcenter,A2,537-330,3,1,1,,848,7/25/2024,400,,80%,1650,1.95,1650,1.95,2024-06-20,2024-11-23,157,122
The District at Parkcenter,A3,537-228,2,1,1,,884,5/22/2025,400,,80%,1500,1.7,1500,1.7,2025-05-22,2025-07-15,55,55
The District at Parkcenter,A3,533-220,2,1,1,,884,4/13/2024,400,,80%,1650,1.87,1650,1.87,2024-04-13,2024-04-23,11,11
The District at Parkcenter,A3,533-220,2,1,1,,884,8/5/2025,400,,80%,1549,1.75,1549,1.75,2025-07-31,2025-08-19,20,15
The District at Parkcenter,A3,533-206,2,1,1,,884,8/19/2025,400,,80%,1549,1.75,1549,1.75,2025-08-19,2025-09-20,33,33
The District at Parkcenter,A3,533-212,2,1,1,,884,11/3/2023,,,80%,1575,1.78,1575,1.78,2023-10-03,2023-10-10,8,0
The District at Parkcenter,A3,533-228,2,1,1,,884,6/17/2023,,,80%,1585,1.79,1585,1.79,,2023-06-30,,
The District at Parkcenter,A3,509-212,2,1,1,,884,6/17/2023,,,80%,1585,1.79,1585,1.79,,2023-07-12,,
The District at Parkcenter,A3,533-202,2,1,1,,884,4/23/2024,400,,80%,1650,1.87,1650,1.87,2024-04-23,2024-05-11,19,19
The District at Parkcenter,A3,537-320,3,1,1,,884,12/29/2023,,,80%,1690,1.91,1690,1.91,2023-11-29,2023-12-30,32,2
The District at Parkcenter,A3,509-228,2,1,1,,884,6/7/2024,400,,120%,1850,2.09,1850,2.09,2024-05-11,2024-06-14,35,8
The District at Parkcenter,A2,509-130,1,1,1,,884,6/6/2026,,,120%,1930,2.18,1930,2.18,2026-05-13,2026-05-19,7,0
The District at Parkcenter,A3,533-328,3,1,1,,884,9/8/2023,,,120%,1585,1.79,1585,1.79,2023-08-09,2023-09-13,36,6
The District at Parkcenter,A3,533-328,3,1,1,,884,4/11/2024,400,,120%,1825,2.06,1825,2.06,2024-03-26,2024-04-13,19,3
The District at Parkcenter,A3,533-328,3,1,1,,884,2/25/2025,400,,120%,1725,1.95,1725,1.95,2025-02-25,2025-05-22,87,87
The District at Parkcenter,A3,533-328,3,1,1,,884,6/4/2026,,,120%,1970,2.23,1970,2.23,2026-05-13,2026-05-28,16,0
The District at Parkcenter,A3,509-320,3,1,1,,884,9/12/2023,,,120%,1575,1.78,1575,1.78,2023-08-09,2023-09-23,46,12
The District at Parkcenter,A3,509-320,3,1,1,,884,7/1/2026,,,120%,1985,2.25,1985,2.25,2026-05-28,2026-07-14,48,14
The District at Parkcenter,B1,533-119,1,2,2,,944,12/8/2023,,,80%,1599,1.69,1599,1.69,2023-10-25,2024-02-09,108,64
The District at Parkcenter,B1,533-127,1,2,2,,944,9/11/2023,,,80%,1599,1.69,1599,1.69,2023-08-12,2024-01-27,169,139
The District at Parkcenter,B1,509-103,1,2,2,,944,6/17/2023,,,80%,1599,1.69,1599,1.69,,2024-02-13,,
The District at Parkcenter,B1,533-111,1,2,2,,944,11/30/2023,,,80%,1630,1.73,1630,1.73,2023-11-18,2023-12-15,28,16
The District at Parkcenter,B1,509-227,2,2,2,,944,6/17/2023,,,80%,1630,1.73,1630,1.73,,2023-12-11,,
The District at Parkcenter,B1,537-203,2,2,2,,944,9/26/2023,,,80%,1630,1.73,1630,1.73,2023-08-23,2023-12-15,115,81
The District at Parkcenter,B1,533-319,3,2,2,,944,8/22/2023,,,80%,1699,1.8,1699,1.8,2023-07-29,2024-01-09,165,141
The District at Parkcenter,B1,537-211,2,2,2,,944,2/2/2024,,,80%,1699,1.8,1699,1.8,2023-12-30,2024-01-09,11,0
The District at Parkcenter,B1,509-303,3,2,2,,944,6/17/2023,,,80%,1699,1.8,1699,1.8,,2024-01-11,,
The District at Parkcenter,B1,533-219,2,2,2,,944,2/1/2024,,,80%,1699,1.8,1699,1.8,2023-12-11,2024-01-09,30,0
The District at Parkcenter,B1,509-219,2,2,2,,944,11/11/2025,400,,80%,1799,1.91,1649,1.75,2025-10-25,2026-01-20,88,71
The District at Parkcenter,B1,537-311,3,2,2,,944,9/22/2025,400,,80%,1899,2.01,1899,2.01,2025-09-20,2025-10-25,36,34
The District at Parkcenter,B1,537-119,1,2,2,,944,8/7/2023,,,120%,1975,2.09,1975,2.09,2023-07-18,2023-08-12,26,6
The District at Parkcenter,B1,537-127,1,2,2,,944,12/28/2023,,,120%,1699,1.8,1699,1.8,2023-12-28,2024-01-09,13,13
The District at Parkcenter,B1,537-127,1,2,2,,944,6/4/2025,400,,120%,1999,2.12,1999,2.12,2025-06-04,2025-09-20,109,109
The District at Parkcenter,B1,509-331,3,2,2,,944,3/25/2025,400,,120%,2000,2.12,2000,2.12,2025-03-25,2025-03-29,5,5
The District at Parkcenter,B1,533-203,2,2,2,,944,7/12/2023,,,120%,2010,2.13,2010,2.13,2023-07-04,2023-08-09,37,29
The District at Parkcenter,B1,509-311,3,2,2,,944,4/13/2024,400,,120%,1999,2.12,1999,2.12,2024-04-13,2024-07-11,90,90
The District at Parkcenter,B1,509-311,3,2,2,,944,4/24/2025,400,,120%,2050,2.17,2050,2.17,2025-04-24,2025-04-26,3,3
The District at Parkcenter,B1,537-111,1,2,2,,944,7/21/2023,,,120%,1975,2.09,1975,2.09,2023-07-04,2023-07-29,26,9
The District at Parkcenter,B1,537-111,1,2,2,,944,5/20/2025,400,,120%,2199,2.33,2199,2.33,2025-05-14,2025-06-04,22,16
The District at Parkcenter,B1,533-311,3,2,2,,944,1/30/2025,400,,120%,2000,2.12,2000,2.12,2025-01-30,2025-03-25,55,55
The District at Parkcenter,B1,533-311,3,2,2,,944,1/28/2026,,,120%,1949,2.06,1949,2.06,2026-01-20,2026-02-07,19,11
The District at Parkcenter,B1,533-311,3,2,2,,944,6/4/2026,,,120%,2325,2.46,2325,2.46,2026-05-13,2026-05-19,7,0
The District at Parkcenter,B1,509-127,1,2,2,,994,7/28/2023,,,120%,1975,1.99,1975,1.99,2023-06-20,2023-08-23,65,27
The District at Parkcenter,B1,509-127,1,2,2,,994,7/11/2024,400,,120%,1950,1.96,1950,1.96,2024-07-11,2024-11-02,115,115
The District at Parkcenter,B3,517-205,2,2,2,,996,2/2/2024,,,120%,2399,2.41,2399,2.41,2024-01-05,2024-01-09,5,0
The District at Parkcenter,B3,517-205,2,2,2,,996,4/13/2024,400,,120%,2400,2.41,2400,2.41,2024-04-13,2024-06-14,63,63
The District at Parkcenter,B3,517-205,2,2,2,,996,10/8/2025,400,,120%,2149,2.16,2149,2.16,2025-10-08,2025-10-14,7,7
The District at Parkcenter,B3,525-203,2,2,2,,996,8/9/2024,400,,120%,2200,2.21,2200,2.21,2024-07-19,2024-08-09,22,1
The District at Parkcenter,B3,505-203,2,2,2,,996,6/14/2024,400,,120%,2200,2.21,2200,2.21,2024-06-14,2024-07-19,36,36
The District at Parkcenter,B3,521-203,2,2,2,,996,2/24/2025,400,,120%,2250,2.26,2250,2.26,2025-02-11,2025-03-29,47,34
The District at Parkcenter,B3,517-103,1,2,2,,996,7/10/2025,400,,120%,2300,2.31,2300,2.31,2025-07-03,2025-07-22,20,13
The District at Parkcenter,B3,517-203,2,2,2,,996,12/21/2023,,,120%,2399,2.41,2399,2.41,2023-11-18,2024-01-11,55,22
The District at Parkcenter,B3,505-205,2,2,2,,996,10/26/2023,,,120%,2399,2.41,2399,2.41,2023-09-06,2023-10-25,50,0
The District at Parkcenter,B3,521-201,2,2,2,,996,6/17/2023,,,120%,2399,2.41,2399,2.41,,2023-06-30,,
The District at Parkcenter,B3,525-102,1,2,2,,996,11/26/2025,400,,120%,2399,2.41,2399,2.41,2025-11-26,2026-01-15,51,51
The District at Parkcenter,B3,529-203,2,2,2,,996,9/15/2023,,,120%,2399,2.41,2399,2.41,2023-08-23,2023-10-10,49,26
The District at Parkcenter,B3,513-104,1,2,2,,996,12/7/2023,400,,120%,2400,2.41,2400,2.41,2023-11-18,2024-04-13,148,129
The District at Parkcenter,B3,513-103,1,2,2,,996,11/15/2023,400,,120%,2400,2.41,2400,2.41,2023-10-10,2024-03-26,169,133
The District at Parkcenter,B1,537-227,2,2,2,,1080,1/21/2026,,,80%,1799,1.67,1799,1.67,2026-01-29,2026-02-04,7,7
The District at Parkcenter,B1,533-211,2,2,2,,1080,1/21/2026,,,120%,1949,1.8,1949,1.8,2026-01-20,2026-02-07,19,18
The District at Parkcenter,B1,509-209,2,2,2,,1080,2/6/2026,,,120%,1999,1.85,1999,1.85,2026-02-07,2026-02-17,11,11
The District at Parkcenter,B1,509-203,2,2,2,,1080,10/19/2023,,,120%,1599,1.48,1599,1.48,2023-09-23,2024-01-17,117,91
The District at Parkcenter,B1,509-203,2,2,2,,1080,2/6/2026,,,120%,1999,1.85,1999,1.85,2026-02-17,2026-03-03,15,15
The District at Parkcenter,B1,537-319,3,2,2,,1080,3/29/2025,400,,120%,2000,1.85,2000,1.85,2025-03-29,2025-04-24,27,27
The District at Parkcenter,B1,537-319,3,2,2,,1080,2/11/2026,,,120%,2049,1.9,2049,1.9,2026-02-07,2026-03-12,34,30
The District at Parkcenter,B1,533-327,3,2,2,,1080,11/3/2023,,,120%,1699,1.57,1699,1.57,2023-10-03,2024-01-04,94,63
The District at Parkcenter,B1,533-327,3,2,2,,1080,3/20/2026,,,120%,2150,1.99,2150,1.99,2026-03-03,2026-03-26,24,7
The District at Parkcenter,B2,509-129,1,2,2,,1108,9/7/2023,,,80%,1799,1.62,1799,1.62,2023-07-18,2024-01-27,194,143
The District at Parkcenter,B2,509-329,3,2,2,,1108,12/14/2023,,,80%,1799,1.62,1799,1.62,2023-11-18,2024-01-17,61,35
The District at Parkcenter,B2,537-113,1,2,2,,1108,7/20/2023,,,80%,1799,1.62,1799,1.62,,2024-01-17,,
The District at Parkcenter,B2,533-229,2,2,2,,1108,1/22/2024,,,80%,1799,1.62,1799,1.62,2023-12-28,2024-01-09,13,0
The District at Parkcenter,B2,537-129,1,2,2,,1108,8/4/2023,,,120%,1995,1.8,1995,1.8,2023-07-04,2023-10-03,92,61
The District at Parkcenter,B2,509-213,2,2,2,,1108,6/10/2024,400,,120%,2150,1.94,2150,1.94,2024-05-11,2024-08-09,91,61
The District at Parkcenter,B2,509-213,2,2,2,,1108,7/3/2025,400,,120%,1999,1.8,1999,1.8,2025-07-03,2025-10-08,98,98
The District at Parkcenter,B2,509-313,3,2,2,,1108,6/17/2023,,,120%,2065,1.86,2065,1.86,,2023-06-20,,
The District at Parkcenter,B2,509-129 - B2 (1),2,2,2,,1108,9/7/2023,,,120%,2100,1.9,2100,1.9,2023-08-09,2023-08-16,8,0
The District at Parkcenter,B2,509-113,1,2,2,,1108,1/5/2024,,,120%,1799,1.62,1799,1.62,2023-11-29,2024-02-13,77,40
The District at Parkcenter,B2,509-113,1,2,2,,1108,3/27/2026,,,120%,2100,1.9,2100,1.9,2026-03-12,2026-03-26,15,0
The District at Parkcenter,B2,533-213,2,2,2,,1108,6/17/2023,,,120%,2100,1.9,2100,1.9,,2023-08-09,,
The District at Parkcenter,B2,509-129 - B2,2,2,2,,1108,9/7/2023,,,120%,2100,1.9,2100,1.9,2023-08-09,2023-08-16,8,0
The District at Parkcenter,B2,533-313,3,2,2,,1108,3/29/2025,400,,120%,2150,1.94,2150,1.94,2025-03-25,2025-06-04,72,68
The District at Parkcenter,B2,509-229,2,2,2,,1108,9/8/2023,,,120%,1799,1.62,1799,1.62,2023-07-18,2024-02-09,207,155
The District at Parkcenter,B2,509-229,2,2,2,,1108,2/28/2025,400,,120%,2150,1.94,2150,1.94,2025-02-25,2025-05-08,73,70
Columbia Village,1BR x 1BA Classic,U103,1,1,1,,707,12/28/2023,,,60%,1180,1.67,1180,1.67,2023-11-09,2023-12-20,42,0
Columbia Village,1BR x 1BA Classic,T304,3,1,1,,707,1/6/2025,,12,60%,1182,1.67,1182,1.67,2024-10-02,2024-11-19,49,0
Columbia Village,1BR x 1BA Classic,X104,1,1,1,,707,8/30/2024,,12,60%,1439,2.04,1439,2.04,2024-06-23,2024-07-23,31,0
Columbia Village,1BR x 1BA Classic,X104,1,1,1,,707,3/17/2025,,13,60%,1204,1.7,1204,1.7,2025-01-10,2025-01-13,4,0
Columbia Village,1BR x 1BA Classic,X303,3,1,1,,707,10/19/2023,,,60%,1208,1.71,1208,1.71,2023-08-31,2023-11-02,64,15
Columbia Village,1BR x 1BA Classic,X303,3,1,1,,707,12/15/2024,,13,60%,1205,1.7,1205,1.7,2024-10-07,2024-11-17,42,0
Columbia Village,1BR x 1BA Classic,U202,2,1,1,,707,5/10/2024,,12,60%,1348,1.91,1348,1.91,2024-04-04,2024-05-22,49,13
Columbia Village,1BR x 1BA Classic,U202,2,1,1,,707,12/10/2024,,13,60%,1233,1.74,1233,1.74,2024-09-24,2024-11-03,41,0
Columbia Village,1BR x 1BA Classic,X202,2,1,1,,707,6/13/2024,,,60%,1425,2.02,1425,2.02,2024-05-02,2024-05-03,2,0
Columbia Village,1BR x 1BA Classic,X202,2,1,1,,707,7/22/2025,,12,60%,1331,1.88,1331,1.88,2025-05-18,2025-06-09,23,0
Columbia Village,1BR x 1BA Classic,X202,2,1,1,,707,3/24/2026,,13,60%,1257,1.78,1168,1.65,2026-02-14,2026-02-19,6,0
Columbia Village,1BR x 1BA Classic,U304,3,1,1,,707,7/10/2024,,12,80%,1492,2.11,1492,2.11,2024-05-02,2024-05-26,25,0
Columbia Village,1BR x 1BA Classic,U304,3,1,1,,707,11/20/2025,,13,80%,1301,1.84,1301,1.84,2025-10-19,2025-10-20,2,0
Columbia Village,1BR x 1BA Classic,U203,2,1,1,,707,10/3/2024,,12,80%,1326,1.88,1326,1.88,2024-07-21,2024-10-19,91,17
Columbia Village,1BR x 1BA Classic,U203,2,1,1,,707,4/4/2026,,12,80%,1357,1.92,1253,1.77,2026-01-14,2026-02-20,38,0
Columbia Village,1BR x 1BA Classic,R302,3,1,1,,707,9/10/2024,,12,80%,1386,1.96,1386,1.96,2024-08-08,2024-08-17,10,0
Columbia Village,1BR x 1BA Classic,R302,3,1,1,,707,9/29/2025,,13,80%,1299,1.84,1299,1.84,2025-08-23,2025-09-05,14,0
Columbia Village,1BR x 1BA Classic,R302,3,1,1,,707,1/22/2026,,13,80%,1363,1.93,1363,1.93,2025-12-14,2025-12-31,18,0
Columbia Village,1BRx1BA Renovated,R203,2,1,1,,707,11/13/2023,,,80%,1480,2.09,1480,2.09,2023-10-07,2023-12-24,79,42
Columbia Village,1BRx1BA Renovated,R203,2,1,1,,707,5/29/2024,,12,80%,1720,2.43,1720,2.43,2024-04-25,2024-06-06,43,9
Columbia Village,1BRx1BA Renovated,R203,2,1,1,,707,11/20/2024,,13,80%,1423,2.01,1423,2.01,2024-11-09,2025-01-11,64,53
Columbia Village,1BRx1BA Renovated,R203,2,1,1,,707,11/23/2025,,12,80%,1369,1.94,1264,1.79,2025-09-18,2026-01-29,134,68
Columbia Village,1BRx1BA Renovated,R201,2,1,1,,707,7/9/2023,,,80%,1613,2.28,1613,2.28,,2023-06-28,,
Columbia Village,1BRx1BA Renovated,R201,2,1,1,,707,9/7/2024,,12,80%,1649,2.33,1649,2.33,2024-06-22,2024-08-30,70,0
Columbia Village,1BRx1BA Renovated,R201,2,1,1,,707,3/23/2025,,13,80%,1555,2.2,1555,2.2,2025-03-02,2025-04-17,47,26
Columbia Village,1BRx1BA Renovated,R201,2,1,1,,707,12/7/2025,,12,80%,1369,1.94,1264,1.79,2025-09-28,2026-01-28,123,53
Columbia Village,1BRx1BA Renovated,U201,2,1,1,,707,8/19/2023,,,80%,1560,2.21,1560,2.21,2023-07-05,2023-09-21,79,34
Columbia Village,1BRx1BA Renovated,U201,2,1,1,,707,11/4/2024,,12,80%,1384,1.96,1384,1.96,2024-10-27,2024-12-08,43,35
Columbia Village,1BR x 1BA Classic,R101,1,1,1,,707,6/11/2024,,12,80%,1399,1.98,1399,1.98,2024-05-10,2024-05-21,12,0
Columbia Village,1BR x 1BA Classic,R101,1,1,1,,707,7/24/2025,,12,80%,1387,1.96,1387,1.96,2025-05-16,2025-06-06,22,0
Columbia Village,1BRx1BA Renovated,R104,1,1,1,,707,8/9/2024,,11,80%,1690,2.39,1690,2.39,2024-06-08,2024-09-14,99,37
Columbia Village,1BRx1BA Renovated,R104,1,1,1,,707,4/5/2026,,12,80%,1393,1.97,1286,1.82,2026-01-27,2026-02-12,17,0
Columbia Village,1BRx1BA Renovated,T301,3,1,1,,707,10/10/2023,,,80%,1397,1.98,1397,1.98,2023-08-31,2023-12-11,103,63
Columbia Village,1BR x 1BA Classic,U302,3,1,1,,707,5/20/2024,,13,80%,1563,2.21,1563,2.21,2024-03-31,2024-07-17,109,59
Columbia Village,1BR x 1BA Classic,U302,3,1,1,,707,3/1/2026,,13,80%,1413,2,1313,1.86,2025-12-18,2026-02-11,56,0
Columbia Village,1BRx1BA Renovated,R103,1,1,1,,707,1/19/2024,,13,80%,1578,2.23,1578,2.23,2023-12-13,2024-03-15,94,57
Columbia Village,1BRx1BA Renovated,R103,1,1,1,,707,4/29/2025,,12,80%,1425,2.02,1425,2.02,2025-02-22,2025-03-12,19,0
Columbia Village,1BRx1BA Renovated,U104,1,1,1,,707,7/18/2025,,12,80%,1613,2.28,1530,2.16,2025-04-21,2025-08-15,117,29
Columbia Village,1BRx1BA Renovated,U104,1,1,1,,707,2/28/2026,,12,80%,1429,2.02,1429,2.02,2025-11-19,2025-12-23,35,0
Columbia Village,1BRx1BA Renovated,R204,2,1,1,,707,2/7/2026,,13,80%,1429,2.02,1327,1.88,2025-08-30,2026-02-11,166,5
Columbia Village,1BR x 1BA Classic,R202,2,1,1,,707,12/23/2023,,,80%,1160,1.64,1160,1.64,2023-11-14,2023-12-12,29,0
Columbia Village,1BR x 1BA Classic,R202,2,1,1,,707,2/1/2026,,13,80%,1435,2.03,1325,1.87,2025-11-22,2026-01-09,49,0
Columbia Village,1BRx1BA Renovated,U101,1,1,1,,707,10/19/2024,,13,80%,1436,2.03,1436,2.03,2024-08-15,2024-10-21,68,3
Columbia Village,1BRx1BA Renovated,U101,1,1,1,,707,4/28/2025,,12,80%,1436,2.03,1436,2.03,2025-02-23,2025-03-13,19,0
Columbia Village,1BRx1BA Renovated,T102,1,1,1,,707,2/10/2025,,13,80%,1575,2.23,1575,2.23,2024-11-25,2025-04-17,144,67
Columbia Village,1BRx1BA Renovated,T102,1,1,1,,707,12/27/2025,,13,80%,1449,2.05,1338,1.89,2025-10-20,2026-01-09,82,14
Columbia Village,1BRx1BA Renovated,U102,1,1,1,,707,12/1/2023,,,80%,1405,1.99,1405,1.99,2023-09-22,2023-11-23,63,0
Columbia Village,1BRx1BA Renovated,U102,1,1,1,,707,11/10/2024,,12,80%,1543,2.18,1543,2.18,2024-09-07,2024-12-17,102,38
Columbia Village,1BRx1BA Renovated,U102,1,1,1,,707,11/5/2025,,12,80%,1456,2.06,1456,2.06,2025-08-30,2025-12-14,107,40
Columbia Village,1BRx1BA Renovated,P302,3,1,1,,707,8/30/2025,,12,80%,1713,2.42,1713,2.42,2025-06-20,2025-08-28,70,0
Columbia Village,1BRx1BA Renovated,P302,3,1,1,,707,4/8/2026,,12,80%,1457,2.06,1345,1.9,2026-01-22,2026-02-20,30,0
Columbia Village,1BRx1BA Renovated,P201,2,1,1,,707,12/31/2023,,,80%,1360,1.92,1360,1.92,2023-11-04,2023-12-07,34,0
Columbia Village,1BRx1BA Renovated,P201,2,1,1,,707,6/11/2024,,12,80%,1675,2.37,1675,2.37,2024-04-26,2024-05-30,35,0
Columbia Village,1BRx1BA Renovated,P201,2,1,1,,707,3/29/2026,,13,80%,1461,2.07,1357,1.92,2026-01-18,2026-02-20,34,0
Columbia Village,1BRx1BA Renovated,T203,2,1,1,,707,2/27/2024,,,80%,1467,2.07,1467,2.07,2024-01-11,2024-02-04,25,0
Columbia Village,1BRx1BA Renovated,X204,2,1,1,,707,7/10/2023,,,80%,1590,2.25,1590,2.25,,2023-06-21,,
Columbia Village,1BRx1BA Renovated,X204,2,1,1,,707,7/20/2024,,12,80%,1627,2.3,1627,2.3,2024-06-17,2024-08-07,52,19
Columbia Village,1BRx1BA Renovated,X204,2,1,1,,707,2/28/2025,,13,80%,1477,2.09,1477,2.09,2025-02-01,2025-03-05,33,6
Columbia Village,1BRx1BA Renovated,X101,1,1,1,,707,4/16/2025,,13,80%,1605,2.27,1605,2.27,2025-02-07,2025-04-17,70,2
Columbia Village,1BRx1BA Renovated,X101,1,1,1,,707,1/6/2026,,13,80%,1479,2.09,1365,1.93,2025-10-12,2026-01-08,89,3
Columbia Village,1BRx1BA Renovated,T101,1,1,1,,707,11/14/2023,,,80%,1373,1.94,1373,1.94,2023-10-02,2023-11-18,48,5
Columbia Village,1BRx1BA Renovated,T101,1,1,1,,707,1/29/2026,,13,80%,1524,2.16,1416,2,2025-12-13,2026-02-19,69,22
Columbia Village,1BR x 1BA Classic,R304,3,1,1,,707,8/18/2023,,,80%,1416,2,1416,2,2023-07-13,2023-07-20,8,0
Columbia Village,1BR x 1BA Classic,R304,3,1,1,,707,8/27/2024,,12,80%,1380,1.95,1380,1.95,2024-07-31,2024-08-06,7,0
Columbia Village,1BR x 1BA Classic,R304,3,1,1,,707,9/5/2025,,12,80%,1520,2.15,1520,2.15,2025-07-11,2025-07-19,9,0
Columbia Village,1BR x 1BA Classic,U204,2,1,1,,707,10/13/2023,,,80%,1225,1.73,1225,1.73,2023-10-05,2023-10-15,11,3
Columbia Village,1BR x 1BA Classic,U204,2,1,1,,707,4/26/2026,,13,80%,1525,2.16,1525,2.16,2026-04-10,2026-04-14,5,0
Columbia Village,1BR x 1BA Classic,T201,2,1,1,,707,1/29/2024,,13,80%,1530,2.16,1530,2.16,2024-01-03,2024-03-14,72,46
Columbia Village,1BRx1BA Renovated,X201,2,1,1,,707,2/19/2025,,13,80%,1665,2.36,1665,2.36,2024-12-07,2025-04-17,132,58
Columbia Village,1BRx1BA Renovated,X201,2,1,1,,707,12/30/2025,,13,80%,1539,2.18,1421,2.01,2025-10-18,2026-01-10,85,12
Columbia Village,1BRx1BA Renovated,X304,3,1,1,,707,7/19/2025,,12,80%,1573,2.22,1573,2.22,2025-04-17,2025-05-25,39,0
Columbia Village,1BRx1BA Renovated,R301,3,1,1,,707,12/18/2023,,,80%,1451,2.05,1451,2.05,2023-12-07,2024-01-28,53,42
Columbia Village,1BRx1BA Renovated,R301,3,1,1,,707,3/11/2025,,13,80%,1575,2.23,1575,2.23,2024-12-31,2025-04-17,108,38
Columbia Village,1BRx1BA Renovated,P103,1,1,1,,707,2/22/2024,,,80%,1580,2.23,1580,2.23,2024-01-08,2024-02-09,33,0
Columbia Village,1BRx1BA Renovated,P101,1,1,1,,707,10/26/2023,,,80%,1416,2,1416,2,2023-08-31,2023-12-05,97,41
Columbia Village,1BRx1BA Renovated,P101,1,1,1,,707,3/13/2025,,13,80%,1581,2.24,1581,2.24,2024-12-24,2025-01-17,25,0
Columbia Village,1BR x 1BA Classic,T204,2,1,1,,707,7/24/2026,,12,80%,1608,2.27,1608,2.27,2026-04-07,2026-06-09,64,0
Columbia Village,1BRx1BA Renovated,X301,3,1,1,,707,10/1/2025,,12,80%,1612,2.28,1612,2.28,2025-09-07,2025-09-30,24,0
Columbia Village,1BRx1BA Renovated,X102,1,1,1,,707,8/7/2023,,,80%,1623,2.3,1623,2.3,,2023-06-30,,
Columbia Village,1BRx1BA Renovated,T103,1,1,1,,707,6/22/2023,,,80%,1623,2.3,1623,2.3,,2023-06-28,,
Columbia Village,1BRx1BA Renovated,R303,3,1,1,,707,7/24/2025,,13,80%,1634,2.31,1634,2.31,2025-05-03,2025-07-11,70,0
Columbia Village,1BRx1BA Renovated,U301,3,1,1,,707,9/26/2023,,,80%,1642,2.32,1642,2.32,2023-08-03,2023-08-19,17,0
Columbia Village,1BR x 1BA Classic,T202,2,1,1,,707,9/17/2023,,,80%,1377,1.95,1377,1.95,2023-07-26,2023-08-11,17,0
Columbia Village,1BR x 1BA Classic,T202,2,1,1,,707,9/11/2024,,12,80%,1337,1.89,1337,1.89,2024-07-12,2024-08-07,27,0
Columbia Village,1BR x 1BA Classic,T202,2,1,1,,707,10/20/2026,,13,80%,1645,2.33,1645,2.33,2026-06-22,2026-07-02,11,0
Columbia Village,1BRx1BA Renovated,X103,1,1,1,,707,4/30/2024,,13,80%,1682,2.38,1682,2.38,2024-03-18,2024-04-17,31,0
Columbia Village,1BRx1BA Renovated,P203,2,1,1,,707,6/2/2026,,12,120%,1758,2.49,1758,2.49,2026-03-26,2026-04-29,35,0
Columbia Village,1BRx1BA Renovated,T104,1,1,1,,707,8/18/2023,,,120%,1627,2.3,1627,2.3,2023-06-30,2023-08-31,63,14
Columbia Village,1BRx1BA Renovated,T104,1,1,1,,707,5/14/2026,,13,120%,1761,2.49,1761,2.49,2026-02-06,2026-04-14,68,0
Columbia Village,1BRx1BA Renovated,R102,1,1,1,,707,1/22/2026,,13,120%,1471,2.08,1471,2.08,2025-12-03,2025-12-20,18,0
Columbia Village,1BRx1BA Renovated,R102,1,1,1,,707,7/31/2026,,12,120%,1818,2.57,1818,2.57,2026-05-23,2026-06-09,18,0
Columbia Village,1BRx1BA Renovated,P301,3,1,1,,707,7/9/2023,,,120%,1520,2.15,1520,2.15,,2023-06-20,,
Columbia Village,1BRx1BA Renovated,P301,3,1,1,,707,7/19/2026,,12,120%,1831,2.59,1831,2.59,2026-04-26,2026-06-12,48,0
Columbia Village,1BRx1BA Renovated,P304,3,1,1,,707,8/17/2023,,,120%,1518,2.15,1518,2.15,2023-06-30,2023-08-09,41,0
Columbia Village,1BRx1BA Renovated,P304,3,1,1,,707,8/26/2024,,12,120%,1512,2.14,1512,2.14,2024-08-08,2024-08-25,18,0
Columbia Village,1BRx1BA Renovated,P304,3,1,1,,707,7/10/2026,,12,120%,1843,2.61,1843,2.61,2026-05-04,2026-05-13,10,0
Columbia Village,1BRx1BA Renovated,P202,2,1,1,,707,9/17/2023,,,120%,1473,2.08,1473,2.08,2023-08-09,2024-02-06,182,143
Columbia Village,1BRx1BA Renovated,P202,2,1,1,,707,9/4/2026,,12,120%,1885,2.67,1885,2.67,2026-06-26,2026-07-02,7,0
Columbia Village,1BRx1BA Renovated,T303,3,1,1,,707,1/7/2024,,,120%,1459,2.06,1459,2.06,2023-12-01,2023-12-19,19,0
Columbia Village,1BRx1BA Renovated,T303,3,1,1,,707,7/8/2025,,11,120%,1432,2.03,1432,2.03,2025-04-14,2025-09-11,151,66
Columbia Village,1BRx1BA Renovated,T303,3,1,1,,707,9/3/2026,,12,120%,1905,2.69,1905,2.69,2026-06-27,2026-07-02,6,0
Columbia Village,1BRx1BA Renovated,X302,3,1,1,,707,8/10/2026,,12,120%,1905,2.69,1905,2.69,2026-06-26,2026-07-02,7,0
Columbia Village,1BRx1BA Renovated,U303,3,1,1,,707,3/16/2024,,12,120%,1701,2.41,1701,2.41,2024-02-10,2024-05-11,92,57
Columbia Village,1BRx1BA Renovated,U303,3,1,1,,707,11/9/2025,,9,120%,1756,2.48,1756,2.48,2025-10-05,2025-11-19,46,11
Columbia Village,1BRx1BA Renovated,U303,3,1,1,,707,6/2/2026,,12,120%,1963,2.78,1963,2.78,2026-03-16,2026-05-11,57,0
Columbia Village,2BR x 1BA Classic,M201,2,2,1,,941,12/24/2023,,,60%,1380,1.47,1380,1.47,2023-11-16,2023-12-13,28,0
Columbia Village,2BR x 1BA Classic,C101,1,2,1,,941,9/10/2023,,,60%,1437,1.53,1437,1.53,2023-07-28,2023-07-31,4,0
Columbia Village,2BR x 1BA Classic,C202,2,2,1,,941,9/11/2023,,,80%,1448,1.54,1448,1.54,2023-08-02,2023-08-05,4,0
Columbia Village,2BR x 1BA Classic,C203,2,2,1,,941,8/10/2024,,12,80%,1464,1.56,1464,1.56,2024-05-24,2024-07-10,48,0
Columbia Village,2BR x 1BA Classic,C201,2,2,1,,941,8/2/2025,,12,80%,1497,1.59,1497,1.59,2025-05-27,2025-07-04,39,0
Columbia Village,2BRx1BA Renovated,A301,3,2,1,,941,6/20/2023,,,80%,1673,1.78,1673,1.78,,2023-06-18,,
Columbia Village,2BRx1BA Renovated,A301,3,2,1,,941,10/12/2023,,,80%,1498,1.59,1498,1.59,2023-09-26,2023-12-05,71,55
Columbia Village,2BR x 1BA Classic,V102,1,2,1,,941,1/16/2025,,12,80%,1513,1.61,1513,1.61,2024-12-11,2025-01-11,32,0
Columbia Village,2BR x 1BA Classic,C104,1,2,1,,941,4/29/2024,,12,80%,1461,1.55,1461,1.55,2024-02-17,2024-03-24,37,0
Columbia Village,2BR x 1BA Classic,C104,1,2,1,,941,12/9/2025,,12,80%,1515,1.61,1515,1.61,2025-10-05,2025-10-11,7,0
Columbia Village,2BRx1BA Renovated,Y101,1,2,1,,941,7/29/2024,,13,80%,1534,1.63,1534,1.63,2024-05-18,2024-07-11,55,0
Columbia Village,2BR x 1BA Classic,A303,3,2,1,,941,12/20/2023,,13,80%,1564,1.66,1564,1.66,2023-12-07,2024-02-18,74,61
Columbia Village,2BR x 1BA Classic,V202,2,2,1,,941,11/28/2024,,13,80%,1477,1.57,1477,1.57,2024-09-18,2024-10-10,23,0
Columbia Village,2BR x 1BA Classic,V202,2,2,1,,941,2/8/2026,,12,80%,1614,1.72,1490,1.58,2025-12-04,2026-01-29,57,0
Columbia Village,2BRx1BA Renovated,Y204,2,2,1,,941,9/3/2024,,12,80%,1627,1.73,1627,1.73,2024-06-17,2024-07-01,15,0
Columbia Village,2BRx1BA Renovated,M102,1,2,1,,941,7/29/2024,,13,80%,1607,1.71,1607,1.71,2024-06-13,2024-06-28,16,0
Columbia Village,2BRx1BA Renovated,M102,1,2,1,,941,1/7/2026,,12,80%,1629,1.73,1504,1.6,2025-10-27,2026-02-03,100,28
Columbia Village,2BR x 1BA Classic,V104,1,2,1,,941,3/21/2026,,13,80%,1634,1.74,1634,1.74,2026-01-14,2026-03-24,70,4
Columbia Village,2BR x 1BA Classic,Y201,2,2,1,,941,4/18/2024,,12,80%,1605,1.71,1605,1.71,2024-02-10,2024-03-08,28,0
Columbia Village,2BR x 1BA Classic,Y201,2,2,1,,941,4/13/2026,,12,80%,1634,1.74,1634,1.74,2026-01-30,2026-03-22,52,0
Columbia Village,2BRx1BA Renovated,A201,2,2,1,,941,11/2/2024,,13,80%,1718,1.83,1718,1.83,2024-09-20,2024-09-25,6,0
Columbia Village,2BRx1BA Renovated,A201,2,2,1,,941,11/6/2025,,12,80%,1644,1.75,1507,1.6,2025-11-05,2025-12-23,49,48
Columbia Village,2BR x 1BA Classic,M301,3,2,1,,941,3/9/2026,,13,80%,1654,1.76,1654,1.76,2025-09-19,2026-03-24,187,16
Columbia Village,2BR x 1BA Classic,A203,2,2,1,,941,6/22/2023,,,80%,1624,1.73,1624,1.73,,2023-07-19,,
Columbia Village,2BR x 1BA Classic,A203,2,2,1,,941,8/17/2024,,12,80%,1708,1.82,1708,1.82,2024-06-08,2024-06-24,17,0
Columbia Village,2BRx1BA Renovated,A101,1,2,1,,941,7/7/2025,,12,80%,1745,1.85,1745,1.85,2025-05-10,2025-06-29,51,0
Columbia Village,2BRx1BA Renovated,A302,3,2,1,,941,6/18/2023,,,80%,1798,1.91,1798,1.91,,2023-07-01,,
Columbia Village,2BRx1BA Renovated,A302,3,2,1,,941,10/7/2025,,9,80%,1751,1.86,1751,1.86,2025-09-06,2025-09-26,21,0
Columbia Village,2BRx1BA Renovated,A102,1,2,1,,941,6/18/2023,,,80%,1818,1.93,1818,1.93,,2023-06-21,,
Columbia Village,2BRx1BA Renovated,A102,1,2,1,,941,8/10/2024,,13,80%,1797,1.91,1797,1.91,2024-06-22,2024-07-12,21,0
Columbia Village,2BRx1BA Renovated,L204,2,2,1,,941,4/9/2024,,12,80%,1850,1.97,1850,1.97,2024-02-19,2024-05-26,98,48
Columbia Village,2BRx1BA Renovated,L204,2,2,1,,941,6/10/2025,,12,80%,2087,2.22,2087,2.22,2025-04-03,2025-06-06,65,0
Columbia Village,2BRx1BA Renovated,L204,2,2,1,,941,12/19/2025,,12,80%,1808,1.92,1657,1.76,2025-10-25,2026-01-11,79,24
Columbia Village,2BRx1BA Renovated,V204,2,2,1,,941,11/4/2024,,12,80%,1544,1.64,1544,1.64,2024-09-11,2025-01-30,142,88
Columbia Village,2BRx1BA Renovated,V204,2,2,1,,941,3/27/2026,,12,80%,1837,1.95,1837,1.95,2026-01-17,2026-04-07,81,12
Columbia Village,2BR x 1BA Classic,V103,1,2,1,,941,9/20/2024,,13,80%,1469,1.56,1469,1.56,2024-07-13,2024-07-16,4,0
Columbia Village,2BR x 1BA Classic,V103,1,2,1,,941,6/2/2026,,13,80%,1837,1.95,1837,1.95,2026-03-11,2026-06-08,90,7
Columbia Village,2BRx1BA Renovated,L101,1,2,1,,941,5/11/2024,,12,80%,1861,1.98,1861,1.98,2024-02-25,2024-02-27,3,0
Columbia Village,2BRx1BA Renovated,L101,1,2,1,,941,4/15/2025,,11,80%,1886,2,1886,2,2025-03-15,2025-05-21,68,37
Columbia Village,2BRx1BA Renovated,M204,2,2,1,,941,9/30/2025,,13,120%,1583,1.68,1583,1.68,2025-07-25,2025-08-03,10,0
Columbia Village,2BRx1BA Renovated,M204,2,2,1,,941,7/2/2026,,12,120%,2008,2.13,2008,2.13,2026-04-26,2026-06-12,48,0
Columbia Village,2BRx1BA Renovated,M304,3,2,1,,941,7/24/2026,,13,120%,2078,2.21,2078,2.21,2026-05-16,2026-06-16,32,0
Columbia Village,2BRx1BA Renovated,Y104,1,2,1,,941,12/6/2023,,,120%,1715,1.82,1715,1.82,2023-10-09,2023-12-29,82,24
Columbia Village,2BRx1BA Renovated,Y104,1,2,1,,941,9/10/2026,,12,120%,2186,2.32,2186,2.32,2026-07-01,2026-07-02,2,0
Columbia Village,2BRx1BA Renovated,M202,2,2,1,,967,6/2/2024,,12,80%,1582,1.64,1582,1.64,2024-04-26,2024-07-09,75,38
Columbia Village,2BRx1BA Renovated,Y203,2,2,1,,967,9/14/2025,,13,80%,1637,1.69,1637,1.69,2025-07-25,2025-08-05,12,0
Columbia Village,2BRx1BA Renovated,M303,3,2,1,,967,9/1/2024,,9,80%,1637,1.69,1637,1.69,2024-08-23,2024-10-25,64,55
Columbia Village,2BRx1BA Renovated,M303,3,2,1,,967,8/6/2025,,12,80%,1683,1.74,1683,1.74,2025-05-22,2025-07-18,58,0
Columbia Village,2BRx1BA Renovated,M302,3,2,1,,967,11/29/2025,,12,80%,1687,1.74,1557,1.61,2025-10-15,2026-01-22,100,55
Columbia Village,2BRx1BA Renovated,M203,2,2,1,,967,1/13/2025,,12,80%,1695,1.75,1695,1.75,2024-10-24,2025-02-25,125,44
Columbia Village,2BRx1BA Renovated,Y202,2,2,1,,967,10/27/2023,,,80%,1744,1.8,1744,1.8,2023-09-22,2023-10-04,13,0
Columbia Village,2BRx1BA Renovated,Y102,1,2,1,,967,4/2/2025,,12,80%,1752,1.81,1752,1.81,2025-01-26,2025-01-28,3,0
Columbia Village,2BRx1BA Renovated,Y103,1,2,1,,967,10/16/2024,,11,120%,1647,1.7,1647,1.7,2024-09-22,2024-10-01,10,0
Columbia Village,2BRx1BA Renovated,Y103,1,2,1,,967,1/27/2026,,13,120%,1710,1.77,1578,1.63,2025-12-19,2026-01-21,34,0
Columbia Village,2BRx1BA Renovated,Y103,1,2,1,,967,7/9/2026,,12,120%,1937,2,1937,2,2026-05-01,2026-06-08,39,0
Columbia Village,2BR x 1BA Classic,L203,2,2,1,,967,6/5/2025,,13,120%,1896,1.96,1896,1.96,2025-03-31,2025-06-20,82,16
Columbia Village,2BR x 1BA Classic,L203,2,2,1,,967,8/2/2026,,12,120%,2079,2.15,2079,2.15,2026-05-18,2026-06-23,37,0
Columbia Village,2BRx1BA Renovated,L102,1,2,1,,967,10/13/2024,,12,120%,1519,1.57,1519,1.57,2024-08-04,2024-12-05,124,54
Columbia Village,2BRx1BA Renovated,L102,1,2,1,,967,8/10/2026,,12,120%,2130,2.2,2130,2.2,2026-05-16,2026-06-26,42,0
Columbia Village,2BR x 2BA Classic,H201,2,2,2,,1007,7/4/2023,,,80%,1616,1.6,1616,1.6,2023-06-24,2023-09-21,90,80
Columbia Village,2BR x 2BA Classic,H201,2,2,2,,1007,10/10/2024,,11,80%,1502,1.49,1502,1.49,2024-10-02,2024-10-06,5,0
Columbia Village,2BR x 2BA Classic,F301,3,2,2,,1007,3/10/2025,,12,80%,1520,1.51,1520,1.51,2025-01-18,2025-02-22,36,0
Columbia Village,2BR x 2BA Classic,O104,1,2,2,,1007,8/21/2023,,,80%,1516,1.51,1516,1.51,2023-07-14,2023-07-25,12,0
Columbia Village,2BR x 2BA Classic,O104,1,2,2,,1007,1/30/2024,,,80%,1536,1.53,1536,1.53,2023-12-20,2024-01-17,29,0
Columbia Village,2BR x 2BA Classic,D302,3,2,2,,1007,9/10/2023,,,80%,1539,1.53,1539,1.53,2023-08-03,2023-08-31,29,0
Columbia Village,2BR x 2BA Classic,D303,3,2,2,,1007,8/6/2024,,12,80%,1678,1.67,1678,1.67,2024-06-22,2024-06-27,6,0
Columbia Village,2BR x 2BA Classic,D303,3,2,2,,1007,9/10/2025,,13,80%,1605,1.59,1528,1.52,2025-08-21,2025-08-25,5,0
Columbia Village,2BR x 2BA Classic,F204,2,2,2,,1007,4/19/2025,,12,80%,1617,1.61,1617,1.61,2025-02-16,2025-03-15,28,0
Columbia Village,2BR x 2BA Classic,D102,1,2,2,,1007,12/29/2023,,,80%,1664,1.65,1664,1.65,2023-10-05,2023-10-19,15,0
Columbia Village,2BR x 2BA Classic,D102,1,2,2,,1007,1/7/2025,,12,80%,1650,1.64,1650,1.64,2024-10-18,2024-11-19,33,0
Columbia Village,2BRx2BA Renovated,D201,2,2,2,,1007,11/10/2025,,13,80%,1677,1.67,1677,1.67,2025-10-12,2025-10-17,6,0
Columbia Village,2BR x 2BA Classic,D301,3,2,2,,1007,7/14/2025,,12,80%,1690,1.68,1690,1.68,2025-05-09,2025-05-13,5,0
Columbia Village,2BRx2BA Renovated,Q101,1,2,2,,1007,11/11/2025,,13,80%,1707,1.7,1707,1.7,2025-09-12,2025-10-17,36,0
Columbia Village,2BRx2BA Renovated,J201,2,2,2,,1007,9/22/2024,,12,80%,1707,1.7,1707,1.7,2024-03-14,2024-08-14,154,0
Columbia Village,2BRx2BA Renovated,J301,3,2,2,,1007,8/10/2025,,12,80%,1759,1.75,1759,1.75,2025-06-03,2025-07-09,37,0
Columbia Village,2BRx2BA Renovated,O201,2,2,2,,1007,3/10/2026,,13,80%,1819,1.81,1690,1.68,2025-12-26,2026-03-18,83,9
Columbia Village,2BRx2BA Renovated,Q204,2,2,2,,1007,9/26/2023,,,80%,1827,1.81,1827,1.81,2023-08-11,2023-09-13,34,0
Columbia Village,2BR x 2BA Classic,Q201,2,2,2,,1007,5/19/2025,,12,80%,1564,1.55,1564,1.55,2025-03-15,2025-03-21,7,0
Columbia Village,2BR x 2BA Classic,Q201,2,2,2,,1007,6/7/2026,,12,80%,1834,1.82,1834,1.82,2026-03-28,2026-05-21,55,0
Columbia Village,2BRx2BA Renovated,J102,1,2,2,,1007,6/18/2023,,,80%,1951,1.94,1951,1.94,,2023-07-29,,
Columbia Village,2BRx2BA Renovated,J102,1,2,2,,1007,9/26/2025,,12,80%,1874,1.86,1718,1.71,2025-07-11,2026-01-09,183,106
Columbia Village,2BRx2BA Renovated,F304,3,2,2,,1007,6/29/2024,,12,80%,2081,2.07,2081,2.07,2024-05-02,2024-05-23,22,0
Columbia Village,2BRx2BA Renovated,F304,3,2,2,,1007,8/7/2025,,10,80%,1876,1.86,1876,1.86,2025-06-15,2025-09-17,95,42
Columbia Village,2BR x 2BA Classic,O101,1,2,2,,1007,5/26/2024,,13,80%,1667,1.66,1667,1.66,2024-03-18,2024-03-30,13,0
Columbia Village,2BR x 2BA Classic,O101,1,2,2,,1007,6/5/2026,,12,80%,1881,1.87,1881,1.87,2026-03-11,2026-05-22,73,0
Columbia Village,2BRx2BA Renovated,D304,3,2,2,,1007,8/10/2024,,12,120%,1878,1.86,1878,1.86,2024-07-07,2024-08-01,26,0
Columbia Village,2BRx2BA Renovated,D304,3,2,2,,1007,10/2/2025,,9,120%,1930,1.92,1930,1.92,2025-08-21,2025-10-20,61,19
Columbia Village,2BRx2BA Renovated,D202,2,2,2,,1007,6/14/2024,,12,120%,1868,1.86,1868,1.86,2024-05-13,2024-06-25,44,12
Columbia Village,2BRx2BA Renovated,D202,2,2,2,,1007,7/3/2025,,12,120%,1991,1.98,1991,1.98,2025-04-17,2025-04-23,7,0
Columbia Village,2BRx2BA Renovated,H304,3,2,2,,1007,1/8/2024,,13,120%,1859,1.85,1859,1.85,2023-11-13,2024-03-22,131,75
Columbia Village,2BRx2BA Renovated,H304,3,2,2,,1007,5/6/2025,,12,120%,1999,1.99,1999,1.99,2025-03-11,2025-03-21,11,0
Columbia Village,2BRx2BA Renovated,D203,2,2,2,,1007,10/14/2025,,13,120%,2079,2.06,2079,2.06,2025-08-21,2025-11-16,88,34
Columbia Village,2BR x 2BA Classic,D101,1,2,2,,1007,11/10/2023,,,120%,1697,1.69,1697,1.69,2023-09-23,2023-10-27,35,0
Columbia Village,2BR x 2BA Classic,D101,1,2,2,,1007,11/19/2025,,12,120%,1790,1.78,1790,1.78,2025-10-25,2025-12-09,46,21
Columbia Village,2BR x 2BA Classic,D101,1,2,2,,1007,7/22/2026,,13,120%,2106,2.09,2106,2.09,2026-05-15,2026-05-19,5,0
Columbia Village,2BRx2BA Renovated,Q104,1,2,2,,1007,12/14/2023,,13,120%,1948,1.93,1948,1.93,2023-11-15,2024-02-21,99,70
Columbia Village,2BRx2BA Renovated,Q104,1,2,2,,1007,4/1/2025,,13,120%,1742,1.73,1742,1.73,2025-02-01,2025-03-14,42,0
Columbia Village,2BRx2BA Renovated,Q104,1,2,2,,1007,5/1/2026,,12,120%,2116,2.1,2116,2.1,2026-02-26,2026-04-30,64,0
Columbia Village,2BRx2BA Renovated,O204,2,2,2,,1007,8/5/2025,,12,120%,1667,1.66,1667,1.66,2025-05-20,2025-07-05,47,0
Columbia Village,2BRx2BA Renovated,O204,2,2,2,,1007,9/1/2026,,13,120%,2231,2.22,2231,2.22,2026-06-25,2026-07-02,8,0
Columbia Village,2BR x 2BA Classic,Q203,2,2,2,,1033,2/25/2024,,13,80%,1538,1.49,1538,1.49,2024-01-12,2024-03-27,76,32
Columbia Village,2BR x 2BA Classic,Q203,2,2,2,,1033,5/10/2025,,12,80%,1496,1.45,1496,1.45,2025-03-15,2025-03-19,5,0
Columbia Village,2BR x 2BA Classic,H202,2,2,2,,1033,5/17/2024,,12,80%,1677,1.62,1677,1.62,2024-03-03,2024-05-22,81,6
Columbia Village,2BRx2BA Renovated,Q102,1,2,2,,1033,8/1/2023,,,80%,1701,1.65,1701,1.65,2023-07-07,2023-09-30,86,61
Columbia Village,2BRx2BA Renovated,O202,2,2,2,,1033,5/10/2025,,12,80%,1770,1.71,1770,1.71,2025-02-16,2025-03-20,33,0
Columbia Village,2BRx2BA Renovated,Q103,1,2,2,,1033,8/25/2023,,,80%,1570,1.52,1570,1.52,2023-07-07,2023-12-03,150,101
Columbia Village,2BRx2BA Renovated,Q103,1,2,2,,1033,7/17/2024,,13,80%,1794,1.74,1794,1.74,2024-05-17,2024-06-27,42,0
Columbia Village,2BR x 2BA Classic,O102,1,2,2,,1033,12/29/2023,,,80%,1581,1.53,1581,1.53,2023-12-10,2023-12-30,21,2
Columbia Village,2BR x 2BA Classic,O102,1,2,2,,1033,5/29/2026,,12,80%,1802,1.74,1802,1.74,2026-03-18,2026-05-07,51,0
Columbia Village,2BRx2BA Renovated,O103,1,2,2,,1033,6/18/2023,,,80%,1784,1.73,1784,1.73,,2023-06-22,,
Columbia Village,2BRx2BA Renovated,O103,1,2,2,,1033,8/2/2024,,12,80%,1689,1.64,1689,1.64,2024-06-23,2024-07-18,26,0
Columbia Village,2BRx2BA Renovated,O103,1,2,2,,1033,2/10/2026,,12,80%,1816,1.76,1676,1.62,2026-01-14,2026-02-06,24,0
Columbia Village,2BRx2BA Renovated,J302,3,2,2,,1033,6/22/2024,,12,80%,1978,1.91,1978,1.91,2024-04-15,2024-05-30,46,0
Columbia Village,2BRx2BA Renovated,J302,3,2,2,,1033,12/31/2025,,12,80%,1836,1.78,1695,1.64,2025-10-09,2026-02-06,121,38
Columbia Village,2BRx2BA Renovated,F203,2,2,2,,1033,8/31/2025,,12,80%,1869,1.81,1869,1.81,2025-06-22,2025-07-25,34,0
Columbia Village,2BRx2BA Renovated,J101,1,2,2,,1033,6/18/2023,,,80%,1971,1.91,1971,1.91,,2023-08-02,,
Columbia Village,2BRx2BA Renovated,J101,1,2,2,,1033,7/5/2024,,13,80%,1868,1.81,1868,1.81,2024-06-27,2024-08-01,36,28
Columbia Village,2BRx2BA Renovated,J101,1,2,2,,1033,8/29/2025,,12,80%,1874,1.81,1874,1.81,2025-07-10,2025-07-25,16,0
Columbia Village,2BRx2BA Renovated,J303,3,2,2,,1033,6/18/2023,,,80%,1710,1.66,1710,1.66,,2023-12-01,,
Columbia Village,2BRx2BA Renovated,J303,3,2,2,,1033,12/25/2025,,12,80%,1910,1.85,1763,1.71,2025-10-30,2026-03-14,136,80
Columbia Village,2BR x 2BA Classic,J203,2,2,2,,1033,5/10/2025,,12,120%,1665,1.61,1665,1.61,2025-03-11,2025-03-12,2,0
Columbia Village,2BR x 2BA Classic,J203,2,2,2,,1033,9/27/2025,,10,120%,1666,1.61,1666,1.61,2025-08-21,2025-09-27,38,1
Columbia Village,2BR x 2BA Classic,J203,2,2,2,,1033,8/8/2026,,12,120%,1928,1.87,1928,1.87,2026-05-31,2026-06-09,10,0
Columbia Village,2BRx2BA Renovated,O203,2,2,2,,1033,6/22/2023,,,120%,1784,1.73,1784,1.73,,2023-06-27,,
Columbia Village,2BRx2BA Renovated,O203,2,2,2,,1033,8/27/2025,,9,120%,1944,1.88,1944,1.88,2025-07-10,2025-10-26,109,61
Columbia Village,2BRx2BA Renovated,Q202,2,2,2,,1033,9/22/2024,,12,120%,1657,1.6,1657,1.6,2024-03-29,2024-08-14,139,0
Columbia Village,2BRx2BA Renovated,Q202,2,2,2,,1033,8/10/2026,,12,120%,1982,1.92,1982,1.92,2026-06-03,2026-06-08,6,0
Columbia Village,2BRx2BA Renovated,H101,1,2,2,,1033,9/16/2024,,12,120%,1947,1.88,1947,1.88,2023-12-07,2025-02-05,427,143
Columbia Village,2BRx2BA Renovated,H101,1,2,2,,1033,2/17/2026,,12,120%,2000,1.94,1846,1.79,2026-02-06,2026-03-11,34,23
Columbia Village,2BR x 2BA Classic,F202,2,2,2,,1033,2/21/2024,,13,120%,1676,1.62,1676,1.62,2024-01-18,2024-02-18,32,0
Columbia Village,2BR x 2BA Classic,F202,2,2,2,,1033,7/17/2026,,12,120%,2063,2,2063,2,2026-05-11,2026-07-02,53,0
Columbia Village,2BRx2BA Renovated,H303,3,2,2,,1033,8/9/2024,,12,120%,1932,1.87,1932,1.87,2024-05-02,2024-07-06,66,0
Columbia Village,2BRx2BA Renovated,H303,3,2,2,,1033,4/25/2025,,12,120%,1864,1.8,1864,1.8,2025-02-18,2025-03-16,27,0
Columbia Village,2BRx2BA Renovated,H303,3,2,2,,1033,6/3/2026,,12,120%,2123,2.06,2123,2.06,2026-03-27,2026-04-05,10,0
Columbia Village,2BRx2BA Renovated,H203,2,2,2,,1033,11/23/2023,,,120%,1962,1.9,1962,1.9,,2024-01-14,,
Columbia Village,2BRx2BA Renovated,H203,2,2,2,,1033,7/25/2026,,13,120%,2193,2.12,2193,2.12,2026-04-26,2026-06-04,40,0
Columbia Village,3BR x 2BA Classic,W201,2,3,2,,1150,12/10/2023,,,60%,1465,1.27,1465,1.27,2023-10-27,2023-11-01,6,0
Columbia Village,3BR x 2BA Classic,W201,2,3,2,,1150,1/20/2025,,13,60%,1401,1.22,1401,1.22,2024-11-11,2024-11-22,12,0
Columbia Village,3BR x 2BA Classic,W301,3,3,2,,1150,12/21/2023,,,60%,1485,1.29,1485,1.29,2023-11-09,2023-11-23,15,0
Columbia Village,3BR x 2BA Classic,S303,3,3,2,,1150,9/3/2024,,12,60%,1562,1.36,1562,1.36,2024-06-22,2024-07-26,35,0
Columbia Village,3BR x 2BA Classic,E202,2,3,2,,1150,8/29/2023,,,60%,1680,1.46,1680,1.46,2023-07-13,2023-07-15,3,0
Columbia Village,3BR x 2BA Classic,E202,2,3,2,,1150,9/7/2024,,12,60%,1562,1.36,1562,1.36,2024-06-29,2024-07-24,26,0
Columbia Village,3BR x 2BA Classic,B101,1,3,2,,1150,6/22/2023,,,60%,1798,1.56,1798,1.56,,2023-06-22,,
Columbia Village,3BR x 2BA Classic,B101,1,3,2,,1150,8/3/2024,,12,60%,1775,1.54,1775,1.54,2024-06-13,2024-06-30,18,0
Columbia Village,3BR x 2BA Classic,B101,1,3,2,,1150,6/12/2025,,12,60%,1567,1.36,1484,1.29,2025-04-06,2025-08-20,137,70
Columbia Village,3BRx2BA Renovated,S103,1,3,2,,1150,11/12/2023,,,80%,1633,1.42,1633,1.42,2023-09-25,2024-01-23,121,73
Columbia Village,3BR x 2BA Classic,B303,3,3,2,,1150,2/20/2024,,13,80%,1636,1.42,1636,1.42,2024-01-13,2024-02-27,46,8
Columbia Village,3BR x 2BA Classic,G301,3,3,2,,1150,6/27/2025,,10,80%,1641,1.43,1641,1.43,2025-04-05,2025-08-12,130,47
Columbia Village,3BRx2BA Renovated,S104,1,3,2,,1150,2/10/2025,,13,80%,1642,1.43,1642,1.43,2024-12-02,2024-12-04,3,0
Columbia Village,3BRx2BA Renovated,W302,3,3,2,,1150,10/18/2023,,,80%,1900,1.65,1900,1.65,2023-09-24,2023-10-05,12,0
Columbia Village,3BRx2BA Renovated,W302,3,3,2,,1150,11/27/2024,,12,80%,1664,1.45,1664,1.45,2024-10-11,2024-11-12,33,0
Columbia Village,3BRx2BA Renovated,N101,1,3,2,,1150,3/17/2024,,13,80%,1730,1.5,1730,1.5,2024-02-08,2024-03-19,41,3
Columbia Village,3BRx2BA Renovated,N101,1,3,2,,1150,9/14/2025,,13,80%,1667,1.45,1667,1.45,2025-09-07,2025-10-11,35,28
Columbia Village,3BRx2BA Renovated,W202,2,3,2,,1150,2/3/2024,,13,80%,1696,1.47,1696,1.47,2023-11-15,2024-04-30,168,88
Columbia Village,3BR x 2BA Classic,B201,2,3,2,,1150,7/19/2025,,12,80%,1868,1.62,1868,1.62,2025-05-22,2025-05-29,8,0
Columbia Village,3BR x 2BA Classic,B201,2,3,2,,1150,12/1/2025,,13,80%,1704,1.48,1704,1.48,2025-11-19,2025-11-22,4,0
Columbia Village,3BRx2BA Renovated,E301,3,3,2,,1150,9/30/2023,,,80%,1884,1.64,1884,1.64,2023-08-30,2023-09-02,4,0
Columbia Village,3BRx2BA Renovated,E301,3,3,2,,1150,10/23/2024,,12,80%,1732,1.51,1732,1.51,2024-08-15,2024-10-26,73,4
Columbia Village,3BR x 2BA Classic,B102,1,3,2,,1150,7/14/2024,,12,80%,1876,1.63,1876,1.63,2024-06-07,2024-06-14,8,0
Columbia Village,3BR x 2BA Classic,B102,1,3,2,,1150,8/23/2025,,13,80%,1749,1.52,1749,1.52,2025-06-20,2025-10-26,129,65
Columbia Village,3BR x 2BA Classic,G102,1,3,2,,1150,6/23/2024,,12,80%,1775,1.54,1775,1.54,2024-04-26,2024-06-28,64,6
Columbia Village,3BRx2BA Renovated,S304,3,3,2,,1150,6/10/2024,,12,80%,2036,1.77,2036,1.77,2024-03-11,2024-06-21,103,12
Columbia Village,3BRx2BA Renovated,S304,3,3,2,,1150,7/5/2025,,13,80%,1784,1.55,1784,1.55,2025-05-10,2025-09-17,131,75
Columbia Village,3BRx2BA Renovated,S204,2,3,2,,1150,1/19/2024,,,80%,1886,1.64,1886,1.64,2023-12-09,2023-12-12,4,0
Columbia Village,3BRx2BA Renovated,S204,2,3,2,,1150,12/17/2024,,12,80%,1927,1.68,1927,1.68,2024-12-05,2025-02-06,64,52
Columbia Village,3BRx2BA Renovated,S204,2,3,2,,1150,12/23/2025,,12,80%,1798,1.56,1648,1.43,2025-12-04,2026-01-10,38,19
Columbia Village,3BRx2BA Renovated,W303,3,3,2,,1150,2/10/2024,,13,80%,1873,1.63,1873,1.63,2023-11-19,2024-03-14,117,34
Columbia Village,3BRx2BA Renovated,W303,3,3,2,,1150,3/24/2025,,13,80%,1810,1.57,1810,1.57,2025-01-11,2025-01-25,15,0
Columbia Village,3BR x 2BA Classic,W104,1,3,2,,1150,9/30/2023,,,80%,1705,1.48,1705,1.48,2023-08-08,2023-08-14,7,0
Columbia Village,3BR x 2BA Classic,W104,1,3,2,,1150,6/8/2025,,12,80%,1823,1.59,1823,1.59,2025-04-13,2025-04-25,13,0
Columbia Village,3BRx2BA Renovated,W103,1,3,2,,1150,6/11/2025,,12,80%,1826,1.59,1743,1.52,2025-04-12,2025-08-15,126,66
Columbia Village,3BR x 2BA Classic,N201,2,3,2,,1150,6/10/2026,,12,80%,1882,1.64,1882,1.64,2026-04-02,2026-06-16,76,7
Columbia Village,3BRx2BA Renovated,I304,3,3,2,,1150,9/19/2023,,,80%,1787,1.55,1787,1.55,2023-07-26,2023-11-02,100,45
Columbia Village,3BRx2BA Renovated,I304,3,3,2,,1150,8/16/2025,,12,80%,1886,1.64,1803,1.57,2025-05-02,2025-08-14,105,0
Columbia Village,3BRx2BA Renovated,N204,2,3,2,,1150,11/4/2024,,13,80%,1756,1.53,1756,1.53,2024-08-15,2024-10-28,75,0
Columbia Village,3BRx2BA Renovated,N204,2,3,2,,1150,12/29/2025,,12,80%,1900,1.65,1681,1.46,2025-10-23,2026-02-19,120,53
Columbia Village,3BRx2BA Renovated,N301,3,3,2,,1150,2/10/2026,,13,80%,1902,1.65,1699,1.48,2025-12-04,2026-02-26,85,17
Columbia Village,3BR x 2BA Classic,E201,2,3,2,,1150,11/10/2023,,,80%,1475,1.28,1475,1.28,2023-10-31,2023-11-13,14,4
Columbia Village,3BR x 2BA Classic,E201,2,3,2,,1150,3/29/2024,,13,80%,1440,1.25,1440,1.25,2024-03-14,2024-03-16,3,0
Columbia Village,3BR x 2BA Classic,E201,2,3,2,,1150,5/8/2025,,13,80%,1653,1.44,1653,1.44,2025-02-26,2025-03-18,21,0
Columbia Village,3BR x 2BA Classic,E201,2,3,2,,1150,6/17/2026,,13,80%,1927,1.68,1927,1.68,2026-04-26,2026-05-11,16,0
Columbia Village,3BR x 2BA Classic,N104,1,3,2,,1150,8/20/2024,,13,80%,2076,1.81,2076,1.81,2024-05-24,2024-06-21,29,0
Columbia Village,3BR x 2BA Classic,N104,1,3,2,,1150,8/20/2025,,13,80%,1942,1.69,1942,1.69,2025-06-12,2025-10-17,128,59
Columbia Village,3BRx2BA Renovated,B203,2,3,2,,1150,9/2/2025,,13,80%,1884,1.64,1807,1.57,2025-07-08,2025-08-27,51,0
Columbia Village,3BRx2BA Renovated,B203,2,3,2,,1150,3/3/2026,,12,80%,1992,1.73,1762,1.53,2025-12-23,2026-02-23,63,0
Columbia Village,3BRx2BA Renovated,S203,2,3,2,,1150,5/7/2024,,,80%,1999,1.74,1999,1.74,2024-02-29,2024-05-06,68,0
Columbia Village,3BRx2BA Renovated,W203,2,3,2,,1150,4/22/2024,,12,80%,1711,1.49,1711,1.49,2024-03-06,2024-03-09,4,0
Columbia Village,3BRx2BA Renovated,W203,2,3,2,,1150,5/1/2025,,13,80%,1943,1.69,1943,1.69,2025-03-27,2025-04-02,7,0
Columbia Village,3BRx2BA Renovated,W203,2,3,2,,1150,4/10/2026,,12,80%,2025,1.76,2025,1.76,2026-02-01,2026-04-09,68,0
Columbia Village,3BRx2BA Renovated,G204,2,3,2,,1150,11/19/2023,,12,80%,1753,1.52,1753,1.52,2023-10-09,2024-03-17,161,120
Columbia Village,3BRx2BA Renovated,G204,2,3,2,,1150,9/30/2025,,12,80%,2032,1.77,1797,1.56,2025-09-22,2026-02-25,157,149
Columbia Village,3BRx2BA Renovated,K201,2,3,2,,1150,7/2/2024,,12,80%,2052,1.78,2052,1.78,2024-05-02,2024-06-09,39,0
Columbia Village,3BRx2BA Renovated,I102,1,3,2,,1150,9/23/2023,,,80%,2072,1.8,2072,1.8,2023-08-16,2023-08-31,16,0
Columbia Village,3BRx2BA Renovated,I102,1,3,2,,1150,11/1/2024,,11,80%,1725,1.5,1725,1.5,2024-08-15,2024-12-06,114,36
Columbia Village,3BRx2BA Renovated,I102,1,3,2,,1150,10/20/2025,,13,80%,2072,1.8,2072,1.8,2025-09-07,2025-12-04,89,46
Columbia Village,3BRx2BA Renovated,I301,3,3,2,,1150,7/4/2023,,,80%,1959,1.7,1959,1.7,2023-06-27,2023-07-05,9,2
Columbia Village,3BRx2BA Renovated,I301,3,3,2,,1150,8/23/2025,,13,80%,1607,1.4,1607,1.4,2025-06-20,2025-10-14,117,53
Columbia Village,3BRx2BA Renovated,I301,3,3,2,,1150,4/21/2026,,12,80%,2090,1.82,1849,1.61,2026-02-11,2026-03-15,33,0
Columbia Village,3BR x 2BA Classic,G304,3,3,2,,1150,7/26/2024,,13,80%,1722,1.5,1722,1.5,2024-06-13,2024-07-20,38,0
Columbia Village,3BR x 2BA Classic,G304,3,3,2,,1150,10/3/2025,,12,80%,2090,1.82,1849,1.61,2025-09-18,2026-03-13,177,162
Columbia Village,3BRx2BA Renovated,W204,2,3,2,,1150,5/4/2024,,,80%,1879,1.63,1879,1.63,2024-04-07,2024-05-06,30,3
Columbia Village,3BRx2BA Renovated,W204,2,3,2,,1150,4/3/2025,,13,80%,2268,1.97,2268,1.97,2025-01-16,2025-06-15,151,74
Columbia Village,3BRx2BA Renovated,W204,2,3,2,,1150,3/6/2026,,12,80%,2101,1.83,2101,1.83,2025-12-26,2026-04-07,103,33
Columbia Village,3BRx2BA Renovated,S101,1,3,2,,1150,5/22/2026,,13,80%,2111,1.84,2111,1.84,2026-03-15,2026-04-04,21,0
Columbia Village,3BRx2BA Renovated,B301,3,3,2,,1150,3/22/2024,,13,80%,1951,1.7,1951,1.7,2024-02-16,2024-03-27,41,6
Columbia Village,3BRx2BA Renovated,B301,3,3,2,,1150,5/6/2026,,12,80%,2118,1.84,2118,1.84,2026-02-26,2026-04-11,45,0
Columbia Village,3BRx2BA Renovated,K102,1,3,2,,1150,6/22/2023,,,80%,1760,1.53,1760,1.53,2023-06-21,2023-09-28,100,99
Columbia Village,3BRx2BA Renovated,K102,1,3,2,,1150,12/25/2024,,12,80%,1800,1.57,1800,1.57,2024-11-30,2025-01-25,57,32
Columbia Village,3BRx2BA Renovated,K102,1,3,2,,1150,2/6/2026,,12,80%,2133,1.85,2133,1.85,2025-12-03,2025-12-20,18,0
Columbia Village,3BR x 2BA Classic,E303,3,3,2,,1150,6/8/2025,,13,120%,2083,1.81,2083,1.81,2025-03-29,2025-06-14,78,7
Columbia Village,3BR x 2BA Classic,E303,3,3,2,,1150,8/5/2026,,11,120%,2163,1.88,2163,1.88,2026-05-11,2026-06-27,48,0
Columbia Village,3BRx2BA Renovated,S102,1,3,2,,1150,7/17/2023,,,120%,1971,1.71,1971,1.71,2023-06-25,2023-07-25,31,9
Columbia Village,3BRx2BA Renovated,S102,1,3,2,,1150,4/23/2025,,13,120%,2174,1.89,2174,1.89,2025-03-11,2025-06-12,94,51
Columbia Village,3BR x 2BA Classic,B302,3,3,2,,1150,5/30/2024,,12,120%,1579,1.37,1579,1.37,2024-03-21,2024-04-17,28,0
Columbia Village,3BR x 2BA Classic,B302,3,3,2,,1150,8/7/2026,,11,120%,2233,1.94,2233,1.94,2025-12-19,2026-06-28,192,0
Columbia Village,3BRx2BA Renovated,E204,2,3,2,,1150,11/8/2023,,,120%,1850,1.61,1850,1.61,2023-09-25,2024-02-06,135,91
Columbia Village,3BRx2BA Renovated,E204,2,3,2,,1150,5/16/2026,,13,120%,2248,1.95,2248,1.95,2026-03-11,2026-04-12,33,0
Columbia Village,3BRx2BA Renovated,B202,2,3,2,,1150,6/18/2023,,,120%,1938,1.69,1938,1.69,,2023-06-23,,
Columbia Village,3BRx2BA Renovated,B202,2,3,2,,1150,9/16/2024,,12,120%,2058,1.79,2058,1.79,2024-06-26,2024-09-10,77,0
Columbia Village,3BRx2BA Renovated,B202,2,3,2,,1150,7/25/2026,,12,120%,2282,1.98,2282,1.98,2026-05-18,2026-06-16,30,0
Columbia Village,3BRx2BA Renovated,S301,3,3,2,,1150,6/18/2023,,,120%,2039,1.77,2039,1.77,,2023-06-27,,
Columbia Village,3BRx2BA Renovated,S301,3,3,2,,1150,2/10/2024,,12,120%,2075,1.8,2075,1.8,2024-01-18,2024-03-31,74,51
Columbia Village,3BRx2BA Renovated,S301,3,3,2,,1150,4/4/2025,,13,120%,2339,2.03,2339,2.03,2025-04-03,2025-04-23,21,20
Columbia Village,3BRx2BA Renovated,S301,3,3,2,,1150,6/18/2026,,13,120%,2303,2,2303,2,2026-04-12,2026-06-09,59,0
Columbia Village,3BRx2BA Renovated,W304,3,3,2,,1150,11/8/2024,,11,120%,1653,1.44,1653,1.44,2024-09-27,2024-12-10,75,33
Columbia Village,3BRx2BA Renovated,W304,3,3,2,,1150,6/10/2026,,13,120%,2311,2.01,2311,2.01,2026-04-02,2026-05-15,44,0
Columbia Village,3BRx2BA Renovated,S202,2,3,2,,1150,6/22/2026,,13,120%,2322,2.02,2322,2.02,2026-04-17,2026-06-12,57,0
Columbia Village,3BRx2BA Renovated,I204,2,3,2,,1150,4/10/2024,,12,120%,1830,1.59,1830,1.59,2024-02-29,2024-03-17,18,0
Columbia Village,3BRx2BA Renovated,I204,2,3,2,,1150,4/22/2025,,13,120%,2187,1.9,2187,1.9,2025-02-16,2025-04-06,50,0
Columbia Village,3BRx2BA Renovated,I204,2,3,2,,1150,7/7/2026,,12,120%,2382,2.07,2382,2.07,2025-12-03,2026-06-16,196,0
Columbia Village,3BRx2BA Renovated,K301,3,3,2,,1150,8/10/2023,,,120%,2005,1.74,2005,1.74,2023-07-01,2023-07-29,29,0
Columbia Village,3BRx2BA Renovated,K301,3,3,2,,1150,8/19/2024,,13,120%,1928,1.68,1928,1.68,2024-06-08,2024-07-29,52,0
Columbia Village,3BRx2BA Renovated,K301,3,3,2,,1150,8/28/2026,,13,120%,2469,2.15,2469,2.15,2026-05-25,2026-07-02,39,0
Columbia Village,3BRx2BA Renovated,W101,1,3,2,,1150,5/22/2026,,11,120%,2751,2.39,2751,2.39,2025-12-29,2026-07-02,186,42
Columbia Village,3BR x 2BA Classic,N203,2,3,2,,1176,6/22/2023,,,60%,1689,1.44,1689,1.44,,2023-06-28,,
Columbia Village,3BR x 2BA Classic,N203,2,3,2,,1176,8/14/2025,,12,60%,1500,1.28,1500,1.28,2025-06-12,2025-08-30,80,17
Columbia Village,3BR x 2BA Classic,G101,1,3,2,,1176,9/10/2025,,13,60%,1504,1.28,1427,1.21,2025-08-21,2025-08-27,7,0
Columbia Village,3BRx2BA Renovated,K203,2,3,2,,1176,8/18/2023,,,80%,1670,1.42,1670,1.42,2023-08-06,2024-01-13,161,149
Columbia Village,3BR x 2BA Classic,I303,3,3,2,,1176,5/3/2024,,,80%,1899,1.61,1899,1.61,2024-03-08,2024-05-06,60,4
Columbia Village,3BR x 2BA Classic,I303,3,3,2,,1176,10/25/2024,,12,80%,1673,1.42,1673,1.42,2024-10-24,2024-11-09,17,16
Columbia Village,3BRx2BA Renovated,N304,3,3,2,,1176,11/2/2024,,12,80%,1692,1.44,1692,1.44,2024-08-22,2025-01-23,155,83
Columbia Village,3BR x 2BA Classic,N202,2,3,2,,1176,9/10/2023,,,80%,1715,1.46,1715,1.46,2023-08-02,2023-08-06,5,0
Columbia Village,3BR x 2BA Classic,N102,1,3,2,,1176,12/4/2023,,,80%,1485,1.26,1485,1.26,2023-10-31,2023-11-26,27,0
Columbia Village,3BR x 2BA Classic,N102,1,3,2,,1176,12/30/2024,,12,80%,1354,1.15,1354,1.15,2024-10-24,2024-10-30,7,0
Columbia Village,3BR x 2BA Classic,N102,1,3,2,,1176,1/11/2026,,12,80%,1753,1.49,1607,1.37,2025-10-31,2026-01-08,70,0
Columbia Village,3BRx2BA Renovated,I302,3,3,2,,1176,8/7/2023,,,80%,2031,1.73,2031,1.73,2023-06-30,2023-08-09,41,3
Columbia Village,3BRx2BA Renovated,I302,3,3,2,,1176,4/28/2024,,13,80%,2048,1.74,2048,1.74,2024-02-24,2024-07-11,139,75
Columbia Village,3BRx2BA Renovated,I302,3,3,2,,1176,9/4/2025,,12,80%,1762,1.5,1762,1.5,2025-06-20,2025-08-30,72,0
Columbia Village,3BR x 2BA Classic,N303,3,3,2,,1176,4/16/2025,,12,80%,1813,1.54,1813,1.54,2025-02-06,2025-03-19,42,0
Columbia Village,3BRx2BA Renovated,K302,3,3,2,,1176,8/28/2023,,,80%,1742,1.48,1742,1.48,2023-07-22,2023-09-26,67,30
Columbia Village,3BRx2BA Renovated,K302,3,3,2,,1176,6/2/2025,,12,80%,2157,1.83,2157,1.83,2025-03-28,2025-04-13,17,0
Columbia Village,3BRx2BA Renovated,K302,3,3,2,,1176,10/9/2025,,12,80%,1814,1.54,1731,1.47,2025-08-22,2025-08-23,2,0
Columbia Village,3BRx2BA Renovated,I202,2,3,2,,1176,1/20/2024,,,80%,1776,1.51,1776,1.51,2023-12-13,2024-01-30,49,11
Columbia Village,3BRx2BA Renovated,I202,2,3,2,,1176,1/10/2026,,12,80%,1842,1.57,1629,1.39,2025-11-09,2026-02-19,103,41
Columbia Village,3BR x 2BA Classic,G203,2,3,2,,1176,8/9/2025,,12,80%,1842,1.57,1842,1.57,2025-07-25,2025-09-11,49,34
Columbia Village,3BRx2BA Renovated,K202,2,3,2,,1176,5/15/2024,,,120%,1989,1.69,1989,1.69,2024-04-04,2024-05-06,33,0
Columbia Village,3BRx2BA Renovated,K202,2,3,2,,1176,5/10/2025,,12,120%,2143,1.82,2143,1.82,2025-03-15,2025-06-10,88,32
Columbia Village,3BRx2BA Renovated,G303,3,3,2,,1176,7/25/2024,,12,120%,2265,1.93,2265,1.93,2024-05-10,2024-06-23,45,0
Columbia Village,3BRx2BA Renovated,G303,3,3,2,,1176,8/3/2025,,12,120%,2187,1.86,2187,1.86,2025-05-08,2025-08-01,86,0
Columbia Village,3BRx2BA Renovated,N302,3,3,2,,1176,4/18/2025,,13,120%,2178,1.85,2178,1.85,2025-02-14,2025-05-15,91,28
Columbia Village,3BRx2BA Renovated,N302,3,3,2,,1176,6/1/2026,,13,120%,2301,1.96,2301,1.96,2026-03-22,2026-05-13,53,0
Columbia Village,3BRx2BA Renovated,K101,1,3,2,,1176,6/1/2024,,12,120%,2286,1.94,2286,1.94,2024-03-31,2024-06-05,67,5
Columbia Village,3BRx2BA Renovated,K101,1,3,2,,1176,1/10/2025,,13,120%,2210,1.88,2210,1.88,2024-10-16,2025-02-28,136,50
Columbia Village,3BRx2BA Renovated,K101,1,3,2,,1176,5/14/2026,,13,120%,2323,1.98,2323,1.98,2026-03-18,2026-05-01,45,0
Columbia Village,3BRx2BA Renovated,K303,3,3,2,,1176,10/26/2023,,12,120%,1972,1.68,1972,1.68,2023-09-24,2024-02-18,148,116
Columbia Village,3BRx2BA Renovated,K303,3,3,2,,1176,8/4/2024,,12,120%,2180,1.85,2180,1.85,2024-07-26,2024-08-04,10,1
Columbia Village,3BRx2BA Renovated,K303,3,3,2,,1176,8/19/2025,,12,120%,2504,2.13,2504,2.13,2025-06-12,2025-07-08,27,0
The Mill at Loggers Creek,A1,310,,0,1,,622,11/23/2023,750,12,120%,1600,2.57,1467,2.36,2023-11-23,2024-09-04,287,287
The Mill at Loggers Creek,A1,206,,0,1,,622,11/23/2023,750,12,120%,1625,2.61,1490,2.4,2023-11-23,2024-08-23,275,275
The Mill at Loggers Creek,A1,106,,0,1,,622,11/23/2023,750,12,120%,1650,2.65,1650,2.65,2023-11-23,2024-06-25,216,216
The Mill at Loggers Creek,A1,202,,0,1,,622,11/23/2023,750,12,120%,1835,2.95,1835,2.95,2023-11-23,2024-05-03,163,163
The Mill at Loggers Creek,A1,334,,1,1,,622,11/23/2023,750,15,80%,1400,2.25,1213,1.95,2023-11-23,2025-01-01,406,406
The Mill at Loggers Creek,A1,339,,1,1,,622,11/23/2023,750,13,80%,1450,2.33,1227,1.97,2023-11-23,2024-12-18,392,392
The Mill at Loggers Creek,A1,302,,1,1,,622,11/23/2023,750,12,80%,1450,2.33,1208,1.94,2023-11-23,2024-11-23,367,367
The Mill at Loggers Creek,A1,234,3,1,1,,622,11/23/2023,750,14,80%,1450,2.33,1243,2,2023-11-23,2024-12-24,398,398
The Mill at Loggers Creek,A1,239,,1,1,,622,11/23/2023,750,15,80%,1450,2.33,1257,2.02,2023-11-23,2024-12-28,402,402
The Mill at Loggers Creek,A1,208,,1,1,,622,11/23/2023,750,14,80%,1475,2.37,1264,2.03,2023-11-23,2025-01-04,409,409
The Mill at Loggers Creek,A1 1x1,306,,1,1,,622,11/23/2023,750,13,80%,1450,2.33,1227,1.97,2023-11-23,2024-12-14,388,388
The Mill at Loggers Creek,A1 1x1,306,,1,1,,622,2/8/2026,750,13,80%,1500,2.41,1340,2.15,2025-12-09,2026-02-18,72,11
The Mill at Loggers Creek,A1,336,,1,1,,622,11/23/2023,750,14,80%,1550,2.49,1329,2.14,2023-11-23,2024-12-26,400,400
The Mill at Loggers Creek,A1,307,,1,1,,622,11/23/2023,750,14,80%,1555,2.5,1333,2.14,2023-11-23,2025-01-10,415,415
The Mill at Loggers Creek,A1 1x1,210,,1,1,,622,11/23/2023,750,12,80%,1575,2.53,1575,2.53,2023-11-23,2024-06-28,219,219
The Mill at Loggers Creek,A1 1x1,210,,1,1,,622,8/12/2025,750,12,80%,1595,2.56,1472,2.37,2025-06-05,2025-08-22,79,11
The Mill at Loggers Creek,A1 1x1,210,,1,1,,622,2/16/2026,750,13,80%,1575,2.53,1463,2.35,2025-12-10,2026-03-04,85,17
The Mill at Loggers Creek,A1 1x1,104,,1,1,,622,11/23/2023,750,12,80%,1585,2.55,1453,2.34,2023-11-23,2025-03-10,474,474
The Mill at Loggers Creek,A1 1x1,104,,1,1,,622,4/10/2026,750,13,80%,1585,2.55,1508,2.42,2026-02-24,2026-04-11,47,2
The Mill at Loggers Creek,A1,207,,1,1,,622,11/23/2023,750,12,80%,1575,2.53,1575,2.53,2023-11-23,2024-04-28,158,158
The Mill at Loggers Creek,A1,207,,1,1,,622,7/7/2025,750,12,80%,1585,2.55,1453,2.34,2025-06-03,2025-07-02,30,0
The Mill at Loggers Creek,A1 1x1,418,,1,1,,622,11/23/2023,750,12,80%,1585,2.55,1453,2.34,2023-11-23,2025-03-30,494,494
The Mill at Loggers Creek,A1 1x1,418,,1,1,,622,5/7/2026,750,12,80%,1585,2.55,1502,2.41,2026-03-03,2026-04-17,46,0
The Mill at Loggers Creek,A1,410,,1,1,,622,11/23/2023,750,12,80%,1600,2.57,1467,2.36,2023-11-23,2025-04-22,517,517
The Mill at Loggers Creek,A1 1x1,218,,1,1,,622,11/23/2023,750,12,80%,1600,2.57,1600,2.57,2023-11-23,2024-05-03,163,163
The Mill at Loggers Creek,A1 1x1,218,,1,1,,622,7/7/2025,750,12,80%,1610,2.59,1476,2.37,2025-05-07,2025-07-02,57,0
The Mill at Loggers Creek,A1 1x1,218,,1,1,,622,2/26/2026,750,13,80%,1610,2.59,1496,2.41,2026-02-11,2026-03-25,43,28
The Mill at Loggers Creek,A1,434,,1,1,,622,5/16/2024,750,12,80%,1635,2.63,1362,2.19,2024-05-16,2024-11-27,196,196
The Mill at Loggers Creek,A1,434,,1,1,,622,1/26/2026,750,12,80%,1635,2.63,1383,2.22,2025-11-11,2026-01-11,62,0
The Mill at Loggers Creek,A1,439,,1,1,,622,5/16/2024,750,12,80%,1635,2.63,1499,2.41,2024-05-16,2025-03-05,294,294
The Mill at Loggers Creek,A1 1x1,406,,1,1,,622,4/28/2024,750,12,80%,1635,2.63,1499,2.41,2024-04-28,2025-02-03,282,282
The Mill at Loggers Creek,A1 1x1,406,,1,1,,622,3/4/2026,750,13,80%,1635,2.63,1461,2.35,2025-11-18,2026-02-25,100,0
The Mill at Loggers Creek,A1 1x1,402,,1,1,,622,4/18/2024,750,13,80%,1635,2.63,1509,2.43,2024-04-18,2025-02-05,294,294
The Mill at Loggers Creek,A1 1x1,402,,1,1,,622,3/13/2026,750,13,80%,1635,2.63,1519,2.44,2026-02-03,2026-02-28,26,0
The Mill at Loggers Creek,A1,407,,1,1,,622,11/23/2023,750,12,80%,1650,2.65,1512,2.43,2023-11-23,2025-04-08,503,503
The Mill at Loggers Creek,A1 1x1,102,,1,1,,622,11/23/2023,750,13,80%,1450,2.33,1450,2.33,2023-11-23,2024-12-20,394,394
The Mill at Loggers Creek,A1 1x1,102,,1,1,,622,6/16/2026,750,12,80%,1675,2.69,1675,2.69,2026-04-25,2026-05-02,8,0
The Mill at Loggers Creek,A1 1x1,214,,1,1,,622,11/23/2023,750,12,80%,1625,2.61,1625,2.61,2023-11-23,2024-05-03,163,163
The Mill at Loggers Creek,A1 1x1,214,,1,1,,622,11/30/2024,750,12,80%,1565,2.52,1435,2.31,2024-10-28,2025-05-13,198,165
The Mill at Loggers Creek,A1 1x1,214,,1,1,,622,7/7/2026,750,12,80%,1700,2.73,1700,2.73,2026-04-16,2026-05-28,43,0
The Mill at Loggers Creek,A1 1x1,408,,1,1,,622,5/16/2024,750,12,120%,1635,2.63,1635,2.63,2024-05-16,2025-03-24,313,313
The Mill at Loggers Creek,A1 1x1,408,,1,1,,622,7/6/2026,750,12,120%,1745,2.81,1745,2.81,2026-04-21,2026-05-13,23,0
The Mill at Loggers Creek,A1 1x1,318,,1,1,,622,11/23/2023,750,12,120%,1600,2.57,1600,2.57,2023-11-23,2024-05-03,163,163
The Mill at Loggers Creek,A1 1x1,318,,1,1,,622,5/7/2025,750,12,120%,1800,2.89,1650,2.65,2025-04-10,2025-05-19,40,13
The Mill at Loggers Creek,A1 1x1,318,,1,1,,622,6/20/2026,750,12,120%,1810,2.91,1810,2.91,2026-05-16,2026-05-19,4,0
The Mill at Loggers Creek,A1 1x1,436,3,1,1,,622,5/16/2024,750,13,120%,1635,2.63,1509,2.43,2024-05-16,2025-02-15,276,276
The Mill at Loggers Creek,A1 1x1,436,3,1,1,,622,7/18/2026,750,12,120%,1810,2.91,1810,2.91,2026-05-13,2026-06-17,36,0
The Mill at Loggers Creek,A1,236,3,1,1,,622,11/23/2023,750,12,120%,1650,2.65,1512,2.43,2023-11-23,2024-09-11,294,294
The Mill at Loggers Creek,A1,236,3,1,1,,622,9/22/2025,750,12,120%,1835,2.95,1682,2.7,2025-06-12,2025-07-19,38,0
The Mill at Loggers Creek,A1 1x1,308,,1,1,,622,11/23/2023,750,14,120%,1585,2.55,1359,2.18,2023-11-23,2025-01-05,410,410
The Mill at Loggers Creek,A1 1x1,308,,1,1,,622,8/4/2026,750,9,120%,1845,2.97,1845,2.97,2026-05-30,2026-07-08,40,0
The Mill at Loggers Creek,B5,222,,1,1,,703,11/23/2023,750,12,80%,1550,2.2,1421,2.02,2023-11-23,2024-08-10,262,262
The Mill at Loggers Creek,B5,320,,1,1,,703,11/23/2023,750,12,80%,2100,2.99,2100,2.99,2023-11-23,2024-06-23,214,214
The Mill at Loggers Creek,B5,320,,1,1,,703,9/7/2025,750,12,80%,1625,2.31,1375,1.96,2025-07-21,2025-11-26,129,81
The Mill at Loggers Creek,B5,322,,1,1,,703,11/23/2023,750,12,80%,2100,2.99,2100,2.99,2023-11-23,2024-06-23,214,214
The Mill at Loggers Creek,B5,322,,1,1,,703,9/7/2025,750,13,80%,1650,2.35,1416,2.01,2025-07-21,2025-12-15,148,100
The Mill at Loggers Creek,B5,422,,1,1,,703,11/23/2023,750,12,120%,1875,2.67,1719,2.45,2023-11-23,2024-08-23,275,275
The Mill at Loggers Creek,B5,422,,1,1,,703,9/22/2025,750,12,120%,1775,2.52,1638,2.33,2025-08-05,2025-09-06,33,0
The Mill at Loggers Creek,B5,220,,1,1,,703,11/23/2023,750,12,120%,1800,2.56,1800,2.56,2023-11-23,2024-05-21,181,181
The Mill at Loggers Creek,B5 1x1,420,,1,1,,703,11/23/2023,750,12,120%,1875,2.67,1719,2.45,2023-11-23,2024-08-23,275,275
The Mill at Loggers Creek,B5 1x1,420,,1,1,,703,5/11/2026,750,12,120%,1875,2.67,1875,2.67,2025-09-18,2026-05-13,238,3
The Mill at Loggers Creek,B4,232,,1,1,,722,11/23/2023,750,12,80%,1850,2.56,1850,2.56,2023-11-23,2024-06-23,214,214
The Mill at Loggers Creek,B4,232,,1,1,,722,8/31/2025,750,12,80%,1550,2.15,1311,1.82,2025-07-21,2025-11-26,129,88
The Mill at Loggers Creek,B4,432,,1,1,,722,11/23/2023,750,12,120%,1825,2.53,1673,2.32,2023-11-23,2025-05-03,528,528
The Mill at Loggers Creek,B4,332,3,1,1,,722,11/23/2023,750,12,120%,1850,2.56,1850,2.56,2023-11-23,2024-04-10,140,140
The Mill at Loggers Creek,B1,229,,1,1,,808,11/23/2023,750,12,80%,1650,2.04,1650,2.04,2023-11-23,2024-11-16,360,360
The Mill at Loggers Creek,B1 1x1,411,,1,1,,808,11/23/2023,750,12,120%,1805,2.23,1504,1.86,2023-11-23,2024-10-01,314,314
The Mill at Loggers Creek,B1 1x1,411,,1,1,,808,12/9/2025,750,13,120%,1825,2.26,1630,2.02,2025-10-01,2026-02-11,134,65
The Mill at Loggers Creek,B1,431,3,1,1,,808,4/25/2024,750,12,120%,1950,2.41,1788,2.21,2024-04-25,2024-08-23,121,121
The Mill at Loggers Creek,B1,431,3,1,1,,808,9/22/2025,750,12,120%,1850,2.29,1708,2.11,2025-08-05,2025-08-20,16,0
The Mill at Loggers Creek,B1,231,,1,1,,808,11/23/2023,750,12,120%,1850,2.29,1696,2.1,2023-11-23,2024-09-04,287,287
The Mill at Loggers Creek,B1,227,2,1,1,,808,11/23/2023,750,12,120%,1850,2.29,1850,2.29,2023-11-23,2024-07-31,252,252
The Mill at Loggers Creek,B1 1x1,331,,1,1,,808,11/23/2023,750,12,120%,1850,2.29,1696,2.1,2023-11-23,2024-08-23,275,275
The Mill at Loggers Creek,B1 1x1,331,,1,1,,808,11/11/2025,750,13,120%,1850,2.29,1653,2.05,2025-09-18,2026-02-19,155,101
The Mill at Loggers Creek,B1,429,,1,1,,808,4/25/2024,750,12,120%,1950,2.41,1788,2.21,2024-04-25,2024-08-23,121,121
The Mill at Loggers Creek,B1,429,,1,1,,808,9/22/2025,750,12,120%,1875,2.32,1731,2.14,2025-08-05,2025-08-23,19,0
The Mill at Loggers Creek,B1,311,,1,1,,808,11/23/2023,750,12,120%,1850,2.29,1850,2.29,2023-11-23,2024-05-17,177,177
The Mill at Loggers Creek,B1,311,,1,1,,808,8/26/2025,750,12,120%,1885,2.33,1802,2.23,2025-07-20,2025-07-27,8,0
The Mill at Loggers Creek,B1,333,,1,1,,808,11/23/2023,750,12,120%,1850,2.29,1850,2.29,2023-11-23,2024-05-03,163,163
The Mill at Loggers Creek,B1,333,,1,1,,808,2/10/2025,750,13,120%,1885,2.33,1740,2.15,2025-01-27,2025-02-05,10,0
The Mill at Loggers Creek,B1,333,,1,1,,808,10/26/2025,750,13,120%,1885,2.33,1684,2.08,2025-09-16,2025-10-22,37,0
The Mill at Loggers Creek,B1,233,,1,1,,808,11/23/2023,750,12,120%,1850,2.29,1850,2.29,2023-11-23,2024-06-21,212,212
The Mill at Loggers Creek,B1,233,,1,1,,808,8/7/2025,750,12,120%,1885,2.33,1885,2.33,2025-06-27,2025-08-14,49,8
The Mill at Loggers Creek,B1,329,,1,1,,808,11/23/2023,750,12,120%,2100,2.6,2100,2.6,2023-11-23,2024-07-03,224,224
The Mill at Loggers Creek,B1,329,,1,1,,808,8/26/2025,750,12,120%,1900,2.35,1742,2.16,2025-06-06,2025-07-13,38,0
The Mill at Loggers Creek,B1,327,,1,1,,808,11/23/2023,750,12,120%,1855,2.3,1546,1.91,2023-11-23,2024-09-14,297,297
The Mill at Loggers Creek,B1,327,,1,1,,808,11/3/2025,750,12,120%,1905,2.36,1758,2.18,2025-08-25,2025-09-06,13,0
The Mill at Loggers Creek,B1,216,,1,1,,808,11/23/2023,750,12,120%,2115,2.62,2115,2.62,2023-11-23,2024-04-25,155,155
The Mill at Loggers Creek,B1,216,,1,1,,808,1/14/2026,750,12,120%,1915,2.37,1620,2,2025-10-30,2025-12-06,38,0
The Mill at Loggers Creek,B1,417,,1,1,,808,4/19/2024,750,12,120%,2150,2.66,2150,2.66,2024-04-19,2024-06-23,66,66
The Mill at Loggers Creek,B1,417,,1,1,,808,9/7/2025,750,12,120%,1950,2.41,1867,2.31,2025-07-21,2025-07-29,9,0
The Mill at Loggers Creek,B1 1x1,427,,1,1,,808,4/25/2024,750,12,120%,1650,2.04,1650,2.04,2024-04-25,2024-11-20,210,210
The Mill at Loggers Creek,B1 1x1,427,,1,1,,808,4/21/2026,750,13,120%,1955,2.42,1878,2.32,2026-02-17,2026-04-12,55,0
The Mill at Loggers Creek,B1,415,,1,1,,808,4/25/2024,750,12,120%,1960,2.43,1633,2.02,2024-04-25,2024-09-25,154,154
The Mill at Loggers Creek,B1,415,,1,1,,808,7/28/2025,750,12,120%,1960,2.43,1797,2.22,2025-05-22,2025-05-30,9,0
The Mill at Loggers Creek,B1,424,,1,1,,808,4/25/2024,750,12,120%,1965,2.43,1638,2.03,2024-04-25,2024-10-28,187,187
The Mill at Loggers Creek,B1,441,,1,1,,808,4/25/2024,750,12,120%,1965,2.43,1638,2.03,2024-04-25,2024-10-28,187,187
The Mill at Loggers Creek,B1 1x1,426,,1,1,,808,4/25/2024,750,12,120%,1650,2.04,1650,2.04,2024-04-25,2024-11-06,196,196
The Mill at Loggers Creek,B1 1x1,426,,1,1,,808,4/4/2025,750,12,120%,1965,2.43,1965,2.43,2025-03-28,2025-04-03,7,0
The Mill at Loggers Creek,B1 1x1,426,,1,1,,808,5/28/2026,750,12,120%,1965,2.43,1882,2.33,2026-02-25,2026-04-18,53,0
The Mill at Loggers Creek,B1,428,,1,1,,808,4/25/2024,750,12,120%,1975,2.44,1810,2.24,2024-04-25,2024-08-23,121,121
The Mill at Loggers Creek,B1,428,,1,1,,808,11/20/2025,750,13,120%,1975,2.44,1694,2.1,2025-09-19,2025-12-18,91,29
The Mill at Loggers Creek,B1,211,,1,1,,808,11/23/2023,750,,120%,2085,2.58,2085,2.58,2023-11-23,2024-02-23,93,93
The Mill at Loggers Creek,B1,317,,1,1,,808,11/23/2023,750,12,120%,2100,2.6,2100,2.6,2023-11-23,2024-04-25,155,155
The Mill at Loggers Creek,B1,316,,1,1,,808,11/23/2023,750,12,120%,2100,2.6,2100,2.6,2023-11-23,2024-04-25,155,155
The Mill at Loggers Creek,B1,314,1,1,1,,808,11/23/2023,750,12,120%,2100,2.6,2100,2.6,2023-11-23,2024-04-25,155,155
The Mill at Loggers Creek,B1,315,1,1,1,,808,11/23/2023,750,12,120%,2110,2.61,2110,2.61,2023-11-23,2024-04-25,155,155
The Mill at Loggers Creek,B1,224,,1,1,,808,11/23/2023,750,12,120%,2115,2.62,2115,2.62,2023-11-23,2024-04-25,155,155
The Mill at Loggers Creek,B1,324,,1,1,,808,11/23/2023,750,12,120%,2115,2.62,2115,2.62,2023-11-23,2024-04-26,156,156
The Mill at Loggers Creek,B1,226,,1,1,,808,11/23/2023,750,12,120%,2115,2.62,2115,2.62,2023-11-23,2024-04-25,155,155
The Mill at Loggers Creek,B1,341,4,1,1,,808,11/23/2023,750,12,120%,2115,2.62,2115,2.62,2023-11-23,2024-04-25,155,155
The Mill at Loggers Creek,B1,326,,1,1,,808,11/23/2023,750,12,120%,2115,2.62,2115,2.62,2023-11-23,2024-04-25,155,155
The Mill at Loggers Creek,B1,241,,1,1,,808,11/23/2023,750,12,120%,2115,2.62,2115,2.62,2023-11-23,2024-04-25,155,155
The Mill at Loggers Creek,B1,328,2,1,1,,808,11/23/2023,750,12,120%,2125,2.63,2125,2.63,2023-11-23,2024-04-25,155,155
The Mill at Loggers Creek,B1,433,,1,1,,808,11/23/2023,750,12,120%,2135,2.64,2135,2.64,2023-11-23,2024-04-19,149,149
The Mill at Loggers Creek,B1,228,2,1,1,,808,11/23/2023,750,12,120%,2140,2.65,2140,2.65,2023-11-23,2024-04-25,155,155
The Mill at Loggers Creek,B1,416,,1,1,,808,4/11/2024,750,12,120%,2150,2.66,2150,2.66,2024-04-11,2024-04-25,15,15
The Mill at Loggers Creek,B1,414,,1,1,,808,2/22/2024,750,12,120%,2150,2.66,2150,2.66,2024-02-23,2024-04-25,63,63
The Mill at Loggers Creek,B1,217,,1,1,,808,4/25/2024,750,12,120%,2200,2.72,2017,2.5,2024-04-25,2025-04-04,345,345
The Mill at Loggers Creek,B1 1x1,215,1,1,1,,808,4/25/2024,750,12,120%,1950,2.41,1788,2.21,2024-04-25,2025-03-06,316,316
The Mill at Loggers Creek,B1 1x1,215,1,1,1,,808,4/21/2026,750,12,120%,2260,2.8,2260,2.8,2026-02-08,2026-06-10,123,51
The Mill at Loggers Creek,B3 1x1,212,,1,1,,936,11/23/2023,750,12,120%,2085,2.23,2085,2.23,2023-11-23,2024-05-18,178,178
The Mill at Loggers Creek,B3 1x1,212,,1,1,,936,9/7/2026,750,9,120%,2085,2.23,2085,2.23,2026-07-03,2026-07-10,8,0
The Mill at Loggers Creek,B3,312,,1,1,,936,11/23/2023,750,12,120%,2100,2.24,2100,2.24,2023-11-23,2024-07-11,232,232
The Mill at Loggers Creek,B3 1x1,412,,1,1,,936,9/24/2024,750,12,120%,2150,2.3,1971,2.11,2023-11-23,2024-08-13,265,0
The Mill at Loggers Creek,B3 1x1,412,,1,1,,936,3/25/2025,750,12,120%,2150,2.3,1971,2.11,2025-01-31,2025-05-16,106,53
The Mill at Loggers Creek,B3 1x1,412,,1,1,,936,7/31/2026,750,12,120%,2150,2.3,2150,2.3,2026-05-07,2026-05-17,11,0
The Mill at Loggers Creek,B6 1x1,237,,1,1,,1018,11/23/2023,750,12,120%,2150,2.11,2150,2.11,2023-11-23,2024-04-16,146,146
The Mill at Loggers Creek,B6 1x1,237,,1,1,,1018,7/20/2026,750,12,120%,2250,2.21,2250,2.21,2026-05-02,2026-05-07,6,0
The Mill at Loggers Creek,B2,213,1,1,1,,1039,11/23/2023,750,12,120%,1850,1.78,1850,1.78,2023-11-23,2024-11-21,365,365
The Mill at Loggers Creek,B2,213,1,1,1,,1039,9/11/2025,750,12,120%,1850,1.78,1850,1.78,2025-08-08,2025-09-05,29,0
The Mill at Loggers Creek,B2 1x1,313,,1,1,,1039,11/23/2023,750,12,120%,1950,1.88,1950,1.88,2023-11-23,2024-11-14,358,358
The Mill at Loggers Creek,B2 1x1,313,,1,1,,1039,1/29/2026,750,13,120%,2105,2.03,1881,1.81,2026-01-08,2026-02-14,38,17
The Mill at Loggers Creek,B2,413,1,1,1,,1039,11/23/2023,750,13,120%,2155,2.07,1989,1.91,2023-11-23,2025-02-08,444,444
The Mill at Loggers Creek,B7,205,,1,1,,1040,11/23/2023,750,12,120%,2140,2.06,2140,2.06,2023-11-23,2024-05-03,163,163
The Mill at Loggers Creek,B7,205,,1,1,,1040,10/14/2024,750,14,120%,1995,1.92,1710,1.64,2024-08-09,2025-01-23,168,102
The Mill at Loggers Creek,B7 1x1,105,,1,1,,1040,11/23/2023,750,12,120%,2155,2.07,2155,2.07,2023-11-23,2024-07-27,248,248
The Mill at Loggers Creek,B7 1x1,105,,1,1,,1040,4/16/2026,750,13,120%,2155,2.07,2155,2.07,2026-01-04,2026-04-29,116,14
The Mill at Loggers Creek,B7,305,,1,1,,1040,11/23/2023,750,12,120%,2155,2.07,2155,2.07,2023-11-23,2024-04-09,139,139
The Mill at Loggers Creek,B7,305,,1,1,,1040,12/22/2025,750,13,120%,2155,2.07,1925,1.85,2025-10-17,2025-11-03,18,0
The Mill at Loggers Creek,C2 2x2,343,4,2,2,,1205,11/23/2023,750,14,120%,2225,1.85,2005,1.66,2023-11-23,2026-02-25,826,826
The Mill at Loggers Creek,C2 2x2,443,,2,2,,1205,11/23/2023,750,13,120%,2250,1.87,2010,1.67,2023-11-23,2026-02-10,811,811
The Mill at Loggers Creek,C2,201,,2,2,,1205,11/23/2023,750,13,120%,2250,1.87,2077,1.72,2023-11-23,2025-02-23,459,459
The Mill at Loggers Creek,C2 2x2,225,,2,2,,1205,11/23/2023,750,12,120%,2310,1.92,2118,1.76,2023-11-23,2025-05-01,526,526
The Mill at Loggers Creek,C2 2x2,225,,2,2,,1205,3/21/2026,750,12,120%,2310,1.92,2043,1.7,2026-01-15,2026-02-25,42,0
The Mill at Loggers Creek,C2,230,,2,2,,1205,11/23/2023,750,12,120%,2375,1.97,2177,1.81,2023-11-23,2024-09-04,287,287
The Mill at Loggers Creek,C2,101,,2,2,,1205,11/23/2023,750,12,120%,2450,2.03,2246,1.86,2023-11-23,2025-05-06,531,531
The Mill at Loggers Creek,C2 2x2,301,,2,2,,1205,11/23/2023,750,12,120%,2550,2.12,2338,1.94,2023-11-23,2025-05-01,526,526
The Mill at Loggers Creek,C2 2x2,301,,2,2,,1205,12/15/2025,750,12,120%,2550,2.12,2550,2.12,2025-11-26,2026-04-05,131,112
The Mill at Loggers Creek,C2,430,,2,2,,1205,11/23/2023,750,12,120%,2695,2.24,2488,2.06,2023-11-23,2025-09-17,665,665
The Mill at Loggers Creek,C2,243,4,2,2,,1205,11/23/2023,750,12,120%,2250,1.87,1875,1.56,2023-11-23,2024-10-28,341,341
The Mill at Loggers Creek,C2,243,4,2,2,,1205,1/29/2026,750,12,120%,2730,2.27,2310,1.92,2025-11-05,2025-12-31,57,0
The Mill at Loggers Creek,C2 2x2,330,,2,2,,1205,11/23/2023,750,12,120%,2745,2.28,2516,2.09,2023-11-23,2025-05-30,555,555
The Mill at Loggers Creek,C2 2x2,330,,2,2,,1205,4/16/2026,750,13,120%,2750,2.28,2750,2.28,2026-01-21,2026-04-30,100,15
The Mill at Loggers Creek,C2 2x2,325,,2,2,,1205,8/6/2026,750,12,120%,2650,2.2,2429,2.02,2023-07-06,2025-05-10,675,0
The Mill at Loggers Creek,C2 2x2,325,,2,2,,1205,8/3/2026,750,9,120%,2790,2.32,2790,2.32,2026-06-30,,16,0
The Mill at Loggers Creek,C2 2x2,401,,2,2,,1205,11/23/2023,750,13,--,2890,2.4,2668,2.21,2023-11-23,2025-02-22,458,458
The Mill at Loggers Creek,C2 2x2,401,,2,2,,1205,7/7/2026,750,12,--,2895,2.4,2895,2.4,2026-06-05,2026-06-13,9,0
The Mill at Loggers Creek,C1,304,,2,2,,1212,11/23/2023,750,12,120%,2585,2.13,2585,2.13,2023-11-23,2024-04-25,155,155
The Mill at Loggers Creek,C1,304,,2,2,,1212,11/19/2024,750,13,120%,1950,1.61,1950,1.61,2024-11-19,2024-12-20,32,32
The Mill at Loggers Creek,C1,409,,2,2,,1212,11/23/2023,750,12,120%,2605,2.15,2605,2.15,2023-11-23,2024-04-23,153,153
The Mill at Loggers Creek,C1,409,,2,2,,1212,10/8/2024,750,14,120%,2100,1.73,1800,1.49,2024-09-17,2025-01-24,130,109
The Mill at Loggers Creek,C1,421,,2,2,,1212,11/23/2023,750,12,120%,2130,1.76,1952,1.61,2023-11-23,2024-08-14,266,266
The Mill at Loggers Creek,C1,421,,2,2,,1212,9/3/2025,750,12,120%,2100,1.73,1777,1.47,2025-06-12,2025-11-18,160,77
The Mill at Loggers Creek,C1,235,,2,2,,1212,11/23/2023,750,12,120%,2595,2.14,2595,2.14,2023-11-23,2024-02-27,97,97
The Mill at Loggers Creek,C1,235,,2,2,,1212,7/15/2024,750,13,120%,2100,1.73,1938,1.6,2024-06-18,2025-02-18,246,219
The Mill at Loggers Creek,C1,323,,2,2,,1212,11/23/2023,750,12,120%,2570,2.12,2570,2.12,2023-11-23,2024-04-25,155,155
The Mill at Loggers Creek,C1,323,,2,2,,1212,11/19/2024,750,13,120%,2150,1.77,1819,1.5,2024-11-19,2024-12-06,18,18
The Mill at Loggers Creek,C1,323,,2,2,,1212,6/24/2025,750,12,120%,2150,1.77,2150,1.77,2025-04-22,2025-04-30,9,0
The Mill at Loggers Creek,C1,323,,2,2,,1212,1/20/2026,750,12,120%,2150,1.77,1819,1.5,2025-11-17,2026-01-23,68,4
The Mill at Loggers Creek,C1,419,,2,2,,1212,11/23/2023,750,13,120%,2235,1.84,2063,1.7,2023-11-23,2025-03-01,465,465
The Mill at Loggers Creek,C1,423,,2,2,,1212,11/23/2023,750,12,120%,2165,1.79,1804,1.49,2023-11-23,2024-10-02,315,315
The Mill at Loggers Creek,C1,423,,2,2,,1212,1/30/2025,750,12,120%,2250,1.86,2062,1.7,2025-01-29,2025-04-22,84,83
The Mill at Loggers Creek,C1,203,,2,2,,1212,11/23/2023,750,12,120%,2250,1.86,2250,1.86,2023-11-23,2024-07-11,232,232
The Mill at Loggers Creek,C1,319,1,2,2,,1212,11/23/2023,750,12,120%,2570,2.12,2570,2.12,2023-11-23,2024-04-25,155,155
The Mill at Loggers Creek,C1,319,1,2,2,,1212,11/19/2024,750,12,120%,2295,1.89,2295,1.89,2024-11-19,2025-04-30,163,163
The Mill at Loggers Creek,C1,319,1,2,2,,1212,11/11/2025,750,12,120%,2295,1.89,1942,1.6,2025-09-18,2025-11-21,65,11
The Mill at Loggers Creek,C1,309,,2,2,,1212,11/23/2023,750,12,120%,2300,1.9,2300,1.9,2023-11-23,2024-04-02,132,132
The Mill at Loggers Creek,C1,309,,2,2,,1212,6/21/2025,750,12,120%,2385,1.97,2186,1.8,2025-05-29,2025-06-07,10,0
The Mill at Loggers Creek,C1,335,,2,2,,1212,11/23/2023,750,12,120%,2100,1.73,1750,1.44,2023-11-23,2024-10-01,314,314
The Mill at Loggers Creek,C1,335,,2,2,,1212,1/13/2026,750,12,120%,2400,1.98,2030,1.67,2025-11-05,2026-01-11,68,0
The Mill at Loggers Creek,C1 2x2,303,,2,2,,1212,11/23/2023,750,12,120%,2585,2.13,2585,2.13,2023-11-23,2024-04-25,155,155
The Mill at Loggers Creek,C1 2x2,303,,2,2,,1212,11/19/2024,750,12,120%,2275,1.88,2085,1.72,2024-11-19,2025-04-28,161,161
The Mill at Loggers Creek,C1 2x2,303,,2,2,,1212,6/3/2026,750,12,120%,2415,1.99,2332,1.92,2026-04-11,2026-04-12,2,0
The Mill at Loggers Creek,C1,435,,2,2,,1212,11/23/2023,750,12,120%,2450,2.02,2042,1.68,2023-11-23,2024-09-12,295,295
The Mill at Loggers Creek,C1,435,,2,2,,1212,11/23/2025,750,12,120%,2450,2.02,2073,1.71,2025-10-16,2026-01-07,84,46
The Mill at Loggers Creek,C1,238,,2,2,,1212,11/23/2023,750,12,120%,2620,2.16,2620,2.16,2023-11-23,2024-04-25,155,155
The Mill at Loggers Creek,C1,238,,2,2,,1212,11/19/2024,750,14,120%,1950,1.61,1671,1.38,2024-11-19,2024-12-24,36,36
The Mill at Loggers Creek,C1,238,,2,2,,1212,3/6/2026,750,12,120%,2450,2.02,2073,1.71,2025-11-25,2026-01-06,43,0
The Mill at Loggers Creek,C1,404,,2,2,,1212,11/23/2023,750,13,120%,2635,2.17,2635,2.17,2023-11-23,2024-06-04,195,195
The Mill at Loggers Creek,C1,404,,2,2,,1212,7/5/2025,750,12,120%,2465,2.03,2260,1.86,2025-05-26,2025-07-02,38,0
The Mill at Loggers Creek,C1 2x2,204,,2,2,,1212,11/23/2023,750,12,120%,2585,2.13,2585,2.13,2023-11-23,2024-03-15,114,114
The Mill at Loggers Creek,C1 2x2,204,,2,2,,1212,4/7/2025,750,12,120%,2415,1.99,2214,1.83,2025-02-06,2025-04-15,69,9
The Mill at Loggers Creek,C1 2x2,204,,2,2,,1212,5/25/2026,750,12,120%,2365,1.95,2092,1.73,2026-02-24,2026-02-25,2,0
The Mill at Loggers Creek,C1 2x2,204,,2,2,,1212,6/4/2026,750,12,120%,2470,2.04,2470,2.04,2026-06-04,2026-06-05,2,2
The Mill at Loggers Creek,C1,403,,2,2,,1212,11/23/2023,750,12,120%,2645,2.18,2645,2.18,2023-11-23,2024-05-29,189,189
The Mill at Loggers Creek,C1,403,,2,2,,1212,8/7/2025,750,13,120%,2475,2.04,2123,1.75,2025-04-29,2025-12-28,244,144
The Mill at Loggers Creek,C1 2x2,103,,2,2,,1212,11/23/2023,750,12,120%,2600,2.15,2600,2.15,2023-11-23,2024-07-08,229,229
The Mill at Loggers Creek,C1 2x2,103,,2,2,,1212,9/10/2026,750,9,120%,2485,2.05,2485,2.05,2026-06-10,2026-06-17,8,0
The Mill at Loggers Creek,C1 2x2,321,,2,2,,1212,9/16/2026,750,12,120%,2350,1.94,2350,1.94,2023-07-06,2024-05-03,303,0
The Mill at Loggers Creek,C1 2x2,321,,2,2,,1212,8/7/2025,750,12,120%,2180,1.8,1998,1.65,2025-06-18,2025-07-01,14,0
The Mill at Loggers Creek,C1 2x2,321,,2,2,,1212,9/14/2026,750,9,120%,2500,2.06,2500,2.06,2026-07-09,,7,0
The Mill at Loggers Creek,C1,209,,2,2,,1212,11/23/2023,750,,120%,2555,2.11,2555,2.11,2023-11-23,2024-02-23,93,93
The Mill at Loggers Creek,C1,221,2,2,2,,1212,11/23/2023,750,12,120%,2600,2.15,2600,2.15,2023-11-23,2024-11-06,350,350
The Mill at Loggers Creek,C1,438,3,2,2,,1212,11/23/2023,750,12,120%,2680,2.21,2680,2.21,2023-11-23,2024-04-24,154,154
The Mill at Loggers Creek,C1 2x2,338,,2,2,,1212,9/18/2026,750,12,120%,2620,2.16,2620,2.16,2023-07-06,2024-07-14,375,0
The Mill at Loggers Creek,C1 2x2,338,,2,2,,1212,9/16/2026,750,9,120%,2765,2.28,2765,2.28,2026-07-09,,7,0
The Mill at Loggers Creek,C1,223,,2,2,,1212,11/23/2023,750,12,120%,2800,2.31,2800,2.31,2023-11-23,2024-11-06,350,350
The Mill at Loggers Creek,C1,219,1,2,2,,1212,11/23/2023,750,12,120%,2800,2.31,2800,2.31,2023-11-23,2024-11-06,350,350
Cortland on the River,Lumi,120,1,0,1,,556,3/30/2024,,,80%,1446,2.6,1446,2.6,2024-01-23,2024-02-06,15,0
Cortland on the River,Lumi,507,,0,1,,560,6/8/2024,565,12,80%,1380,2.46,1265,2.26,2024-03-29,2024-04-02,5,0
Cortland on the River,Lumi,206,,0,1,,560,8/24/2023,,,80%,1572,2.81,1489,2.66,2023-06-24,2023-07-30,37,0
Cortland on the River,Lumi,206,,0,1,,560,8/31/2024,565,14,80%,1475,2.63,1475,2.63,2024-06-01,2024-08-07,68,0
Cortland on the River,Lumi,238,,0,1,,560,7/4/2025,,,80%,1355,2.42,1355,2.42,2025-03-21,2025-03-22,2,0
Cortland on the River,Lumi,144,4,0,1,,560,8/18/2025,,,80%,1366,2.44,1366,2.44,2025-06-11,2025-06-15,5,0
Cortland on the River,Lumi,138,,0,1,,560,7/9/2024,565,14,80%,1370,2.45,1370,2.45,2024-05-03,2024-05-11,9,0
Cortland on the River,Lumi,138,,0,1,,560,7/27/2025,,,80%,1366,2.44,1366,2.44,2025-05-08,2025-05-09,2,0
Cortland on the River,Lumi,538,,0,1,,560,1/27/2024,,,80%,1415,2.53,1297,2.32,2023-11-23,2024-01-24,63,0
Cortland on the River,Lumi,407,,0,1,,560,4/6/2024,,,80%,1471,2.63,1471,2.63,2024-01-31,2024-02-06,7,0
Cortland on the River,Lumi,438,,0,1,,560,6/7/2024,565,14,80%,1460,2.61,1460,2.61,2024-04-04,2024-06-10,68,4
Cortland on the River,Lumi,438,,0,1,,560,4/24/2025,,,80%,1402,2.5,1402,2.5,2025-03-21,2025-04-03,14,0
Cortland on the River,Lumi,438,,0,1,,560,5/11/2026,565,,80%,1493,2.67,1493,2.67,2026-02-13,2026-03-23,39,0
Cortland on the River,Lumi,306,,0,1,,560,5/30/2025,,,80%,1497,2.67,1497,2.67,2025-03-21,2025-04-12,23,0
Cortland on the River,Lumi,207,,0,1,,560,5/21/2024,565,12,120%,1440,2.57,1320,2.36,2024-02-24,2024-03-06,12,0
Cortland on the River,Lumi,207,,0,1,,560,5/28/2026,565,,120%,1505,2.69,1380,2.46,2026-03-07,2026-04-07,32,0
Cortland on the River,Lumi,244,4,0,1,,560,10/11/2024,565,,120%,1432,2.56,1432,2.56,2024-09-07,2025-03-21,196,162
Cortland on the River,Lumi,244,4,0,1,,560,8/3/2026,565,,120%,1555,2.78,1472,2.63,2026-05-29,2026-06-10,13,0
Cortland on the River,Lumi,338,3,0,1,,560,6/17/2023,,,120%,1497,2.67,1455,2.6,,2023-07-01,,
Cortland on the River,Lumi,338,3,0,1,,560,4/2/2026,565,,120%,1570,2.8,1528,2.73,2026-01-12,2026-05-05,114,34
Cortland on the River,Lumi,344,,0,1,,560,6/17/2023,,,120%,1457,2.6,1357,2.42,,2023-06-28,,
Cortland on the River,Lumi,344,,0,1,,560,1/19/2024,,,120%,1392,2.49,1276,2.28,2023-10-28,2023-11-04,8,0
Cortland on the River,Lumi,344,,0,1,,560,4/27/2024,565,12,120%,1305,2.33,1196,2.14,2024-02-03,2024-03-24,51,0
Cortland on the River,Lumi,344,,0,1,,560,8/4/2026,565,,120%,1572,2.81,1572,2.81,2026-05-28,,49,0
Cortland on the River,Lumi,444,,0,1,,560,7/19/2023,,,120%,1429,2.55,1329,2.37,,2023-06-26,,
Cortland on the River,Lumi,444,,0,1,,560,2/25/2026,,,120%,1453,2.59,1285,2.29,2025-12-21,2026-02-13,55,0
Cortland on the River,Lumi,444,,0,1,,560,9/1/2026,565,,120%,1572,2.81,1489,2.66,2026-06-03,2026-06-08,6,0
Cortland on the River,Lumi,544,5,0,1,,560,4/27/2024,565,12,120%,1399,2.5,1282,2.29,2024-02-16,2024-04-07,52,0
Cortland on the River,Lumi,544,5,0,1,,560,8/4/2026,565,,120%,1580,2.82,1497,2.67,2026-05-22,2026-06-13,23,0
Cortland on the River,Lumi,307,,0,1,,560,10/4/2023,565,12,120%,1355,2.42,1242,2.22,2023-07-26,2024-03-26,245,175
Cortland on the River,Lumi,307,,0,1,,560,4/16/2025,,,120%,1412,2.52,1412,2.52,2025-03-21,2025-04-04,15,0
Cortland on the River,Lumi,307,,0,1,,560,7/11/2026,565,,120%,1592,2.84,1509,2.69,2026-05-19,2026-06-08,21,0
Cortland on the River,Lumi,506,,0,1,,560,3/27/2025,565,3,120%,1628,2.91,1628,2.91,2025-01-18,2025-02-05,19,0
Cortland on the River,Lumi,406,,0,1,,560,11/2/2024,565,18,120%,1525,2.72,1525,2.72,2024-07-15,2024-08-09,26,0
Cortland on the River,Lumi,406,,0,1,,560,8/9/2025,,,120%,1521,2.72,1521,2.72,2025-05-30,2025-06-02,4,0
Cortland on the River,Lumi,406,,0,1,,560,6/25/2026,565,,120%,1647,2.94,1564,2.79,2026-03-29,2026-06-08,72,0
Cortland on the River,Lumi,429,,0,1,,577,3/22/2025,565,,120%,1480,2.56,1480,2.56,2025-01-14,2025-03-29,75,8
Cortland on the River,Lumi,429,,0,1,,577,12/2/2025,,,120%,1540,2.67,1362,2.36,2025-10-29,2026-01-07,71,37
Cortland on the River,Lumi,329,,0,1,,577,7/13/2024,565,14,120%,1545,2.68,1545,2.68,2024-03-02,2024-06-13,104,0
Cortland on the River,Lumi,329,,0,1,,577,8/15/2025,,,120%,1548,2.68,1548,2.68,2025-06-14,2025-09-01,80,18
Cortland on the River,Lumi,529,,0,1,,577,12/28/2024,565,,120%,1644,2.85,1644,2.85,2024-10-26,2025-03-21,147,84
Cortland on the River,Ara,524,,0,1,,679,3/2/2024,565,12,120%,1530,2.25,1402,2.06,2023-09-07,2024-03-27,203,26
Cortland on the River,Ara,124,2,0,1,,679,4/20/2024,565,14,120%,1570,2.31,1570,2.31,2024-02-12,2024-05-02,81,13
Cortland on the River,Ara,424,,0,1,,679,10/31/2023,,,80%,1437,2.12,1317,1.94,2023-07-26,2024-01-17,176,79
Cortland on the River,Ara,224,,0,1,,679,7/2/2024,565,14,120%,1620,2.39,1620,2.39,2024-06-24,2024-06-27,4,0
Cortland on the River,Ara,224,,0,1,,679,1/29/2025,565,,120%,1694,2.49,1694,2.49,2024-11-26,2025-03-21,116,52
Cortland on the River,Afton,202,,1,1,,665,10/22/2024,565,15,80%,1487,2.24,1487,2.24,2024-08-16,2024-10-08,54,0
Cortland on the River,Afton,408,,1,1,,665,8/24/2024,565,16,80%,1557,2.34,1557,2.34,2024-03-15,2024-09-15,185,23
Cortland on the River,Afton,420,,1,1,,665,7/18/2024,565,16,80%,1582,2.38,1582,2.38,2024-06-12,2024-09-15,96,60
Cortland on the River,Afton,215,,1,1,,665,7/20/2024,565,17,120%,1715,2.58,1715,2.58,2024-05-10,2024-05-15,6,0
Cortland on the River,Afton,501,,1,1,,665,5/22/2024,565,12,120%,1749,2.63,1603,2.41,2024-02-21,2024-04-09,49,0
Cortland on the River,Afton,449,,1,1,,665,9/27/2023,,,80%,1447,2.18,1326,1.99,2023-09-20,2023-12-06,78,71
Cortland on the River,Afton,304,,1,1,,665,12/20/2023,,,80%,1485,2.23,1361,2.05,2023-12-12,2023-12-15,4,0
Cortland on the River,Afton,104,,1,1,,665,5/23/2024,565,13,80%,1615,2.43,1491,2.24,2024-03-16,2024-04-18,34,0
Cortland on the River,Afton,104,,1,1,,665,7/30/2025,,,80%,1571,2.36,1571,2.36,2025-04-23,2025-06-27,66,0
Cortland on the River,Afton,104,,1,1,,665,3/3/2026,,,80%,1499,2.25,1326,1.99,2025-12-27,2026-02-27,63,0
Cortland on the River,Afton,208,,1,1,,665,12/14/2024,565,3,80%,1555,2.34,1555,2.34,2024-11-22,2025-02-05,76,54
Cortland on the River,Afton,108,,1,1,,665,9/14/2025,,,80%,1591,2.39,1591,2.39,2025-06-25,2025-07-03,9,0
Cortland on the River,Afton,303,,1,1,,665,11/2/2024,565,,80%,1511,2.27,1511,2.27,2024-08-31,2025-03-21,203,140
Cortland on the River,Afton,303,,1,1,,665,12/26/2025,,,80%,1592,2.39,1408,2.12,2025-06-25,2026-01-06,196,12
Cortland on the River,Afton,308,,1,1,,665,7/20/2023,,,80%,1505,2.26,1380,2.08,2023-07-20,2023-11-09,113,113
Cortland on the River,Afton,308,,1,1,,665,1/18/2025,565,14,80%,1557,2.34,1557,2.34,2024-10-27,2024-11-02,7,0
Cortland on the River,Afton,308,,1,1,,665,4/25/2026,,,80%,1619,2.43,1432,2.15,2026-02-07,2026-02-18,12,0
Cortland on the River,Afton,502,,1,1,,665,5/16/2025,,,80%,1620,2.44,1620,2.44,2025-03-21,2025-03-27,7,0
Cortland on the River,Afton,125,1,1,1,,665,10/2/2025,,,80%,1637,2.46,1448,2.18,2025-09-01,2026-01-15,137,106
Cortland on the River,Afton,115,1,1,1,,665,7/17/2024,565,17,80%,1665,2.5,1665,2.5,2024-05-08,2024-06-09,33,0
Cortland on the River,Afton,115,1,1,1,,665,7/26/2025,,,80%,1645,2.47,1645,2.47,2025-05-12,2025-05-18,7,0
Cortland on the River,Afton,320,,1,1,,665,4/27/2024,565,13,80%,1740,2.62,1606,2.42,2024-02-21,2024-03-21,30,0
Cortland on the River,Afton,320,,1,1,,665,6/3/2025,,,80%,1720,2.59,1720,2.59,2025-03-27,2025-04-14,19,0
Cortland on the River,Afton,320,,1,1,,665,2/11/2026,,,80%,1647,2.48,1457,2.19,2025-12-18,2026-01-29,43,0
Cortland on the River,Afton,415,,1,1,,665,7/3/2024,565,14,80%,1762,2.65,1762,2.65,2024-04-25,2024-04-26,2,0
Cortland on the River,Afton,415,,1,1,,665,10/25/2025,,,80%,1662,2.5,1470,2.21,2025-09-12,2025-12-18,98,55
Cortland on the River,Afton,315,,1,1,,665,10/1/2025,,,80%,1662,2.5,1470,2.21,2025-09-01,2025-12-18,109,79
Cortland on the River,Afton,330,,1,1,,665,5/20/2025,,,80%,1665,2.5,1665,2.5,2025-03-21,2025-03-25,5,0
Cortland on the River,Afton,401,,1,1,,665,11/8/2024,565,,80%,1535,2.31,1535,2.31,2024-09-04,2025-03-21,199,134
Cortland on the River,Afton,401,,1,1,,665,3/6/2026,565,,80%,1670,2.51,1670,2.51,2025-12-18,2026-03-25,98,20
Cortland on the River,Afton,530,,1,1,,665,3/30/2024,,,80%,1684,2.53,1544,2.32,2024-01-13,2024-01-17,5,0
Cortland on the River,Afton,231,,1,1,,665,7/12/2024,565,16,80%,1837,2.76,1837,2.76,2024-05-07,2024-05-10,4,0
Cortland on the River,Afton,231,,1,1,,665,12/30/2025,,,80%,1687,2.54,1492,2.24,2025-09-17,2026-01-09,115,11
Cortland on the River,Afton,508,,1,1,,665,7/4/2023,,,80%,1662,2.5,1524,2.29,,2023-09-17,,
Cortland on the River,Afton,508,,1,1,,665,11/1/2024,565,17,80%,1582,2.38,1582,2.38,2024-08-24,2024-09-24,32,0
Cortland on the River,Afton,508,,1,1,,665,4/8/2026,565,,80%,1690,2.54,1690,2.54,2026-01-11,2026-03-18,67,0
Cortland on the River,Afton,450,,1,1,,665,7/1/2023,,,120%,1784,2.68,1701,2.56,,2023-08-07,,
Cortland on the River,Afton,450,,1,1,,665,11/22/2024,565,16,120%,1602,2.41,1602,2.41,2024-09-15,2024-12-12,89,21
Cortland on the River,Afton,450,,1,1,,665,5/31/2025,,,120%,1720,2.59,1720,2.59,2025-03-21,2025-04-23,34,0
Cortland on the River,Afton,549,,1,1,,665,5/18/2024,565,14,120%,1792,2.69,1792,2.69,2024-02-20,2024-06-09,111,23
Cortland on the River,Afton,549,,1,1,,665,7/16/2025,,,120%,1721,2.59,1721,2.59,2025-05-12,2025-06-26,46,0
Cortland on the River,Afton,504,,1,1,,665,8/31/2025,,,120%,1726,2.6,1726,2.6,2025-06-26,2025-09-11,78,12
Cortland on the River,Afton,550,5,1,1,,665,12/10/2023,,,120%,1471,2.21,1348,2.03,2023-12-10,2024-01-07,29,29
Cortland on the River,Afton,550,5,1,1,,665,2/7/2026,565,,120%,1730,2.6,1586,2.38,2025-12-18,2026-04-01,105,54
Cortland on the River,Afton,204,,1,1,,665,9/17/2023,,,120%,1425,2.14,1306,1.96,2023-09-17,2023-10-31,45,45
Cortland on the River,Afton,204,,1,1,,665,4/15/2025,565,3,120%,1535,2.31,1535,2.31,2025-01-31,2025-02-05,6,0
Cortland on the River,Afton,204,,1,1,,665,7/29/2026,565,,120%,1730,2.6,1730,2.6,2026-05-01,2026-05-15,15,0
Cortland on the River,Afton,331,3,1,1,,665,4/18/2024,,,120%,1659,2.49,1659,2.49,2024-02-02,2024-02-03,2,0
Cortland on the River,Afton,331,3,1,1,,665,5/8/2026,565,,120%,1740,2.62,1740,2.62,2026-03-18,2026-03-23,6,0
Cortland on the River,Afton,503,,1,1,,665,8/18/2025,,,120%,1744,2.62,1744,2.62,2025-06-05,2025-09-01,89,15
Cortland on the River,Afton,301,,1,1,,665,6/22/2026,565,,120%,1780,2.68,1780,2.68,2026-05-17,2026-05-28,12,0
Cortland on the River,Afton,520,5,1,1,,665,7/22/2025,,,120%,1795,2.7,1795,2.7,2025-05-18,2025-06-11,25,0
Cortland on the River,Afton,402,,1,1,,665,9/7/2023,,,120%,1447,2.18,1326,1.99,2023-09-07,2023-12-12,97,97
Cortland on the River,Afton,402,,1,1,,665,1/1/2026,,,120%,1617,2.43,1430,2.15,2025-10-06,2026-01-06,93,6
Cortland on the River,Afton,402,,1,1,,665,6/5/2026,565,,120%,1805,2.71,1722,2.59,2026-04-10,2026-06-02,54,0
Cortland on the River,Afton,525,,1,1,,665,7/13/2023,,,120%,1853,2.79,1699,2.55,,2023-06-21,,
Cortland on the River,Afton,525,,1,1,,665,1/25/2025,565,3,120%,1705,2.56,1705,2.56,2024-11-19,2025-02-03,77,10
Cortland on the River,Afton,525,,1,1,,665,9/5/2025,,,120%,1813,2.73,1813,2.73,2025-09-01,2025-09-21,21,17
Cortland on the River,Afton,216,,1,1,,665,1/6/2024,565,12,120%,1743,2.62,1598,2.4,2023-12-13,2024-03-30,109,85
Cortland on the River,Afton,216,,1,1,,665,10/15/2024,565,17,120%,1657,2.49,1657,2.49,2024-09-26,2024-10-09,14,0
Cortland on the River,Afton,216,,1,1,,665,8/22/2025,,,120%,1814,2.73,1814,2.73,2025-05-30,2025-09-01,95,11
Cortland on the River,Afton,531,5,1,1,,665,12/6/2023,,,120%,1538,2.31,1410,2.12,2023-12-06,2023-12-15,10,10
Cortland on the River,Afton,531,5,1,1,,665,8/14/2025,,,120%,1814,2.73,1814,2.73,2025-06-11,2025-09-01,83,19
Cortland on the River,Afton,225,,1,1,,665,8/10/2023,,,120%,1819,2.74,1736,2.61,2023-08-07,2023-08-08,2,0
Cortland on the River,Afton,430,,1,1,,665,6/15/2025,,,120%,1820,2.74,1820,2.74,2025-03-27,2025-05-18,53,0
Cortland on the River,Afton,131,1,1,1,,665,3/7/2025,565,,120%,1615,2.43,1615,2.43,2024-12-18,2025-03-27,100,21
Cortland on the River,Afton,131,1,1,1,,665,7/9/2026,565,,120%,1837,2.76,1754,2.64,2026-04-17,2026-06-04,49,0
Cortland on the River,Afton,116,,1,1,,665,5/28/2026,565,,120%,1850,2.78,1767,2.66,2026-04-21,2026-06-08,49,12
Cortland on the River,Afton,431,,1,1,,665,11/14/2023,,,120%,1514,2.28,1388,2.09,2023-11-13,2023-12-10,28,27
Cortland on the River,Afton,431,,1,1,,665,9/20/2026,565,,120%,1892,2.85,1892,2.85,2026-07-11,,5,0
Cortland on the River,Afton,325,,1,1,,665,2/2/2024,,,120%,1580,2.38,1448,2.18,2023-12-17,2023-12-18,2,0
Cortland on the River,Afton,325,,1,1,,665,1/25/2026,,,120%,1687,2.54,1492,2.24,2025-12-18,2026-01-11,25,0
Cortland on the River,Afton,325,,1,1,,665,9/3/2026,565,,120%,1892,2.85,1892,2.85,2026-06-22,,24,0
Cortland on the River,Afton,516,,1,1,,665,1/27/2024,,,120%,1680,2.53,1540,2.32,2023-12-15,2023-12-17,3,0
Cortland on the River,Afton,516,,1,1,,665,6/3/2026,565,,120%,1906,2.87,1823,2.74,2026-03-27,2026-04-16,21,0
Cortland on the River,Afton,316,,1,1,,665,2/2/2024,,,120%,1605,2.41,1471,2.21,2023-12-18,2024-01-06,20,0
Cortland on the River,Afton,316,,1,1,,665,8/7/2026,565,,120%,1925,2.89,1842,2.77,2026-05-11,2026-06-08,29,0
Cortland on the River,Afton,425,,1,1,,665,7/13/2026,565,,120%,1950,2.93,1950,2.93,2026-05-03,2026-05-13,11,0
Cortland on the River,Afton,250,,1,1,,686,7/6/2024,565,12,80%,1599,2.33,1466,2.14,2024-03-08,2024-03-29,22,0
Cortland on the River,Afton,249,2,1,1,,686,11/9/2023,,,80%,1385,2.02,1270,1.85,2023-11-09,2023-11-17,9,9
Cortland on the River,Afton,249,2,1,1,,686,8/31/2024,565,14,80%,1682,2.45,1682,2.45,2024-06-26,2024-07-04,9,0
Cortland on the River,Hurley,439,,1,1,,743,8/30/2023,,,80%,1843,2.48,1801,2.42,,2023-07-02,,
Cortland on the River,Hurley,439,,1,1,,743,4/23/2024,565,16,80%,1647,2.22,1647,2.22,2024-02-21,2024-09-19,212,150
Cortland on the River,Hurley,418,,1,1,,743,6/28/2024,565,16,80%,1707,2.3,1707,2.3,2024-05-10,2024-09-06,120,71
Cortland on the River,Hurley,326,,1,1,,743,9/24/2024,565,16,120%,1732,2.33,1732,2.33,2024-07-19,2024-09-16,60,0
Cortland on the River,Hurley,240,2,1,1,,743,5/28/2024,565,12,120%,1769,2.38,1622,2.18,2024-03-23,2024-03-26,4,0
Cortland on the River,Hurley,532,,1,1,,743,3/11/2025,565,14,120%,1797,2.42,1797,2.42,2024-12-17,2025-01-10,25,0
Cortland on the River,Hurley,139,1,1,1,,743,3/23/2024,,,80%,1584,2.13,1584,2.13,2024-01-11,2024-01-27,17,0
Cortland on the River,Hurley,340,3,1,1,,743,11/1/2023,,,80%,1595,2.15,1462,1.97,2023-09-07,2023-11-12,67,12
Cortland on the River,Hurley,140,,1,1,,743,4/1/2025,565,3,80%,1605,2.16,1605,2.16,2025-01-11,2025-01-23,13,0
Cortland on the River,Hurley,118,,1,1,,743,4/6/2024,,,80%,1659,2.23,1659,2.23,2024-01-13,2024-02-06,25,0
Cortland on the River,Hurley,122,1,1,1,,743,4/4/2024,,,80%,1659,2.23,1659,2.23,2024-01-25,2024-02-04,11,0
Cortland on the River,Hurley,119,1,1,1,,743,1/4/2025,565,,80%,1672,2.25,1672,2.25,2024-11-02,2025-03-21,140,77
Cortland on the River,Hurley,343,3,1,1,,743,6/5/2025,,,80%,1668,2.24,1668,2.24,2025-03-30,2025-04-01,3,0
Cortland on the River,Hurley,343,3,1,1,,743,5/10/2026,565,,80%,1680,2.26,1680,2.26,2026-03-07,2026-03-11,5,0
Cortland on the River,Hurley,121,1,1,1,,743,12/22/2023,,,80%,1580,2.13,1448,1.95,2023-11-02,2023-11-18,17,0
Cortland on the River,Hurley,121,1,1,1,,743,3/29/2025,565,3,80%,1680,2.26,1680,2.26,2025-01-17,2025-02-05,20,0
Cortland on the River,Hurley,543,,1,1,,743,4/16/2025,565,3,80%,1680,2.26,1680,2.26,2025-01-31,2025-02-05,6,0
Cortland on the River,Hurley,239,,1,1,,743,4/20/2024,565,14,80%,1676,2.26,1676,2.26,2024-02-15,2024-02-21,7,0
Cortland on the River,Hurley,239,,1,1,,743,12/3/2025,,,80%,1712,2.3,1629,2.19,2025-09-17,2025-10-19,33,0
Cortland on the River,Hurley,442,,1,1,,743,12/16/2025,,,80%,1712,2.3,1514,2.04,2025-10-08,2025-12-18,72,3
Cortland on the River,Hurley,143,4,1,1,,743,9/13/2023,,,120%,1764,2.37,1722,2.32,2023-06-29,2023-07-11,13,0
Cortland on the River,Hurley,143,4,1,1,,743,9/16/2025,,,120%,1714,2.31,1714,2.31,2025-07-09,2025-09-01,55,0
Cortland on the River,Hurley,540,5,1,1,,743,7/31/2024,565,13,120%,1930,2.6,1930,2.6,2024-05-18,2024-07-12,56,0
Cortland on the River,Hurley,540,5,1,1,,743,3/28/2025,565,,120%,1733,2.33,1733,2.33,2025-01-10,2025-04-10,91,14
Cortland on the River,Hurley,542,4,1,1,,743,11/11/2023,,,120%,1802,2.43,1652,2.22,2023-07-23,2023-10-04,74,0
Cortland on the River,Hurley,542,4,1,1,,743,11/18/2025,,,120%,1737,2.34,1654,2.23,2025-09-01,2025-10-29,59,0
Cortland on the River,Hurley,242,,1,1,,743,8/21/2025,,,120%,1741,2.34,1741,2.34,2025-06-12,2025-07-02,21,0
Cortland on the River,Hurley,221,2,1,1,,743,7/1/2023,,,120%,1878,2.53,1778,2.39,,2023-06-29,,
Cortland on the River,Hurley,221,2,1,1,,743,4/3/2026,,,120%,1755,2.36,1755,2.36,2026-02-10,2026-03-04,23,0
Cortland on the River,Hurley,327,,1,1,,743,4/6/2024,,,120%,1759,2.37,1759,2.37,2024-01-23,2024-02-06,15,0
Cortland on the River,Hurley,232,2,1,1,,743,3/16/2024,,,120%,1759,2.37,1612,2.17,2024-01-09,2024-01-20,12,0
Cortland on the River,Hurley,433,,1,1,,743,2/23/2025,565,,120%,1772,2.38,1772,2.38,2024-12-07,2025-03-21,105,27
Cortland on the River,Hurley,432,,1,1,,743,11/22/2025,,,120%,1787,2.41,1581,2.13,2025-09-09,2026-01-04,118,44
Cortland on the River,Hurley,132,1,1,1,,743,10/25/2023,,,120%,1630,2.19,1494,2.01,2023-09-07,2023-11-22,77,29
Cortland on the River,Hurley,132,1,1,1,,743,8/24/2024,565,16,120%,1682,2.26,1682,2.26,2024-06-13,2024-09-11,91,19
Cortland on the River,Hurley,132,1,1,1,,743,10/7/2025,,,120%,1787,2.41,1581,2.13,2025-10-07,2025-12-18,73,73
Cortland on the River,Hurley,321,,1,1,,743,12/1/2023,,,120%,1630,2.19,1494,2.01,2023-09-19,2023-12-18,91,18
Cortland on the River,Hurley,321,,1,1,,743,1/7/2025,565,15,120%,1722,2.32,1722,2.32,2024-11-01,2024-12-08,38,0
Cortland on the River,Hurley,321,,1,1,,743,4/15/2026,565,,120%,1790,2.41,1790,2.41,2026-01-29,2026-03-18,49,0
Cortland on the River,Hurley,426,,1,1,,743,5/2/2024,565,14,120%,1801,2.42,1765,2.38,2024-02-19,2024-02-24,6,0
Cortland on the River,Hurley,426,,1,1,,743,5/12/2026,,,120%,1794,2.41,1587,2.14,2026-02-13,2026-02-18,6,0
Cortland on the River,Hurley,443,,1,1,,743,11/28/2024,565,17,120%,1607,2.16,1607,2.16,2024-09-21,2024-10-27,37,0
Cortland on the River,Hurley,443,,1,1,,743,5/6/2026,565,,120%,1794,2.41,1752,2.36,2026-02-26,2026-05-01,65,0
Cortland on the River,Hurley,440,4,1,1,,743,8/17/2025,,,120%,1804,2.43,1804,2.43,2025-05-30,2025-09-01,95,16
Cortland on the River,Hurley,322,,1,1,,743,7/20/2024,565,13,120%,1940,2.61,1940,2.61,2024-05-18,2024-07-15,59,0
Cortland on the River,Hurley,322,,1,1,,743,8/7/2025,,,120%,1816,2.44,1816,2.44,2025-05-30,2025-06-27,29,0
Cortland on the River,Hurley,533,,1,1,,743,6/15/2024,565,14,120%,1962,2.64,1962,2.64,2024-03-31,2024-06-07,69,0
Cortland on the River,Hurley,533,,1,1,,743,11/19/2024,565,,120%,1722,2.32,1722,2.32,2024-09-20,2025-03-21,183,123
Cortland on the River,Hurley,533,,1,1,,743,1/29/2026,,,120%,1819,2.45,1819,2.45,2025-12-24,2026-03-03,70,34
Cortland on the River,Hurley,527,,1,1,,743,3/11/2026,,,120%,1822,2.45,1612,2.17,2026-01-05,2026-01-22,18,0
Cortland on the River,Hurley,522,,1,1,,743,12/20/2023,,,120%,1779,2.39,1631,2.2,2023-10-05,2023-10-19,15,0
Cortland on the River,Hurley,522,,1,1,,743,6/27/2025,,,120%,1768,2.38,1768,2.38,2025-03-30,2025-04-02,4,0
Cortland on the River,Hurley,522,,1,1,,743,6/17/2026,565,,120%,1835,2.47,1682,2.26,2026-03-22,2026-03-29,8,0
Cortland on the River,Hurley,332,3,1,1,,743,8/5/2025,,,120%,1837,2.47,1625,2.19,2025-05-28,2025-12-18,205,136
Cortland on the River,Hurley,422,,1,1,,743,4/6/2024,565,14,120%,1751,2.36,1715,2.31,2024-01-25,2024-02-23,30,0
Cortland on the River,Hurley,422,,1,1,,743,8/7/2025,,,120%,1839,2.48,1839,2.48,2025-05-18,2025-07-08,52,0
Cortland on the River,Hurley,419,,1,1,,743,7/6/2025,,,120%,1866,2.51,1866,2.51,2025-06-05,2025-07-01,27,0
Cortland on the River,Hurley,342,3,1,1,,743,6/18/2024,565,14,120%,1781,2.4,1781,2.4,2024-04-12,2024-04-20,9,0
Cortland on the River,Hurley,342,3,1,1,,743,9/5/2026,565,,120%,1867,2.51,1867,2.51,2026-07-01,2026-07-03,3,0
Cortland on the River,Hurley,318,,1,1,,743,4/20/2024,,,120%,1711,2.3,1711,2.3,2024-02-07,2024-02-12,6,0
Cortland on the River,Hurley,318,,1,1,,743,11/5/2025,565,,120%,1869,2.52,1827,2.46,2025-12-18,2026-05-01,135,135
Cortland on the River,Hurley,226,,1,1,,743,10/17/2025,,,120%,1851,2.49,1851,2.49,2025-07-04,2025-09-04,63,0
Cortland on the River,Hurley,226,,1,1,,743,7/24/2026,565,,120%,1875,2.52,1719,2.31,2026-03-26,2026-04-02,8,0
Cortland on the River,Hurley,333,,1,1,,743,6/23/2025,,,120%,1890,2.54,1890,2.54,2025-04-16,2025-04-27,12,0
Cortland on the River,Hurley,526,5,1,1,,743,1/18/2024,,,120%,1705,2.29,1563,2.1,2023-11-18,2023-12-03,16,0
Cortland on the River,Hurley,526,5,1,1,,743,7/5/2025,,,120%,1915,2.58,1915,2.58,2025-04-23,2025-05-03,11,0
Cortland on the River,Hurley,133,3,1,1,,743,2/7/2026,565,,120%,1925,2.59,1925,2.59,2025-12-18,2026-05-17,151,100
Cortland on the River,Hurley,521,,1,1,,743,6/4/2024,565,14,120%,1912,2.57,1912,2.57,2024-03-27,2024-06-02,68,0
Cortland on the River,Hurley,521,,1,1,,743,7/21/2025,,,120%,1841,2.48,1841,2.48,2025-05-16,2025-06-20,36,0
Cortland on the River,Hurley,521,,1,1,,743,7/29/2026,565,,120%,1950,2.62,1950,2.62,2026-05-13,2026-06-22,41,0
Cortland on the River,Hurley,427,,1,1,,743,8/24/2023,,,120%,1928,2.59,1886,2.54,,2023-07-01,,
Cortland on the River,Hurley,427,,1,1,,743,4/23/2024,565,14,120%,1801,2.42,1801,2.42,2024-02-16,2024-02-21,6,0
Cortland on the River,Hurley,427,,1,1,,743,5/30/2025,,,120%,1765,2.38,1765,2.38,2025-03-21,2025-03-24,4,0
Cortland on the River,Hurley,427,,1,1,,743,9/8/2026,565,,120%,1975,2.66,1975,2.66,2026-06-19,2026-06-25,7,0
Cortland on the River,Afton,141,4,1,1,,751,6/30/2023,,,80%,1784,2.38,1742,2.32,2023-06-21,2023-07-20,30,21
Cortland on the River,Afton,141,4,1,1,,751,11/15/2024,565,,80%,1530,2.04,1530,2.04,2024-08-22,2025-03-21,212,127
Cortland on the River,Afton,141,4,1,1,,751,6/9/2026,565,,80%,1685,2.24,1545,2.06,2026-03-17,2026-03-31,15,0
Cortland on the River,Afton,514,,1,1,,789,1/25/2025,565,14,80%,1682,2.13,1682,2.13,2024-11-05,2024-11-16,12,0
Cortland on the River,Afton,314,,1,1,,789,3/21/2024,,,80%,1684,2.13,1684,2.13,2024-01-10,2024-01-27,18,0
Cortland on the River,Afton,114,,1,1,,789,3/27/2026,565,,80%,1700,2.15,1558,1.97,2026-01-22,2026-04-07,76,12
Cortland on the River,Afton,414,,1,1,,789,8/20/2024,565,16,120%,1657,2.1,1657,2.1,2024-03-26,2024-09-13,172,25
Cortland on the River,Afton,414,,1,1,,789,3/27/2026,565,,120%,1730,2.19,1730,2.19,2025-12-18,2026-03-08,81,0
Cortland on the River,Afton,214,,1,1,,789,11/18/2025,,,120%,1763,2.23,1763,2.23,2025-09-27,2025-10-12,16,0
Cortland on the River,Beck,109,,1,1,,829,4/27/2024,565,14,80%,1626,1.96,1626,1.96,2024-02-18,2024-02-19,2,0
Cortland on the River,Beck,409,,1,1,,829,7/7/2023,,,80%,1580,1.91,1448,1.75,,2023-10-31,,
Cortland on the River,Beck,409,,1,1,,829,4/8/2025,565,3,80%,1655,2,1655,2,2025-01-31,2025-02-05,6,0
Cortland on the River,Beck,309,,1,1,,829,5/25/2024,565,12,80%,1769,2.13,1622,1.96,2024-03-19,2024-04-02,15,0
Cortland on the River,Beck,309,,1,1,,829,12/16/2025,,,80%,1662,2,1470,1.77,2025-10-18,2026-01-10,85,26
Cortland on the River,Beck,509,,1,1,,829,11/9/2024,565,16,120%,1702,2.05,1702,2.05,2024-09-09,2024-11-23,76,15
Cortland on the River,Beck,509,,1,1,,829,2/10/2026,,,120%,1744,2.1,1543,1.86,2025-12-18,2026-02-26,71,17
Cortland on the River,Beck,209,,1,1,,829,7/12/2023,,,120%,1573,1.9,1442,1.74,,2023-10-16,,
Cortland on the River,Beck,209,,1,1,,829,10/30/2024,565,15,120%,1607,1.94,1607,1.94,2024-08-17,2024-09-17,32,0
Cortland on the River,Beck,209,,1,1,,829,9/6/2025,,,120%,1764,2.13,1764,2.13,2025-06-26,2025-09-01,68,0
Cortland on the River,Nova,348,3,2,2,,987,8/30/2023,565,12,120%,2048,2.07,1877,1.9,,2024-04-18,,
Cortland on the River,Nova,347,,2,2,,987,7/20/2024,565,14,120%,2127,2.16,2127,2.16,2024-04-13,2024-04-30,18,0
Cortland on the River,Nova,148,1,2,2,,987,8/3/2024,565,14,120%,2158,2.19,2158,2.19,2024-05-25,2024-05-30,6,0
Cortland on the River,Nova,447,,2,2,,987,6/27/2024,565,12,120%,2237,2.27,2051,2.08,2024-04-06,2024-04-11,6,0
Cortland on the River,Nova,548,,2,2,,987,8/23/2023,,,120%,1979,2.01,1814,1.84,2023-07-13,2023-12-22,163,122
Cortland on the River,Nova,247,,2,2,,987,6/6/2025,,,120%,2147,2.18,2147,2.18,2025-04-19,2025-05-01,13,0
Cortland on the River,Nova,247,,2,2,,987,6/22/2026,565,,120%,2050,2.08,1967,1.99,2026-04-08,2026-04-19,12,0
Cortland on the River,Nova,547,,2,2,,987,6/29/2024,565,14,120%,2197,2.23,2197,2.23,2024-04-16,2024-05-12,27,0
Cortland on the River,Nova,547,,2,2,,987,6/2/2025,,,120%,2186,2.21,2186,2.21,2025-03-28,2025-04-21,25,0
Cortland on the River,Nova,547,,2,2,,987,1/28/2026,,,120%,2055,2.08,1818,1.84,2025-12-18,2026-01-30,44,3
Cortland on the River,Nova,147,1,2,2,,987,4/8/2025,565,,120%,2069,2.1,2069,2.1,2025-01-23,2025-05-28,126,51
Cortland on the River,Nova,428,,2,2,,987,10/17/2025,,,120%,2122,2.15,1877,1.9,2025-09-01,2026-01-11,133,87
Cortland on the River,Nova,248,,2,2,,987,7/19/2025,,,120%,2134,2.16,2134,2.16,2025-04-26,2025-06-07,43,0
Cortland on the River,Nova,328,,2,2,,987,6/2/2026,565,,120%,2195,2.22,2112,2.14,2026-03-07,2026-04-16,41,0
Cortland on the River,Nova,528,,2,2,,987,6/16/2025,,,120%,2316,2.35,2316,2.35,2025-04-07,2025-07-01,86,16
Cortland on the River,Nova,517,,2,2,,991,10/11/2023,,,120%,2437,2.46,2354,2.38,2023-07-20,2023-07-26,7,0
Cortland on the River,Nova,517,,2,2,,991,5/14/2024,565,12,120%,2282,2.3,2092,2.11,2024-03-07,2024-03-10,4,0
Cortland on the River,Nova,517,,2,2,,991,1/27/2025,565,14,120%,2218,2.24,2218,2.24,2024-11-02,2024-11-26,25,0
Cortland on the River,Nova,117,1,2,2,,991,9/7/2024,565,16,120%,2292,2.31,2292,2.31,2024-03-26,2024-08-19,147,0
Cortland on the River,Nova,217,,2,2,,991,1/18/2024,565,12,120%,2163,2.18,1983,2,2024-02-07,2024-03-29,52,52
Cortland on the River,Nova,217,,2,2,,991,2/1/2026,,,120%,2147,2.17,1899,1.92,2025-12-18,2026-01-17,31,0
Cortland on the River,Nova,437,,2,2,,991,1/27/2024,,,120%,2093,2.11,2093,2.11,2024-01-27,2024-01-30,4,4
Cortland on the River,Nova,437,,2,2,,991,3/24/2025,565,,120%,2231,2.25,2231,2.25,2025-01-14,2025-05-15,122,53
Cortland on the River,Nova,437,,2,2,,991,11/18/2025,565,,120%,2155,2.17,2155,2.17,2025-09-10,2026-03-17,189,120
Cortland on the River,Nova,337,,2,2,,991,8/16/2023,,,120%,2377,2.4,2277,2.3,,2023-06-25,,
Cortland on the River,Nova,337,,2,2,,991,11/8/2025,565,,120%,2185,2.2,2102,2.12,2025-09-01,2026-04-19,231,163
Cortland on the River,Nova,317,,2,2,,991,5/8/2025,,,120%,2188,2.21,2188,2.21,2025-03-21,2025-03-27,7,0
Cortland on the River,Nova,317,,2,2,,991,5/27/2026,,,120%,2190,2.21,2190,2.21,2026-02-16,2026-03-04,17,0
Cortland on the River,Nova,137,3,2,2,,991,4/30/2025,,,120%,2063,2.08,2063,2.08,2025-03-21,2025-04-08,19,0
Cortland on the River,Nova,137,3,2,2,,991,6/30/2026,565,,120%,2195,2.21,2195,2.21,2026-04-25,2026-05-11,17,0
Cortland on the River,Lotus,210,,2,2,,993,1/13/2024,565,12,120%,1971,1.98,1807,1.82,2023-11-12,2024-04-10,151,89
Cortland on the River,Lotus,241,2,2,2,,993,5/4/2024,565,14,120%,2047,2.06,2047,2.06,2024-02-21,2024-04-23,63,0
Cortland on the River,Lotus,441,,2,2,,993,8/30/2023,,,80%,1885,1.9,1885,1.9,2023-06-21,2024-01-27,221,151
Cortland on the River,Lotus,110,,2,2,,993,2/24/2026,,,120%,1927,1.94,1704,1.72,2025-12-18,2025-12-27,10,0
Cortland on the River,Lotus,311,,2,2,,993,2/14/2024,,,120%,1978,1.99,1813,1.83,2023-12-22,2024-01-14,24,0
Cortland on the River,Lotus,311,,2,2,,993,3/27/2025,565,,120%,2043,2.06,2043,2.06,2024-12-30,2025-03-21,82,0
Cortland on the River,Lotus,311,,2,2,,993,1/1/2026,,,120%,1997,2.01,1766,1.78,2025-10-26,2026-01-08,75,8
Cortland on the River,Lotus,310,,2,2,,993,4/3/2025,565,3,120%,2053,2.07,2053,2.07,2025-01-17,2025-02-05,20,0
Cortland on the River,Lotus,310,,2,2,,993,12/23/2025,,,120%,1997,2.01,1766,1.78,2025-10-17,2026-01-17,93,26
Cortland on the River,Lotus,511,,2,2,,993,8/10/2025,,,120%,2164,2.18,2164,2.18,2025-06-05,2025-06-07,3,0
Cortland on the River,Lotus,511,,2,2,,993,1/24/2026,,,120%,2000,2.01,1769,1.78,2025-12-18,2026-01-29,43,6
Cortland on the River,Lotus,423,,2,2,,993,8/31/2023,,,120%,2322,2.34,2239,2.25,,2023-07-27,,
Cortland on the River,Lotus,423,,2,2,,993,9/7/2024,565,18,120%,2278,2.29,2278,2.29,2024-06-15,2024-07-23,39,0
Cortland on the River,Lotus,423,,2,2,,993,3/24/2026,,,120%,2053,2.07,1816,1.83,2026-01-17,2026-02-28,43,0
Cortland on the River,Lotus,510,,2,2,,993,1/30/2025,565,,120%,2068,2.08,2068,2.08,2024-11-20,2025-03-21,122,51
Cortland on the River,Lotus,111,1,2,2,,993,7/25/2026,565,,120%,2091,2.11,2091,2.11,2026-05-21,2026-05-22,2,0
Cortland on the River,Lotus,211,,2,2,,993,10/1/2024,565,16,120%,1872,1.89,1872,1.89,2024-07-26,2024-09-09,46,0
Cortland on the River,Lotus,211,,2,2,,993,8/31/2025,,,120%,2116,2.13,2116,2.13,2025-06-19,2025-09-01,75,2
Cortland on the River,Lotus,411,,2,2,,993,6/30/2025,,,120%,2139,2.15,2139,2.15,2025-04-29,2025-05-28,30,0
Cortland on the River,Lotus,411,,2,2,,993,9/8/2026,565,,120%,2218,2.23,2218,2.23,2026-06-11,2026-06-29,19,0
Cortland on the River,Lotus,323,,2,2,,993,7/6/2024,565,14,120%,2197,2.21,2197,2.21,2024-04-03,2024-04-25,23,0
Cortland on the River,Lotus,323,,2,2,,993,7/13/2025,,,120%,2239,2.25,2239,2.25,2025-05-08,2025-05-30,23,0
Cortland on the River,Lotus,410,,2,2,,993,12/20/2023,,,120%,1986,2,1820,1.83,2023-10-11,2023-11-12,33,0
Cortland on the River,Lotus,410,,2,2,,993,9/29/2026,565,,120%,2249,2.26,2249,2.26,2026-07-11,,5,0
Cortland on the River,Nova,446,,2,2,,1036,1/23/2026,565,,120%,2185,2.11,2003,1.93,2025-12-18,2026-04-07,111,75
Cortland on the River,Nova,334,,2,2,,1036,4/15/2025,,,120%,2238,2.16,2238,2.16,2025-03-21,2025-03-29,9,0
Cortland on the River,Nova,346,3,2,2,,1036,1/25/2024,565,14,120%,2196,2.12,2196,2.12,2024-01-30,2024-04-19,81,81
Cortland on the River,Nova,346,3,2,2,,1036,8/27/2024,565,,120%,2183,2.11,2183,2.11,2024-08-02,2025-04-17,259,234
Cortland on the River,Nova,346,3,2,2,,1036,11/26/2025,565,,120%,2250,2.17,2062,1.99,2025-09-20,2026-04-13,206,139
Cortland on the River,Nova,135,1,2,2,,1036,12/22/2023,565,14,120%,2153,2.08,2153,2.08,2024-01-27,2024-04-23,88,88
Cortland on the River,Nova,135,1,2,2,,1036,7/3/2025,,,120%,2291,2.21,2291,2.21,2025-04-29,2025-06-27,60,0
Cortland on the River,Nova,135,1,2,2,,1036,4/30/2026,565,,120%,2256,2.18,2214,2.14,2026-02-25,2026-04-28,63,0
Cortland on the River,Nova,245,2,2,2,,1036,8/27/2026,565,,120%,2358,2.28,2358,2.28,2025-09-09,2026-06-25,290,0
Cortland on the River,Nova,434,,2,2,,1036,2/11/2025,565,14,120%,2293,2.21,2293,2.21,2024-12-06,2024-12-07,2,0
Cortland on the River,Nova,434,,2,2,,1036,9/9/2025,,,120%,2391,2.31,2391,2.31,2025-07-05,2025-07-08,4,0
Cortland on the River,Nova,134,1,2,2,,1036,8/3/2025,,,120%,2289,2.21,2289,2.21,2025-05-15,2025-06-10,27,0
Cortland on the River,Nova,134,1,2,2,,1036,8/12/2026,565,,120%,2418,2.33,2335,2.25,2026-06-04,2026-06-08,5,0
Cortland on the River,Nova,335,,2,2,,1036,8/18/2026,565,,120%,2435,2.35,2352,2.27,2026-06-04,2026-06-10,7,0
Cortland on the River,Nova,205,,2,2,,1072,12/29/2023,565,14,120%,2062,1.92,2062,1.92,2024-01-27,2024-02-18,23,23
Cortland on the River,Nova,505,,2,2,,1072,12/10/2024,565,17,120%,2102,1.96,2102,1.96,2024-10-04,2024-10-22,19,0
Cortland on the River,Nova,235,,2,2,,1072,8/30/2024,565,18,120%,2180,2.03,2180,2.03,2024-05-30,2024-10-09,133,41
Cortland on the River,Nova,435,4,2,2,,1072,5/7/2024,565,12,120%,2327,2.17,2327,2.17,2024-03-01,2024-05-14,75,8
Cortland on the River,Nova,146,,2,2,,1072,1/11/2024,,,120%,1947,1.82,1947,1.82,2024-01-11,2024-01-27,17,17
Cortland on the River,Nova,145,4,2,2,,1072,9/23/2023,,,120%,1966,1.83,1966,1.83,2023-07-26,2024-01-27,186,127
Cortland on the River,Nova,345,3,2,2,,1072,12/31/2024,565,,120%,2077,1.94,2077,1.94,2024-07-23,2025-03-21,242,81
Cortland on the River,Nova,535,,2,2,,1072,12/22/2023,,,120%,2110,1.97,1934,1.8,2023-12-22,2024-01-11,21,21
Cortland on the River,Nova,105,,2,2,,1072,2/10/2025,565,3,120%,2033,1.9,2033,1.9,2024-11-16,2025-01-28,74,0
Cortland on the River,Nova,105,,2,2,,1072,3/6/2026,,,120%,1955,1.82,1729,1.61,2025-12-24,2026-01-29,37,0
Cortland on the River,Nova,105,,2,2,,1072,5/8/2026,565,,120%,2120,1.98,2078,1.94,2026-05-01,2026-05-03,3,0
Cortland on the River,Nova,405,,2,2,,1072,4/20/2024,565,14,120%,2227,2.08,2227,2.08,2024-02-15,2024-02-18,4,0
Cortland on the River,Nova,405,,2,2,,1072,9/25/2024,565,,120%,2058,1.92,2058,1.92,2024-07-31,2025-03-21,234,178
Cortland on the River,Nova,405,,2,2,,1072,2/6/2026,565,,120%,2160,2.01,1980,1.85,2026-01-19,2026-04-13,85,67
Cortland on the River,Nova,534,5,2,2,,1072,3/17/2025,565,3,120%,2328,2.17,2328,2.17,2025-01-09,2025-01-17,9,0
Cortland on the River,Lotus,136,1,2,2,,1105,11/9/2024,565,14,80%,1922,1.74,1922,1.74,2024-08-09,2024-09-21,44,0
Cortland on the River,Lotus,436,,2,2,,1105,7/24/2024,565,14,120%,2282,2.07,2282,2.07,2024-04-23,2024-05-10,18,0
Cortland on the River,Lotus,236,,2,2,,1105,12/15/2023,,,120%,2036,1.84,1866,1.69,2023-09-29,2023-12-24,87,10
Cortland on the River,Lotus,336,,2,2,,1105,1/2/2025,565,14,120%,2022,1.83,2022,1.83,2024-10-27,2024-10-31,5,0
Cortland on the River,Lotus,336,,2,2,,1105,3/10/2026,,,120%,2045,1.85,1809,1.64,2025-12-30,2026-02-18,51,0
Cortland on the River,Lotus,536,,2,2,,1105,8/23/2025,,,120%,2090,1.89,1849,1.67,2025-06-19,2026-02-01,228,163
Cortland on the River,Windsor,212,,2,2,,1147,12/13/2023,,,120%,2086,1.82,1912,1.67,2023-09-25,2023-11-17,54,0
Cortland on the River,Windsor,212,,2,2,,1147,2/20/2025,565,,120%,2143,1.87,2143,1.87,2024-12-08,2025-03-21,104,30
Cortland on the River,Windsor,412,,2,2,,1147,12/17/2025,,,120%,2147,1.87,1899,1.66,2025-10-11,2026-01-13,95,28
Cortland on the River,B7 - Windsor,112,1,2,2,,1147,6/28/2025,,,120%,2156,1.88,2156,1.88,2025-04-21,2025-04-22,2,0
Cortland on the River,Windsor,312,,2,2,,1147,9/9/2025,,,120%,2277,1.99,2194,1.91,2025-06-19,2025-10-18,122,40
Cortland on the River,Windsor,512,,2,2,,1147,11/29/2023,,,120%,2428,2.12,2226,1.94,2023-09-21,2023-09-25,5,0
Cortland on the River,Windsor,512,,2,2,,1147,10/19/2025,,,120%,2409,2.1,2409,2.1,2025-09-01,2025-09-09,9,0
Cortland on the River,Windsor,113,1,2,2,,1193,8/22/2024,565,11,120%,2014,1.69,2014,1.69,2024-07-14,2024-09-20,69,30
Cortland on the River,Windsor,213,,2,2,,1193,3/21/2026,565,,120%,2165,1.81,1985,1.66,2026-01-16,2026-04-07,82,18
Cortland on the River,Windsor,513,,2,2,,1193,8/27/2025,,,120%,2397,2.01,2397,2.01,2025-07-05,2025-09-09,67,14
Cortland on the River,Windsor,513,,2,2,,1193,4/8/2026,,,120%,2175,1.82,1924,1.61,2026-01-16,2026-02-03,19,0
Cortland on the River,Windsor,313,,2,2,,1193,10/18/2023,,,120%,2161,1.81,1981,1.66,2023-10-10,2023-11-14,36,28
Cortland on the River,Windsor,313,,2,2,,1193,4/5/2025,565,,120%,2213,1.85,2213,1.85,2025-01-14,2025-04-15,92,11
Cortland on the River,Windsor,413,,2,2,,1193,3/28/2025,565,,120%,2213,1.85,2213,1.85,2025-01-30,2025-04-15,76,19
Monterra Townhomes,Lennox V (2x2.5),N104,,2,2,1,1313,2/11/2025,750,,80%,1713,1.3,1713,1.3,2025-01-07,2025-02-13,38,3
Monterra Townhomes,Lennox V,Q104,,2,2,1,1313,10/18/2024,750,,80%,1718,1.31,1718,1.31,2024-09-07,2024-09-21,15,0
Monterra Townhomes,2 Bedroom 2.5 Bath Vintage,B103,,2,2,1,1313,12/29/2023,300,,80%,1725,1.31,1725,1.31,2023-12-02,2024-03-29,119,92
Monterra Townhomes,Lennox V (2x2.5),F103,,2,2,1,1313,8/21/2023,300,,80%,1820,1.39,1820,1.39,2023-07-18,2023-09-06,51,17
Monterra Townhomes,Lennox V (2x2.5),F103,,2,2,1,1313,9/19/2024,750,,80%,1763,1.34,1763,1.34,2023-12-28,2025-02-05,406,140
Monterra Townhomes,Lennox V (2x2.5),G103,,2,2,1,1313,3/8/2025,750,,80%,1770,1.35,1770,1.35,2025-01-30,2025-02-28,30,0
Monterra Townhomes,Windsor R,H102,,2,2,1,1313,9/8/2023,300,,80%,2465,1.88,2465,1.88,2023-08-01,2023-08-23,23,0
Monterra Townhomes,Windsor R,H102,,2,2,1,1313,3/29/2024,750,,80%,1807,1.38,1807,1.38,2024-03-29,2024-05-08,41,41
Monterra Townhomes,Lennox V (2x2.5),W103,,2,2,1,1313,11/8/2023,300,,80%,1695,1.29,1695,1.29,2023-10-06,2023-10-18,13,0
Monterra Townhomes,Lennox V (2x2.5),W103,,2,2,1,1313,11/18/2024,750,,80%,1863,1.42,1863,1.42,2024-10-11,2024-12-09,60,22
Monterra Townhomes,Lennox R (2x2.5),N103,,2,2,1,1313,12/16/2023,300,,80%,1725,1.31,1725,1.31,2023-11-24,2024-01-03,41,19
Monterra Townhomes,Lennox R (2x2.5),N103,,2,2,1,1313,11/11/2025,750,,80%,1925,1.47,1842,1.4,2025-10-07,2025-11-25,50,15
Monterra Townhomes,Lennox V (2x2.5),F105,,2,2,1,1313,3/8/2025,750,,120%,1950,1.49,1950,1.49,2025-01-28,2025-04-29,92,53
Monterra Townhomes,Lennox R,E106,,2,2,1,1313,4/29/2026,750,,120%,1955,1.49,1955,1.49,2026-04-10,2026-04-17,8,0
Monterra Townhomes,Lennox R (2x2.5),R101,,2,2,1,1313,9/9/2023,300,,120%,1695,1.29,1695,1.29,2023-08-03,2023-10-24,83,46
Monterra Townhomes,Lennox R (2x2.5),R101,,2,2,1,1313,11/19/2024,750,,120%,1908,1.45,1835,1.4,2024-10-04,2024-10-29,26,0
Monterra Townhomes,Lennox R (2x2.5),R101,,2,2,1,1313,11/15/2025,750,,120%,1970,1.5,1970,1.5,2025-11-15,2026-01-03,50,50
Monterra Townhomes,Windsor R (2denx2),E107,,2,2,1,1313,8/26/2023,300,,120%,2405,1.83,2405,1.83,2023-07-13,2023-08-23,42,0
Monterra Townhomes,Windsor R (2denx2),E107,,2,2,1,1313,3/29/2024,750,,120%,2021,1.54,2021,1.54,2024-03-29,2024-05-22,55,55
Monterra Townhomes,Windsor R (2denx2),E107,,2,2,1,1313,11/8/2025,750,,120%,2050,1.56,2050,1.56,2025-09-25,2026-02-21,150,106
Monterra Townhomes,Lennox R (2x2.5),A104,,2,2,1,1313,8/26/2023,300,,120%,2315,1.76,2315,1.76,2023-07-13,2023-08-20,39,0
Monterra Townhomes,Lennox R (2x2.5),A104,,2,2,1,1313,6/25/2024,750,,120%,2095,1.6,2095,1.6,2024-05-24,2024-09-06,106,74
Monterra Townhomes,Lennox R (2x2.5),A104,,2,2,1,1313,12/26/2025,750,,120%,2100,1.6,2100,1.6,2025-12-02,2026-02-21,82,58
Monterra Townhomes,Lennox R (2x2.5),R102,,2,2,1,1313,12/15/2023,300,,120%,2315,1.76,2315,1.76,2023-12-15,2024-03-29,106,106
Monterra Townhomes,Lennox R (2x2.5),R102,,2,2,1,1313,1/23/2026,750,,120%,2115,1.61,2115,1.61,2026-01-15,2026-02-21,38,30
Monterra Townhomes,Lennox R (2x2.5),F104,,2,2,1,1313,3/17/2026,750,,120%,2125,1.62,2125,1.62,2026-02-26,2026-04-02,36,17
Monterra Townhomes,Windsor R,V102,,2,2,1,1313,8/1/2023,300,,120%,2465,1.88,2465,1.88,2023-07-26,2023-08-08,14,8
Monterra Townhomes,Windsor R,V102,,2,2,1,1313,11/21/2023,750,,120%,2150,1.64,2150,1.64,2023-11-15,2024-07-14,243,237
Monterra Townhomes,Lennox R,J103,,2,2,1,1313,8/6/2024,750,,120%,1674,1.27,1674,1.27,2024-03-29,2024-05-03,36,0
Monterra Townhomes,Lennox R,J103,,2,2,1,1313,5/15/2026,750,,120%,2155,1.64,2155,1.64,2025-09-19,2026-05-11,235,0
Monterra Townhomes,Lennox V,G104,,2,2,1,1313,5/8/2025,750,,120%,1825,1.39,1825,1.39,2025-02-06,2025-04-11,65,0
Monterra Townhomes,Lennox V,G104,,2,2,1,1313,5/21/2026,750,,120%,2155,1.64,2155,1.64,2026-04-21,2026-04-24,4,0
Monterra Townhomes,Lennox R,W101,,2,2,1,1313,4/14/2024,750,,120%,1857,1.41,1857,1.41,2024-04-10,2024-04-17,8,4
Monterra Townhomes,Lennox R,W101,,2,2,1,1313,8/7/2026,750,,120%,2275,1.73,2275,1.73,2026-06-25,,21,0
Monterra Townhomes,Lennox R,W104,,2,2,1,1313,12/6/2023,300,,120%,1725,1.31,1725,1.31,2023-10-19,2024-03-29,163,115
Monterra Townhomes,Lennox R,W104,,2,2,1,1313,5/25/2026,750,,120%,2330,1.77,2330,1.77,2026-05-20,2026-05-22,3,0
Monterra Townhomes,Lennox R,R103,,2,2,1,1313,6/30/2024,750,,120%,2332,1.78,2332,1.78,2024-04-27,2024-07-02,67,3
Monterra Townhomes,Lennox R,Q103,,2,2,1,1313,5/15/2024,750,,120%,2342,1.78,2342,1.78,2024-04-03,2024-07-17,106,64
Monterra Townhomes,Lennox R,J104,,2,2,1,1313,9/8/2025,750,,120%,1875,1.43,1875,1.43,2025-07-24,2025-08-07,15,0
Monterra Townhomes,Lennox R,J104,,2,2,1,1313,5/27/2026,750,,120%,2400,1.83,2400,1.83,2026-04-25,2026-06-10,47,15
Monterra Townhomes,Lennox R,A103,,2,2,1,1313,6/11/2026,750,,120%,2410,1.84,2410,1.84,2026-05-01,2026-05-21,21,0
Monterra Townhomes,Lennox R,D104,,2,2,1,1313,7/24/2025,750,,120%,1965,1.5,1965,1.5,2025-06-12,2025-07-01,20,0
Monterra Townhomes,Lennox R,D104,,2,2,1,1313,7/30/2026,750,,120%,2415,1.84,2415,1.84,2026-06-18,2026-07-08,21,0
Monterra Townhomes,Windsor V,H103,,2,2,,1313,8/8/2024,750,,80%,1702,1.3,1702,1.3,2024-05-22,2024-05-26,5,0
Monterra Townhomes,2 Bedroom 2 Bath Vintage,S105,,2,2,,1313,9/8/2023,300,,80%,1725,1.31,1725,1.31,2023-07-01,2023-10-10,102,33
Monterra Townhomes,2 Bedroom 2 Bath Vintage,H106,,2,2,,1313,6/17/2023,300,,80%,1845,1.41,1845,1.41,,2023-08-23,,
Monterra Townhomes,2 Bedroom 2 Bath Vintage,H106,,2,2,,1313,11/21/2023,300,,80%,1775,1.35,1775,1.35,2023-11-21,2024-03-29,130,130
Monterra Townhomes,2 Bedroom 2 Bath Vintage,T105,,2,2,,1313,8/6/2023,300,,80%,1780,1.36,1780,1.36,2023-08-03,2023-12-21,141,138
Monterra Townhomes,Windsor V,V104,,2,2,,1313,5/3/2024,750,,80%,1798,1.37,1798,1.37,2024-05-03,2024-06-01,30,30
Monterra Townhomes,Windsor R (2denx2),K102,,2,2,,1313,4/26/2024,750,,80%,1743,1.33,1743,1.33,2024-03-29,2024-05-11,44,16
Monterra Townhomes,Windsor R (2denx2),K102,,2,2,,1313,9/2/2025,750,,80%,1800,1.37,1592,1.21,2025-07-29,2025-09-26,60,25
Monterra Townhomes,Windsor V (2denx2),T107,,2,2,,1313,1/24/2025,750,,80%,1821,1.39,1821,1.39,2024-12-18,2024-12-31,14,0
Monterra Townhomes,2 Bedroom 2 Bath Vintage,I106,,2,2,,1313,8/8/2023,300,,80%,1845,1.41,1845,1.41,2023-07-06,2023-09-10,67,34
Monterra Townhomes,Windsor V (2denx2),H105,,2,2,,1313,9/8/2023,300,,80%,1725,1.31,1725,1.31,2023-08-01,2023-10-11,72,34
Monterra Townhomes,Windsor V (2denx2),H105,,2,2,,1313,11/8/2024,750,,80%,1850,1.41,1850,1.41,2024-10-03,2025-02-06,127,91
Monterra Townhomes,Windsor V,I103,,2,2,,1313,7/1/2023,300,,80%,1865,1.42,1865,1.42,,2023-07-08,,
Monterra Townhomes,Windsor V,I103,,2,2,,1313,3/8/2024,300,,80%,1855,1.41,1855,1.41,2023-12-20,2024-03-29,101,22
Monterra Townhomes,Windsor V,I103,,2,2,,1313,7/29/2024,750,,80%,1876,1.43,1876,1.43,2024-06-27,2024-07-15,19,0
Monterra Townhomes,Windsor V (2denx2),C104,,2,2,,1313,4/8/2025,750,,80%,1880,1.43,1880,1.43,2025-02-13,2025-03-07,23,0
Monterra Townhomes,Windsor V,K106,,2,2,,1313,9/9/2023,300,,80%,1725,1.31,1725,1.31,2023-09-05,2023-10-10,36,32
Monterra Townhomes,Windsor V,K106,,2,2,,1313,11/2/2024,750,,80%,1881,1.43,1809,1.38,2024-10-01,2024-10-15,15,0
Monterra Townhomes,Windsor V,F102,,2,2,,1313,6/17/2023,300,,80%,1845,1.41,1845,1.41,,2023-08-23,,
Monterra Townhomes,Windsor V,F102,,2,2,,1313,11/21/2023,300,,80%,1755,1.34,1755,1.34,2023-11-21,2024-01-03,44,44
Monterra Townhomes,Windsor V,F102,,2,2,,1313,7/9/2024,750,,80%,1894,1.44,1894,1.44,2024-05-23,2024-06-06,15,0
Monterra Townhomes,Windsor R (2denx2),P103,,2,2,,1313,6/4/2024,750,,80%,1871,1.42,1715,1.31,2024-05-05,2024-08-25,113,83
Monterra Townhomes,Windsor R (2denx2),P103,,2,2,,1313,10/11/2025,750,,80%,1900,1.45,1827,1.39,2025-08-12,2025-12-24,135,75
Monterra Townhomes,Windsor R (2denx2),V103,,2,2,,1313,10/8/2025,750,,80%,1900,1.45,1681,1.28,2025-07-30,2025-10-13,76,6
Monterra Townhomes,Windsor V (2denx2),C107,,2,2,,1313,3/29/2024,750,,120%,1700,1.29,1700,1.29,2024-03-29,2024-03-30,2,2
Monterra Townhomes,Windsor V (2denx2),C107,,2,2,,1313,4/10/2025,750,,120%,1930,1.47,1930,1.47,2025-04-10,2025-04-25,16,16
Monterra Townhomes,Windsor R (2denx2),P105,,2,2,,1313,9/23/2025,750,,120%,1940,1.48,1940,1.48,2025-08-02,2025-09-03,33,0
Monterra Townhomes,Windsor V (2denx2),S104,,2,2,,1313,11/18/2023,300,,120%,1845,1.41,1845,1.41,2023-08-31,2023-09-13,14,0
Monterra Townhomes,Windsor V (2denx2),S104,,2,2,,1313,11/27/2024,750,,120%,1956,1.49,1956,1.49,2024-10-11,2025-02-11,124,77
Monterra Townhomes,Windsor V,Y103,,2,2,,1313,8/22/2023,300,,120%,1845,1.41,1845,1.41,,2023-09-19,,
Monterra Townhomes,Windsor V,Y103,,2,2,,1313,10/25/2024,750,,120%,2056,1.57,2056,1.57,2024-08-28,2025-01-23,149,91
Monterra Townhomes,Windsor V,Y103,,2,2,,1313,5/5/2026,750,,120%,1960,1.49,1960,1.49,2026-04-15,2026-04-21,7,0
Monterra Townhomes,Windsor R (2denx2),E104,,2,2,,1313,1/16/2025,750,,120%,1826,1.39,1826,1.39,2024-12-10,2025-01-03,25,0
Monterra Townhomes,Windsor R (2denx2),E104,,2,2,,1313,1/10/2026,750,,120%,1975,1.5,1975,1.5,2025-12-24,2026-02-24,63,46
Monterra Townhomes,Windsor V (2denx2),E103,,2,2,,1313,8/19/2024,750,,120%,1876,1.43,1804,1.37,2024-08-01,2024-10-31,92,74
Monterra Townhomes,Windsor V (2denx2),E103,,2,2,,1313,7/24/2025,750,,120%,1980,1.51,1980,1.51,2025-06-18,2025-07-01,14,0
Monterra Townhomes,Windsor R (2denx2),T103,,2,2,,1313,1/10/2024,300,,120%,1755,1.34,1755,1.34,2023-12-28,2024-01-03,7,0
Monterra Townhomes,Windsor R (2denx2),T103,,2,2,,1313,7/3/2024,750,,120%,1894,1.44,1894,1.44,2024-05-26,2024-06-06,12,0
Monterra Townhomes,Windsor R (2denx2),T103,,2,2,,1313,10/22/2025,750,,120%,1980,1.51,1980,1.51,2025-09-16,2026-01-17,124,88
Monterra Townhomes,Windsor R (2denx2),S103,,2,2,,1313,10/14/2024,750,,120%,1856,1.41,1856,1.41,2024-09-10,2024-10-03,24,0
Monterra Townhomes,Windsor R (2denx2),S103,,2,2,,1313,12/20/2025,750,,120%,1985,1.51,1985,1.51,2025-11-09,2026-02-26,110,69
Monterra Townhomes,Windsor R (2denx2),C106,,2,2,,1313,8/25/2023,300,,120%,1845,1.41,1845,1.41,2023-07-19,2023-09-14,58,21
Monterra Townhomes,Windsor R (2denx2),C106,,2,2,,1313,3/3/2026,750,,120%,1990,1.52,1990,1.52,2026-01-28,2026-02-05,9,0
Monterra Townhomes,Windsor R (2denx2),C105,,2,2,,1313,7/9/2025,750,,120%,2000,1.52,2000,1.52,2025-05-21,2025-06-26,37,0
Monterra Townhomes,Windsor R (2denx2),C102,,2,2,,1313,3/8/2026,750,,120%,2010,1.53,2010,1.53,2026-02-17,2026-02-26,10,0
Monterra Townhomes,Windsor R (2denx2),V105,,2,2,,1313,9/29/2023,300,,120%,1725,1.31,1725,1.31,2023-08-03,2023-09-30,59,2
Monterra Townhomes,Windsor R (2denx2),V105,,2,2,,1313,10/28/2024,750,,120%,2021,1.54,2021,1.54,2024-09-21,2024-12-17,88,51
Monterra Townhomes,Windsor R (2denx2),V105,,2,2,,1313,2/10/2026,750,,120%,2010,1.53,2010,1.53,2025-12-24,2026-02-21,60,12
Monterra Townhomes,Windsor R,P104,,2,2,,1313,4/8/2026,750,,120%,2055,1.57,2055,1.57,2026-03-04,2026-05-01,59,24
Monterra Townhomes,Windsor R,X102,,2,2,,1313,5/7/2026,750,,120%,2065,1.57,2065,1.57,2026-05-01,2026-05-05,5,0
Monterra Townhomes,2x2 New Fully Renovated,P102,,2,2,,1313,9/2/2023,300,,120%,2450,1.87,2450,1.87,2023-08-01,2023-08-19,19,0
Monterra Townhomes,2x2 New Fully Renovated,P102,,2,2,,1313,1/22/2024,300,,120%,2315,1.76,2315,1.76,2024-01-03,2024-03-29,87,68
Monterra Townhomes,Windsor V,I105,,2,2,,1313,8/27/2023,300,,120%,1845,1.41,1845,1.41,2023-06-20,2023-09-19,92,24
Monterra Townhomes,Windsor V,I105,,2,2,,1313,5/27/2024,750,,120%,1889,1.44,1889,1.44,2024-05-14,2024-06-02,20,7
Monterra Townhomes,Windsor V,I105,,2,2,,1313,8/20/2026,750,,120%,2325,1.77,2325,1.77,2026-07-11,2026-07-14,4,0
Monterra Townhomes,Windsor V,E102,,2,2,,1313,6/17/2023,300,,120%,1915,1.46,1915,1.46,,2023-07-08,,
Monterra Townhomes,Windsor V,E102,,2,2,,1313,7/23/2024,750,,120%,1876,1.43,1876,1.43,2024-05-30,2024-07-21,53,0
Monterra Townhomes,Windsor V,E102,,2,2,,1313,8/11/2026,750,,120%,2325,1.77,2325,1.77,2026-07-02,2026-07-10,9,0
Monterra Townhomes,Windsor R,V106,,2,2,,1313,7/7/2026,750,,120%,2340,1.78,2340,1.78,2026-06-03,2026-06-11,9,0
Monterra Townhomes,Windsor R,V107,,2,2,,1313,7/3/2023,300,,120%,1845,1.41,1845,1.41,2023-07-01,2023-08-16,47,45
Monterra Townhomes,Windsor R,V107,,2,2,,1313,5/6/2024,750,,120%,1966,1.5,1966,1.5,2024-04-03,2024-04-07,5,0
Monterra Townhomes,Windsor R,V107,,2,2,,1313,7/13/2026,750,,120%,2375,1.81,2375,1.81,2026-07-02,2026-07-06,5,0
Monterra Townhomes,Windsor V,S102,,2,2,,1313,1/8/2024,300,,120%,1755,1.34,1755,1.34,2023-11-09,2024-03-29,142,82
Monterra Townhomes,Windsor V,S102,,2,2,,1313,Now,750,,120%,2400,1.83,2400,1.83,2026-06-05,,41,8
Monterra Townhomes,Windsor R,T102,,2,2,,1313,5/6/2024,750,,120%,1871,1.42,1871,1.42,2024-04-25,2024-06-22,59,48
Monterra Townhomes,Windsor R,T102,,2,2,,1313,7/13/2026,750,,120%,2410,1.84,2410,1.84,2026-05-20,2026-07-07,49,0
Monterra Townhomes,Windsor V,X103,,2,2,,1313,4/8/2025,750,,120%,1845,1.41,1845,1.41,2025-03-04,2025-03-18,15,0
Monterra Townhomes,Windsor V,X103,,2,2,,1313,8/7/2026,750,,120%,2440,1.86,2440,1.86,2026-07-04,,12,0
Monterra Townhomes,Windsor R,T106,,2,2,,1313,12/21/2023,300,,120%,2265,1.73,2265,1.73,2023-12-16,2024-03-29,105,100
Monterra Townhomes,Windsor R,T106,,2,2,,1313,5/3/2025,750,,120%,2210,1.68,2210,1.68,2025-03-27,2025-05-14,49,12
Monterra Townhomes,Windsor R,T106,,2,2,,1313,10/21/2025,750,,120%,1900,1.45,1900,1.45,2025-09-16,2026-01-05,112,77
Monterra Townhomes,Windsor R,T106,,2,2,,1313,8/23/2026,750,,120%,2555,1.95,2555,1.95,2026-06-25,,21,0
Monterra Townhomes,Windsor R,K103,,2,2,,1313,6/17/2023,300,,120%,1925,1.47,1925,1.47,,2023-07-06,,
Monterra Townhomes,Windsor R,K103,,2,2,,1313,5/8/2024,750,,120%,1833,1.4,1833,1.4,2024-05-01,2024-05-24,24,17
Monterra Townhomes,Windsor R,K103,,2,2,,1313,9/7/2025,750,,120%,1800,1.37,1592,1.21,2025-08-03,2025-10-08,67,32
Monterra Townhomes,Windsor R,K103,,2,2,,1313,8/7/2026,750,,120%,2585,1.97,2585,1.97,2026-07-10,,6,0
Monterra Townhomes,Valencia V,N102,,3,2,1,1313,5/22/2024,750,,60%,1579,1.2,1579,1.2,2024-04-25,2024-05-01,7,0
Monterra Townhomes,Valencia V,N101,,3,2,1,1313,10/1/2023,300,,80%,1850,1.41,1850,1.41,2023-08-29,2023-12-28,122,89
Monterra Townhomes,Valencia V,N101,,3,2,1,1313,3/29/2024,750,,80%,1660,1.26,1660,1.26,2024-03-29,2024-04-05,8,8
Monterra Townhomes,Valencia V,K101,,3,2,1,1313,5/6/2024,750,,80%,1706,1.3,1706,1.3,2024-04-02,2024-05-10,39,5
Monterra Townhomes,Valencia R (3x2.5),J102,,3,2,1,1313,6/17/2023,300,,80%,1975,1.5,1975,1.5,,2023-08-23,,
Monterra Townhomes,Valencia R (3x2.5),J102,,3,2,1,1313,11/21/2023,300,,80%,1825,1.39,1825,1.39,2023-11-21,2024-03-29,130,130
Monterra Townhomes,Valencia R (3x2.5),J102,,3,2,1,1313,10/29/2025,750,,80%,1715,1.31,1632,1.24,2025-09-11,2025-11-20,71,23
Monterra Townhomes,Valencia V,P106,,3,2,1,1313,2/7/2024,750,,80%,1742,1.33,1742,1.33,2024-01-03,2024-04-07,96,61
Monterra Townhomes,Valencia R (3x2.5),V108,,3,2,1,1313,8/3/2023,300,,80%,1895,1.44,1895,1.44,2023-07-22,2023-09-13,54,42
Monterra Townhomes,Valencia R (3x2.5),V108,,3,2,1,1313,12/25/2024,750,,80%,2061,1.57,2061,1.57,2024-11-20,2025-01-24,66,31
Monterra Townhomes,Valencia R (3x2.5),V108,,3,2,1,1313,3/12/2026,750,,80%,1745,1.33,1745,1.33,2026-01-08,2026-01-13,6,0
Monterra Townhomes,Valencia R (3x2.5),O103,,3,2,1,1313,6/21/2023,300,,80%,1975,1.5,1975,1.5,2023-06-21,2023-08-19,60,60
Monterra Townhomes,Valencia R (3x2.5),O103,,3,2,1,1313,9/27/2024,750,,80%,1911,1.46,1911,1.46,2024-08-27,2024-09-14,19,0
Monterra Townhomes,Valencia R (3x2.5),O103,,3,2,1,1313,9/9/2025,750,,80%,1770,1.35,1687,1.28,2025-07-16,2025-11-26,134,79
Monterra Townhomes,Valencia R (3x2.5),G106,,3,2,1,1313,8/29/2023,300,,80%,2000,1.52,2000,1.52,2023-07-22,2023-09-19,60,22
Monterra Townhomes,Valencia R (3x2.5),G106,,3,2,1,1313,10/8/2024,750,,80%,1941,1.48,1941,1.48,2024-09-04,2024-09-28,25,0
Monterra Townhomes,Valencia R (3x2.5),G106,,3,2,1,1313,1/8/2026,750,,80%,1790,1.36,1790,1.36,2025-12-17,2025-12-31,15,0
Monterra Townhomes,Valencia R (3x2.5),L102,,3,2,1,1313,5/7/2024,750,,80%,1864,1.42,1864,1.42,2024-04-25,2024-05-03,9,0
Monterra Townhomes,Valencia R (3x2.5),L102,,3,2,1,1313,7/14/2025,750,,80%,1795,1.37,1712,1.3,2025-06-10,2025-11-21,165,131
Monterra Townhomes,Valencia R (3x2.5),T104,,3,2,1,1313,7/19/2023,300,,80%,2415,1.84,2415,1.84,2023-07-19,2023-07-26,8,8
Monterra Townhomes,Valencia R (3x2.5),T104,,3,2,1,1313,8/9/2025,750,,80%,1795,1.37,1712,1.3,2025-07-18,2025-11-15,121,99
Monterra Townhomes,Valencia R (3x2.5),I101,,3,2,1,1313,9/21/2023,300,,80%,1850,1.41,1850,1.41,2023-08-09,2023-10-07,60,17
Monterra Townhomes,Valencia R (3x2.5),I101,,3,2,1,1313,11/9/2025,750,,80%,1795,1.37,1795,1.37,2025-10-24,2025-10-31,8,0
Monterra Townhomes,Valencia R (3x2.5),M101,,3,2,1,1313,11/29/2023,300,,80%,1850,1.41,1850,1.41,2023-08-31,2024-03-29,212,122
Monterra Townhomes,Valencia R (3x2.5),M101,,3,2,1,1313,10/10/2025,750,,80%,1800,1.37,1592,1.21,2025-10-10,2025-10-11,2,2
Monterra Townhomes,Valencia R (3x2.5),U102,,3,2,1,1313,3/29/2024,750,,80%,2056,1.57,2056,1.57,2024-03-29,2024-05-29,62,62
Monterra Townhomes,Valencia R (3x2.5),U102,,3,2,1,1313,7/7/2025,750,,80%,1820,1.39,1737,1.32,2025-05-30,2025-11-25,180,142
Monterra Townhomes,Valencia R (3x2.5),O101,,3,2,1,1313,6/17/2023,300,,80%,2440,1.86,2440,1.86,,2023-07-19,,
Monterra Townhomes,Valencia R (3x2.5),O101,,3,2,1,1313,12/15/2023,300,,80%,2265,1.73,2265,1.73,2023-12-15,2024-03-29,106,106
Monterra Townhomes,Valencia R (3x2.5),O101,,3,2,1,1313,8/7/2024,750,,80%,2295,1.75,2295,1.75,2024-07-30,2024-10-02,65,57
Monterra Townhomes,Valencia R (3x2.5),O101,,3,2,1,1313,11/13/2025,750,,80%,1825,1.39,1825,1.39,2025-10-07,2025-12-02,57,20
Monterra Townhomes,Valencia R (3x2.5),X101,,3,2,1,1313,6/17/2023,300,,80%,2440,1.86,2440,1.86,,2023-07-20,,
Monterra Townhomes,Valencia R (3x2.5),X101,,3,2,1,1313,9/8/2024,750,,80%,2200,1.68,2017,1.54,2024-07-02,2024-08-21,51,0
Monterra Townhomes,Valencia R (3x2.5),X101,,3,2,1,1313,9/23/2025,750,,80%,1830,1.39,1830,1.39,2025-08-05,2025-12-02,120,71
Monterra Townhomes,Valencia R (3x2.5),F106,,3,2,1,1313,10/19/2023,300,,80%,2265,1.73,2265,1.73,2023-10-19,2023-12-15,58,58
Monterra Townhomes,Valencia R (3x2.5),F106,,3,2,1,1313,3/29/2024,750,,80%,2915,2.22,2915,2.22,2024-03-29,2024-06-14,78,78
Monterra Townhomes,Valencia R (3x2.5),F106,,3,2,1,1313,7/17/2025,750,,80%,1830,1.39,1830,1.39,2025-06-28,2025-12-04,160,141
Monterra Townhomes,3 Bedroom 2.5 Bath Vintage,Q101,,3,2,1,1313,9/10/2023,300,,80%,1850,1.41,1850,1.41,2023-08-05,2023-11-03,91,55
Monterra Townhomes,3 Bedroom 2.5 Bath Vintage,F101,,3,2,1,1313,7/18/2023,300,,80%,1850,1.41,1850,1.41,,2024-03-29,,
Monterra Townhomes,Valencia R (3x2.5),I108,,3,2,1,1313,9/7/2024,750,,80%,2530,1.93,2530,1.93,2024-07-31,2024-08-01,2,0
Monterra Townhomes,Valencia R (3x2.5),I108,,3,2,1,1313,10/4/2025,750,,80%,1865,1.42,1782,1.36,2025-07-24,2025-11-15,115,43
Monterra Townhomes,Valencia V (3x2.5),A105,,3,2,1,1313,6/21/2023,300,,80%,1795,1.37,1795,1.37,2023-06-21,2023-10-06,108,108
Monterra Townhomes,Valencia V (3x2.5),A105,,3,2,1,1313,10/31/2024,750,,80%,1875,1.43,1875,1.43,2024-09-04,2024-12-28,116,59
Monterra Townhomes,Valencia V,J105,,3,2,1,1313,9/21/2024,750,,80%,1886,1.44,1886,1.44,2024-08-21,2024-09-26,37,6
Monterra Townhomes,Valencia R (3x2.5),B105,,3,2,1,1313,8/20/2023,750,,80%,1924,1.47,1924,1.47,2023-07-11,2024-05-07,302,262
Monterra Townhomes,Valencia R (3x2.5),B105,,3,2,1,1313,7/22/2025,750,,80%,1900,1.45,1681,1.28,2025-05-13,2025-10-18,159,89
Monterra Townhomes,Valencia R (3x2.5),B106,,3,2,1,1313,10/22/2023,300,,80%,1825,1.39,1825,1.39,2023-09-15,2023-10-28,44,7
Monterra Townhomes,Valencia R (3x2.5),B106,,3,2,1,1313,5/5/2025,750,,80%,1965,1.5,1965,1.5,2025-03-22,2025-03-30,9,0
Monterra Townhomes,Valencia R (3x2.5),B106,,3,2,1,1313,6/28/2025,750,,80%,1900,1.45,1681,1.28,2025-06-28,2025-09-29,94,94
Monterra Townhomes,Valencia V,P101,,3,2,1,1313,10/31/2024,750,,80%,1911,1.46,1911,1.46,2024-09-25,2024-11-12,49,13
Monterra Townhomes,Valencia V,Q106,,3,2,1,1313,8/23/2024,750,,80%,1916,1.46,1916,1.46,2024-08-17,2024-09-02,17,11
Monterra Townhomes,Valencia R (3x2.5),L104,,3,2,1,1313,5/22/2024,750,,80%,1579,1.2,1579,1.2,2024-04-25,2024-04-26,2,0
Monterra Townhomes,Valencia R (3x2.5),L104,,3,2,1,1313,9/2/2025,750,,80%,1930,1.47,1707,1.3,2025-08-01,2025-09-18,49,17
Monterra Townhomes,3 Bedroom 2.5 Bath Vintage,M104,,3,2,1,1313,8/19/2023,300,,80%,1950,1.49,1950,1.49,2023-07-04,2023-08-13,41,0
Monterra Townhomes,Valencia V (3x2.5),B101,,3,2,1,1313,8/26/2023,300,,80%,1850,1.41,1850,1.41,2023-07-13,2023-10-18,98,54
Monterra Townhomes,Valencia V (3x2.5),B101,,3,2,1,1313,8/9/2025,750,,80%,1970,1.5,1743,1.33,2025-07-02,2025-09-23,84,46
Monterra Townhomes,Valencia V,G101,,3,2,1,1313,7/2/2024,750,,80%,1971,1.5,1971,1.5,2024-05-25,2024-07-14,51,13
Monterra Townhomes,Valencia V,Y104,,3,2,1,1313,6/17/2023,300,,80%,1895,1.44,1895,1.44,,2023-09-14,,
Monterra Townhomes,Valencia V,Y104,,3,2,1,1313,8/2/2024,750,,80%,1999,1.52,1922,1.46,2024-07-26,2024-10-29,96,89
Monterra Townhomes,Valencia R (3x2.5),A102,,3,2,1,1313,9/26/2023,300,,80%,1795,1.37,1795,1.37,2023-09-16,2024-03-29,196,186
Monterra Townhomes,Valencia R (3x2.5),A102,,3,2,1,1313,5/3/2025,750,,80%,1999,1.52,1768,1.35,2025-03-18,2025-08-24,160,114
Monterra Townhomes,Valencia R (3x2.5),B102,,3,2,1,1313,6/19/2023,750,,80%,1939,1.48,1939,1.48,,2024-04-29,,
Monterra Townhomes,Valencia R (3x2.5),B102,,3,2,1,1313,8/21/2025,750,,80%,2015,1.53,2015,1.53,2025-08-15,2025-11-05,83,77
Monterra Townhomes,Valencia R (3x2.5),D106,,3,2,1,1313,8/17/2023,300,,80%,2015,1.53,2015,1.53,,2023-07-08,,
Monterra Townhomes,Valencia R (3x2.5),D106,,3,2,1,1313,6/7/2024,750,,80%,1634,1.24,1634,1.24,2024-04-25,2024-04-29,5,0
Monterra Townhomes,Valencia R (3x2.5),D106,,3,2,1,1313,2/8/2025,750,,80%,1941,1.48,1941,1.48,2024-11-14,2024-12-27,44,0
Monterra Townhomes,Valencia R (3x2.5),D106,,3,2,1,1313,3/20/2026,750,,80%,2020,1.54,2020,1.54,2026-01-21,2026-01-24,4,0
Monterra Townhomes,Valencia V (3x2.5),U104,,3,2,1,1313,1/7/2025,750,,80%,2035,1.55,2035,1.55,2024-12-03,2025-04-03,122,87
Monterra Townhomes,Valencia V,J101,,3,2,1,1313,9/22/2024,750,,80%,1995,1.52,1995,1.52,2024-08-28,2024-10-07,41,16
Monterra Townhomes,Valencia V,J101,,3,2,1,1313,4/7/2026,750,,80%,2035,1.55,2035,1.55,2026-02-11,2026-04-29,78,23
Monterra Townhomes,Valencia V (3x2.5),D101,,3,2,1,1313,8/3/2023,300,,80%,2000,1.52,2000,1.52,2023-07-22,2023-09-05,46,34
Monterra Townhomes,Valencia V (3x2.5),D101,,3,2,1,1313,4/4/2025,750,,80%,2070,1.58,2070,1.58,2025-03-25,2025-04-03,10,0
Monterra Townhomes,3 Bedroom 2.5 Bath Vintage,E108,,3,2,1,1313,7/29/2023,300,,80%,2100,1.6,2100,1.6,2023-07-29,2023-08-20,23,23
Monterra Townhomes,Valencia V (3x2.5),Y101,,3,2,1,1313,4/8/2025,750,,80%,2105,1.6,2105,1.6,2025-02-04,2025-04-10,66,3
Monterra Townhomes,Valencia R (3x2.5),S101,,3,2,1,1313,11/8/2023,300,,80%,1850,1.41,1850,1.41,2023-09-15,2024-03-29,197,143
Monterra Townhomes,Valencia R (3x2.5),S101,,3,2,1,1313,12/25/2025,750,,80%,2115,1.61,2115,1.61,2025-12-17,2026-02-11,57,49
Monterra Townhomes,Valencia R (3x2.5),N105,,3,2,1,1313,1/19/2024,300,,80%,1825,1.39,1825,1.39,2023-12-13,2024-03-29,108,71
Monterra Townhomes,Valencia R (3x2.5),N105,,3,2,1,1313,6/4/2025,750,,80%,2125,1.62,2125,1.62,2025-04-29,2025-07-16,79,43
Monterra Townhomes,Valencia V,O102,,3,2,1,1313,5/5/2026,750,,80%,2125,1.62,2125,1.62,2026-04-21,2026-04-23,3,0
Monterra Townhomes,Valencia R (3x2.5),L103,,3,2,1,1313,5/22/2024,750,,120%,1584,1.21,1584,1.21,2024-04-25,2024-04-30,6,0
Monterra Townhomes,Valencia R (3x2.5),L103,,3,2,1,1313,8/29/2025,750,,120%,2160,1.65,2160,1.65,2025-06-26,2025-09-04,71,7
Monterra Townhomes,Valencia R (3x2.5),G102,,3,2,1,1313,8/18/2024,750,,120%,1996,1.52,1996,1.52,2024-07-11,2024-09-06,58,20
Monterra Townhomes,Valencia R (3x2.5),G102,,3,2,1,1313,2/18/2025,750,,120%,2165,1.65,2165,1.65,2025-02-01,2025-06-05,125,108
Monterra Townhomes,Valencia R (3x2.5),A101,,3,2,1,1313,7/15/2023,300,,120%,2000,1.52,2000,1.52,,2023-08-23,,
Monterra Townhomes,Valencia R (3x2.5),A101,,3,2,1,1313,11/21/2023,300,,120%,1850,1.41,1850,1.41,2023-11-21,2024-03-29,130,130
Monterra Townhomes,Valencia R (3x2.5),A101,,3,2,1,1313,2/26/2025,750,,120%,1911,1.46,1911,1.46,2024-11-05,2024-12-01,27,0
Monterra Townhomes,Valencia R (3x2.5),A101,,3,2,1,1313,3/1/2025,750,,120%,2075,1.58,2075,1.58,2025-03-01,2025-03-04,4,4
Monterra Townhomes,Valencia R (3x2.5),A101,,3,2,1,1313,3/9/2026,750,,120%,2200,1.68,2200,1.68,2026-02-11,2026-03-04,22,0
Monterra Townhomes,Valencia R,M103,,3,2,1,1313,9/5/2023,300,,120%,1825,1.39,1825,1.39,2023-08-29,2023-11-09,73,66
Monterra Townhomes,Valencia R,M103,,3,2,1,1313,1/25/2025,750,,120%,2120,1.61,2120,1.61,2024-12-13,2025-02-27,77,34
Monterra Townhomes,Valencia R,M103,,3,2,1,1313,5/4/2026,750,,120%,2225,1.69,2225,1.69,2026-04-28,2026-05-05,8,2
Monterra Townhomes,Valencia R (3x2.5),S106,,3,2,1,1313,1/10/2024,750,,120%,2104,1.6,2104,1.6,2023-12-28,2024-04-12,107,94
Monterra Townhomes,Valencia R (3x2.5),S106,,3,2,1,1313,5/22/2025,750,,120%,2245,1.71,2245,1.71,2025-03-06,2025-04-03,29,0
Monterra Townhomes,Valencia R (3x2.5),V101,,3,2,1,1313,12/12/2023,750,,120%,1899,1.45,1899,1.45,2023-11-21,2024-05-03,165,144
Monterra Townhomes,Valencia R (3x2.5),V101,,3,2,1,1313,5/7/2025,750,,120%,2285,1.74,2285,1.74,2025-02-18,2025-06-28,131,53
Monterra Townhomes,Valencia V,H108,,3,2,1,1313,6/17/2023,300,,120%,2065,1.57,2065,1.57,,2023-06-21,,
Monterra Townhomes,Valencia V,H108,,3,2,1,1313,3/29/2024,750,,120%,1709,1.3,1709,1.3,2024-03-29,2024-04-04,7,7
Monterra Townhomes,Valencia V,H108,,3,2,1,1313,6/10/2025,750,,120%,2025,1.54,2025,1.54,2025-04-29,2025-06-04,37,0
Monterra Townhomes,Valencia V,H108,,3,2,1,1313,7/16/2026,750,,120%,2475,1.88,2475,1.88,2026-06-10,2026-06-23,14,0
Monterra Townhomes,3x2.5 New Reno,U101,,3,2,1,1313,6/17/2023,300,,120%,2490,1.9,2490,1.9,,2023-08-23,,
Monterra Townhomes,Valencia R,K108,,3,2,1,1313,7/9/2025,750,,120%,2070,1.58,2070,1.58,2025-05-16,2025-06-23,39,0
Monterra Townhomes,Valencia R,K108,,3,2,1,1313,7/17/2026,750,,120%,2570,1.96,2570,1.96,2026-06-10,,36,0
Monterra Townhomes,3x2.5 New Reno,L101,,3,2,1,1313,7/14/2023,300,,120%,2590,1.97,2590,1.97,2023-07-14,2023-08-23,41,41
Monterra Townhomes,Valencia R,X104,,3,2,1,1313,9/7/2024,750,,120%,1961,1.49,1961,1.49,2024-07-23,2024-08-01,10,0
Monterra Townhomes,Valencia R,X104,,3,2,1,1313,10/28/2025,750,,120%,1690,1.29,1607,1.22,2025-10-28,2025-11-18,22,22
Monterra Townhomes,Valencia R,X104,,3,2,1,1313,6/17/2026,750,,120%,2650,2.02,2650,2.02,2026-06-10,2026-06-27,18,11
Monterra Townhomes,Valencia R,M102,,3,2,1,1313,7/10/2025,750,,120%,2180,1.66,2180,1.66,2025-06-03,2025-07-10,38,1
Monterra Townhomes,Valencia R,M102,,3,2,1,1313,8/7/2026,750,,120%,2655,2.02,2655,2.02,2026-06-11,2026-07-12,32,0
Monterra Townhomes,Valencia R,Q102,,3,2,1,1313,7/15/2023,300,,120%,2500,1.9,2500,1.9,2023-07-14,2023-08-23,41,40
Monterra Townhomes,Valencia R,Q102,,3,2,1,1313,3/29/2024,750,,120%,1952,1.49,1952,1.49,2024-03-29,2024-05-14,47,47
Monterra Townhomes,Valencia R,Q102,,3,2,1,1313,7/15/2026,750,,120%,2775,2.11,2775,2.11,2026-07-10,2026-07-11,2,0
Monterra Townhomes,Valencia R,N106,,3,2,1,1313,12/13/2024,750,,120%,2240,1.71,2240,1.71,2024-11-16,2025-03-06,111,84
Monterra Townhomes,Valencia R,N106,,3,2,1,1313,6/26/2026,750,,120%,2790,2.12,2790,2.12,2026-06-13,2026-06-20,8,0
Monterra Townhomes,Valencia R,A106,,3,2,1,1313,5/8/2024,750,,120%,2915,2.22,2915,2.22,2024-05-01,2024-06-14,45,38
Monterra Townhomes,Valencia R,A106,,3,2,1,1313,8/27/2026,750,,120%,2790,2.12,2790,2.12,2026-07-11,,5,0
Reedhouse Apartments,1x1 Jr,01-202,2,1,1,,655,11/14/2023,300,,60%,1242,1.9,1242,1.9,2023-11-03,2023-11-13,11,0
Reedhouse Apartments,1x1 Jr,01-202,2,1,1,,655,12/4/2025,300,,60%,1277,1.95,1277,1.95,2025-10-19,2026-01-20,94,48
Reedhouse Apartments,1x1 Jr,01-301,3,1,1,,655,11/10/2025,300,12,80%,1390,2.12,1280,1.95,2025-09-10,2025-12-02,84,23
Reedhouse Apartments,1x1 Jr,08-103,1,1,1,,655,11/10/2025,300,12,80%,1396,2.13,1396,2.13,2025-09-04,2026-01-19,138,71
Reedhouse Apartments,1x1 Jr,09-205,2,1,1,,655,6/22/2024,300,11,80%,1551,2.37,1551,2.37,2024-05-01,2024-05-07,7,0
Reedhouse Apartments,1x1 Jr,09-205,2,1,1,,655,11/24/2024,300,12,80%,1426,2.18,1384,2.11,2024-10-22,2025-01-18,89,56
Reedhouse Apartments,1x1 Jr,09-205,2,1,1,,655,2/7/2026,300,11,80%,1440,2.2,1440,2.2,2025-11-20,2026-01-18,60,0
Reedhouse Apartments,1x1 Jr,03-205,2,1,1,,655,10/20/2023,300,,80%,1489,2.27,1489,2.27,2023-09-16,2023-09-27,12,0
Reedhouse Apartments,1x1 Jr,03-205,2,1,1,,655,9/3/2025,300,11,80%,1452,2.22,1452,2.22,2025-08-01,2026-01-26,179,146
Reedhouse Apartments,1x1 Jr,13-207,2,1,1,,655,1/18/2025,300,12,80%,1455,2.22,1413,2.16,2024-12-03,2024-12-15,13,0
Reedhouse Apartments,1x1 Jr,12-304,3,1,1,,655,2/3/2026,,12,80%,1457,2.22,1457,2.22,2025-12-30,2026-01-18,20,0
Reedhouse Apartments,1x1 Jr,04-101,1,1,1,,655,12/23/2023,300,,80%,1241,1.89,1241,1.89,2023-10-26,2023-11-11,17,0
Reedhouse Apartments,1x1 Jr,04-101,1,1,1,,655,11/29/2025,300,12,80%,1466,2.24,1344,2.05,2025-09-23,2025-11-05,44,0
Reedhouse Apartments,1x1 Jr,06-102,1,1,1,,655,11/17/2024,300,12,80%,1476,2.25,1476,2.25,2024-10-05,2024-12-03,60,17
Reedhouse Apartments,1x1 Jr,13-103,1,1,1,,655,3/8/2024,300,,80%,1469,2.24,1469,2.24,2023-12-23,2024-03-16,85,9
Reedhouse Apartments,1x1 Jr,13-103,1,1,1,,655,9/23/2024,300,,80%,1501,2.29,1376,2.1,2024-07-31,2024-10-16,78,24
Reedhouse Apartments,1x1 Jr,08-203,2,1,1,,655,9/7/2024,300,12,80%,1973,3.01,1809,2.76,2024-08-20,2024-11-19,92,74
Reedhouse Apartments,1x1 Jr,10-205,2,1,1,,655,7/28/2023,300,,80%,1501,2.29,1501,2.29,2023-07-22,2023-07-25,4,0
Reedhouse Apartments,1x1 Jr,10-205,2,1,1,,655,3/17/2025,300,12,80%,1547,2.36,1418,2.16,2025-02-11,2025-05-08,87,53
Reedhouse Apartments,1x1 Jr,01-203,2,1,1,,655,4/25/2025,300,12,80%,1584,2.42,1452,2.22,2025-02-11,2025-05-19,98,25
Reedhouse Apartments,1x1 Jr,09-101,1,1,1,,655,7/10/2024,300,12,80%,1548,2.36,1548,2.36,2024-05-06,2024-06-11,37,0
Reedhouse Apartments,1x1 Jr,09-101,1,1,1,,655,7/16/2025,300,12,80%,1585,2.42,1585,2.42,2025-05-14,2025-06-18,36,0
Reedhouse Apartments,1x1 Jr,01-102,1,1,1,,655,7/29/2024,300,12,80%,1606,2.45,1523,2.33,2024-07-24,2024-08-11,19,14
Reedhouse Apartments,1x1 Jr,01-102,1,1,1,,655,1/30/2026,,,80%,1602,2.45,1602,2.45,2026-01-03,2026-03-10,67,40
Reedhouse Apartments,1x1 Jr,06-301,3,1,1,,655,7/27/2024,300,10,80%,1691,2.58,1691,2.58,2024-06-21,2024-07-14,24,0
Reedhouse Apartments,1x1 Jr,06-301,3,1,1,,655,1/17/2025,300,12,80%,1612,2.46,1478,2.26,2024-12-12,2025-04-01,111,75
Reedhouse Apartments,1x1 Jr,12-103,1,1,1,,655,1/12/2024,300,,80%,1440,2.2,1440,2.2,2023-12-20,2023-12-28,9,0
Reedhouse Apartments,1x1 Jr,12-103,1,1,1,,655,4/22/2026,,12,80%,1642,2.51,1642,2.51,2026-03-26,2026-04-01,7,0
Reedhouse Apartments,1x1 Jr,04-205,2,1,1,,655,7/8/2025,300,12,80%,1650,2.52,1650,2.52,2025-05-02,2025-06-18,48,0
Reedhouse Apartments,1x1 Jr,12-102,1,1,1,,655,7/2/2023,300,,80%,1602,2.45,1468,2.24,,2023-06-29,,
Reedhouse Apartments,1x1 Jr,12-102,1,1,1,,655,11/8/2023,300,,80%,1328,2.03,1328,2.03,2023-10-24,2023-11-08,16,1
Reedhouse Apartments,1x1 Jr,12-102,1,1,1,,655,8/15/2024,300,12,80%,1625,2.48,1625,2.48,2024-06-18,2024-07-23,36,0
Reedhouse Apartments,1x1 Jr,12-102,1,1,1,,655,8/27/2025,300,11,80%,1654,2.53,1654,2.53,2025-06-21,2025-08-24,65,0
Reedhouse Apartments,1x1 Jr,10-304,3,1,1,,655,10/14/2024,300,12,80%,2032,3.1,1863,2.84,2024-10-04,2024-11-13,41,31
Reedhouse Apartments,1x1 Jr,10-304,3,1,1,,655,10/15/2025,300,9,80%,1660,2.53,1660,2.53,2025-08-24,2025-10-25,63,11
Reedhouse Apartments,1x1 Jr,11-304,3,1,1,,655,11/1/2023,300,,80%,1534,2.34,1534,2.34,2023-09-16,2023-09-27,12,0
Reedhouse Apartments,1x1 Jr,11-304,3,1,1,,655,8/16/2024,300,11,80%,1684,2.57,1684,2.57,2024-07-31,2024-09-22,54,38
Reedhouse Apartments,1x1 Jr,05-101,1,1,1,,655,8/5/2024,300,12,80%,1686,2.57,1603,2.45,2024-05-24,2024-08-16,85,12
Reedhouse Apartments,1x1 Jr,06-103,1,1,1,,655,10/13/2024,300,12,80%,1709,2.61,1709,2.61,2024-08-13,2024-09-22,41,0
Reedhouse Apartments,1x1 Jr,06-103,1,1,1,,655,5/26/2025,300,12,80%,1708,2.61,1566,2.39,2025-03-20,2025-04-11,23,0
Reedhouse Apartments,1x1 Jr,12-207,2,1,1,,655,5/24/2026,,12,120%,1732,2.64,1732,2.64,2026-03-17,2026-03-31,15,0
Reedhouse Apartments,1x1 Jr,01-103,1,1,1,,655,2/7/2024,300,,120%,1479,2.26,1479,2.26,2023-12-21,2024-03-16,87,39
Reedhouse Apartments,1x1 Jr,01-103,1,1,1,,655,2/21/2025,300,12,120%,1627,2.48,1491,2.28,2024-12-31,2025-05-07,128,76
Reedhouse Apartments,1x1 Jr,01-103,1,1,1,,655,4/7/2026,,12,120%,1736,2.65,1736,2.65,2026-03-03,2026-04-02,31,0
Reedhouse Apartments,1x1 Jr,06-202,2,1,1,,655,3/25/2025,300,11,120%,1760,2.69,1760,2.69,2025-03-13,2025-06-24,104,92
Reedhouse Apartments,1x1 Jr,06-202,2,1,1,,655,3/17/2026,,,120%,1749,2.67,1749,2.67,2026-01-10,2026-03-26,76,10
Reedhouse Apartments,1x1 Jr,03-105,1,1,1,,655,11/23/2023,300,,120%,1562,2.38,1562,2.38,2023-10-18,2023-10-21,4,0
Reedhouse Apartments,1x1 Jr,03-105,1,1,1,,655,3/10/2026,,12,120%,1750,2.67,1750,2.67,2026-01-04,2026-03-13,69,4
Reedhouse Apartments,1x1 Jr,05-201,2,1,1,,655,12/14/2024,300,12,120%,1535,2.34,1493,2.28,2024-11-13,2025-01-28,77,46
Reedhouse Apartments,1x1 Jr,05-201,2,1,1,,655,2/15/2026,,10,120%,1755,2.68,1755,2.68,2026-02-03,2026-02-25,23,11
Reedhouse Apartments,1x1 Jr,01-302,3,1,1,,655,12/27/2024,300,12,120%,1478,2.26,1436,2.19,2024-10-02,2024-12-11,71,0
Reedhouse Apartments,1x1 Jr,01-302,3,1,1,,655,5/4/2026,,11,120%,1777,2.71,1777,2.71,2026-04-08,2026-04-19,12,0
Reedhouse Apartments,1x1 Jr,08-102,1,1,1,,655,3/16/2024,300,,120%,1611,2.46,1611,2.46,2024-03-16,2024-05-01,47,47
Reedhouse Apartments,1x1 Jr,08-102,1,1,1,,655,8/19/2025,300,11,120%,1628,2.49,1628,2.49,2025-07-19,2025-08-20,33,2
Reedhouse Apartments,1x1 Jr,08-102,1,1,1,,655,5/2/2026,,12,120%,1836,2.8,1836,2.8,2026-02-25,2026-04-04,39,0
Reedhouse Apartments,1x1 Jr,13-102,1,1,1,,655,5/25/2024,300,12,120%,1458,2.23,1458,2.23,2024-05-03,2024-05-07,5,0
Reedhouse Apartments,1x1 Jr,13-102,1,1,1,,655,6/15/2025,300,12,120%,1655,2.53,1655,2.53,2025-05-28,2025-06-05,9,0
Reedhouse Apartments,1x1 Jr,13-102,1,1,1,,655,7/4/2026,,12,120%,1916,2.93,1916,2.93,2026-04-30,2026-05-14,15,0
Reedhouse Apartments,1x1 Jr,05-302,3,1,1,,655,8/18/2026,,12,120%,1966,3,1966,3,2026-06-09,2026-06-27,19,0
Reedhouse Apartments,1x1 Jr,03-304,3,1,1,,655,10/22/2023,300,,120%,1514,2.31,1514,2.31,2023-09-16,2023-09-27,12,0
Reedhouse Apartments,1x1 Jr,03-304,3,1,1,,655,8/22/2024,300,12,120%,1466,2.24,1344,2.05,2024-06-19,2024-10-13,117,53
Reedhouse Apartments,1x1 Jr,03-304,3,1,1,,655,5/28/2025,300,12,120%,1799,2.75,1649,2.52,2025-05-16,2025-05-25,10,0
Reedhouse Apartments,1x1 Jr,03-304,3,1,1,,655,6/5/2026,,12,120%,1966,3,1966,3,2026-05-29,2026-06-26,29,22
Reedhouse Apartments,1x1 Jr,05-301,3,1,1,,655,6/13/2025,300,12,120%,1745,2.66,1600,2.44,2025-04-08,2025-05-01,24,0
Reedhouse Apartments,1x1 Jr,05-301,3,1,1,,655,7/3/2026,,12,120%,1966,3,1966,3,2026-05-06,2026-06-26,52,0
Reedhouse Apartments,1x1 Jr,09-105,1,1,1,,655,6/20/2026,,12,120%,2009,3.07,2009,3.07,2026-04-16,2026-05-30,45,0
Reedhouse Apartments,1x1 Jr,04-105,1,1,1,,655,6/13/2025,300,10,120%,1667,2.55,1667,2.55,2025-04-08,2025-06-26,80,14
Reedhouse Apartments,1x1 Jr,04-105,1,1,1,,655,5/19/2026,,,120%,2031,3.1,2031,3.1,2026-04-30,2026-05-04,5,0
Reedhouse Apartments,1x1 Jr,08-202,2,1,1,,655,6/16/2023,300,,120%,1614,2.46,1480,2.26,,2023-07-06,,
Reedhouse Apartments,1x1 Jr,08-202,2,1,1,,655,3/8/2025,300,12,120%,1697,2.59,1556,2.38,2025-02-04,2025-04-17,73,41
Reedhouse Apartments,1x1 Jr,08-202,2,1,1,,655,8/21/2026,,12,120%,2043,3.12,2043,3.12,2026-06-04,,42,0
Reedhouse Apartments,1x1 Jr,10-101,1,1,1,,655,11/27/2023,300,,120%,1457,2.22,1457,2.22,2023-11-22,2023-12-28,37,32
Reedhouse Apartments,1x1 Jr,10-101,1,1,1,,655,6/25/2024,300,11,120%,1502,2.29,1502,2.29,2024-05-01,2024-05-30,30,0
Reedhouse Apartments,1x1 Jr,10-101,1,1,1,,655,8/27/2026,,12,120%,2043,3.12,2043,3.12,2026-06-18,,28,0
Reedhouse Apartments,1x1 Jr,04-304,3,1,1,,655,6/13/2026,,12,120%,2058,3.14,2058,3.14,2026-05-05,2026-05-21,17,0
Reedhouse Apartments,1x1 Jr,08-302,3,1,1,,655,11/24/2023,300,,80%,1506,2.3,1506,2.3,2023-09-16,2023-09-24,9,0
Reedhouse Apartments,1x1 Jr,11-205,2,1,1,,655,11/7/2023,300,,80%,1559,2.38,1559,2.38,2023-09-30,2023-10-01,2,0
Reedhouse Apartments,1x1 Small,02-201,2,1,1,,690,9/29/2025,300,12,80%,1396,2.02,1280,1.86,2025-07-24,2025-11-14,114,47
Reedhouse Apartments,1x1 Small,07-204,2,1,1,,690,11/18/2024,300,12,80%,1562,2.26,1520,2.2,2024-08-21,2025-02-17,181,92
Reedhouse Apartments,1x1 Small,07-204,2,1,1,,690,10/2/2025,300,12,80%,1442,2.09,1343,1.95,2025-08-29,2025-12-06,100,66
Reedhouse Apartments,1x1 Small,02-205,2,1,1,,690,6/20/2024,300,12,80%,1446,2.1,1446,2.1,2024-05-30,2024-07-12,44,23
Reedhouse Apartments,1x1 Small,02-204,2,1,1,,690,11/1/2023,300,,80%,1196,1.73,1196,1.73,2023-09-16,2023-11-16,62,16
Reedhouse Apartments,1x1 Small,02-204,2,1,1,,690,2/15/2025,300,,80%,1448,2.1,1406,2.04,2025-01-30,2025-02-04,6,0
Reedhouse Apartments,1x1 Small,02-101,1,1,1,,690,10/21/2023,300,,80%,1431,2.07,1431,2.07,2023-09-16,2023-09-23,8,0
Reedhouse Apartments,1x1 Small,02-101,1,1,1,,690,11/7/2025,300,12,80%,1454,2.11,1454,2.11,2025-09-01,2026-02-17,170,103
Reedhouse Apartments,1x1 Small,07-201,2,1,1,,690,11/7/2024,300,12,80%,1409,2.04,1367,1.98,2024-10-02,2024-12-22,82,46
Reedhouse Apartments,1x1 Small,07-201,2,1,1,,690,2/10/2026,,12,80%,1463,2.12,1463,2.12,2025-12-19,2026-01-21,34,0
Reedhouse Apartments,1x1 Small,02-202,2,1,1,,690,4/27/2024,300,,80%,1511,2.19,1511,2.19,2024-03-16,2024-05-01,47,5
Reedhouse Apartments,1x1 Small,02-202,2,1,1,,690,1/20/2026,300,12,80%,1465,2.12,1465,2.12,2025-11-15,2025-12-09,25,0
Reedhouse Apartments,1x1 Small,02-104,1,1,1,,690,1/7/2026,300,11,80%,1499,2.17,1499,2.17,2025-12-02,2026-02-10,71,35
Reedhouse Apartments,1x1 Small,06-203,2,1,1,,690,12/1/2025,300,,80%,1566,2.27,1566,2.27,2025-09-26,2025-11-03,39,0
Reedhouse Apartments,1x1 Small,07-205,2,1,1,,690,6/27/2024,300,11,120%,1622,2.35,1622,2.35,2024-05-19,2024-05-30,12,0
Reedhouse Apartments,1x1 Small,07-205,2,1,1,,690,6/2/2025,300,12,120%,1779,2.58,1631,2.36,2025-03-12,2025-05-27,77,0
Reedhouse Apartments,1x1 Small,07-101,1,1,1,,690,7/22/2026,,12,120%,2001,2.9,2001,2.9,2026-06-18,2026-06-26,9,0
Reedhouse Apartments,1x1 Small,07-102,1,1,1,,690,5/18/2024,300,,120%,1538,2.23,1538,2.23,2024-05-02,2024-05-05,4,0
Reedhouse Apartments,1x1 Small,07-102,1,1,1,,690,7/10/2026,,12,120%,2033,2.95,2033,2.95,2026-05-05,2026-06-22,49,0
Reedhouse Apartments,1x1 Small,07-104,1,1,1,,690,8/15/2026,,12,120%,2113,3.06,2113,3.06,2026-07-12,,4,0
Reedhouse Apartments,1x1 Small,07-202,2,1,1,,690,8/11/2026,,12,120%,2164,3.14,2164,3.14,2026-06-07,2026-07-07,31,0
Reedhouse Apartments,1x1 Large,09-103,1,1,1,,703,8/27/2023,300,,80%,1577,2.24,1577,2.24,2023-07-09,2023-08-01,24,0
Reedhouse Apartments,1x1 Large,09-103,1,1,1,,703,5/3/2025,300,12,80%,1592,2.26,1459,2.08,2025-02-27,2025-04-02,35,0
Reedhouse Apartments,1x1 Large,09-103,1,1,1,,703,11/27/2025,300,12,80%,1430,2.03,1320,1.88,2025-10-22,2025-12-03,43,7
Reedhouse Apartments,1x1 Large,12-205,2,1,1,,703,12/1/2023,300,,80%,1547,2.2,1547,2.2,2023-10-04,2023-12-31,89,31
Reedhouse Apartments,1x1 Large,12-205,2,1,1,,703,7/13/2024,300,12,80%,1551,2.21,1551,2.21,2024-06-17,2024-06-18,2,0
Reedhouse Apartments,1x1 Large,12-205,2,1,1,,703,7/19/2025,300,11,80%,1648,2.34,1648,2.34,2025-05-14,2025-08-07,86,20
Reedhouse Apartments,1x1 Large,12-205,2,1,1,,703,12/12/2025,300,,80%,1440,2.05,1334,1.9,2025-11-06,2025-12-04,29,0
Reedhouse Apartments,1x1 Large,03-203,2,1,1,,703,1/8/2024,300,,80%,1585,2.25,1585,2.25,2023-12-28,2024-05-01,126,115
Reedhouse Apartments,1x1 Large,03-203,2,1,1,,703,4/12/2025,300,12,80%,1455,2.07,1413,2.01,2025-01-22,2025-02-02,12,0
Reedhouse Apartments,1x1 Large,13-105,1,1,1,,703,2/23/2025,300,,80%,1473,2.1,1431,2.04,2024-12-18,2025-02-04,49,0
Reedhouse Apartments,1x1 Large,03-302,3,1,1,,703,8/9/2025,300,11,80%,1533,2.18,1533,2.18,2025-06-21,2025-08-20,61,12
Reedhouse Apartments,1x1 Large,03-302,3,1,1,,703,3/28/2026,,12,80%,1569,2.23,1569,2.23,2026-01-24,2026-01-29,6,0
Reedhouse Apartments,1x1 Large,09-302,3,1,1,,703,11/14/2023,300,,80%,1450,2.06,1450,2.06,2023-10-01,2023-11-21,52,8
Reedhouse Apartments,1x1 Large,09-302,3,1,1,,703,6/26/2024,300,11,80%,1600,2.28,1600,2.28,2024-06-04,2024-07-01,28,6
Reedhouse Apartments,1x1 Large,03-204,2,1,1,,703,9/14/2024,300,12,80%,2194,3.12,2011,2.86,2024-07-17,2024-09-13,59,0
Reedhouse Apartments,1x1 Large,10-204,2,1,1,,703,7/6/2023,300,,80%,1610,2.29,1610,2.29,,2023-07-20,,
Reedhouse Apartments,1x1 Large,10-204,2,1,1,,703,8/4/2025,300,11,80%,1618,2.3,1618,2.3,2025-05-28,2025-08-18,83,15
Reedhouse Apartments,1x1 Large,10-104,1,1,1,,703,11/7/2024,300,12,80%,1631,2.32,1495,2.13,2024-10-02,2024-10-05,4,0
Reedhouse Apartments,1x1 Large,10-203,2,1,1,,703,1/20/2024,300,,80%,1553,2.21,1553,2.21,2023-12-21,2024-03-16,87,57
Reedhouse Apartments,1x1 Large,10-203,2,1,1,,703,9/21/2025,300,12,80%,1636,2.33,1636,2.33,2025-07-17,2025-09-24,70,4
Reedhouse Apartments,1x1 Large,11-203,2,1,1,,703,6/14/2024,300,12,80%,1642,2.34,1642,2.34,2024-06-04,2024-06-25,22,12
Reedhouse Apartments,1x1 Large,11-203,2,1,1,,703,10/5/2025,300,12,80%,1640,2.33,1640,2.33,2025-07-29,2025-08-07,10,0
Reedhouse Apartments,1x1 Large,13-302,3,1,1,,703,10/6/2023,300,,80%,1610,2.29,1610,2.29,2023-09-16,2023-10-03,18,0
Reedhouse Apartments,1x1 Large,13-302,3,1,1,,703,9/30/2024,300,11,80%,1642,2.34,1642,2.34,2024-07-30,2024-09-12,45,0
Reedhouse Apartments,1x1 Large,13-106,1,1,1,,703,5/21/2024,300,12,80%,1662,2.36,1662,2.36,2024-03-16,2024-05-07,53,0
Reedhouse Apartments,1x1 Large,10-103,1,1,1,,703,10/13/2024,300,12,80%,1921,2.73,1761,2.5,2024-09-12,2024-11-07,57,26
Reedhouse Apartments,1x1 Large,10-103,1,1,1,,703,10/14/2025,300,12,80%,1672,2.38,1672,2.38,2025-08-12,2025-08-31,20,0
Reedhouse Apartments,1x1 Large,03-103,1,1,1,,703,7/17/2025,300,12,80%,1682,2.39,1542,2.19,2025-05-13,2025-05-22,10,0
Reedhouse Apartments,1x1 Large,03-104,1,1,1,,703,9/21/2025,300,12,120%,1717,2.44,1717,2.44,2025-07-17,2026-02-19,218,152
Reedhouse Apartments,1x1 Large,12-105,1,1,1,,703,8/30/2025,300,11,120%,1596,2.27,1596,2.27,2025-08-08,2025-08-21,14,0
Reedhouse Apartments,1x1 Large,12-105,1,1,1,,703,3/22/2026,,12,120%,1724,2.45,1724,2.45,2026-02-20,2026-02-24,5,0
Reedhouse Apartments,1x1 Large,04-302,3,1,1,,703,8/2/2025,300,11,120%,1730,2.46,1730,2.46,2025-07-08,2025-07-31,24,0
Reedhouse Apartments,1x1 Large,09-203,2,1,1,,703,11/21/2023,300,,120%,1496,2.13,1496,2.13,2023-10-14,2023-11-22,40,2
Reedhouse Apartments,1x1 Large,09-203,2,1,1,,703,9/20/2025,300,12,120%,1732,2.46,1732,2.46,2025-08-01,2025-08-28,28,0
Reedhouse Apartments,1x1 Large,13-205,2,1,1,,703,5/1/2024,300,,120%,1585,2.25,1585,2.25,2024-03-16,2024-05-01,47,1
Reedhouse Apartments,1x1 Large,13-205,2,1,1,,703,11/14/2024,300,12,120%,1599,2.27,1599,2.27,2024-09-11,2024-09-13,3,0
Reedhouse Apartments,1x1 Large,13-205,2,1,1,,703,3/8/2025,300,12,120%,1706,2.43,1564,2.22,2025-01-07,2025-03-07,60,0
Reedhouse Apartments,1x1 Large,13-205,2,1,1,,703,5/3/2026,,12,120%,1778,2.53,1778,2.53,2026-03-03,2026-04-11,40,0
Reedhouse Apartments,1x1 Large,04-203,2,1,1,,703,4/11/2025,300,12,120%,2105,2.99,1930,2.75,2025-03-08,2025-05-14,68,34
Reedhouse Apartments,1x1 Large,04-203,2,1,1,,703,4/17/2026,,12,120%,1799,2.56,1799,2.56,2026-03-03,2026-04-18,47,2
Reedhouse Apartments,1x1 Large,04-303,3,1,1,,703,12/21/2024,300,,120%,1593,2.27,1460,2.08,2024-10-15,2024-10-22,8,0
Reedhouse Apartments,1x1 Large,04-303,3,1,1,,703,6/22/2025,300,12,120%,1814,2.58,1663,2.37,2025-05-01,2025-05-23,23,0
Reedhouse Apartments,1x1 Large,11-104,1,1,1,,703,6/22/2023,300,,120%,1716,2.44,1573,2.24,,2023-07-01,,
Reedhouse Apartments,1x1 Large,11-104,1,1,1,,703,8/7/2024,300,12,120%,1825,2.6,1825,2.6,2024-05-06,2024-08-06,93,0
Reedhouse Apartments,1x1 Large,04-103,1,1,1,,703,3/16/2024,300,,120%,1645,2.34,1645,2.34,2024-03-16,2024-05-01,47,47
Reedhouse Apartments,1x1 Large,04-103,1,1,1,,703,6/7/2026,,12,120%,2008,2.86,2008,2.86,2026-04-16,2026-04-30,15,0
Reedhouse Apartments,1x1 Large,03-303,3,1,1,,703,10/21/2023,300,,120%,1647,2.34,1647,2.34,2023-09-16,2023-11-02,48,13
Reedhouse Apartments,1x1 Large,03-303,3,1,1,,703,7/6/2024,300,12,120%,1592,2.26,1592,2.26,2024-05-06,2024-07-09,65,4
Reedhouse Apartments,1x1 Large,03-303,3,1,1,,703,6/7/2026,,12,120%,2010,2.86,2010,2.86,2026-05-02,2026-06-10,40,4
Reedhouse Apartments,1x1 Large,09-204,2,1,1,,703,6/27/2024,300,12,120%,1673,2.38,1673,2.38,2024-05-16,2024-07-13,59,17
Reedhouse Apartments,1x1 Large,09-204,2,1,1,,703,9/7/2026,,12,120%,2058,2.93,2058,2.93,2026-06-18,2026-06-24,7,0
Reedhouse Apartments,1x1 Large,12-106,1,1,1,,703,7/13/2023,300,,120%,1620,2.3,1620,2.3,,2023-07-25,,
Reedhouse Apartments,1x1 Large,12-106,1,1,1,,703,5/5/2025,300,12,120%,1702,2.42,1560,2.22,2025-04-01,2025-04-07,7,0
Reedhouse Apartments,1x1 Large,12-106,1,1,1,,703,9/7/2026,,12,120%,2173,3.09,2173,3.09,2026-06-13,,33,0
Reedhouse Apartments,1x1 Large,10-302,3,1,1,,703,11/6/2023,300,,80%,1309,1.86,1309,1.86,2023-09-16,2023-11-18,64,13
Reedhouse Apartments,1x1 Large,09-303,3,1,1,,703,12/14/2023,300,,80%,1358,1.93,1358,1.93,2023-11-03,2023-11-17,15,0
Reedhouse Apartments,1x1 Large,11-103,1,1,1,,703,6/26/2023,300,,80%,1575,2.24,1444,2.05,,2023-06-20,,
Reedhouse Apartments,1x1 Large,11-103,1,1,1,,703,6/30/2024,300,,80%,1515,2.16,1515,2.16,2024-05-01,2024-05-06,6,0
Reedhouse Apartments,1x1 Large,04-204,2,1,1,,703,8/18/2023,300,,80%,1590,2.26,1590,2.26,2023-07-15,2023-07-23,9,0
Reedhouse Apartments,1x1 Large,13-206,2,1,1,,703,10/20/2023,300,,120%,1716,2.44,1716,2.44,2023-09-16,2023-10-03,18,0
Reedhouse Apartments,1x1 Loft Small,11-201,2,1,1,,781,11/14/2024,300,12,80%,1917,2.45,1757,2.25,2024-11-08,2024-11-15,8,2
Reedhouse Apartments,1x1 Loft Small,11-201,2,1,1,,781,11/7/2025,300,12,80%,1454,1.86,1333,1.71,2025-10-24,2025-11-21,29,15
Reedhouse Apartments,1x1 Loft Small,12-203,2,1,1,,781,6/27/2023,300,,80%,1464,1.87,1342,1.72,2023-06-27,2023-07-08,12,12
Reedhouse Apartments,1x1 Loft Small,12-203,2,1,1,,781,8/30/2024,300,12,80%,1546,1.98,1417,1.81,2024-07-25,2024-09-03,41,5
Reedhouse Apartments,1x1 Loft Small,12-203,2,1,1,,781,10/13/2025,300,,80%,1527,1.96,1527,1.96,2025-08-08,2025-08-13,6,0
Reedhouse Apartments,1x1 Loft Small,09-201,2,1,1,,781,1/3/2024,300,,80%,1552,1.99,1552,1.99,2023-10-24,2023-12-21,59,0
Reedhouse Apartments,1x1 Loft Small,09-201,2,1,1,,781,8/30/2024,300,12,80%,1596,2.04,1513,1.94,2024-07-25,2024-08-11,18,0
Reedhouse Apartments,1x1 Loft Small,13-202,2,1,1,,781,6/20/2025,300,12,80%,1612,2.06,1478,1.89,2025-05-23,2025-05-24,2,0
Reedhouse Apartments,1x1 Loft Small,13-203,2,1,1,,781,3/1/2024,300,,80%,1602,2.05,1602,2.05,2023-12-16,2023-12-22,7,0
Reedhouse Apartments,1x1 Loft Small,13-203,2,1,1,,781,9/13/2024,300,11,80%,1697,2.17,1697,2.17,2024-07-25,2024-07-30,6,0
Reedhouse Apartments,1x1 Loft Small,03-201,2,1,1,,781,11/9/2023,300,,120%,1326,1.7,1326,1.7,2023-10-18,2023-11-16,30,8
Reedhouse Apartments,1x1 Loft Small,03-201,2,1,1,,781,8/23/2024,300,12,120%,1546,1.98,1417,1.81,2024-07-17,2024-09-01,47,10
Reedhouse Apartments,1x1 Loft Small,03-201,2,1,1,,781,9/13/2025,300,10,120%,1800,2.3,1800,2.3,2025-07-06,2025-07-09,4,0
Reedhouse Apartments,1x1 Loft Small,10-201,2,1,1,,781,1/5/2024,300,,120%,1292,1.65,1292,1.65,2023-09-27,2023-11-16,51,0
Reedhouse Apartments,1x1 Loft Small,10-201,2,1,1,,781,7/26/2024,300,12,120%,1596,2.04,1513,1.94,2024-07-25,2024-08-09,16,15
Reedhouse Apartments,1x1 Loft Small,10-201,2,1,1,,781,8/15/2026,,12,120%,2158,2.76,2158,2.76,2026-06-13,,33,0
Reedhouse Apartments,1x1 Loft Small,04-201,2,1,1,,781,4/13/2024,300,,80%,1636,2.09,1636,2.09,2024-03-16,2024-05-01,47,19
Reedhouse Apartments,1x1 Loft Large,07-302,3,1,1,,806,4/21/2025,300,12,80%,1697,2.11,1556,1.93,2025-02-08,2025-03-30,51,0
Reedhouse Apartments,1x1 Loft Large,07-305,3,1,1,,806,8/30/2024,300,12,120%,1721,2.14,1638,2.03,2024-07-25,2024-08-17,24,0
Reedhouse Apartments,1x1 Loft Large,02-302,3,1,1,,806,8/31/2023,300,,120%,1824,2.26,1672,2.07,,2023-06-28,,
Reedhouse Apartments,1x1 Loft Large,02-302,3,1,1,,806,5/27/2024,300,12,120%,1737,2.16,1737,2.16,2024-05-01,2024-05-28,28,2
Reedhouse Apartments,1x1 Loft Large,02-305,3,1,1,,806,12/15/2023,300,,120%,1667,2.07,1667,2.07,2023-10-11,2023-12-15,66,1
Reedhouse Apartments,1x1 Loft Large,02-305,3,1,1,,806,8/30/2024,300,11,120%,1748,2.17,1748,2.17,2024-07-25,2024-08-03,10,0
Reedhouse Apartments,1x1 Loft Large,02-304,3,1,1,,806,3/23/2024,300,,120%,1749,2.17,1749,2.17,2024-03-16,2024-05-01,47,40
Reedhouse Apartments,1x1 Loft Large,02-304,3,1,1,,806,5/3/2025,300,12,120%,1738,2.16,1593,1.98,2025-03-12,2025-03-15,4,0
Reedhouse Apartments,1x1 Loft Large,02-304,3,1,1,,806,5/11/2026,,12,120%,1800,2.23,1800,2.23,2026-03-17,2026-03-30,14,0
Reedhouse Apartments,1x1 Loft Large,07-301,3,1,1,,806,9/21/2024,300,11,120%,1803,2.24,1803,2.24,2024-07-25,2024-07-31,7,0
Reedhouse Apartments,1x1 Loft Large,07-301,3,1,1,,806,12/12/2024,300,10,120%,1584,1.97,1584,1.97,2024-11-09,2024-11-12,4,0
Reedhouse Apartments,1x1 Loft Large,07-301,3,1,1,,806,9/13/2025,300,10,120%,1920,2.38,1920,2.38,2025-07-09,2025-07-14,6,0
Reedhouse Apartments,1x1 Loft Large,02-301,3,1,1,,806,6/7/2024,300,,120%,1744,2.16,1744,2.16,2024-03-16,2024-05-01,47,0
Reedhouse Apartments,1x1 Loft Large,07-304,3,1,1,,806,8/31/2023,300,,120%,1812,2.25,1812,2.25,,2023-07-26,,
Reedhouse Apartments,2x1,11-202,2,2,1,,840,10/13/2025,400,12,80%,1613,1.92,1479,1.76,2025-09-23,2026-01-16,116,96
Reedhouse Apartments,2x1,13-104,1,2,1,,840,3/8/2025,400,12,80%,2096,2.5,1921,2.29,2025-01-21,2025-05-17,117,71
Reedhouse Apartments,2x1,13-104,1,2,1,,840,11/7/2025,400,12,80%,1635,1.95,1499,1.78,2025-10-19,2025-11-20,33,14
Reedhouse Apartments,2x1,12-201,2,2,1,,840,10/1/2024,400,12,80%,1662,1.98,1524,1.81,2024-09-25,2024-11-06,43,37
Reedhouse Apartments,2x1,12-204,2,2,1,,840,6/16/2024,400,12,80%,1664,1.98,1581,1.88,2024-06-04,2024-08-21,79,67
Reedhouse Apartments,2x1,04-202,2,2,1,,840,6/9/2023,400,,80%,1681,2,1541,1.83,,2023-06-24,,
Reedhouse Apartments,2x1,04-202,2,2,1,,840,11/3/2023,400,,80%,1746,2.08,1746,2.08,2023-10-04,2023-10-26,23,0
Reedhouse Apartments,2x1,04-202,2,2,1,,840,6/22/2025,400,12,80%,1677,2,1677,2,2025-04-16,2025-10-19,187,120
Reedhouse Apartments,2x1,11-301,3,2,1,,840,6/9/2025,400,12,80%,1685,2.01,1545,1.84,2025-04-04,2025-05-17,44,0
Reedhouse Apartments,2x1,10-102,1,2,1,,840,12/22/2023,400,,80%,1642,1.95,1642,1.95,2023-10-25,2024-03-16,144,86
Reedhouse Apartments,2x1,10-102,1,2,1,,840,3/15/2025,400,3,80%,1693,2.02,1693,2.02,2025-01-07,2025-02-27,52,0
Reedhouse Apartments,2x1,03-202,2,2,1,,840,7/16/2025,400,3,80%,1695,2.02,1695,2.02,2025-05-13,2025-06-21,40,0
Reedhouse Apartments,2x1,12-104,1,2,1,,840,12/20/2023,400,,80%,1589,1.89,1589,1.89,2023-11-09,2023-12-19,41,0
Reedhouse Apartments,2x1,12-104,1,2,1,,840,9/9/2025,400,11,80%,1704,2.03,1704,2.03,2025-06-11,2026-01-29,233,143
Reedhouse Apartments,2x1,03-301,3,2,1,,840,7/5/2024,400,3,80%,1748,2.08,1748,2.08,2024-05-01,2024-05-12,12,0
Reedhouse Apartments,2x1,03-301,3,2,1,,840,7/16/2025,400,3,80%,1720,2.05,1720,2.05,2025-05-11,2025-06-19,40,0
Reedhouse Apartments,2x1,13-101,1,2,1,,840,10/7/2023,400,,80%,1737,2.07,1737,2.07,2023-07-06,2023-10-24,111,18
Reedhouse Apartments,2x1,13-101,1,2,1,,840,5/7/2025,400,12,80%,1761,2.1,1614,1.92,2025-05-02,2025-05-15,14,9
Reedhouse Apartments,2x1,13-101,1,2,1,,840,2/23/2026,,12,80%,1741,2.07,1741,2.07,2026-01-22,2026-03-25,63,31
Reedhouse Apartments,2x1,13-201,2,2,1,,840,7/29/2024,400,12,80%,1761,2.1,1678,2,2024-06-06,2024-08-11,67,14
Reedhouse Apartments,2x1,10-202,2,2,1,,840,5/15/2024,400,5,80%,1762,2.1,1762,2.1,2024-03-16,2024-05-22,68,8
Reedhouse Apartments,2x1,10-301,3,2,1,,840,4/1/2025,400,12,80%,1777,2.12,1629,1.94,2025-01-11,2025-05-04,114,34
Reedhouse Apartments,2x1,12-101,1,2,1,,840,6/15/2024,400,3,80%,1789,2.13,1789,2.13,2024-03-16,2024-06-05,82,0
Reedhouse Apartments,2x1,05-203,2,2,1,,840,10/17/2025,400,12,80%,1804,2.15,1804,2.15,2025-08-12,2025-10-11,61,0
Reedhouse Apartments,2x1,06-101,1,2,1,,840,6/7/2024,400,4,80%,1873,2.23,1873,2.23,2024-05-10,2024-05-30,21,0
Reedhouse Apartments,2x1,06-101,1,2,1,,840,11/7/2025,400,11,80%,1820,2.17,1820,2.17,2025-09-04,2025-10-11,38,0
Reedhouse Apartments,2x1,06-201,2,2,1,,840,9/7/2024,400,12,80%,1851,2.2,1697,2.02,2024-08-17,2024-08-31,15,0
Reedhouse Apartments,2x1,11-102,1,2,1,,840,6/9/2023,400,,80%,1714,2.04,1571,1.87,,2023-06-27,,
Reedhouse Apartments,2x1,11-102,1,2,1,,840,3/10/2026,,,80%,1881,2.24,1881,2.24,2026-01-06,2026-02-09,35,0
Reedhouse Apartments,2x1,12-301,3,2,1,,840,9/16/2023,400,,120%,1697,2.02,1697,2.02,2023-09-16,2023-10-18,33,33
Reedhouse Apartments,2x1,12-301,3,2,1,,840,2/26/2025,400,11,120%,1975,2.35,1975,2.35,2024-12-19,2025-07-25,219,150
Reedhouse Apartments,2x1,04-102,1,2,1,,840,1/28/2024,400,,120%,1642,1.95,1642,1.95,2023-12-29,2024-03-16,79,49
Reedhouse Apartments,2x1,04-102,1,2,1,,840,8/8/2025,400,6,120%,1987,2.37,1987,2.37,2025-07-25,2025-08-06,13,0
Reedhouse Apartments,2x1,09-102,1,2,1,,840,5/2/2025,400,8,120%,1693,2.02,1693,2.02,2025-02-21,2025-02-25,5,0
Reedhouse Apartments,2x1,09-102,1,2,1,,840,4/8/2026,,12,120%,2009,2.39,2009,2.39,2026-03-03,2026-04-10,39,3
Reedhouse Apartments,2x1,13-204,2,2,1,,840,7/12/2023,400,,120%,1681,2,1541,1.83,2023-06-22,2023-06-27,6,0
Reedhouse Apartments,2x1,13-204,2,2,1,,840,7/18/2024,400,3,120%,1748,2.08,1748,2.08,2024-05-15,2024-05-19,5,0
Reedhouse Apartments,2x1,13-204,2,2,1,,840,7/4/2025,400,7,120%,1695,2.02,1695,2.02,2025-06-01,2025-06-19,19,0
Reedhouse Apartments,2x1,13-204,2,2,1,,840,6/11/2026,,12,120%,2042,2.43,2042,2.43,2026-05-05,2026-05-06,2,0
Reedhouse Apartments,2x1,09-202,2,2,1,,840,6/23/2024,400,12,120%,2440,2.9,2237,2.66,2024-05-02,2024-09-06,128,76
Reedhouse Apartments,2x1,09-202,2,2,1,,840,8/20/2026,,12,120%,2057,2.45,2057,2.45,2026-06-18,2026-06-22,5,0
Reedhouse Apartments,2x1,01-101,1,2,1,,840,8/10/2026,,12,120%,2101,2.5,2101,2.5,2026-06-03,,43,0
Reedhouse Apartments,2x1,09-301,3,2,1,,840,6/12/2024,400,4,120%,1798,2.14,1798,2.14,2024-06-07,2024-06-12,6,1
Reedhouse Apartments,2x1,09-301,3,2,1,,840,7/24/2025,400,3,120%,1850,2.2,1850,2.2,2025-06-19,2025-06-26,8,0
Reedhouse Apartments,2x1,09-301,3,2,1,,840,8/4/2026,,12,120%,2119,2.52,2119,2.52,2026-05-23,2026-05-28,6,0
Reedhouse Apartments,2x1,03-102,1,2,1,,840,7/1/2024,400,3,120%,1746,2.08,1746,2.08,2024-05-01,2024-05-16,16,0
Reedhouse Apartments,2x1,03-102,1,2,1,,840,9/7/2026,,12,120%,2131,2.54,2131,2.54,2026-07-01,,15,0
Reedhouse Apartments,2x1,05-103,1,2,1,,840,9/26/2023,400,,120%,1743,2.08,1743,2.08,2023-06-26,2023-07-28,33,0
Reedhouse Apartments,2x1,05-103,1,2,1,,840,3/16/2024,400,,120%,1793,2.13,1793,2.13,2024-03-16,2024-05-02,48,48
Reedhouse Apartments,2x1,05-103,1,2,1,,840,4/17/2026,,12,120%,2194,2.61,2194,2.61,2026-04-17,2026-05-14,28,28
Reedhouse Apartments,2x1,04-301,3,2,1,,840,5/3/2026,,12,120%,2218,2.64,2218,2.64,2026-04-22,2026-04-29,8,0
Reedhouse Apartments,2x1,13-301,3,2,1,,840,10/10/2023,400,,80%,1662,1.98,1662,1.98,2023-09-16,2023-10-19,34,10
Reedhouse Apartments,2x1,08-101,1,2,1,,840,1/9/2024,400,,80%,1810,2.15,1810,2.15,2023-12-07,2024-03-16,101,68
Reedhouse Apartments,2x2,03-106,1,2,2,,970,9/8/2023,400,,80%,1905,1.96,1905,1.96,2023-07-01,2023-07-22,22,0
Reedhouse Apartments,2x2,03-106,1,2,2,,970,9/22/2024,400,12,80%,2248,2.32,2061,2.12,2024-07-19,2024-10-19,93,28
Reedhouse Apartments,2x2,03-206,2,2,2,,970,9/14/2024,400,12,80%,1787,1.84,1638,1.69,2024-09-13,2024-10-12,30,29
Reedhouse Apartments,2x2,12-108,1,2,2,,970,8/27/2024,400,12,80%,1856,1.91,1773,1.83,2024-07-27,2024-08-21,26,0
Reedhouse Apartments,2x2,04-106,1,2,2,,970,8/21/2024,400,12,80%,1836,1.89,1683,1.74,2024-06-04,2024-08-31,89,11
Reedhouse Apartments,2x2,04-106,1,2,2,,970,10/1/2025,400,,80%,1888,1.95,1888,1.95,2025-07-29,2025-09-23,57,0
Reedhouse Apartments,2x2,13-208,2,2,2,,970,1/17/2026,,12,120%,1943,2,1943,2,2025-12-30,2026-01-07,9,0
Reedhouse Apartments,2x2,09-106,1,2,2,,970,7/17/2024,400,3,120%,1963,2.02,1963,2.02,2024-05-16,2024-05-17,2,0
Reedhouse Apartments,2x2,13-108,1,2,2,,970,5/17/2025,400,12,120%,2032,2.09,1863,1.92,2025-03-12,2025-03-15,4,0
Reedhouse Apartments,2x2,09-206,2,2,2,,970,6/25/2024,400,3,120%,2050,2.11,2050,2.11,2024-06-05,2024-06-18,14,0
Reedhouse Apartments,2x2,12-208,2,2,2,,970,5/9/2026,,12,120%,2135,2.2,2135,2.2,2026-03-17,2026-03-29,13,0
Reedhouse Apartments,2x2,10-206,2,2,2,,970,9/26/2026,,11,120%,2277,2.35,2277,2.35,2026-07-04,,12,0
Reedhouse Apartments,2x2,11-206,2,2,2,,970,7/17/2023,400,,120%,2007,2.07,2007,2.07,2023-07-01,2023-07-19,19,3
Reedhouse Apartments,2x2,11-206,2,2,2,,970,9/22/2026,,11,120%,2277,2.35,2277,2.35,2026-06-18,,28,0
Reedhouse Apartments,2x2,11-106,1,2,2,,970,5/15/2025,400,12,120%,1994,2.06,1828,1.88,2025-03-12,2025-04-08,28,0
Reedhouse Apartments,2x2,11-106,1,2,2,,970,5/22/2026,400,12,120%,2292,2.36,2292,2.36,2025-11-20,2026-05-05,167,0
Reedhouse Apartments,2x2,10-106,1,2,2,,970,10/30/2023,400,,80%,1781,1.84,1781,1.84,2023-10-08,2023-10-11,4,0
Reedhouse Apartments,2x2 Large,02-203,2,2,2,,980,4/30/2024,400,,80%,1779,1.82,1779,1.82,2024-03-16,2024-03-17,2,0
Reedhouse Apartments,2x2 Large,02-203,2,2,2,,980,5/6/2025,400,12,80%,1687,1.72,1645,1.68,2025-02-11,2025-02-13,3,0
Reedhouse Apartments,2x2 Large,02-306,3,2,2,,980,4/20/2025,400,9,80%,1800,1.84,1800,1.84,2025-02-21,2025-02-22,2,0
Reedhouse Apartments,2x2 Large,07-206,2,2,2,,980,6/16/2023,400,,80%,2053,2.09,1882,1.92,,2023-06-29,,
Reedhouse Apartments,2x2 Large,07-206,2,2,2,,980,11/3/2024,400,12,80%,1949,1.99,1787,1.82,2024-09-26,2024-11-17,53,15
Reedhouse Apartments,2x2 Large,07-206,2,2,2,,980,12/17/2025,400,12,80%,1892,1.93,1892,1.93,2025-10-12,2025-10-27,16,0
Reedhouse Apartments,2x2 Large,02-206,2,2,2,,980,5/1/2026,,12,120%,1996,2.04,1996,2.04,2026-03-27,2026-04-08,13,0
Reedhouse Apartments,2x2 Large,07-203,2,2,2,,980,5/20/2024,400,,120%,1859,1.9,1859,1.9,2024-03-16,2024-05-01,47,0
Reedhouse Apartments,2x2 Large,07-203,2,2,2,,980,8/26/2026,,12,120%,2146,2.19,2146,2.19,2026-06-18,,28,0
Reedhouse Apartments,2x2 Large,02-303,3,2,2,,980,1/26/2024,400,,120%,1896,1.93,1896,1.93,2023-12-21,2024-03-16,87,51
Reedhouse Apartments,2x2 Large,02-303,3,2,2,,980,8/11/2026,,12,120%,2171,2.22,2171,2.22,2026-07-12,,4,0
Reedhouse Apartments,2x2 Large,02-106,1,2,2,,980,2/18/2024,400,,80%,1906,1.94,1906,1.94,2023-12-21,2024-03-16,87,28
Reedhouse Apartments,2x2 Large,07-106,1,2,2,,980,11/27/2023,400,,120%,2006,2.05,2006,2.05,2023-10-23,2024-03-16,146,111
VERVE Boise,Studio - S1,Private - Studio - S1,,0,1,,373,8/15/2024,250,,80%,1445,3.87,1445,3.87,,2024-05-01,,
VERVE Boise,Studio - S1,Private,,0,1,,373,,250,Annual (08/14/2025 - 07/31/2026),80%,1449,3.88,1449,3.88,2024-08-08,2025-09-18,407,407
VERVE Boise,Studio - S1,Private,,0,1,,373,,250,Spring + Summer (01/01/2025 - 07/31/2025),80%,1449,3.88,1449,3.88,2025-02-28,2025-04-03,35,35
VERVE Boise,Studio - S1,Private,,0,1,,373,,250,Annual (08/15/2024 - 07/31/2025),80%,1445,3.87,1445,3.87,2024-05-11,2024-08-08,90,90
VERVE Boise,Studio - S1,Private,,0,1,,373,,250,Annual (08/15/2024 - 07/31/2025),80%,1449,3.88,1449,3.88,2025-02-28,2025-07-31,154,154
VERVE Boise,Studio - S1,Private,,0,1,,373,,250,Annual (08/18/2026 - 07/31/2027),80%,1449,3.88,1449,3.88,2025-07-01,,380,380
VERVE Boise,Studio - S1a,Private - Studio - S1a,,0,1,,379,8/15/2024,250,,80%,1439,3.8,1439,3.8,2023-07-18,2024-05-01,289,0
VERVE Boise,Studio - S1a,Private,,0,1,,379,,250,Annual (08/14/2025 - 07/31/2026),80%,1489,3.93,1489,3.93,2024-09-26,2025-09-18,358,358
VERVE Boise,Studio - S1a,Private,,0,1,,379,,250,Annual (08/18/2026 - 07/31/2027),80%,1489,3.93,1489,3.93,2025-09-25,2026-05-23,241,241
VERVE Boise,Studio - S2,Private - Studio - S2,,0,1,,399,8/15/2024,,,80%,1449,3.63,1449,3.63,2023-10-06,2024-05-01,209,0
VERVE Boise,Studio - S2,Private,,0,1,,399,,250,Annual (08/18/2026 - 07/31/2027),80%,1479,3.71,1479,3.71,2025-09-25,,294,294
VERVE Boise,Studio - S2,Private,,0,1,,399,,250,Annual (08/14/2025 - 07/31/2026),80%,1479,3.71,1479,3.71,2024-09-26,2025-09-18,358,358
VERVE Boise,2BR/2BA - B4,Private,,2,2,,703,,250,Annual (08/18/2026 - 07/31/2027),50%,1159,1.65,1159,1.65,2025-09-25,2026-05-23,241,241
VERVE Boise,2BR/2BA - B4,Private - 2BR/2BA - B4,,2,2,,703,8/15/2024,,,50%,1159,1.65,1159,1.65,2023-10-06,2024-05-01,209,0
VERVE Boise,2BR/2BA - B3,Private,,2,2,,724,,250,Annual (08/18/2026 - 07/31/2027),50%,1159,1.6,1159,1.6,2025-09-25,2026-05-23,241,241
VERVE Boise,2BR/2BA - B3,Private - 2BR/2BA - B3,,2,2,,724,8/15/2024,,,50%,1159,1.6,1159,1.6,2023-10-06,2024-05-08,216,0
VERVE Boise,2BR/2BA - B3,Private,,2,2,,724,,250,Annual (08/14/2025 - 07/31/2026),50%,1159,1.6,1159,1.6,2024-09-26,2025-09-18,358,358
VERVE Boise,2BR/2BA - B3,Private,,2,2,,724,,250,Annual (08/15/2024 - 07/31/2025),50%,1159,1.6,1159,1.6,2024-05-08,2024-08-08,93,93
VERVE Boise,2BR/2BA - B3,Private,,2,2,,724,,250,Annual (08/15/2024 - 07/31/2025),50%,1159,1.6,1159,1.6,2025-02-28,2025-07-31,154,154
VERVE Boise,2BR/2BA - B3.3,Private,,2,2,,735,,250,Annual (08/18/2026 - 07/31/2027),50%,1159,1.58,1159,1.58,2025-07-01,,380,380
VERVE Boise,2BR/2BA - B3.3,Private,,2,2,,735,,250,Annual (08/15/2024 - 07/31/2025),50%,1159,1.58,1159,1.58,2024-05-11,2024-08-08,90,90
VERVE Boise,2BR/2BA - B3.3,Private,,2,2,,735,,250,Annual (08/15/2024 - 07/31/2025),50%,1159,1.58,1159,1.58,2025-02-28,2025-07-31,154,154
VERVE Boise,2BR/2BA - B3.3,Private,,2,2,,735,,250,Spring + Summer (01/01/2025 - 07/31/2025),50%,1159,1.58,1159,1.58,2025-02-28,2025-04-03,35,35
VERVE Boise,2BR/2BA - B3.3,Private - 2BR/2BA - B3.3,,2,2,,735,8/15/2024,250,,50%,1159,1.58,1159,1.58,,2024-05-01,,
VERVE Boise,2BR/2BA - B3.3,Private,,2,2,,735,,250,Annual (08/14/2025 - 07/31/2026),50%,1159,1.58,1159,1.58,2024-08-08,2025-09-18,407,407
VERVE Boise,2BR/2BA - B2.1,Private,,2,2,,744,,250,Annual (08/14/2025 - 07/31/2026),50%,1149,1.54,1149,1.54,2024-09-26,2025-09-18,358,358
VERVE Boise,2BR/2BA - B2.1,Private,,2,2,,744,,250,Annual (08/15/2024 - 07/31/2025),50%,1159,1.56,1159,1.56,2024-05-08,2024-08-08,93,93
VERVE Boise,2BR/2BA - B2.1,Private,,2,2,,744,,250,Annual (08/15/2024 - 07/31/2025),50%,1149,1.54,1149,1.54,2025-02-28,2025-07-31,154,154
VERVE Boise,2BR/2BA - B2.1,Private,,2,2,,744,,250,Annual (08/18/2026 - 07/31/2027),50%,1149,1.54,1149,1.54,2025-09-25,,294,294
VERVE Boise,2BR/2BA - B2.1,Private - 2BR/2BA - B2.1,,2,2,,744,8/15/2024,,,50%,1159,1.56,1159,1.56,2023-10-06,2024-05-08,216,0
VERVE Boise,2BR/2BA - B3.1,Private,,2,2,,766,,250,Annual (08/18/2026 - 07/31/2027),50%,1159,1.51,1159,1.51,2025-09-25,2026-07-08,287,287
VERVE Boise,2BR/2BA - B3.1,Private,,2,2,,766,,250,Annual (08/14/2025 - 07/31/2026),50%,1159,1.51,1159,1.51,2024-09-26,2025-09-18,358,358
VERVE Boise,2BR/2BA - B3.1,Private - 2BR/2BA - B3.1,,2,2,,766,8/15/2024,,,50%,1159,1.51,1159,1.51,2023-10-06,2024-05-01,209,0
VERVE Boise,2BR/2BA - B2 Patio,Private - 2BR/2BA - B2 Patio (1),,2,2,,767,8/15/2024,,,50%,1159,1.51,1159,1.51,2023-07-27,2024-05-08,287,0
VERVE Boise,2BR/2BA - B2,Private - 2BR/2BA - B2,,2,2,,767,8/15/2024,250,,50%,1159,1.51,1159,1.51,,2024-05-08,,
VERVE Boise,2BR/2BA - B2,Private,,2,2,,767,,250,Annual (08/14/2025 - 07/31/2026),50%,1159,1.51,1159,1.51,2024-09-26,2025-09-18,358,358
VERVE Boise,2BR/2BA - B2,Private,,2,2,,767,,250,Annual (08/18/2026 - 07/31/2027),50%,1159,1.51,1159,1.51,2025-09-25,2026-05-23,241,241
VERVE Boise,2BR/2BA - B2,Private,,2,2,,767,,250,Annual (08/15/2024 - 07/31/2025),50%,1159,1.51,1159,1.51,2024-05-08,2024-08-08,93,93
VERVE Boise,2BR/2BA - B2,Private,,2,2,,767,,250,Annual (08/15/2024 - 07/31/2025),50%,1159,1.51,1159,1.51,2025-02-28,2025-07-31,154,154
VERVE Boise,2BR/2BA - B2 Patio,Private,,2,2,,767,,250,Annual (08/15/2024 - 07/31/2025),60%,1159,1.51,1159,1.51,2024-05-08,2024-08-08,93,93
VERVE Boise,2BR/2BA - B2 Patio,Private,,2,2,,767,,250,Annual (08/15/2024 - 07/31/2025),60%,1259,1.64,1259,1.64,2025-02-28,2025-07-31,154,154
VERVE Boise,2BR/2BA - B2 Patio,Private,,2,2,,767,,250,Annual (08/18/2026 - 07/31/2027),60%,1259,1.64,1259,1.64,2025-09-25,2026-05-23,241,241
VERVE Boise,2BR/2BA - B2 Patio,Private,,2,2,,767,,250,Annual (08/14/2025 - 07/31/2026),60%,1259,1.64,1259,1.64,2024-09-26,2025-09-18,358,358
VERVE Boise,2BR/2BA - B2 Patio,Private - 2BR/2BA - B2 Patio,,2,2,,767,8/17/2023,,,60%,1289,1.68,1289,1.68,2023-07-27,2024-05-08,287,266
VERVE Boise,2BR/2BA - B3.4,Private,,2,2,,776,,250,Annual (08/18/2026 - 07/31/2027),50%,1159,1.49,1159,1.49,2025-09-25,,294,294
VERVE Boise,2BR/2BA - B3.4,Private,,2,2,,776,,250,Annual (08/14/2025 - 07/31/2026),50%,1159,1.49,1159,1.49,2024-09-26,2025-09-18,358,358
VERVE Boise,2BR/2BA - B3.4,Private - 2BR/2BA - B3.4,,2,2,,776,8/15/2024,,,50%,1175,1.51,1175,1.51,2023-10-06,2024-05-01,209,0
VERVE Boise,2BR/2BA - B1,Private,,2,2,,805,,250,Annual (08/15/2024 - 07/31/2025),50%,1159,1.44,1159,1.44,2024-05-08,2024-08-08,93,93
VERVE Boise,2BR/2BA - B1,Private,,2,2,,805,,250,Annual (08/15/2024 - 07/31/2025),50%,1159,1.44,1159,1.44,2025-02-28,2025-07-31,154,154
VERVE Boise,2BR/2BA - B1,Private - 2BR/2BA - B1,,2,2,,805,8/15/2024,,,50%,1159,1.44,1159,1.44,2023-10-06,2024-05-08,216,0
VERVE Boise,2BR/2BA - B1,Private,,2,2,,805,,250,Annual (08/18/2026 - 07/31/2027),50%,1159,1.44,1159,1.44,2025-09-25,2026-05-23,241,241
VERVE Boise,2BR/2BA - B1,Private,,2,2,,805,,250,Annual (08/14/2025 - 07/31/2026),50%,1159,1.44,1159,1.44,2024-09-26,2025-09-18,358,358
VERVE Boise,2BR/2BA - B5a,Private,,2,2,,856,,250,Annual (08/14/2025 - 07/31/2026),50%,1159,1.35,1159,1.35,2024-09-26,2025-09-18,358,358
VERVE Boise,2BR/2BA - B5a,Private,,2,2,,856,,250,Annual (08/18/2026 - 07/31/2027),50%,1159,1.35,1159,1.35,2025-09-25,,294,294
VERVE Boise,2BR/2BA - B5a,Private - 2BR/2BA - B5a (1),,2,2,,856,8/15/2024,,,50%,1159,1.35,1159,1.35,2023-10-06,2024-02-27,145,0
VERVE Boise,2BR/2BA - B5a,Private - 2BR/2BA - B5a,,2,2,,856,8/15/2024,,,50%,1159,1.35,1159,1.35,2023-09-08,2024-05-01,237,0
VERVE Boise,3BR/3BA - C1,Private - 3BR/3BA - C1,,3,3,,1065,8/15/2024,,,50%,1050,0.99,1050,0.99,2023-09-08,2024-05-01,237,0
VERVE Boise,3BR/3BA - C1,Private - 3BR/3BA - C1 (1),,3,3,,1065,8/15/2024,,,50%,1050,0.99,1050,0.99,2023-10-06,2023-12-02,58,0
VERVE Boise,3BR/3BA - C1a,Private - 3BR/3BA - C1a,,3,3,,1065,8/15/2024,,,50%,1070,1,1070,1,2023-09-08,2024-05-01,237,0
VERVE Boise,3BR/3BA - C1a,Private - 3BR/3BA - C1a (1),,3,3,,1065,8/15/2024,,,50%,1070,1,1070,1,2023-10-06,2023-12-02,58,0
VERVE Boise,3BR/3BA - C1,Private,,3,3,,1065,,250,Annual (08/15/2024 - 07/31/2025),50%,1050,0.99,1050,0.99,2024-05-15,2024-08-08,86,86
VERVE Boise,3BR/3BA - C1,Private,,3,3,,1065,,250,Annual (08/15/2024 - 07/31/2025),50%,1079,1.01,1079,1.01,2025-02-28,2025-07-31,154,154
VERVE Boise,3BR/3BA - C1,Private,,3,3,,1065,,250,Annual (08/18/2026 - 07/31/2027),50%,1079,1.01,1079,1.01,2025-09-25,,294,294
VERVE Boise,3BR/3BA - C1a,Private,,3,3,,1065,,250,Annual (08/18/2026 - 07/31/2027),50%,1259,1.18,1259,1.18,2025-09-25,2026-05-23,241,241
VERVE Boise,3BR/3BA - C1a,Private,,3,3,,1065,,250,Annual (08/14/2025 - 07/31/2026),50%,1259,1.18,1259,1.18,2024-09-26,2025-09-18,358,358
VERVE Boise,4BR/4BA - D7,Private,,4,4,,1213,,250,Annual (08/14/2025 - 07/31/2026),30%,649,0.54,649,0.54,2024-08-08,2025-09-18,407,407
VERVE Boise,4BR/4BA - D7,Private,,4,4,,1213,,250,Annual (08/18/2026 - 07/31/2027),30%,649,0.54,649,0.54,2025-09-25,,294,294
VERVE Boise,4BR/4BA - D7,Attached Bathroom,,4,4,,1213,,,Annual (08/18/2026 - 07/31/2027),30%,649,0.54,649,0.54,2026-07-08,,8,8
VERVE Boise,4BR/4BA - D7,Attached Bathroom,,4,4,,1213,,250,Annual (08/14/2025 - 07/31/2026),30%,799,0.66,757,0.62,2024-09-27,2025-07-10,287,287
VERVE Boise,4BR/4BA - D7,Private,,4,4,,1213,,250,Annual (08/15/2024 - 07/31/2025),30%,899,0.74,857,0.71,2024-05-11,2024-08-08,90,90
VERVE Boise,4BR/4BA - D7,Private,,4,4,,1213,,250,Annual (08/15/2024 - 07/31/2025),30%,799,0.66,799,0.66,2025-02-28,2025-07-31,154,154
VERVE Boise,4BR/4BA - D7,Attached Bathroom,,4,4,,1213,,250,Annual (08/15/2024 - 07/31/2025),30%,799,0.66,799,0.66,2025-02-28,2025-07-31,154,154
VERVE Boise,4BR/4BA - D7,Attached Bathroom,,4,4,,1213,,250,Spring + Summer (01/01/2025 - 07/31/2025),50%,959,0.79,917,0.76,2025-02-28,2025-04-03,35,35
VERVE Boise,4BR/4BA - D7,Private,,4,4,,1213,,250,Spring + Summer (01/01/2025 - 07/31/2025),50%,959,0.79,917,0.76,2025-02-28,2025-04-03,35,35
VERVE Boise,4BR/4BA - D7,Private - 4BR/4BA - D7,,4,4,,1213,8/17/2023,250,,50%,969,0.8,969,0.8,,2024-05-01,,
VERVE Boise,4BR/4BA - D7,Private - 4BR/4BA - D7 (2),,4,4,,1213,8/15/2024,,,50%,979,0.81,979,0.81,2023-10-06,2024-05-01,209,0
VERVE Boise,4BR/4BA - D7,Private - 4BR/4BA - D7 (1),,4,4,,1213,8/17/2023,250,,50%,1114,0.92,1114,0.92,2023-06-21,2024-05-01,316,259
VERVE Boise,4BR/4BA - D5,Private,,4,4,,1219,,250,Annual (08/18/2026 - 07/31/2027),30%,649,0.53,649,0.53,2025-09-25,2026-05-23,241,241
VERVE Boise,4BR/4BA - D5,Private,,4,4,,1219,,250,Annual (08/14/2025 - 07/31/2026),30%,649,0.53,649,0.53,2024-09-26,2025-09-18,358,358
VERVE Boise,4BR/4BA - D5,Attached Bathroom,,4,4,,1219,,250,Annual (08/14/2025 - 07/31/2026),30%,799,0.66,757,0.62,2024-09-26,2025-07-10,288,288
VERVE Boise,4BR/4BA - D5,Attached Bathroom,,4,4,,1219,,250,Annual (08/15/2024 - 07/31/2025),30%,799,0.66,799,0.66,2025-02-28,2025-07-31,154,154
VERVE Boise,4BR/4BA - D5,Private,,4,4,,1219,,250,Annual (08/15/2024 - 07/31/2025),30%,799,0.66,799,0.66,2025-04-26,2025-07-31,97,97
VERVE Boise,4BR/4BA - D5,Attached Bathroom,,4,4,,1219,,250,Spring + Summer (01/01/2025 - 07/31/2025),50%,959,0.79,917,0.75,2025-02-28,2025-04-03,35,35
VERVE Boise,4BR/4BA - D5,Private - 4BR/4BA - D5,,4,4,,1219,8/17/2023,,,50%,964,0.79,964,0.79,2023-07-27,2024-05-01,280,259
VERVE Boise,4BR/4BA - D5,Private - 4BR/4BA - D5 (2),,4,4,,1219,8/15/2024,,,50%,979,0.8,979,0.8,2023-10-06,2024-05-01,209,0
VERVE Boise,4BR/4BA - D5,Private - 4BR/4BA - D5 (1),,4,4,,1219,8/17/2023,,,50%,1108,0.91,1108,0.91,2023-07-27,2024-05-01,280,259
VERVE Boise,4BR/4BA - D2,Private,,4,4,,1223,,250,Annual (08/14/2025 - 07/31/2026),30%,649,0.53,649,0.53,2024-09-26,2025-09-18,358,358
VERVE Boise,4BR/4BA - D2,Private,,4,4,,1223,,250,Annual (08/18/2026 - 07/31/2027),30%,649,0.53,649,0.53,2025-09-25,,294,294
VERVE Boise,4BR/4BA - D2,Attached Bathroom,,4,4,,1223,,250,Annual (08/15/2024 - 07/31/2025),30%,799,0.65,799,0.65,2025-02-28,2025-07-31,154,154
VERVE Boise,4BR/4BA - D2,Attached Bathroom,,4,4,,1223,,250,Annual (08/14/2025 - 07/31/2026),30%,799,0.65,757,0.62,2024-09-26,2025-07-10,288,288
VERVE Boise,4BR/4BA - D2,Private,,4,4,,1223,,250,Annual (08/15/2024 - 07/31/2025),30%,899,0.74,857,0.7,2024-05-08,2024-08-08,93,93
VERVE Boise,4BR/4BA - D2,Private,,4,4,,1223,,250,Annual (08/15/2024 - 07/31/2025),30%,799,0.65,799,0.65,2025-02-28,2025-07-31,154,154
VERVE Boise,4BR/4BA - D2,Private - 4BR/4BA - D2 (2),,4,4,,1223,8/15/2024,,,50%,899,0.74,857,0.7,2023-10-06,2024-05-08,216,0
VERVE Boise,4BR/4BA - D2,Attached Bathroom,,4,4,,1223,,250,Spring + Summer (01/01/2025 - 07/31/2025),50%,959,0.78,917,0.75,2025-02-28,2025-04-03,35,35
VERVE Boise,4BR/4BA - D2,Private - 4BR/4BA - D2,,4,4,,1223,8/17/2023,250,,50%,999,0.82,957,0.78,,2024-05-08,,
VERVE Boise,4BR/4BA - D2,Private - 4BR/4BA - D2 (1),,4,4,,1223,8/17/2023,250,,50%,999,0.82,957,0.78,2023-06-21,2024-05-08,323,266
VERVE Boise,4BR/4BA - D1,Private,,4,4,,1224,,250,Annual (08/14/2025 - 07/31/2026),30%,649,0.53,649,0.53,2024-09-26,2025-09-18,358,358
VERVE Boise,4BR/4BA - D1,Private,,4,4,,1224,,250,Annual (08/18/2026 - 07/31/2027),30%,649,0.53,649,0.53,2025-09-25,2026-07-08,287,287
VERVE Boise,4BR/4BA - D1,Attached Bathroom,,4,4,,1224,,250,Annual (08/15/2024 - 07/31/2025),30%,799,0.65,799,0.65,2025-02-28,2025-07-31,154,154
VERVE Boise,4BR/4BA - D1,Attached Bathroom,,4,4,,1224,,250,Annual (08/14/2025 - 07/31/2026),30%,799,0.65,757,0.62,2024-09-26,2025-07-10,288,288
VERVE Boise,4BR/4BA - D1,Private,,4,4,,1224,,250,Annual (08/15/2024 - 07/31/2025),30%,899,0.73,857,0.7,2024-05-08,2024-08-08,93,93
VERVE Boise,4BR/4BA - D1,Private,,4,4,,1224,,250,Annual (08/15/2024 - 07/31/2025),30%,799,0.65,799,0.65,2025-02-28,2025-07-31,154,154
VERVE Boise,4BR/4BA - D1,Private - 4BR/4BA - D1 (1),,4,4,,1224,8/15/2024,250,,50%,899,0.73,857,0.7,2023-06-21,2024-05-08,323,0
VERVE Boise,4BR/4BA - D1,Attached Bathroom,,4,4,,1224,,250,Spring + Summer (01/01/2025 - 07/31/2025),50%,959,0.78,917,0.75,2025-02-28,2025-04-03,35,35
VERVE Boise,4BR/4BA - D1,Private - 4BR/4BA - D1 (2),,4,4,,1224,8/15/2024,,,50%,989,0.81,989,0.81,2023-10-06,2023-11-19,45,0
VERVE Boise,4BR/4BA - D1,Private - 4BR/4BA - D1,,4,4,,1224,8/17/2023,250,,50%,999,0.82,957,0.78,,2024-05-08,,
VERVE Boise,4BR/4BA - D6a,Attached Bathroom,,4,4,,1237,,,Summer + Annual (05/01/2025 - 07/31/2026),30%,649,0.52,649,0.52,2026-02-17,,149,149
VERVE Boise,4BR/4BA - D6a,Attached Bathroom,,4,4,,1237,,,Summer + Academic (06/01/2025 - 05/31/2026),30%,649,0.52,649,0.52,2026-02-17,2026-05-31,104,104
VERVE Boise,4BR/4BA - D6a,Attached Bathroom,,4,4,,1237,,250,Annual (08/18/2026 - 07/31/2027),30%,649,0.52,649,0.52,2025-07-01,2026-01-02,186,186
VERVE Boise,4BR/4BA - D6a,Private,,4,4,,1237,,250,Annual (08/18/2026 - 07/31/2027),30%,649,0.52,649,0.52,2025-09-25,2026-05-23,241,241
VERVE Boise,4BR/4BA - D6,Private,,4,4,,1237,,250,Annual (08/18/2026 - 07/31/2027),30%,649,0.52,649,0.52,2025-09-25,2026-05-23,241,241
VERVE Boise,4BR/4BA - D6a,Attached Bathroom,,4,4,,1237,,250,Annual (08/15/2024 - 07/31/2025),30%,799,0.65,799,0.65,2025-02-28,2025-07-31,154,154
VERVE Boise,4BR/4BA - D6a,Attached Bathroom,,4,4,,1237,,250,Annual (08/14/2025 - 07/31/2026),30%,799,0.65,757,0.61,2024-09-26,2025-07-10,288,288
VERVE Boise,4BR/4BA - D6,Attached Bathroom,,4,4,,1237,,250,Annual (08/15/2024 - 07/31/2025),50%,929,0.75,887,0.72,2025-02-28,2025-04-26,58,58
VERVE Boise,4BR/4BA - D6,Attached Bathroom,,4,4,,1237,,250,Annual (08/14/2025 - 07/31/2026),50%,929,0.75,887,0.72,2024-09-26,2025-04-26,213,213
VERVE Boise,4BR/4BA - D6a,Attached Bathroom,,4,4,,1237,,250,Spring + Summer (01/01/2025 - 07/31/2025),50%,959,0.78,917,0.74,2025-02-28,2025-04-03,35,35
VERVE Boise,4BR/4BA - D6,Attached Bathroom,,4,4,,1237,,250,Spring + Summer (01/01/2025 - 07/31/2025),50%,959,0.78,917,0.74,2025-02-28,2025-04-03,35,35
VERVE Boise,4BR/4BA - D6,Private - 4BR/4BA - D6,,4,4,,1237,8/17/2023,250,,50%,974,0.79,974,0.79,,2024-05-01,,
VERVE Boise,4BR/4BA - D6a,Private - 4BR/4BA - D6a (2),,4,4,,1237,8/15/2024,,,50%,979,0.79,979,0.79,2023-10-06,2024-05-01,209,0
VERVE Boise,4BR/4BA - D6a,Private - 4BR/4BA - D6a,,4,4,,1237,8/17/2023,250,,50%,989,0.8,989,0.8,,2024-05-01,,
VERVE Boise,4BR/4BA - D6,Private - 4BR/4BA - D6 (2),,4,4,,1237,8/15/2024,,,50%,1009,0.82,1009,0.82,2023-10-06,2024-05-01,209,0
VERVE Boise,4BR/4BA - D6,Private - 4BR/4BA - D6 (1),,4,4,,1237,8/17/2023,250,,50%,1120,0.91,1120,0.91,2023-06-21,2024-05-01,316,259
VERVE Boise,4BR/4BA - D6a,Private - 4BR/4BA - D6a (1),,4,4,,1237,8/17/2023,250,,50%,1137,0.92,1137,0.92,2023-06-21,2024-05-01,316,259
VERVE Boise,4BR/4BA - D4,Private,,4,4,,1310,,250,Annual (08/14/2025 - 07/31/2026),30%,649,0.5,649,0.5,2024-08-08,2025-09-18,407,407
VERVE Boise,4BR/4BA - D4,Private,,4,4,,1310,,250,Annual (08/18/2026 - 07/31/2027),30%,649,0.5,649,0.5,2025-09-25,,294,294
VERVE Boise,4BR/4BA - D4,Private,,4,4,,1310,,250,Annual (08/15/2024 - 07/31/2025),30%,899,0.69,857,0.65,2024-05-11,2024-08-08,90,90
VERVE Boise,4BR/4BA - D4,Private,,4,4,,1310,,250,Annual (08/15/2024 - 07/31/2025),30%,799,0.61,799,0.61,2025-02-28,2025-07-31,154,154
VERVE Boise,4BR/4BA - D4,Attached Bathroom,,4,4,,1310,,250,Annual (08/14/2025 - 07/31/2026),30%,799,0.61,757,0.58,2024-09-26,2025-07-10,288,288
VERVE Boise,4BR/4BA - D4,Attached Bathroom,,4,4,,1310,,250,Annual (08/15/2024 - 07/31/2025),30%,799,0.61,799,0.61,2025-02-28,2025-07-31,154,154
VERVE Boise,4BR/4BA - D4,Attached Bathroom,,4,4,,1310,,250,Spring + Summer (01/01/2025 - 07/31/2025),50%,979,0.75,937,0.72,2025-02-28,2025-04-03,35,35
VERVE Boise,4BR/4BA - D4,Private,,4,4,,1310,,250,Spring + Summer (01/01/2025 - 07/31/2025),50%,979,0.75,937,0.72,2025-02-28,2025-04-03,35,35
VERVE Boise,4BR/4BA - D4,Private - 4BR/4BA - D4,,4,4,,1310,8/15/2024,,,50%,989,0.75,989,0.75,2023-10-06,2024-05-01,209,0
VERVE Boise,4BR/4BA - D3,Private,,4,4,,1312,,250,Annual (08/18/2026 - 07/31/2027),30%,649,0.49,649,0.49,2025-09-25,,294,294
VERVE Boise,4BR/4BA - D3,Private,,4,4,,1312,,250,Annual (08/14/2025 - 07/31/2026),30%,649,0.49,649,0.49,2024-09-26,2025-09-18,358,358
VERVE Boise,4BR/4BA - D3 Patio,Private,,4,4,,1312,,250,Annual (08/18/2026 - 07/31/2027),30%,649,0.49,649,0.49,2025-09-25,,294,294
VERVE Boise,4BR/4BA - D3 Patio,Private,,4,4,,1312,,250,Annual (08/14/2025 - 07/31/2026),30%,649,0.49,649,0.49,2024-09-26,2025-09-18,358,358
VERVE Boise,4BR/4BA - D3,Private,,4,4,,1312,,250,Annual (08/15/2024 - 07/31/2025),30%,899,0.69,857,0.65,2024-05-08,2024-08-08,93,93
VERVE Boise,4BR/4BA - D3,Private,,4,4,,1312,,250,Annual (08/15/2024 - 07/31/2025),30%,799,0.61,799,0.61,2025-02-28,2025-07-31,154,154
VERVE Boise,4BR/4BA - D3 Patio,Attached Bathroom,,4,4,,1312,,250,Annual (08/14/2025 - 07/31/2026),30%,799,0.61,757,0.58,2024-09-26,2025-07-10,288,288
VERVE Boise,4BR/4BA - D3,Attached Bathroom,,4,4,,1312,,250,Annual (08/14/2025 - 07/31/2026),30%,799,0.61,757,0.58,2024-09-26,2025-07-10,288,288
VERVE Boise,4BR/4BA - D3,Attached Bathroom,,4,4,,1312,,250,Annual (08/15/2024 - 07/31/2025),30%,799,0.61,799,0.61,2025-02-28,2025-07-31,154,154
VERVE Boise,4BR/4BA - D3 Patio,Private,,4,4,,1312,,250,Annual (08/15/2024 - 07/31/2025),30%,899,0.69,857,0.65,2024-05-08,2024-08-08,93,93
VERVE Boise,4BR/4BA - D3 Patio,Private,,4,4,,1312,,250,Annual (08/15/2024 - 07/31/2025),30%,799,0.61,799,0.61,2025-02-28,2025-07-31,154,154
VERVE Boise,4BR/4BA - D3 Patio,Attached Bathroom,,4,4,,1312,,250,Annual (08/15/2024 - 07/31/2025),30%,799,0.61,799,0.61,2025-02-28,2025-07-31,154,154
VERVE Boise,4BR/4BA - D3,Private - 4BR/4BA - D3 (2),,4,4,,1312,8/15/2024,,,50%,899,0.69,857,0.65,2023-10-06,2024-05-08,216,0
VERVE Boise,4BR/4BA - D3 Patio,Private - 4BR/4BA - D3 Patio (1),,4,4,,1312,8/15/2024,250,,50%,899,0.69,857,0.65,2023-06-21,2024-05-08,323,0
VERVE Boise,4BR/4BA - D3 Patio,Private - 4BR/4BA - D3 Patio,,4,4,,1312,8/17/2023,250,,50%,899,0.69,857,0.65,,2024-05-08,,
VERVE Boise,4BR/4BA - D3,Attached Bathroom,,4,4,,1312,,250,Spring + Summer (01/01/2025 - 07/31/2025),50%,959,0.73,917,0.7,2025-02-28,2025-04-03,35,35
VERVE Boise,4BR/4BA - D3,Private - 4BR/4BA - D3 (1),,4,4,,1312,8/17/2023,250,,50%,989,0.75,947,0.72,2023-06-21,2024-05-08,323,266
VERVE Boise,4BR/4BA - D3,Private - 4BR/4BA - D3,,4,4,,1312,8/17/2023,250,,50%,989,0.75,947,0.72,,2024-05-08,,
VERVE Boise,4BR/4BA - D3 Patio,Attached Bathroom,,4,4,,1312,,250,Spring + Summer (01/01/2025 - 07/31/2025),50%,999,0.76,957,0.73,2025-02-28,2025-04-03,35,35
VERVE Boise,5BR/5BA - E1,Attached Bathroom,,5,5,,1469,,250,Annual (08/15/2024 - 07/31/2025),30%,799,0.54,799,0.54,2025-02-28,2025-07-31,154,154
VERVE Boise,5BR/5BA - E1,Private,,5,5,,1469,,250,Annual (08/18/2026 - 07/31/2027),30%,799,0.54,799,0.54,2025-09-25,2026-05-23,241,241
VERVE Boise,5BR/5BA - E1,Private,,5,5,,1469,,250,Annual (08/15/2024 - 07/31/2025),30%,899,0.61,899,0.61,2024-05-08,2024-08-08,93,93
VERVE Boise,5BR/5BA - E1,Private,,5,5,,1469,,250,Annual (08/15/2024 - 07/31/2025),30%,799,0.54,799,0.54,2025-02-28,2025-07-31,154,154
VERVE Boise,5BR/5BA - E1,Attached Bathroom,,5,5,,1469,,250,Annual (08/18/2026 - 07/31/2027),30%,799,0.54,799,0.54,2025-07-01,2026-01-02,186,186
VERVE Boise,5BR/5BA - E1,Attached Bathroom,,5,5,,1469,,250,Annual (08/14/2025 - 07/31/2026),30%,799,0.54,799,0.54,2024-09-26,2025-07-10,288,288
VERVE Boise,5BR/5BA - E1,Attached Bathroom,,5,5,,1469,,,Summer + Academic (06/01/2025 - 05/31/2026),30%,799,0.54,774,0.53,2026-02-17,2026-05-31,104,104
VERVE Boise,5BR/5BA - E1,Private,,5,5,,1469,,250,Annual (08/14/2025 - 07/31/2026),30%,799,0.54,799,0.54,2024-09-26,2025-09-18,358,358
VERVE Boise,5BR/5BA - E1,Attached Bathroom,,5,5,,1469,,,Summer + Annual (05/01/2025 - 07/31/2026),30%,799,0.54,799,0.54,2026-02-17,,149,149
VERVE Boise,5BR/5BA - E1,Private - 5BR/5BA - E1 (1),,5,5,,1469,8/17/2023,250,,30%,899,0.61,899,0.61,2023-06-21,2024-05-08,323,266
VERVE Boise,5BR/5BA - E1,Private - 5BR/5BA - E1 (2),,5,5,,1469,8/15/2024,,,30%,899,0.61,899,0.61,2023-10-06,2024-05-08,216,0
VERVE Boise,5BR/5BA - E1,Private - 5BR/5BA - E1,,5,5,,1469,8/17/2023,250,,30%,899,0.61,899,0.61,,2024-05-08,,
VERVE Boise,5BR/5BA - E1,Attached Bathroom,,5,5,,1469,,250,Spring + Summer (01/01/2025 - 07/31/2025),30%,909,0.62,909,0.62,2025-02-28,2025-04-03,35,35
VERVE Boise,5BR/5BA - E4,Attached Bathroom,,5,5,,1544,,,Summer + Academic (06/01/2025 - 05/31/2026),30%,799,0.52,774,0.5,2026-02-17,2026-05-31,104,104
VERVE Boise,5BR/5BA - E4,Private,,5,5,,1544,,250,Annual (08/14/2025 - 07/31/2026),30%,799,0.52,799,0.52,2024-09-26,2025-09-18,358,358
VERVE Boise,5BR/5BA - E4,Attached Bathroom,,5,5,,1544,,250,Annual (08/18/2026 - 07/31/2027),30%,799,0.52,799,0.52,2025-07-01,2026-01-02,186,186
VERVE Boise,5BR/5BA - E4,Private,,5,5,,1544,,250,Annual (08/18/2026 - 07/31/2027),30%,799,0.52,799,0.52,2025-09-25,2026-05-23,241,241
VERVE Boise,5BR/5BA - E4,Attached Bathroom,,5,5,,1544,,250,Annual (08/15/2024 - 07/31/2025),30%,799,0.52,799,0.52,2025-02-28,2025-07-31,154,154
VERVE Boise,5BR/5BA - E4,Attached Bathroom,,5,5,,1544,,250,Annual (08/14/2025 - 07/31/2026),30%,799,0.52,799,0.52,2024-09-26,2025-07-10,288,288
VERVE Boise,5BR/5BA - E4,Private,,5,5,,1544,,250,Annual (08/15/2024 - 07/31/2025),30%,899,0.58,899,0.58,2024-05-08,2024-08-08,93,93
VERVE Boise,5BR/5BA - E4,Private,,5,5,,1544,,250,Annual (08/15/2024 - 07/31/2025),30%,799,0.52,799,0.52,2025-02-28,2025-07-31,154,154
VERVE Boise,5BR/5BA - E4,Attached Bathroom,,5,5,,1544,,,Summer + Annual (05/01/2025 - 07/31/2026),30%,799,0.52,799,0.52,2026-02-17,,149,149
VERVE Boise,5BR/5BA - E4,Private - 5BR/5BA - E4 (2),,5,5,,1544,8/15/2024,,,30%,899,0.58,899,0.58,2023-10-06,2024-05-08,216,0
VERVE Boise,5BR/5BA - E4,Private - 5BR/5BA - E4 (1),,5,5,,1544,8/17/2023,250,,30%,899,0.58,899,0.58,2023-06-21,2024-05-08,323,266
VERVE Boise,5BR/5BA - E4,Private - 5BR/5BA - E4,,5,5,,1544,8/17/2023,250,,30%,899,0.58,899,0.58,,2024-05-08,,
VERVE Boise,5BR/5BA - E4,Attached Bathroom,,5,5,,1544,,250,Spring + Summer (01/01/2025 - 07/31/2025),30%,909,0.59,909,0.59,2025-02-28,2025-04-03,35,35
VERVE Boise,5BR/5BA - E2,Private,,5,5,,1575,,250,Annual (08/15/2024 - 07/31/2025),30%,899,0.57,899,0.57,2024-05-08,2024-08-08,93,93
VERVE Boise,5BR/5BA - E2,Private,,5,5,,1575,,250,Annual (08/15/2024 - 07/31/2025),30%,799,0.51,799,0.51,2025-02-28,2025-07-31,154,154
VERVE Boise,5BR/5BA - E2,Attached Bathroom,,5,5,,1575,,,Summer + Academic (06/01/2025 - 05/31/2026),30%,799,0.51,774,0.49,2026-02-17,2026-05-31,104,104
VERVE Boise,5BR/5BA - E2,Private,,5,5,,1575,,250,Annual (08/18/2026 - 07/31/2027),30%,799,0.51,799,0.51,2025-09-25,,294,294
VERVE Boise,5BR/5BA - E2,Attached Bathroom,,5,5,,1575,,250,Annual (08/14/2025 - 07/31/2026),30%,799,0.51,799,0.51,2024-09-26,2025-07-10,288,288
VERVE Boise,5BR/5BA - E2,Attached Bathroom,,5,5,,1575,,250,Annual (08/15/2024 - 07/31/2025),30%,799,0.51,799,0.51,2025-02-28,2025-07-31,154,154
VERVE Boise,5BR/5BA - E2,Attached Bathroom,,5,5,,1575,,,Summer + Annual (05/01/2025 - 07/31/2026),30%,799,0.51,799,0.51,2026-02-17,,149,149
VERVE Boise,5BR/5BA - E2,Private,,5,5,,1575,,250,Annual (08/14/2025 - 07/31/2026),30%,799,0.51,799,0.51,2024-09-26,2025-09-18,358,358
VERVE Boise,5BR/5BA - E2,Attached Bathroom,,5,5,,1575,,250,Annual (08/18/2026 - 07/31/2027),30%,799,0.51,799,0.51,2025-07-01,2026-01-02,186,186
VERVE Boise,5BR/5BA - E2,Private - 5BR/5BA - E2 (1),,5,5,,1575,8/17/2023,250,,30%,899,0.57,899,0.57,2023-06-21,2024-05-08,323,266
VERVE Boise,5BR/5BA - E2,Private - 5BR/5BA - E2 (2),,5,5,,1575,8/15/2024,,,30%,899,0.57,899,0.57,2023-10-06,2024-05-08,216,0
VERVE Boise,5BR/5BA - E2,Private - 5BR/5BA - E2,,5,5,,1575,8/17/2023,250,,30%,899,0.57,899,0.57,,2024-05-08,,
VERVE Boise,5BR/5BA - E2,Attached Bathroom,,5,5,,1575,,250,Spring + Summer (01/01/2025 - 07/31/2025),50%,1009,0.64,1009,0.64,2025-02-28,2025-04-03,35,35
VERVE Boise,5BR/5BA - E3,Attached Bathroom,,5,5,,1585,,,Summer + Academic (06/01/2025 - 05/31/2026),30%,799,0.5,774,0.49,2026-02-17,2026-05-31,104,104
VERVE Boise,5BR/5BA - E3,Attached Bathroom,,5,5,,1585,,250,Annual (08/18/2026 - 07/31/2027),30%,799,0.5,799,0.5,2025-07-01,2026-01-02,186,186
VERVE Boise,5BR/5BA - E3,Attached Bathroom,,5,5,,1585,,250,Annual (08/14/2025 - 07/31/2026),30%,799,0.5,799,0.5,2024-09-26,2025-07-10,288,288
VERVE Boise,5BR/5BA - E3,Attached Bathroom,,5,5,,1585,,,Summer + Annual (05/01/2025 - 07/31/2026),30%,799,0.5,799,0.5,2026-02-17,,149,149
VERVE Boise,5BR/5BA - E3,Attached Bathroom,,5,5,,1585,,250,Annual (08/15/2024 - 07/31/2025),30%,799,0.5,799,0.5,2025-02-28,2025-07-31,154,154
VERVE Boise,5BR/5BA - E3,Private,,5,5,,1585,,250,Annual (08/18/2026 - 07/31/2027),30%,799,0.5,799,0.5,2025-09-25,2026-05-23,241,241
VERVE Boise,5BR/5BA - E3,Private,,5,5,,1585,,250,Annual (08/15/2024 - 07/31/2025),30%,899,0.57,899,0.57,2024-05-08,2024-08-08,93,93
VERVE Boise,5BR/5BA - E3,Private,,5,5,,1585,,250,Annual (08/15/2024 - 07/31/2025),30%,799,0.5,799,0.5,2025-02-28,2025-07-31,154,154
VERVE Boise,5BR/5BA - E3,Private,,5,5,,1585,,250,Annual (08/14/2025 - 07/31/2026),30%,799,0.5,799,0.5,2024-09-26,2025-09-18,358,358
VERVE Boise,5BR/5BA - E3,Private - 5BR/5BA - E3 (2),,5,5,,1585,8/15/2024,,,30%,899,0.57,899,0.57,2023-10-06,2024-05-08,216,0
VERVE Boise,5BR/5BA - E3,Private - 5BR/5BA - E3,,5,5,,1585,8/17/2023,250,,30%,899,0.57,899,0.57,,2024-05-08,,
VERVE Boise,5BR/5BA - E3,Private - 5BR/5BA - E3 (1),,5,5,,1585,8/17/2023,250,,30%,899,0.57,899,0.57,2023-06-21,2024-05-08,323,266
VERVE Boise,5BR/5BA - E3,Attached Bathroom,,5,5,,1585,,250,Spring + Summer (01/01/2025 - 07/31/2025),50%,1009,0.64,1009,0.64,2025-02-28,2025-04-03,35,35
Owyhee Park Apartments,1x1,,,1,1,,701,6/17/2023,,,60%,1200,1.71,1200,1.71,,2023-12-16,,
Owyhee Park Apartments,1X1,,,1,1,,701,Now,,,80%,1350,1.93,1350,1.93,2023-12-16,,943,92
Owyhee Park Apartments,2X2 S,,,2,2,,998,11/14/2025,,,80%,1500,1.5,1500,1.5,2025-11-14,2026-03-07,114,114
Owyhee Park Apartments,2x2,,,2,2,,1015,6/17/2023,,,60%,1400,1.38,1400,1.38,,2023-12-16,,
Owyhee Park Apartments,2X2,,,2,2,,1015,Now,,,80%,1550,1.53,1550,1.53,2023-12-16,,943,61
Huntington,1X1 - 554 sq/ft,,,1,1,,554,Now,400,,120%,1900,3.43,1900,3.43,2024-11-12,,611,611
Huntington,"1 Bed / 1 Bath, 622 sq. ft.",188,,1,1,,622,11/15/2024,400,,80%,1300,2.09,1300,2.09,2024-11-15,2024-11-16,2,2
Huntington,"1 Bed / 1 Bath, 622 sq. ft.",361,,1,1,,622,12/15/2024,400,,80%,1350,2.17,1350,2.17,2024-11-12,2024-12-27,46,13
Huntington,"1 Bed / 1 Bath, 622 sq. ft.",270,,1,1,,622,12/13/2024,400,,80%,1350,2.17,1350,2.17,2024-11-12,2025-01-22,72,41
Huntington,"1 Bed / 1 Bath, 622 sq. ft.",184,,1,1,,622,11/2/2025,400,,80%,1400,2.25,1400,2.25,2025-09-05,2026-02-20,169,111
Huntington,"1 Bed / 1 Bath, 622 sq. ft.",137,3,1,1,,622,12/27/2025,400,,80%,1400,2.25,1400,2.25,2025-10-18,2026-02-28,134,64
Huntington,"1 Bed / 1 Bath, 622 sq. ft.",375,,1,1,,622,8/28/2025,400,,80%,1400,2.25,1400,2.25,2025-07-10,2025-12-01,145,96
Huntington,"1 Bed / 1 Bath, 622 sq. ft.",383,,1,1,,622,9/20/2025,400,,80%,1400,2.25,1400,2.25,2025-07-29,2025-12-03,128,75
Huntington,"1 Bed / 1 Bath, 622 sq. ft.",369,,1,1,,622,8/27/2025,400,,80%,1400,2.25,1400,2.25,2025-07-02,2025-12-04,156,100
Huntington,"1 Bed / 1 Bath, 622 sq. ft.",321,2,1,1,,622,8/30/2025,400,,80%,1400,2.25,1400,2.25,2025-07-18,2025-12-17,153,110
Huntington,"1 Bed / 1 Bath, 622 sq. ft.",353,,1,1,,622,9/6/2025,400,,80%,1400,2.25,1400,2.25,2025-07-25,2025-12-31,160,117
Huntington,"1 Bed / 1 Bath, 622 sq. ft.",368,,1,1,,622,10/1/2025,400,,80%,1400,2.25,1400,2.25,2025-07-25,2026-01-07,167,99
Huntington,"1 Bed / 1 Bath, 622 sq. ft.",177,,1,1,,622,11/21/2025,400,,80%,1400,2.25,1400,2.25,2025-10-01,2026-02-25,148,97
Huntington,"1 Bed / 1 Bath, 622 sq. ft.",268,,1,1,,622,10/17/2025,400,,80%,1400,2.25,1400,2.25,2025-02-04,2026-01-19,350,95
Huntington,"1 Bed / 1 Bath, 622 sq. ft.",378,,1,1,,622,11/15/2025,400,,80%,1400,2.25,1400,2.25,2025-09-30,2026-01-22,115,69
Huntington,"1 Bed / 1 Bath, 622 sq. ft.",362,,1,1,,622,12/5/2024,400,,80%,1350,2.17,1350,2.17,2024-11-12,2025-01-22,72,49
Huntington,"1 Bed / 1 Bath, 622 sq. ft.",362,,1,1,,622,9/17/2025,400,,80%,1400,2.25,1400,2.25,2025-07-29,2026-01-27,183,133
Huntington,"1 Bed / 1 Bath, 622 sq. ft.",221,2,1,1,,622,1/22/2025,400,,80%,1575,2.53,1575,2.53,2024-12-11,2025-02-07,59,17
Huntington,"1 Bed / 1 Bath, 622 sq. ft.",221,2,1,1,,622,10/31/2025,400,,80%,1400,2.25,1400,2.25,2025-09-05,2026-01-29,147,91
Huntington,"1 Bed / 1 Bath, 622 sq. ft.",352,,1,1,,622,12/13/2025,400,,80%,1400,2.25,1400,2.25,2025-10-18,2026-01-30,105,49
Huntington,"1 Bed / 1 Bath, 622 sq. ft.",168,,1,1,,622,3/7/2026,400,,80%,1400,2.25,1400,2.25,2026-01-11,2026-03-12,61,6
Huntington,"1 Bed / 1 Bath, 622 sq. ft.",262,,1,1,,622,11/14/2024,400,,80%,1350,2.17,1350,2.17,2024-11-12,2025-01-12,62,60
Huntington,"1 Bed / 1 Bath, 622 sq. ft.",262,,1,1,,622,3/6/2026,400,,80%,1400,2.25,1400,2.25,2026-01-26,2026-03-10,44,5
Huntington,"1 Bed / 1 Bath, 622 sq. ft.",367,,1,1,,622,3/23/2025,400,,80%,1575,2.53,1575,2.53,2025-02-28,2025-04-29,61,38
Huntington,"1 Bed / 1 Bath, 622 sq. ft.",367,,1,1,,622,1/28/2026,400,,80%,1400,2.25,1400,2.25,2025-12-15,2026-03-08,84,40
Huntington,"1 Bed / 1 Bath, 622 sq. ft.",162,,1,1,,622,7/30/2025,400,,80%,1575,2.53,1575,2.53,2025-05-30,2025-07-19,51,0
Huntington,"1 Bed / 1 Bath, 622 sq. ft.",162,,1,1,,622,2/17/2026,400,,80%,1400,2.25,1400,2.25,2026-01-08,2026-03-08,60,20
Huntington,"1 Bed / 1 Bath, 622 sq. ft.",278,,1,1,,622,1/1/2026,400,,80%,1400,2.25,1400,2.25,2025-11-04,2026-02-04,93,35
Huntington,"1 Bed / 1 Bath, 622 sq. ft.",288,,1,1,,622,1/21/2026,400,,80%,1400,2.25,1400,2.25,2026-01-05,2026-03-08,63,47
Huntington,"1 Bed / 1 Bath, 622 sq. ft.",377,,1,1,,622,2/7/2026,400,,80%,1400,2.25,1400,2.25,2025-12-30,2026-03-07,68,29
Huntington,"1 Bed / 1 Bath, 622 sq. ft.",338,3,1,1,,622,12/4/2025,400,,80%,1400,2.25,1400,2.25,2025-10-18,2026-02-11,117,70
Huntington,"1 Bed / 1 Bath, 622 sq. ft.",261,,1,1,,622,12/11/2024,400,,80%,1350,2.17,1350,2.17,2024-11-12,2024-12-27,46,17
Huntington,"1 Bed / 1 Bath, 622 sq. ft.",261,,1,1,,622,1/8/2026,400,,80%,1400,2.25,1400,2.25,2025-12-01,2026-03-02,92,54
Huntington,"1 Bed / 1 Bath, 622 sq. ft.",287,,1,1,,622,1/6/2026,400,,80%,1400,2.25,1400,2.25,2025-11-05,2026-02-28,116,54
Huntington,"1 Bed / 1 Bath, 622 sq. ft.",182,,1,1,,622,1/8/2025,400,,80%,1350,2.17,1350,2.17,2024-11-12,2025-02-07,88,31
Huntington,"1 Bed / 1 Bath, 622 sq. ft.",182,,1,1,,622,10/29/2025,400,,80%,1400,2.25,1400,2.25,2025-09-05,2026-02-16,165,111
Huntington,"1 Bed / 1 Bath, 622 sq. ft.",122,2,1,1,,622,11/8/2025,400,,80%,1450,2.33,1450,2.33,2025-09-25,2026-01-16,114,70
Huntington,"1 Bed / 1 Bath, 622 sq. ft.",187,,1,1,,622,11/21/2024,400,,80%,1575,2.53,1575,2.53,2024-11-15,2024-12-07,23,17
Huntington,"1 Bed / 1 Bath, 622 sq. ft.",319,1,1,1,,622,11/29/2024,400,,80%,1575,2.53,1575,2.53,2024-11-26,2024-12-01,6,3
Huntington,"1 Bed / 1 Bath, 622 sq. ft.",186,,1,1,,622,11/7/2024,400,,80%,1300,2.09,1300,2.09,2024-11-12,2024-11-26,15,15
Huntington,"1 Bed / 1 Bath, 622 sq. ft.",186,,1,1,,622,10/14/2025,400,,80%,1575,2.53,1575,2.53,2025-09-12,2025-09-13,2,0
Huntington,"1 Bed / 1 Bath, 622 sq. ft.",286,,1,1,,622,10/1/2025,400,,80%,1575,2.53,1575,2.53,2025-08-14,2025-08-17,4,0
Huntington,"1 Bed / 1 Bath, 622 sq. ft.",370,,1,1,,622,8/17/2025,400,,80%,1575,2.53,1575,2.53,2025-07-08,2025-07-26,19,0
Huntington,"1 Bed / 1 Bath, 622 sq. ft.",135,3,1,1,,622,7/30/2025,400,,80%,1575,2.53,1575,2.53,2025-02-26,2025-07-24,149,0
Huntington,"1 Bed / 1 Bath, 622 sq. ft.",175,,1,1,,622,7/25/2025,400,,80%,1575,2.53,1575,2.53,2025-06-03,2025-07-03,31,0
Huntington,"1 Bed / 1 Bath, 622 sq. ft.",167,,1,1,,622,7/18/2025,400,,80%,1575,2.53,1575,2.53,2025-06-03,2025-06-19,17,0
Huntington,"1 Bed / 1 Bath, 622 sq. ft.",159,,1,1,,622,7/16/2025,400,,80%,1575,2.53,1575,2.53,2025-03-04,2025-06-14,103,0
Huntington,"1 Bed / 1 Bath, 622 sq. ft.",354,,1,1,,622,7/12/2025,400,,80%,1575,2.53,1575,2.53,2025-05-24,2025-06-04,12,0
Huntington,"1 Bed / 1 Bath, 622 sq. ft.",236,3,1,1,,622,1/29/2025,400,,80%,1575,2.53,1575,2.53,2024-12-27,2025-05-29,154,121
Huntington,"1 Bed / 1 Bath, 622 sq. ft.",152,,1,1,,622,6/12/2025,400,,80%,1575,2.53,1575,2.53,2025-04-24,2025-05-22,29,0
Huntington,"1 Bed / 1 Bath, 622 sq. ft.",276,,1,1,,622,5/23/2025,400,,80%,1575,2.53,1575,2.53,2025-04-01,2025-05-15,45,0
Huntington,"1 Bed / 1 Bath, 622 sq. ft.",376,,1,1,,622,3/11/2025,400,,80%,1575,2.53,1575,2.53,2025-01-24,2025-03-15,51,5
Huntington,"1 Bed / 1 Bath, 622 sq. ft.",160,,1,1,,622,4/10/2025,400,,80%,1575,2.53,1575,2.53,2025-01-29,2025-02-09,12,0
Huntington,"1 Bed / 1 Bath, 622 sq. ft.",336,3,1,1,,622,1/9/2025,400,,80%,1575,2.53,1575,2.53,2024-11-14,2024-12-21,38,0
Huntington,"1 Bed / 1 Bath, 622 sq. ft.",275,,1,1,,622,6/19/2026,400,,80%,1600,2.57,1600,2.57,2026-04-25,2026-04-29,5,0
Huntington,"1 Bed / 1 Bath, 622 sq. ft.",181,,1,1,,622,11/13/2024,400,,80%,1350,2.17,1350,2.17,2024-11-15,2025-01-24,71,71
Huntington,"1 Bed / 1 Bath, 622 sq. ft.",181,,1,1,,622,5/9/2026,400,,80%,1600,2.57,1600,2.57,2026-03-28,2026-04-10,14,0
Huntington,"1 Bed / 1 Bath, 622 sq. ft.",282,,1,1,,622,4/13/2025,400,,80%,1575,2.53,1575,2.53,2025-02-26,2025-03-03,6,0
Huntington,"1 Bed / 1 Bath, 622 sq. ft.",282,,1,1,,622,5/5/2026,400,,80%,1600,2.57,1600,2.57,2026-03-21,2026-04-09,20,0
Huntington,"1 Bed / 1 Bath, 622 sq. ft.",259,,1,1,,622,10/25/2025,400,,80%,1600,2.57,1600,2.57,2025-09-03,2025-10-29,57,5
Huntington,"1 Bed / 1 Bath, 622 sq. ft.",235,3,1,1,,622,4/18/2025,400,,80%,1575,2.53,1575,2.53,2025-03-06,2025-04-01,27,0
Huntington,"1 Bed / 1 Bath, 622 sq. ft.",235,3,1,1,,622,5/22/2026,400,,80%,1600,2.57,1600,2.57,2026-03-30,2026-04-15,17,0
Huntington,"1 Bed / 1 Bath, 622 sq. ft.",386,,1,1,,622,3/7/2026,400,,80%,1600,2.57,1600,2.57,2026-02-05,2026-04-07,62,32
Huntington,"1 Bed / 1 Bath, 622 sq. ft.",253,,1,1,,622,8/2/2025,400,,80%,1575,2.53,1575,2.53,2025-06-03,2025-06-19,17,0
Huntington,"1 Bed / 1 Bath, 622 sq. ft.",253,,1,1,,622,5/30/2026,400,,80%,1600,2.57,1600,2.57,2026-04-14,2026-04-18,5,0
Huntington,"1 Bed / 1 Bath, 622 sq. ft.",178,,1,1,,622,11/23/2024,400,,80%,1300,2.09,1300,2.09,2024-11-15,2024-11-19,5,0
Huntington,"1 Bed / 1 Bath, 622 sq. ft.",178,,1,1,,622,7/16/2025,400,,80%,1575,2.53,1575,2.53,2025-06-10,2025-06-14,5,0
Huntington,"1 Bed / 1 Bath, 622 sq. ft.",178,,1,1,,622,8/8/2026,400,,80%,1600,2.57,1600,2.57,2026-06-25,2026-06-26,2,0
Huntington,"1 Bed / 1 Bath, 622 sq. ft.",384,,1,1,,622,5/27/2025,400,,80%,1575,2.53,1575,2.53,2025-04-07,2025-04-19,13,0
Huntington,"1 Bed / 1 Bath, 622 sq. ft.",384,,1,1,,622,6/10/2026,400,,80%,1600,2.57,1600,2.57,2026-04-24,2026-04-26,3,0
Huntington,"1 Bed / 1 Bath, 622 sq. ft.",220,,1,1,,622,6/14/2025,400,,80%,1625,2.61,1625,2.61,2025-05-03,2025-05-08,6,0
Huntington,"1 Bed / 1 Bath, 622 sq. ft.",222,2,1,1,,622,8/13/2025,400,,80%,1650,2.65,1650,2.65,2025-07-02,2025-10-20,111,69
Huntington,"1 Bed / 1 Bath, 622 sq. ft.",120,,1,1,,622,7/15/2025,400,,80%,1625,2.61,1625,2.61,2025-05-29,2025-06-23,26,0
Huntington,"1 Bed / 1 Bath, 622 sq. ft.",120,,1,1,,622,5/23/2026,400,,80%,1650,2.65,1650,2.65,2026-04-01,2026-04-10,10,0
Huntington,"1 Bed / 1 Bath, 622 sq. ft.",322,2,1,1,,622,9/17/2025,400,,80%,1650,2.65,1650,2.65,2025-07-25,2025-11-01,100,46
Huntington,"1 Bed / 1 Bath, 622 sq. ft.",245,4,1,1,,622,8/23/2025,400,,80%,1675,2.69,1675,2.69,2025-07-16,2025-08-07,23,0
Huntington,"1 Bed, 1 Bath, 722 Sq. Ft.",225,2,1,1,,722,12/3/2024,400,,80%,1495,2.07,1495,2.07,2024-11-15,2025-01-30,77,59
Huntington,"1 Bed, 1 Bath, 722 Sq. Ft.",205,,1,1,,722,2/3/2026,400,,80%,1499,2.08,1499,2.08,2025-11-17,2026-03-15,119,41
Huntington,"1 Bed, 1 Bath, 722 Sq. Ft.",325,2,1,1,,722,1/18/2025,400,,80%,1675,2.32,1675,2.32,2024-12-10,2025-01-30,52,13
Huntington,"1 Bed, 1 Bath, 722 Sq. Ft.",325,2,1,1,,722,2/24/2026,400,,80%,1499,2.08,1499,2.08,2026-01-08,2026-03-13,65,18
Huntington,"1 Bed, 1 Bath, 722 Sq. Ft.",243,4,1,1,,722,3/23/2025,400,,80%,1675,2.32,1675,2.32,2025-02-07,2025-04-15,68,24
Huntington,"1 Bed, 1 Bath, 722 Sq. Ft.",243,4,1,1,,722,11/15/2025,400,,80%,1500,2.08,1500,2.08,2025-10-11,2026-01-06,88,53
Huntington,"1 Bed, 1 Bath, 722 Sq. Ft.",143,4,1,1,,722,11/8/2025,400,,80%,1500,2.08,1500,2.08,2025-09-05,2026-01-03,121,57
Huntington,"1 Bed, 1 Bath, 722 Sq. Ft.",231,3,1,1,,722,10/14/2025,400,,80%,1500,2.08,1500,2.08,2025-08-28,2025-12-26,121,74
Huntington,"1 Bed, 1 Bath, 722 Sq. Ft.",144,4,1,1,,722,7/8/2025,400,,80%,1675,2.32,1675,2.32,2025-06-10,2025-06-28,19,0
Huntington,"1 Bed, 1 Bath, 722 Sq. Ft.",144,4,1,1,,722,12/7/2025,400,,80%,1500,2.08,1500,2.08,2025-10-22,2026-01-14,85,39
Huntington,"1 Bed, 1 Bath, 722 Sq. Ft.",326,2,1,1,,722,2/4/2026,400,,80%,1549,2.15,1549,2.15,2025-12-25,2026-03-17,83,42
Huntington,"1 Bed, 1 Bath, 722 Sq. Ft.",214,1,1,1,,722,10/17/2025,400,,80%,1550,2.15,1550,2.15,2025-08-30,2025-11-26,89,41
Huntington,"1 Bed, 1 Bath, 722 Sq. Ft.",125,2,1,1,,722,10/13/2024,400,,80%,1495,2.07,1495,2.07,2024-11-12,2025-01-30,80,80
Huntington,"1 Bed, 1 Bath, 722 Sq. Ft.",125,2,1,1,,722,1/17/2026,400,,80%,1520,2.11,1520,2.11,2025-11-17,2025-11-19,3,0
Huntington,"1 Bed, 1 Bath, 722 Sq. Ft.",125,2,1,1,,722,1/17/2026,400,,80%,1600,2.22,1600,2.22,2026-02-27,2026-03-13,15,15
Huntington,"1 Bed, 1 Bath, 722 Sq. Ft.",230,,1,1,,722,1/11/2025,400,,80%,1725,2.39,1725,2.39,2024-12-10,2025-01-30,52,20
Huntington,"1 Bed, 1 Bath, 722 Sq. Ft.",230,,1,1,,722,12/6/2025,400,,80%,1650,2.29,1650,2.29,2025-10-18,2026-02-19,125,76
Huntington,"1 Bed, 1 Bath, 722 Sq. Ft.",305,,1,1,,722,7/13/2025,400,,80%,1675,2.32,1675,2.32,2025-05-30,2025-07-06,38,0
Huntington,"1 Bed, 1 Bath, 722 Sq. Ft.",327,2,1,1,,722,8/1/2025,400,,80%,1675,2.32,1675,2.32,2025-06-03,2025-06-11,9,0
Huntington,"1 Bed, 1 Bath, 722 Sq. Ft.",103,,1,1,,722,2/8/2025,,,80%,1375,1.9,1375,1.9,2024-12-27,2024-12-30,4,0
Huntington,"1 Bed, 1 Bath, 722 Sq. Ft.",103,,1,1,,722,2/18/2026,400,,80%,1700,2.35,1700,2.35,2025-12-30,2026-03-01,62,12
Huntington,"1 Bed, 1 Bath, 722 Sq. Ft.",343,4,1,1,,722,12/31/2025,400,,80%,1700,2.35,1700,2.35,2025-10-18,2025-10-20,3,0
Huntington,"1 Bed, 1 Bath, 722 Sq. Ft.",145,4,1,1,,722,12/13/2024,400,,80%,1675,2.32,1675,2.32,2024-11-12,2025-01-30,80,49
Huntington,"1 Bed, 1 Bath, 722 Sq. Ft.",145,4,1,1,,722,3/17/2026,400,,80%,1700,2.35,1700,2.35,2026-01-27,2026-02-06,11,0
Huntington,"1 Bed, 1 Bath, 722 Sq. Ft.",213,1,1,1,,722,11/8/2024,400,,80%,1495,2.07,1495,2.07,2024-11-12,2025-01-16,66,66
Huntington,"1 Bed, 1 Bath, 722 Sq. Ft.",213,1,1,1,,722,2/18/2026,400,,80%,1700,2.35,1700,2.35,2025-12-30,2026-03-11,72,22
Huntington,"1 Bed, 1 Bath, 722 Sq. Ft.",203,,1,1,,722,5/10/2025,400,,80%,1675,2.32,1675,2.32,2025-03-27,2025-03-29,3,0
Huntington,"1 Bed, 1 Bath, 722 Sq. Ft.",203,,1,1,,722,6/7/2026,400,,80%,1700,2.35,1700,2.35,2026-04-24,2026-05-07,14,0
Huntington,"1 Bed, 1 Bath, 722 Sq. Ft.",111,1,1,1,,722,6/6/2026,400,,80%,1700,2.35,1700,2.35,2026-04-24,2026-05-11,18,0
Huntington,"1 Bed, 1 Bath, 722 Sq. Ft.",344,4,1,1,,722,4/16/2025,400,,80%,1675,2.32,1675,2.32,2025-03-04,2025-05-08,66,23
Huntington,"1 Bed, 1 Bath, 722 Sq. Ft.",344,4,1,1,,722,6/27/2026,400,,80%,1700,2.35,1700,2.35,2026-05-08,2026-05-17,10,0
Huntington,"1 Bed, 1 Bath, 722 Sq. Ft.",114,1,1,1,,722,6/7/2025,400,,120%,1775,2.46,1775,2.46,2025-04-25,2025-04-26,2,0
Huntington,"1 Bed, 1 Bath, 722 Sq. Ft.",114,1,1,1,,722,12/23/2025,400,,120%,1750,2.42,1750,2.42,2025-11-05,2025-11-06,2,0
Huntington,"1 Bed, 1 Bath, 722 Sq. Ft.",304,,1,1,,722,6/3/2025,400,,120%,1725,2.39,1725,2.39,2025-04-29,2025-04-30,2,0
Huntington,"1 Bed, 1 Bath, 722 Sq. Ft.",304,,1,1,,722,7/14/2026,400,,120%,1750,2.42,1750,2.42,2026-05-13,2026-05-18,6,0
Huntington,"1 Bed, 1 Bath, 722 Sq. Ft.",212,1,1,1,,722,7/26/2026,400,,120%,1750,2.42,1750,2.42,2026-06-02,2026-06-03,2,0
Huntington,"1 Bed, 1 Bath, 722 Sq. Ft.",130,3,1,1,,722,6/4/2026,400,,120%,1750,2.42,1750,2.42,2026-04-14,2026-04-17,4,0
Huntington,"1 Bed, 1 Bath, 722 Sq. Ft.",306,,1,1,,722,2/13/2025,400,,120%,1725,2.39,1725,2.39,2025-01-07,2025-01-27,21,0
Huntington,"1 Bed, 1 Bath, 722 Sq. Ft.",306,,1,1,,722,10/30/2025,400,,120%,1750,2.42,1750,2.42,2025-09-03,2025-09-17,15,0
Huntington,"1 Bed, 1 Bath, 722 Sq. Ft.",306,,1,1,,722,4/25/2026,400,,120%,1750,2.42,1750,2.42,2026-03-03,2026-04-03,32,0
Huntington,"1 Bed, 1 Bath, 722 Sq. Ft.",226,2,1,1,,722,6/14/2025,400,,120%,1725,2.39,1725,2.39,2025-04-30,2025-06-12,44,0
Huntington,"1 Bed, 1 Bath, 722 Sq. Ft.",226,2,1,1,,722,3/14/2026,400,,120%,1750,2.42,1750,2.42,2026-01-29,2026-04-08,70,26
Huntington,"1 Bed, 1 Bath, 722 Sq. Ft.",332,3,1,1,,722,5/1/2026,400,,120%,1750,2.42,1750,2.42,2026-03-04,2026-03-27,24,0
Huntington,"2 Bed / 2 Bath, 959 sq. ft.",108,,2,2,,959,5/8/2025,400,,80%,2025,2.11,2025,2.11,2025-03-21,2025-04-15,26,0
Huntington,"2 Bed / 2 Bath, 959 sq. ft.",108,,2,2,,959,9/27/2025,400,,80%,1650,1.72,1650,1.72,2025-08-14,2025-12-30,139,95
Huntington,"2 Bed / 2 Bath, 959 sq. ft.",207,,2,2,,959,2/8/2025,400,,80%,1975,2.06,1975,2.06,2024-12-27,2025-04-20,115,72
Huntington,"2 Bed / 2 Bath, 959 sq. ft.",207,,2,2,,959,11/15/2025,400,,80%,1700,1.77,1700,1.77,2025-10-01,2026-01-01,93,48
Huntington,"2 Bed / 2 Bath, 959 sq. ft.",142,4,2,2,,959,5/18/2025,400,,80%,1975,2.06,1975,2.06,2025-04-02,2025-06-04,64,18
Huntington,"2 Bed / 2 Bath, 959 sq. ft.",142,4,2,2,,959,1/8/2026,400,,80%,1800,1.88,1800,1.88,2025-12-01,2026-02-23,85,47
Huntington,"2 Bed / 2 Bath, 959 sq. ft.",109,,2,2,,959,12/20/2024,400,,120%,1975,2.06,1975,2.06,2024-11-14,2025-04-25,163,127
Huntington,"2 Bed / 2 Bath, 959 sq. ft.",216,1,2,2,,959,11/20/2024,400,,120%,1975,2.06,1975,2.06,2024-11-12,2024-12-27,46,38
Huntington,"2 Bed / 2 Bath, 959 sq. ft.",215,1,2,2,,959,8/7/2025,400,,120%,1975,2.06,1975,2.06,2025-06-11,2025-07-10,30,0
Huntington,"2 Bed / 2 Bath, 959 sq. ft.",247,4,2,2,,959,9/27/2025,400,,120%,1975,2.06,1975,2.06,2025-08-22,2025-08-29,8,0
Huntington,"2 Bed / 2 Bath, 959 sq. ft.",247,4,2,2,,959,4/8/2026,400,,120%,2000,2.09,2000,2.09,2026-02-18,2026-04-18,60,11
Huntington,"2 Bed / 2 Bath, 959 sq. ft.",201,,2,2,,959,2/28/2026,400,,120%,2000,2.09,2000,2.09,2026-01-07,2026-03-14,67,15
Huntington,"2 Bed / 2 Bath, 959 sq. ft.",242,4,2,2,,959,3/7/2026,400,,120%,2000,2.09,2000,2.09,2026-02-24,2026-04-08,44,33
Huntington,"2 Bed / 2 Bath, 959 sq. ft.",209,,2,2,,959,3/19/2025,400,,120%,1975,2.06,1975,2.06,2025-02-01,2025-03-01,29,0
Huntington,"2 Bed / 2 Bath, 959 sq. ft.",209,,2,2,,959,4/8/2026,400,,120%,2000,2.09,2000,2.09,2026-03-02,2026-04-17,47,10
Huntington,"2 Bed / 2 Bath, 959 sq. ft.",141,4,2,2,,959,8/16/2026,400,,120%,2020,2.11,2020,2.11,2026-07-02,2026-07-03,2,0
Huntington,"2 Bed / 2 Bath, 1023 sq. ft.",333,3,2,2,,1023,1/13/2026,400,,80%,1650,1.61,1650,1.61,2025-12-01,2026-03-17,107,64
Huntington,"2 Bed / 2 Bath, 1023 sq. ft.",364,,2,2,,1023,3/12/2025,400,,80%,2025,1.98,2025,1.98,2025-01-29,2025-06-03,126,84
Huntington,"2 Bed / 2 Bath, 1023 sq. ft.",364,,2,2,,1023,1/22/2026,400,,80%,1650,1.61,1650,1.61,2025-12-04,2026-03-17,104,55
Huntington,"2 Bed / 2 Bath, 1023 sq. ft.",223,2,2,2,,1023,7/12/2025,400,,80%,1700,1.66,1700,1.66,2025-06-10,2025-11-27,171,139
Huntington,"2 Bed / 2 Bath, 1023 sq. ft.",350,,2,2,,1023,12/3/2025,400,,80%,1700,1.66,1700,1.66,2025-10-17,2025-12-24,69,22
Huntington,"2 Bed / 2 Bath, 1023 sq. ft.",274,,2,2,,1023,1/11/2025,400,,80%,1800,1.76,1800,1.76,2024-12-10,2024-12-17,8,0
Huntington,"2 Bed / 2 Bath, 1023 sq. ft.",274,,2,2,,1023,12/19/2025,400,,80%,1700,1.66,1700,1.66,2025-10-30,2026-01-06,69,19
Huntington,"2 Bed / 2 Bath, 1023 sq. ft.",173,,2,2,,1023,5/14/2025,400,,80%,2025,1.98,2025,1.98,2025-03-26,2025-04-15,21,0
Huntington,"2 Bed / 2 Bath, 1023 sq. ft.",173,,2,2,,1023,9/18/2025,400,,80%,1700,1.66,1700,1.66,2025-07-29,2025-12-19,144,93
Huntington,"2 Bed / 2 Bath, 1023 sq. ft.",255,,2,2,,1023,5/3/2025,400,,80%,2025,1.98,2025,1.98,2025-04-03,2025-04-15,13,0
Huntington,"2 Bed / 2 Bath, 1023 sq. ft.",255,,2,2,,1023,9/25/2025,400,,80%,1700,1.66,1700,1.66,2025-07-29,2025-12-01,126,68
Huntington,"2 Bed / 2 Bath, 1023 sq. ft.",380,,2,2,,1023,9/5/2025,400,,80%,1700,1.66,1700,1.66,2025-07-24,2025-12-04,134,91
Huntington,"2 Bed / 2 Bath, 1023 sq. ft.",272,,2,2,,1023,12/13/2024,400,,80%,1800,1.76,1800,1.76,2024-11-12,2025-02-07,88,57
Huntington,"2 Bed / 2 Bath, 1023 sq. ft.",279,,2,2,,1023,12/19/2024,400,,80%,1800,1.76,1800,1.76,2024-12-10,2024-12-20,11,2
Huntington,"2 Bed / 2 Bath, 1023 sq. ft.",366,,2,2,,1023,10/31/2024,400,,80%,1800,1.76,1800,1.76,2024-11-12,2024-12-27,46,46
Huntington,"2 Bed / 2 Bath, 1023 sq. ft.",365,,2,2,,1023,10/5/2024,400,,80%,1850,1.81,1850,1.81,2024-11-12,2024-12-12,31,31
Huntington,"2 Bed / 2 Bath, 1023 sq. ft.",374,,2,2,,1023,10/8/2025,400,,80%,1900,1.86,1900,1.86,2025-08-22,2025-12-08,109,62
Huntington,"2 Bed / 2 Bath, 1023 sq. ft.",273,,2,2,,1023,10/25/2025,400,,80%,1900,1.86,1900,1.86,2025-08-30,2025-12-14,107,51
Huntington,"2 Bed / 2 Bath, 1023 sq. ft.",263,,2,2,,1023,1/10/2025,400,,120%,2025,1.98,2025,1.98,2024-11-27,2025-05-05,160,116
Huntington,"2 Bed / 2 Bath, 1023 sq. ft.",355,,2,2,,1023,7/2/2025,400,,120%,2025,1.98,2025,1.98,2025-05-20,2025-07-02,44,1
Huntington,"2 Bed / 2 Bath, 1023 sq. ft.",340,4,2,2,,1023,8/13/2025,400,,120%,2025,1.98,2025,1.98,2025-07-01,2025-08-26,57,14
Huntington,"2 Bed / 2 Bath, 1023 sq. ft.",250,,2,2,,1023,5/24/2025,400,,120%,2025,1.98,2025,1.98,2025-03-26,2025-03-27,2,0
Huntington,"2 Bed / 2 Bath, 1023 sq. ft.",166,,2,2,,1023,10/26/2024,400,,120%,1800,1.76,1800,1.76,2024-11-12,2025-01-07,57,57
Huntington,"2 Bed / 2 Bath, 1023 sq. ft.",166,,2,2,,1023,6/20/2025,400,,120%,2025,1.98,2025,1.98,2025-05-09,2025-06-03,26,0
Huntington,"2 Bed / 2 Bath, 1023 sq. ft.",323,2,2,2,,1023,1/26/2025,400,,120%,2025,1.98,2025,1.98,2024-12-11,2025-02-19,71,25
Huntington,"2 Bed / 2 Bath, 1023 sq. ft.",280,,2,2,,1023,5/13/2026,400,,120%,2050,2,2050,2,2026-03-21,2026-04-16,27,0
Huntington,"2 Bed / 2 Bath, 1023 sq. ft.",373,,2,2,,1023,3/15/2025,400,,120%,2025,1.98,2025,1.98,2025-02-04,2025-07-01,148,109
Huntington,"2 Bed / 2 Bath, 1023 sq. ft.",373,,2,2,,1023,11/19/2025,400,,120%,2050,2,2050,2,2025-10-01,2025-12-16,77,28
Huntington,"2 Bed / 2 Bath, 1023 sq. ft.",150,,2,2,,1023,4/19/2025,400,,120%,2025,1.98,2025,1.98,2025-03-04,2025-04-02,30,0
Huntington,"2 Bed / 2 Bath, 1023 sq. ft.",150,,2,2,,1023,5/17/2026,400,,120%,2050,2,2050,2,2026-03-28,2026-04-18,22,0
Huntington,"2 Bed / 2 Bath, 1023 sq. ft.",171,,2,2,,1023,1/13/2025,400,,120%,2025,1.98,2025,1.98,2024-11-27,2024-12-14,18,0
Huntington,"2 Bed / 2 Bath, 1023 sq. ft.",171,,2,2,,1023,3/11/2026,400,,120%,2050,2,2050,2,2026-01-26,2026-04-08,73,29
Huntington,"2 Bed / 2 Bath, 1023 sq. ft.",258,,2,2,,1023,5/20/2026,400,,120%,2050,2,2050,2,2026-03-30,2026-04-18,20,0
Huntington,"2 Bed / 2 Bath, 1023 sq. ft.",165,,2,2,,1023,12/21/2024,400,,120%,1800,1.76,1800,1.76,2024-11-23,2025-02-05,75,47
Huntington,"2 Bed / 2 Bath, 1023 sq. ft.",165,,2,2,,1023,3/27/2026,400,,120%,2050,2,2050,2,2026-02-03,2026-04-18,75,23
Huntington,"2 Bed / 2 Bath, 1023 sq. ft.",217,1,2,2,,1023,5/8/2026,400,,120%,2050,2,2050,2,2026-04-09,2026-04-24,16,0
Huntington,"2 Bed / 2 Bath, 1023 sq. ft.",356,,2,2,,1023,4/10/2025,400,,120%,2025,1.98,2025,1.98,2025-02-25,2025-06-06,102,58
Huntington,"2 Bed / 2 Bath, 1023 sq. ft.",356,,2,2,,1023,4/17/2026,400,,120%,2050,2,2050,2,2026-03-02,2026-04-26,56,10
Huntington,"2 Bed / 2 Bath, 1023 sq. ft.",371,,2,2,,1023,2/26/2025,400,,120%,2025,1.98,2025,1.98,2025-01-17,2025-05-10,114,74
Huntington,"2 Bed / 2 Bath, 1023 sq. ft.",371,,2,2,,1023,3/10/2026,400,,120%,2050,2,2050,2,2026-01-15,2026-03-26,71,17
Huntington,"2 Bed / 2 Bath, 1023 sq. ft.",234,3,2,2,,1023,12/21/2025,400,,120%,2050,2,2050,2,2025-10-30,2025-12-30,62,10
Huntington,"2 Bed / 2 Bath, 1023 sq. ft.",149,4,2,2,,1023,2/11/2026,400,,120%,2050,2,2050,2,2025-12-25,2026-01-06,13,0
Huntington,"2 Bed / 2 Bath, 1023 sq. ft.",158,,2,2,,1023,7/8/2026,400,,120%,2050,2,2050,2,2026-05-11,2026-05-14,4,0
Huntington,"2 Bed / 2 Bath, 1023 sq. ft.",117,1,2,2,,1023,4/8/2026,400,,120%,2050,2,2050,2,2026-02-18,2026-03-12,23,0
Huntington,"2 Bed / 2 Bath, 1023 sq. ft.",155,,2,2,,1023,2/1/2025,400,,120%,2025,1.98,2025,1.98,2024-12-12,2025-02-28,79,28
Huntington,"2 Bed / 2 Bath, 1023 sq. ft.",155,,2,2,,1023,10/22/2025,400,,120%,2050,2,2050,2,2025-08-30,2025-10-14,46,0
Huntington,"2 Bed / 2 Bath, 1023 sq. ft.",239,3,2,2,,1023,8/5/2026,400,,120%,2050,2,2050,2,2026-06-23,2026-06-25,3,0
Huntington,"2 Bed / 2 Bath, 1023 sq. ft.",339,3,2,2,,1023,7/25/2026,400,,120%,2050,2,2050,2,2026-05-30,2026-06-02,4,0
Huntington,"2 Bed / 2 Bath, 1023 sq. ft.",379,,2,2,,1023,7/17/2026,400,,120%,2050,2,2050,2,2026-05-29,2026-05-31,3,0
Huntington,"2 Bed / 2 Bath, 1023 sq. ft.",134,3,2,2,,1023,7/9/2026,400,,120%,2050,2,2050,2,2026-05-16,2026-05-22,7,0
Huntington,"2 Bed / 2 Bath, 1023 sq. ft.",317,1,2,2,,1023,6/17/2026,400,,120%,2050,2,2050,2,2026-04-24,2026-05-01,8,0
Huntington,"2 Bed / 2 Bath, 1023 sq. ft.",363,,2,2,,1023,10/9/2025,400,,120%,2050,2,2050,2,2025-08-28,2025-09-17,21,0
Huntington,"2 Bed / 2 Bath, 1023 sq. ft.",363,,2,2,,1023,6/6/2026,400,,120%,2050,2,2050,2,2026-05-07,2026-05-16,10,0
Huntington,"2 Bed / 2 Bath, 1023 sq. ft.",118,1,2,2,,1023,7/20/2025,400,,120%,2075,2.03,2075,2.03,2025-06-03,2025-06-27,25,0
Huntington,"2 Bed / 2 Bath, 1023 sq. ft.",318,1,2,2,,1023,11/30/2024,400,,120%,2075,2.03,2075,2.03,2024-11-12,2024-11-28,17,0
Huntington,"2 Bed / 2 Bath, 1023 sq. ft.",324,2,2,2,,1023,8/19/2025,400,,120%,2100,2.05,2100,2.05,2025-07-02,2025-10-22,113,65
The 951 Apartments,"1 Bedroom, 1 Bathroom Standard",206,,1,1,1,750,Now,1050,12,50%,1050,1.4,1050,1.4,2024-05-06,,801,90
The 951 Apartments,,212,,1,1,1,800,2/5/2025,750,,80%,2000,2.5,2000,2.5,2025-02-05,2025-04-10,65,65
The 951 Apartments,,212,,1,1,1,800,7/13/2026,750,,80%,1375,1.72,1375,1.72,2026-06-30,2026-07-01,2,0
The 951 Apartments,,214,,1,1,1,800,9/10/2025,750,,80%,1700,2.13,1700,2.13,2025-09-06,2025-11-08,64,60
The 951 Apartments,,119,,1,1,1,940,11/8/2024,1000,,120%,1905,2.03,1905,2.03,2024-11-08,2024-12-30,53,53
The 951 Apartments,"1 Bedroom, 1.5 Bathrooms",210,,1,1,1,1440,Now,1500,12,80%,1500,1.04,1500,1.04,2024-05-06,,801,90
The 951 Apartments,"1 Bedroom, 1 Bathroom Standard",317,,1,1,,675,Now,1025,12,50%,1025,1.52,1025,1.52,2024-05-06,,801,90
The 951 Apartments,,209,,1,1,,675,10/17/2025,750,,60%,1200,1.78,1200,1.78,2025-10-17,2025-11-01,16,16
The 951 Apartments,,209,,1,1,,675,1/31/2026,750,,60%,1200,1.78,1200,1.78,2026-01-31,2026-02-10,11,11
The 951 Apartments,,415,,1,1,,675,11/10/2025,750,,60%,1225,1.81,1225,1.81,2025-11-01,2025-11-04,4,0
The 951 Apartments,,303,,1,1,,675,6/12/2026,750,,80%,1350,2,1350,2,2026-05-02,2026-05-14,13,0
The 951 Apartments,,215,,1,1,,675,5/11/2026,750,,80%,1350,2,1350,2,2026-04-22,2026-04-28,7,0
The 951 Apartments,,203,,1,1,,675,5/30/2025,750,,80%,1350,2,1350,2,2025-05-13,2025-09-30,141,124
The 951 Apartments,,409,,1,1,,675,8/10/2026,750,,80%,1375,2.04,1375,2.04,2026-06-30,2026-07-01,2,0
The 951 Apartments,,413,,1,1,,675,3/8/2025,750,,80%,1555,2.3,1555,2.3,2025-03-08,2025-03-17,10,10
The 951 Apartments,,115,,1,1,,675,3/29/2025,750,,80%,1555,2.3,1555,2.3,2025-03-29,2025-04-15,18,18
The 951 Apartments,,217,,1,1,,675,2/5/2025,750,,80%,1555,2.3,1555,2.3,2025-02-05,2025-04-28,83,83
The 951 Apartments,,205,,1,1,,675,1/29/2025,750,,80%,1555,2.3,1555,2.3,2025-01-29,2025-05-01,93,93
The 951 Apartments,,403,,1,1,,675,7/15/2025,750,,80%,1580,2.34,1580,2.34,2025-07-15,2025-08-02,19,19
The 951 Apartments,,405,,1,1,,675,11/7/2024,1000,,80%,1635,2.42,1635,2.42,2024-09-24,2024-11-25,63,19
The 951 Apartments,,117,,1,1,,676,6/9/2025,750,,80%,1630,2.41,1630,2.41,2025-05-13,2025-08-08,88,61
The 951 Apartments,,117,,1,1,,676,8/10/2026,,,80%,1425,2.11,1425,2.11,2026-06-30,2026-07-01,2,0
The 951 Apartments,"1 Bedroom, 1 Bathroom Standard",314,,1,1,,720,Now,1095,12,60%,1095,1.52,1095,1.52,2024-05-06,,801,90
The 951 Apartments,"1 Bedroom, 1 Bathroom Standard",308,,1,1,,720,Now,1095,12,60%,1095,1.52,1095,1.52,2024-05-06,,801,90
The 951 Apartments,,318,,1,1,,720,8/26/2025,750,,60%,1275,1.77,1275,1.77,2025-08-26,2025-11-13,80,80
The 951 Apartments,,306,,1,1,,720,6/12/2025,750,,60%,1275,1.77,1275,1.77,2025-06-12,2025-11-13,155,155
The 951 Apartments,,404,,1,1,,720,3/29/2025,750,,80%,1655,2.3,1655,2.3,2025-03-29,2025-04-28,31,31
The 951 Apartments,,404,,1,1,,720,12/19/2025,750,,80%,1325,1.84,1325,1.84,2025-11-20,2026-02-05,78,49
The 951 Apartments,,414,,1,1,,720,10/24/2025,750,,80%,1325,1.84,1325,1.84,2025-10-24,2025-11-14,22,22
The 951 Apartments,,416,,1,1,,720,12/5/2025,750,,80%,1325,1.84,1325,1.84,2025-11-20,2025-11-25,6,0
The 951 Apartments,,408,,1,1,,720,12/19/2025,750,,80%,1325,1.84,1325,1.84,2025-11-20,2025-12-12,23,0
The 951 Apartments,,312,,1,1,,720,5/19/2025,750,,80%,1425,1.98,1425,1.98,2025-05-13,2025-09-19,130,124
The 951 Apartments,,316,,1,1,,720,5/1/2026,750,,80%,1425,1.98,1425,1.98,2026-04-10,2026-05-23,44,23
The 951 Apartments,,304,,1,1,,720,7/7/2025,750,,80%,1425,1.98,1425,1.98,2025-05-13,2025-10-16,157,102
The 951 Apartments,,406,,1,1,,720,7/13/2026,750,,80%,1475,2.05,1475,2.05,2026-05-14,2026-05-15,2,0
The 951 Apartments,,204,,1,1,,796,11/1/2025,750,,80%,1300,1.63,1300,1.63,2025-10-24,2025-11-07,15,7
The 951 Apartments,,319,,2,2,,1061,8/26/2025,750,,80%,1775,1.67,1775,1.67,2025-08-26,2026-02-18,177,177
The 951 Apartments,,219,,2,2,,1061,9/24/2024,1000,,80%,1900,1.79,1900,1.79,2024-09-24,2024-10-30,37,37
The 951 Apartments,,219,,2,2,,1061,11/10/2025,750,,80%,1775,1.67,1775,1.67,2025-11-01,2025-12-16,46,37
The 951 Apartments,,401,,2,2,,1061,6/16/2025,750,,80%,1850,1.74,1850,1.74,2025-05-24,2026-01-29,251,228
The 951 Apartments,,419,,2,2,,1061,4/29/2026,750,,120%,2000,1.89,2000,1.89,2026-04-10,2026-05-23,44,25
The 951 Apartments,,402,,2,2,,1140,9/15/2025,750,,120%,2050,1.8,2050,1.8,2025-09-06,2025-09-12,7,0
The 951 Apartments,"2 Bedrooms, 2 Bathrooms",302,,2,2,,1141,Now,1500,12,80%,1500,1.31,1500,1.31,2024-05-06,,801,90
The 951 Apartments,"2 Bedrooms, 2 Bathrooms",320,,2,2,,1141,Now,1550,12,80%,1550,1.36,1550,1.36,2024-05-06,,801,90
The 951 Apartments,,220,,2,2,,1141,6/9/2025,750,,80%,1900,1.67,1900,1.67,2025-05-13,2026-03-11,303,276
The 951 Apartments,,202,,2,2,,1141,12/1/2024,1000,,120%,2275,1.99,2275,1.99,2024-11-09,2024-11-21,13,0
River Quarry Apartments,Plan A1,165615,,1,1,,550,8/26/2023,300,,80%,1304,2.37,1304,2.37,,2023-10-26,,
River Quarry Apartments,Plan A1,165615,,1,1,,550,12/31/2024,300,12,80%,1406,2.56,1406,2.56,2024-11-26,2025-01-01,37,2
River Quarry Apartments,Plan A1,150435,3,1,1,,550,7/7/2024,300,12,80%,1473,2.68,1473,2.68,2024-06-04,2024-06-27,24,0
River Quarry Apartments,Plan A1,150435,3,1,1,,550,6/18/2025,300,12,80%,1406,2.56,1406,2.56,2025-06-17,2025-09-23,99,98
River Quarry Apartments,Plan A1,166815,,1,1,,550,8/7/2025,300,12,80%,1406,2.56,1406,2.56,2025-05-20,2025-10-21,155,76
River Quarry Apartments,Plan A1,150824,2,1,1,,550,9/6/2023,300,,80%,1365,2.48,1365,2.48,2023-08-02,2023-12-02,123,88
River Quarry Apartments,Plan A1,150824,2,1,1,,550,7/8/2024,300,12,80%,1406,2.56,1406,2.56,2024-06-06,2024-11-23,171,139
River Quarry Apartments,Plan A1,150416,,1,1,,550,2/29/2024,300,12,80%,1421,2.58,1421,2.58,2024-01-24,2024-04-07,75,39
River Quarry Apartments,Plan A1,167823,2,1,1,,550,9/9/2024,300,12,80%,1431,2.6,1431,2.6,2024-07-13,2025-01-08,180,122
River Quarry Apartments,Plan A1,150833,,1,1,,550,8/13/2024,300,12,80%,1431,2.6,1431,2.6,2024-06-29,2024-12-11,166,121
River Quarry Apartments,Plan A1,150833,,1,1,,550,6/4/2025,300,12,80%,1431,2.6,1431,2.6,2025-04-22,2025-09-27,159,116
River Quarry Apartments,Plan A1,166834,,1,1,,550,4/24/2024,300,14,80%,1434,2.61,1434,2.61,2024-03-13,2024-03-14,2,0
River Quarry Apartments,Plan A1,166813,,1,1,,550,2/19/2024,300,12,80%,1471,2.67,1471,2.67,2023-12-28,2024-04-09,104,51
River Quarry Apartments,Plan A1,166813,,1,1,,550,5/5/2025,300,12,80%,1557,2.83,1557,2.83,2025-04-01,2025-06-24,85,51
River Quarry Apartments,Plan A1,166813,,1,1,,550,11/4/2025,300,12,80%,1459,2.65,1459,2.65,2025-09-30,2026-01-10,103,68
River Quarry Apartments,Plan A1,165614,,1,1,,550,9/13/2023,300,,80%,1365,2.48,1365,2.48,2023-08-08,2023-11-05,90,54
River Quarry Apartments,Plan A1,165614,,1,1,,550,9/5/2024,300,12,80%,1471,2.67,1471,2.67,2024-07-29,2024-08-12,15,0
River Quarry Apartments,Plan A1,150415,,1,1,,550,10/20/2023,300,,80%,1600,2.91,1600,2.91,2023-10-05,2023-11-07,34,19
River Quarry Apartments,Plan A1,150415,,1,1,,550,11/13/2025,300,12,80%,1473,2.68,1473,2.68,2025-08-30,2026-02-08,163,88
River Quarry Apartments,Plan A1,150834,,1,1,,550,11/16/2023,300,,80%,1434,2.61,1434,2.61,2023-10-07,2024-01-19,105,65
River Quarry Apartments,Plan A1,150834,,1,1,,550,7/7/2024,300,12,80%,1473,2.68,1473,2.68,2024-05-31,2024-06-25,26,0
River Quarry Apartments,Plan A1,166825,,1,1,,550,5/24/2024,300,12,80%,1473,2.68,1473,2.68,2024-04-19,2024-06-12,55,20
River Quarry Apartments,Plan A1,165616,,1,1,,550,9/3/2023,300,,80%,1432,2.6,1432,2.6,2023-08-02,2023-10-13,73,41
River Quarry Apartments,Plan A1,165616,,1,1,,550,10/20/2025,300,12,80%,1481,2.69,1481,2.69,2025-09-26,2025-11-14,50,26
River Quarry Apartments,Plan A1,165635,,1,1,,550,8/28/2024,300,12,80%,1600,2.91,1600,2.91,2024-07-24,2024-07-31,8,0
River Quarry Apartments,Plan A1,165635,,1,1,,550,6/13/2025,300,12,80%,1503,2.73,1503,2.73,2025-05-20,2025-07-22,64,40
River Quarry Apartments,Plan A1,165624,,1,1,,550,9/20/2023,300,,80%,1365,2.48,1365,2.48,2023-08-16,2023-11-14,91,56
River Quarry Apartments,Plan A1,165624,,1,1,,550,11/28/2025,300,12,80%,1507,2.74,1507,2.74,2025-10-25,2026-02-17,116,82
River Quarry Apartments,Plan A1,166816,,1,1,,550,12/21/2023,300,,80%,1473,2.68,1473,2.68,2023-11-06,2024-01-05,61,16
River Quarry Apartments,Plan A1,166816,,1,1,,550,2/25/2025,300,12,80%,1521,2.77,1521,2.77,2025-01-24,2025-05-05,102,70
River Quarry Apartments,Plan A1,166824,,1,1,,550,10/29/2023,300,,80%,1365,2.48,1365,2.48,2023-09-13,2023-11-30,79,33
River Quarry Apartments,Plan A1,166824,,1,1,,550,12/14/2024,300,12,80%,1406,2.56,1406,2.56,2024-11-02,2024-12-31,60,18
River Quarry Apartments,Plan A1,166824,,1,1,,550,1/15/2026,300,12,80%,1538,2.8,1538,2.8,2025-12-16,2026-02-20,67,37
River Quarry Apartments,Plan A1,166226,,1,1,,550,8/31/2024,300,12,80%,1546,2.81,1546,2.81,2024-07-19,2025-05-08,294,251
River Quarry Apartments,Plan A1,165626,2,1,1,,550,5/28/2024,300,12,80%,1675,3.05,1675,3.05,2024-04-22,2024-04-24,3,0
River Quarry Apartments,Plan A1,165626,2,1,1,,550,6/5/2025,300,12,80%,1546,2.81,1546,2.81,2025-05-01,2025-08-05,97,62
River Quarry Apartments,Plan A1,165623,,1,1,,550,8/17/2023,300,,80%,1432,2.6,1432,2.6,,2023-09-30,,
River Quarry Apartments,Plan A1,165623,,1,1,,550,10/25/2024,300,12,80%,1546,2.81,1546,2.81,2024-09-17,2025-04-20,216,178
River Quarry Apartments,Plan A1,165634,,1,1,,550,7/5/2025,300,12,80%,1600,2.91,1600,2.91,2025-05-19,2025-05-24,6,0
River Quarry Apartments,Plan A1,166814,,1,1,,550,6/8/2024,300,12,80%,1471,2.67,1471,2.67,2024-05-01,2024-05-03,3,0
River Quarry Apartments,Plan A1,166814,,1,1,,550,6/14/2025,300,12,80%,1600,2.91,1600,2.91,2025-05-12,2025-06-25,45,12
River Quarry Apartments,Plan A1,166835,3,1,1,,550,3/22/2026,300,12,80%,1600,2.91,1600,2.91,2026-02-14,2026-03-27,42,6
River Quarry Apartments,Plan A1,167824,,1,1,,550,11/13/2024,300,12,80%,1406,2.56,1406,2.56,2024-10-15,2025-01-04,82,53
River Quarry Apartments,Plan A1,167824,,1,1,,550,12/11/2025,300,12,80%,1600,2.91,1600,2.91,2025-12-05,2026-01-20,47,41
River Quarry Apartments,Plan A1,166234,,1,1,,550,8/7/2024,300,12,80%,1473,2.68,1473,2.68,2024-07-01,2024-07-11,11,0
River Quarry Apartments,Plan A1,166234,,1,1,,550,5/24/2025,300,12,80%,1600,2.91,1600,2.91,2025-03-27,2025-06-18,84,26
River Quarry Apartments,Plan A1,166823,2,1,1,,550,4/13/2024,300,14,80%,1484,2.7,1484,2.7,2024-03-09,2024-03-23,15,0
River Quarry Apartments,Plan A1,166823,2,1,1,,550,3/6/2026,300,12,80%,1650,3,1650,3,2026-01-27,2026-04-15,79,41
River Quarry Apartments,Plan A1,165636,,1,1,,550,10/10/2025,300,12,80%,1675,3.05,1675,3.05,2025-09-03,2025-10-25,53,16
River Quarry Apartments,Plan A1,166213,,1,1,,550,4/18/2024,300,12,80%,1675,3.05,1675,3.05,2024-02-24,2024-04-11,48,0
River Quarry Apartments,Plan A1,166213,,1,1,,550,7/28/2025,300,12,80%,1675,3.05,1675,3.05,2025-06-22,2025-08-29,69,33
River Quarry Apartments,Plan A1,166224,,1,1,,550,8/25/2026,300,12,120%,1720,3.13,1720,3.13,2026-07-10,,6,0
River Quarry Apartments,Plan A1,166214,,1,1,,550,8/13/2026,300,12,120%,1720,3.13,1720,3.13,2026-05-11,2026-06-26,47,0
River Quarry Apartments,Plan A1,150425,,1,1,,550,9/23/2023,300,,120%,1365,2.48,1365,2.48,2023-08-19,2023-11-23,97,62
River Quarry Apartments,Plan A1,150425,,1,1,,550,8/11/2026,300,12,120%,1720,3.13,1720,3.13,2026-07-11,,5,0
River Quarry Apartments,Plan A1,150823,,1,1,,550,6/22/2026,300,12,120%,1745,3.17,1745,3.17,2026-05-07,2026-06-24,49,3
River Quarry Apartments,Plan A1,150813,,1,1,,550,9/1/2023,300,,120%,1387,2.52,1387,2.52,2023-07-08,2023-09-21,76,21
River Quarry Apartments,Plan A1,150813,,1,1,,550,10/3/2025,300,12,120%,1434,2.61,1434,2.61,2025-07-24,2025-12-20,150,79
River Quarry Apartments,Plan A1,150813,,1,1,,550,7/9/2026,300,12,120%,1745,3.17,1745,3.17,2026-06-10,2026-06-27,18,0
River Quarry Apartments,Plan A1,166833,3,1,1,,550,7/11/2024,300,12,120%,1523,2.77,1523,2.77,2024-06-04,2024-07-04,31,0
River Quarry Apartments,Plan A1,166833,3,1,1,,550,7/20/2025,300,12,120%,1650,3,1650,3,2025-06-07,2025-08-30,85,42
River Quarry Apartments,Plan A1,166833,3,1,1,,550,6/6/2026,300,12,120%,1770,3.22,1770,3.22,2026-05-20,2026-06-17,29,12
River Quarry Apartments,Plan A1,166236,3,1,1,,550,4/24/2024,300,14,120%,1509,2.74,1509,2.74,2024-03-09,2024-03-16,8,0
River Quarry Apartments,Plan A1,166236,3,1,1,,550,6/23/2025,300,12,120%,1546,2.81,1546,2.81,2025-05-08,2025-08-05,90,44
River Quarry Apartments,Plan A1,166236,3,1,1,,550,9/1/2026,300,12,120%,1795,3.26,1795,3.26,2026-06-30,,16,0
River Quarry Apartments,Plan A1,166223,,1,1,,550,9/8/2025,300,12,120%,1481,2.69,1481,2.69,2025-07-30,2025-10-23,86,46
River Quarry Apartments,Plan A1,166223,,1,1,,550,7/17/2026,300,12,120%,1795,3.26,1795,3.26,2026-06-08,2026-06-19,12,0
River Quarry Apartments,Plan A1,165625,,1,1,,550,7/29/2023,300,,80%,1365,2.48,1365,2.48,,2023-10-10,,
River Quarry Apartments,Plan A1,166225,,1,1,,550,8/22/2023,300,,80%,1365,2.48,1365,2.48,,2023-10-12,,
River Quarry Apartments,Plan A1,167834,,1,1,,550,9/4/2023,300,,80%,1365,2.48,1365,2.48,2023-08-05,2023-10-08,65,35
River Quarry Apartments,Plan A1,167813,,1,1,,550,8/3/2023,300,,80%,1387,2.52,1387,2.52,2023-06-29,2024-01-03,189,154
River Quarry Apartments,Plan A1,166826,,1,1,,550,7/15/2023,300,,80%,1410,2.56,1410,2.56,,2023-11-02,,
River Quarry Apartments,Plan A1,150814,,1,1,,550,7/21/2023,300,,80%,1415,2.57,1415,2.57,,2023-08-31,,
River Quarry Apartments,Plan A1,166233,3,1,1,,550,6/28/2023,300,,80%,1450,2.64,1450,2.64,,2023-09-14,,
River Quarry Apartments,Plan A,169212,,1,1,,720,9/24/2025,300,12,80%,1556,2.16,1556,2.16,2025-08-21,2025-12-31,133,99
River Quarry Apartments,Plan A,163213,,1,1,,720,10/22/2024,300,12,80%,1570,2.18,1570,2.18,2024-09-14,2024-11-17,65,27
River Quarry Apartments,Plan A,163213,,1,1,,720,12/12/2025,300,12,80%,1564,2.17,1564,2.17,2025-09-23,2026-01-14,114,34
River Quarry Apartments,Plan A,163212,,1,1,,720,9/17/2023,300,,80%,1638,2.28,1638,2.28,2023-08-15,2023-09-28,45,12
River Quarry Apartments,Plan A,163212,,1,1,,720,10/8/2025,300,12,80%,1581,2.2,1581,2.2,2025-09-03,2025-11-26,85,50
River Quarry Apartments,Plan A,167422,,1,1,,720,4/24/2024,300,12,80%,1635,2.27,1635,2.27,2024-03-26,2024-03-27,2,0
River Quarry Apartments,Plan A,164411,,1,1,,720,3/22/2024,300,14,80%,1645,2.28,1645,2.28,2024-02-22,2024-02-28,7,0
River Quarry Apartments,Plan A,167413,,1,1,,720,8/13/2024,300,12,80%,1775,2.47,1775,2.47,2024-07-04,2024-07-06,3,0
River Quarry Apartments,Plan A,167413,,1,1,,720,9/7/2025,300,12,80%,1706,2.37,1706,2.37,2025-08-19,2025-11-04,78,59
River Quarry Apartments,Plan A,168613,,1,1,,720,5/14/2024,300,12,120%,1725,2.4,1725,2.4,2024-04-08,2024-04-11,4,0
River Quarry Apartments,Plan A,168622,,1,1,,720,8/22/2023,300,,120%,1625,2.26,1625,2.26,2023-07-20,2023-09-01,44,11
River Quarry Apartments,Plan A,168622,,1,1,,720,9/26/2024,300,12,120%,1520,2.11,1520,2.11,2024-08-17,2024-11-26,102,62
River Quarry Apartments,Plan A,168622,,1,1,,720,4/9/2025,300,12,120%,1725,2.4,1725,2.4,2025-03-04,2025-03-18,15,0
River Quarry Apartments,Plan A,168622,,1,1,,720,1/8/2026,300,12,120%,1725,2.4,1725,2.4,2025-12-03,2026-02-07,67,31
River Quarry Apartments,Plan A,168222,,1,1,,720,11/8/2024,300,12,120%,1638,2.28,1638,2.28,2024-10-08,2024-12-20,74,43
River Quarry Apartments,Plan A,168222,,1,1,,720,11/28/2025,300,12,120%,1775,2.47,1775,2.47,2025-10-25,2025-11-14,21,0
River Quarry Apartments,Plan A,163232,3,1,1,,720,7/22/2024,300,12,120%,1775,2.47,1775,2.47,2024-07-07,2024-09-22,78,63
River Quarry Apartments,Plan A,163232,3,1,1,,720,7/7/2025,300,12,120%,1775,2.47,1775,2.47,2025-06-03,2025-06-19,17,0
River Quarry Apartments,Plan A,161412,,1,1,,720,8/23/2025,300,12,120%,1775,2.47,1775,2.47,2025-07-07,2025-09-09,65,18
River Quarry Apartments,Plan A,168232,,1,1,,720,12/7/2024,300,12,120%,1570,2.18,1570,2.18,2024-10-31,2024-11-19,20,0
River Quarry Apartments,Plan A,168232,,1,1,,720,1/17/2026,300,12,120%,1775,2.47,1775,2.47,2025-12-18,2026-02-06,51,21
River Quarry Apartments,Plan A,161411,,1,1,,720,7/20/2024,300,12,120%,1800,2.5,1800,2.5,2024-05-16,2024-06-21,37,0
River Quarry Apartments,Plan A,161411,,1,1,,720,8/15/2025,300,12,120%,1800,2.5,1800,2.5,2025-07-07,2025-07-19,13,0
River Quarry Apartments,Plan A,161411,,1,1,,720,2/18/2026,300,12,120%,1800,2.5,1800,2.5,2026-01-13,2026-01-24,12,0
River Quarry Apartments,Plan A,167411,,1,1,,720,4/3/2026,300,12,120%,1800,2.5,1800,2.5,2026-02-26,2026-02-27,2,0
River Quarry Apartments,Plan A,164432,,1,1,,720,1/4/2026,300,12,120%,1800,2.5,1800,2.5,2025-12-03,2026-01-03,32,0
River Quarry Apartments,Plan A,146414,,1,1,,720,2/15/2024,300,14,120%,1620,2.25,1620,2.25,2024-01-20,2024-03-01,42,16
River Quarry Apartments,Plan A,146414,,1,1,,720,3/29/2025,300,12,120%,1800,2.5,1800,2.5,2025-02-19,2025-03-27,37,0
River Quarry Apartments,Plan A,146414,,1,1,,720,8/22/2025,300,12,120%,1800,2.5,1800,2.5,2025-07-16,2025-09-04,51,14
River Quarry Apartments,Plan A,164412,,1,1,,720,6/9/2024,300,12,120%,1800,2.5,1800,2.5,2024-05-16,2024-06-13,29,5
River Quarry Apartments,Plan A,145812,,1,1,,720,5/13/2024,300,12,120%,1635,2.27,1635,2.27,2024-04-08,2024-04-14,7,0
River Quarry Apartments,Plan A,145812,,1,1,,720,5/29/2026,300,12,120%,1825,2.53,1825,2.53,2026-04-07,2026-04-18,12,0
River Quarry Apartments,Plan A,145813,,1,1,,720,4/7/2024,300,14,120%,1595,2.22,1595,2.22,2024-03-09,2024-03-12,4,0
River Quarry Apartments,Plan A,145813,,1,1,,720,6/12/2025,300,12,120%,1775,2.47,1775,2.47,2025-04-30,2025-05-16,17,0
River Quarry Apartments,Plan A,145813,,1,1,,720,6/12/2026,300,12,120%,1900,2.64,1900,2.64,2026-05-01,2026-05-17,17,0
River Quarry Apartments,Plan A,167414,,1,1,,720,7/2/2026,300,12,120%,1925,2.67,1925,2.67,2026-05-20,2026-05-31,12,0
River Quarry Apartments,Plan A,148613,,1,1,,720,11/1/2023,300,,120%,1825,2.53,1825,2.53,2023-07-18,2023-10-22,97,0
River Quarry Apartments,Plan A,148613,,1,1,,720,2/6/2025,300,12,120%,1825,2.53,1825,2.53,2024-12-30,2025-01-15,17,0
River Quarry Apartments,Plan A,148613,,1,1,,720,7/14/2026,300,12,120%,1950,2.71,1950,2.71,2026-06-04,2026-06-08,5,0
River Quarry Apartments,Plan A,146411,,1,1,,720,8/19/2026,300,12,120%,1975,2.74,1975,2.74,2026-07-10,2026-07-11,2,0
River Quarry Apartments,Plan A,168211,,1,1,,720,12/11/2025,300,12,120%,1800,2.5,1800,2.5,2025-11-04,2026-01-22,80,43
River Quarry Apartments,Plan A,168211,,1,1,,720,8/12/2026,300,12,120%,1975,2.74,1975,2.74,2026-07-07,,9,0
River Quarry Apartments,Plan A,147211,,1,1,,720,8/5/2026,300,12,120%,2000,2.78,2000,2.78,2026-06-28,2026-07-12,15,0
River Quarry Apartments,Plan A,164414,,1,1,,720,5/24/2024,300,12,120%,1825,2.53,1825,2.53,2024-04-15,2024-04-16,2,0
River Quarry Apartments,Plan A,164414,,1,1,,720,1/16/2026,300,12,120%,1825,2.53,1825,2.53,2026-01-03,2026-01-22,20,7
River Quarry Apartments,Plan A,164414,,1,1,,720,8/11/2026,300,12,120%,2000,2.78,2000,2.78,2026-06-25,2026-06-28,4,0
River Quarry Apartments,Plan A,147213,,1,1,,720,8/18/2026,300,12,120%,2000,2.78,2000,2.78,2026-07-10,,6,0
River Quarry Apartments,Plan A,168612,,1,1,,720,9/8/2023,300,,80%,1542,2.14,1542,2.14,2023-08-26,2023-10-23,59,46
River Quarry Apartments,Plan A,169211,,1,1,,720,8/4/2023,300,,80%,1563,2.17,1563,2.17,2023-06-24,2023-12-08,168,127
River Quarry Apartments,Plan A,163222,,1,1,,720,11/7/2023,300,,80%,1588,2.21,1588,2.21,2023-11-01,2023-12-06,36,30
River Quarry Apartments,Plan A,168213,,1,1,,720,9/17/2023,300,,80%,1638,2.28,1638,2.28,2023-08-15,2023-09-29,46,13
River Quarry Apartments,Plan A,168611,,1,1,,720,9/25/2023,300,,120%,1750,2.43,1750,2.43,2023-06-24,2023-06-30,7,0
River Quarry Apartments,Plan A,145814,,1,1,,720,8/25/2023,300,,120%,1775,2.47,1775,2.47,2023-07-25,2023-07-27,3,0
River Quarry Apartments,Plan A,151612,,1,1,,720,10/3/2023,300,,120%,1800,2.5,1800,2.5,2023-07-06,2023-07-07,2,0
River Quarry Apartments,Plan A,147214,,1,1,,720,9/20/2023,,,120%,1825,2.53,1825,2.53,2023-08-04,2023-08-05,2,0
River Quarry Apartments,Plan B,166821,,2,1,,875,6/17/2023,350,,80%,1750,2,1750,2,,2023-06-27,,
River Quarry Apartments,Plan B,166821,,2,1,,875,4/30/2024,350,12,80%,1746,2,1746,2,2024-03-30,2024-04-30,32,1
River Quarry Apartments,Plan B,166821,,2,1,,875,9/13/2025,350,12,80%,1669,1.91,1669,1.91,2025-08-09,2025-11-14,98,63
River Quarry Apartments,Plan B,167831,,2,1,,875,7/14/2025,350,12,80%,1669,1.91,1669,1.91,2025-05-30,2025-12-13,198,153
River Quarry Apartments,Plan B,166221,,2,1,,875,9/29/2025,350,12,80%,1694,1.94,1694,1.94,2025-08-15,2025-11-06,84,39
River Quarry Apartments,Plan B,150811,,2,1,,875,3/20/2024,350,14,80%,1702,1.95,1702,1.95,2024-02-15,2024-03-14,29,0
River Quarry Apartments,Plan B,166831,,2,1,,875,5/7/2024,350,12,80%,1746,2,1746,2,2024-02-10,2024-04-02,53,0
River Quarry Apartments,Plan B,166831,,2,1,,875,9/11/2025,350,12,80%,1707,1.95,1707,1.95,2025-07-28,2025-10-21,86,41
River Quarry Apartments,Plan B,166227,,2,1,,875,1/14/2024,350,14,80%,1727,1.97,1727,1.97,2023-12-09,2024-03-16,99,63
River Quarry Apartments,Plan B,166227,,2,1,,875,6/7/2025,350,12,80%,1744,1.99,1744,1.99,2025-03-22,2025-09-20,183,106
River Quarry Apartments,Plan B,150417,,2,1,,875,7/7/2024,350,12,80%,1746,2,1746,2,2024-05-17,2024-05-18,2,0
River Quarry Apartments,Plan B,150418,,2,1,,875,6/21/2024,350,12,80%,1746,2,1746,2,2024-05-16,2024-05-30,15,0
River Quarry Apartments,Plan B,167811,,2,1,,875,10/6/2023,350,,80%,1631,1.86,1631,1.86,,2023-11-29,,
River Quarry Apartments,Plan B,167811,,2,1,,875,3/14/2025,350,12,80%,1746,2,1746,2,2025-02-25,2025-04-20,55,38
River Quarry Apartments,Plan B,166822,2,2,1,,875,10/23/2024,350,12,80%,1747,2,1747,2,2024-08-22,2024-11-19,90,28
River Quarry Apartments,Plan B,166828,,2,1,,875,5/7/2024,350,12,80%,1746,2,1746,2,2024-03-30,2024-06-05,68,30
River Quarry Apartments,Plan B,166828,,2,1,,875,6/19/2025,350,12,80%,1748,2,1748,2,2025-05-07,2025-08-08,94,51
River Quarry Apartments,Plan B,165621,,2,1,,875,6/17/2023,350,,80%,1750,2,1750,2,,2023-06-24,,
River Quarry Apartments,Plan B,165621,,2,1,,875,9/21/2024,350,12,80%,1748,2,1748,2,2024-08-15,2024-10-14,61,24
River Quarry Apartments,Plan B,165632,,2,1,,875,4/9/2024,350,12,80%,1846,2.11,1846,2.11,2024-03-03,2024-03-29,27,0
River Quarry Apartments,Plan B,165632,,2,1,,875,6/24/2025,350,12,80%,1769,2.02,1769,2.02,2025-04-17,2025-12-03,231,163
River Quarry Apartments,Plan B,166837,3,2,1,,875,3/7/2024,350,14,80%,1777,2.03,1777,2.03,2024-01-27,2024-03-11,45,5
River Quarry Apartments,Plan B,165622,2,2,1,,875,6/17/2023,350,,80%,1720,1.97,1720,1.97,,2023-09-24,,
River Quarry Apartments,Plan B,165622,2,2,1,,875,6/1/2024,350,12,80%,1846,2.11,1846,2.11,2024-04-06,2024-05-17,42,0
River Quarry Apartments,Plan B,150437,,2,1,,875,3/2/2024,350,14,80%,1704,1.95,1704,1.95,2024-01-17,2024-04-05,80,35
River Quarry Apartments,Plan B,150437,,2,1,,875,5/30/2025,350,12,80%,1900,2.17,1900,2.17,2025-04-29,2025-05-18,20,0
River Quarry Apartments,Plan B,166818,,2,1,,875,10/16/2024,350,12,80%,1753,2,1753,2,2024-09-23,2024-12-06,75,52
River Quarry Apartments,Plan B,166818,,2,1,,875,6/18/2025,350,12,80%,1900,2.17,1900,2.17,2025-05-13,2025-05-31,19,0
River Quarry Apartments,Plan B,165618,,2,1,,875,6/11/2024,350,12,80%,1746,2,1746,2,2024-05-16,2024-05-17,2,0
River Quarry Apartments,Plan B,165618,,2,1,,875,10/4/2024,350,12,80%,1672,1.91,1672,1.91,2024-09-24,2024-11-17,55,45
River Quarry Apartments,Plan B,165618,,2,1,,875,8/10/2025,350,12,80%,1900,2.17,1900,2.17,2025-08-05,2025-08-15,11,6
River Quarry Apartments,Plan B,166811,,2,1,,875,6/24/2023,350,,80%,1900,2.17,1900,2.17,,2023-06-30,,
River Quarry Apartments,Plan B,166811,,2,1,,875,12/1/2024,350,12,80%,1672,1.91,1672,1.91,2024-10-22,2024-11-23,33,0
River Quarry Apartments,Plan B,166811,,2,1,,875,12/9/2025,350,12,80%,1900,2.17,1900,2.17,2025-11-11,2026-02-19,101,73
River Quarry Apartments,Plan B,150438,,2,1,,875,7/27/2024,350,12,80%,1900,2.17,1900,2.17,2024-07-02,2024-07-19,18,0
River Quarry Apartments,Plan B,150831,,2,1,,875,7/21/2024,350,12,80%,1900,2.17,1900,2.17,2024-06-10,2024-06-22,13,0
River Quarry Apartments,Plan B,167832,,2,1,,875,6/6/2025,350,12,80%,1925,2.2,1925,2.2,2025-04-16,2025-06-03,49,0
River Quarry Apartments,Plan B,167812,,2,1,,875,6/16/2024,350,12,80%,1771,2.02,1771,2.02,2024-05-16,2024-05-30,15,0
River Quarry Apartments,Plan B,167812,,2,1,,875,4/30/2026,350,12,80%,1925,2.2,1925,2.2,2026-03-25,2026-03-27,3,0
River Quarry Apartments,Plan B,167822,2,2,1,,875,10/13/2023,350,,80%,1653,1.89,1653,1.89,2023-08-12,2023-11-01,82,20
River Quarry Apartments,Plan B,167822,2,2,1,,875,12/30/2025,350,12,80%,1925,2.2,1925,2.2,2025-11-04,2026-01-20,78,22
River Quarry Apartments,Plan B,165637,,2,1,,875,6/19/2023,350,,120%,1621,1.85,1621,1.85,,2023-10-12,,
River Quarry Apartments,Plan B,165637,,2,1,,875,10/25/2024,350,12,120%,1975,2.26,1975,2.26,2024-09-17,2024-10-24,38,0
River Quarry Apartments,Plan B,165617,,2,1,,875,1/15/2025,350,12,120%,1821,2.08,1821,2.08,2024-12-10,2025-04-16,128,92
River Quarry Apartments,Plan B,165617,,2,1,,875,3/18/2026,350,12,120%,1975,2.26,1975,2.26,2026-02-12,2026-02-18,7,0
River Quarry Apartments,Plan B,150812,,2,1,,875,8/21/2024,350,12,120%,1975,2.26,1975,2.26,2024-07-13,2024-07-26,14,0
River Quarry Apartments,Plan B,150822,,2,1,,875,7/20/2025,350,12,120%,2000,2.29,2000,2.29,2025-05-14,2025-08-16,95,28
River Quarry Apartments,Plan B,165611,,2,1,,875,7/26/2026,350,12,120%,2025,2.31,2025,2.31,2026-05-07,2026-06-02,27,0
River Quarry Apartments,Plan B,167821,,2,1,,875,6/15/2024,350,12,120%,1746,2,1746,2,2024-05-01,2024-05-03,3,0
River Quarry Apartments,Plan B,167821,,2,1,,875,2/23/2025,350,12,120%,1746,2,1746,2,2025-01-22,2025-05-02,101,69
River Quarry Apartments,Plan B,167821,,2,1,,875,6/8/2026,350,12,120%,2025,2.31,2025,2.31,2026-05-02,2026-05-11,10,0
River Quarry Apartments,Plan B,165638,,2,1,,875,1/24/2025,350,12,120%,1900,2.17,1900,2.17,2024-12-23,2025-01-24,33,1
River Quarry Apartments,Plan B,165638,,2,1,,875,6/23/2026,350,12,120%,2025,2.31,2025,2.31,2026-05-14,2026-05-28,15,0
River Quarry Apartments,Plan B,165631,,2,1,,875,8/11/2026,350,12,120%,2075,2.37,2075,2.37,2026-06-30,2026-07-11,12,0
River Quarry Apartments,Plan B,166838,,2,1,,875,5/15/2024,350,12,120%,1746,2,1746,2,2024-04-10,2024-06-04,56,21
River Quarry Apartments,Plan B,166838,,2,1,,875,12/7/2025,350,12,120%,1900,2.17,1900,2.17,2025-11-04,2025-12-15,42,9
River Quarry Apartments,Plan B,166838,,2,1,,875,9/9/2026,350,12,120%,2075,2.37,2075,2.37,2026-07-07,,9,0
River Quarry Apartments,Plan B,165612,,2,1,,875,8/19/2024,350,12,120%,2000,2.29,2000,2.29,2024-07-13,2024-07-19,7,0
River Quarry Apartments,Plan B,165612,,2,1,,875,6/5/2025,350,12,120%,2000,2.29,2000,2.29,2025-05-28,2025-06-07,11,3
River Quarry Apartments,Plan B,165612,,2,1,,875,6/23/2026,350,12,120%,2100,2.4,2100,2.4,2026-05-01,2026-05-04,4,0
River Quarry Apartments,Plan B,150832,3,2,1,,875,8/7/2023,350,,120%,1719,1.96,1719,1.96,,2023-09-19,,
River Quarry Apartments,Plan B,150832,3,2,1,,875,3/6/2025,350,12,120%,1846,2.11,1846,2.11,2025-01-31,2025-05-01,91,57
River Quarry Apartments,Plan B,150832,3,2,1,,875,5/27/2026,350,12,120%,2100,2.4,2100,2.4,2026-04-23,2026-05-05,13,0
River Quarry Apartments,Plan B,166812,,2,1,,875,5/9/2024,350,14,120%,1779,2.03,1779,2.03,2024-03-27,2024-04-04,9,0
River Quarry Apartments,Plan B,166812,,2,1,,875,8/17/2026,350,12,120%,2150,2.46,2150,2.46,2026-07-07,,9,0
River Quarry Apartments,Plan B,166832,,2,1,,875,7/31/2025,350,12,120%,1747,2,1747,2,2025-07-07,2026-01-22,200,176
River Quarry Apartments,Plan B,166832,,2,1,,875,8/5/2026,350,12,120%,2150,2.46,2150,2.46,2026-07-10,,6,0
River Quarry Apartments,Plan B,165628,,2,1,,875,8/4/2023,350,,80%,1631,1.86,1631,1.86,2023-07-06,2023-11-21,139,110
River Quarry Apartments,Plan B,150427,,2,1,,875,8/28/2025,350,,80%,1672,1.91,1672,1.91,2025-07-22,2026-01-21,184,147
River Quarry Apartments,Plan B,166237,3,2,1,,875,10/5/2023,350,,80%,1697,1.94,1697,1.94,2023-08-25,2023-11-28,96,55
River Quarry Apartments,Plan B,150821,,2,1,,875,6/17/2023,350,,80%,1750,2,1750,2,,2023-06-30,,
River Quarry Apartments,Plan B,165627,2,2,1,,875,1/6/2024,350,,80%,1777,2.03,1777,2.03,2023-12-01,2024-02-03,65,29
River Quarry Apartments,Plan B,166238,,2,1,,875,9/2/2023,350,,80%,1900,2.17,1858,2.12,,2023-08-09,,
River Quarry Apartments,Plan B,150428,,2,1,,875,10/19/2023,350,,80%,1900,2.17,1900,2.17,2023-07-07,2023-07-08,2,0
River Quarry Apartments,Plan TH,160013,,2,2,1,1100,2/5/2024,400,14,80%,1882,1.71,1882,1.71,2023-12-30,2024-02-27,60,23
River Quarry Apartments,Plan TH,169812,,2,2,1,1100,6/24/2023,400,,80%,2200,2,2200,2,2023-06-24,2023-07-12,19,19
River Quarry Apartments,Plan TH,169812,,2,2,1,1100,12/23/2023,400,14,80%,1882,1.71,1882,1.71,2023-11-16,2024-03-12,118,81
River Quarry Apartments,Plan TH,163814,,2,2,1,1100,4/11/2024,400,14,80%,1907,1.73,1907,1.73,2024-03-06,2024-03-10,5,0
River Quarry Apartments,Plan TH,160012,,2,2,1,1100,5/14/2024,400,12,120%,1928,1.75,1928,1.75,2024-04-04,2024-04-13,10,0
River Quarry Apartments,Plan TH,162818,,2,2,1,1100,12/10/2024,400,12,120%,1962,1.78,1962,1.78,2024-11-06,2024-11-21,16,0
River Quarry Apartments,Plan TH,169811,,2,2,1,1100,8/23/2023,400,,120%,2361,2.15,2225,2.02,2023-08-02,2023-08-23,22,1
River Quarry Apartments,Plan TH,169811,,2,2,1,1100,9/12/2024,400,12,120%,1962,1.78,1962,1.78,2024-08-08,2024-11-26,111,76
River Quarry Apartments,Plan TH,145011,,2,2,1,1100,5/18/2024,400,12,120%,1978,1.8,1978,1.8,2024-04-10,2024-04-12,3,0
River Quarry Apartments,Plan TH,165012,,2,2,1,1100,8/21/2024,400,12,120%,2012,1.83,2012,1.83,2024-07-24,2024-11-21,121,93
River Quarry Apartments,Plan TH,162217,,2,2,1,1100,10/7/2025,400,12,120%,2028,1.84,2028,1.84,2025-09-17,2026-02-26,163,143
River Quarry Apartments,Plan TH,165013,,2,2,1,1100,5/20/2024,400,12,120%,2175,1.98,2175,1.98,2024-04-22,2024-04-27,6,0
River Quarry Apartments,Plan TH,162813,,2,2,1,1100,7/31/2024,400,12,120%,2200,2,2200,2,2024-05-25,2024-06-28,35,0
River Quarry Apartments,Plan TH,162813,,2,2,1,1100,3/31/2025,400,12,120%,2200,2,2200,2,2025-02-04,2025-02-28,25,0
River Quarry Apartments,Plan TH,162812,,2,2,1,1100,1/18/2024,400,14,120%,1882,1.71,1882,1.71,2023-12-15,2024-03-10,87,53
River Quarry Apartments,Plan TH,162812,,2,2,1,1100,5/20/2025,400,12,120%,2200,2,2200,2,2025-04-11,2025-04-15,5,0
River Quarry Apartments,Plan TH,162815,,2,2,1,1100,9/21/2023,400,,120%,1896,1.72,1896,1.72,2023-08-08,2023-10-17,71,27
River Quarry Apartments,Plan TH,162815,,2,2,1,1100,11/6/2024,400,12,120%,2200,2,2200,2,2024-09-25,2025-05-23,241,199
River Quarry Apartments,Plan TH,162815,,2,2,1,1100,6/6/2026,400,12,120%,2200,2,2200,2,2026-03-31,2026-04-03,4,0
River Quarry Apartments,Plan TH,162814,,2,2,1,1100,5/19/2024,400,14,120%,1882,1.71,1882,1.71,2024-03-09,2024-03-13,5,0
River Quarry Apartments,Plan TH,162814,,2,2,1,1100,7/20/2025,400,12,120%,2200,2,2200,2,2025-05-22,2025-05-23,2,0
River Quarry Apartments,Plan TH,160414,,2,2,1,1100,8/11/2023,400,,120%,2200,2,2200,2,,2023-06-28,,
River Quarry Apartments,Plan TH,160414,,2,2,1,1100,8/28/2024,400,12,120%,2200,2,2200,2,2024-07-01,2024-07-11,11,0
River Quarry Apartments,Plan TH,162816,,2,2,1,1100,6/24/2023,400,,120%,2100,1.91,2100,1.91,,2023-07-06,,
River Quarry Apartments,Plan TH,162816,,2,2,1,1100,7/20/2024,400,12,120%,2200,2,2200,2,2024-06-13,2024-07-06,24,0
River Quarry Apartments,Plan TH,160415,,2,2,1,1100,3/24/2026,400,12,120%,2200,2,2200,2,2026-01-06,2026-03-20,74,0
River Quarry Apartments,Plan TH,162811,,2,2,1,1100,6/27/2023,400,,120%,2225,2.02,2225,2.02,,2023-06-29,,
River Quarry Apartments,Plan TH,162811,,2,2,1,1100,7/31/2024,400,12,120%,2225,2.02,2225,2.02,2024-06-25,2024-07-01,7,0
River Quarry Apartments,Plan TH,162811,,2,2,1,1100,8/12/2025,400,12,120%,2225,2.02,2225,2.02,2025-07-07,2025-07-12,6,0
River Quarry Apartments,Plan TH,150012,,2,2,1,1100,6/19/2025,400,12,120%,2225,2.02,2225,2.02,2025-05-13,2025-05-20,8,0
River Quarry Apartments,Plan TH,163815,,2,2,1,1100,8/20/2024,400,12,120%,2225,2.02,2225,2.02,2024-07-30,2024-08-24,26,5
River Quarry Apartments,Plan TH,163815,,2,2,1,1100,1/9/2026,400,12,120%,2225,2.02,2225,2.02,2025-12-06,2026-03-19,104,70
River Quarry Apartments,Plan TH,145016,,2,2,1,1100,1/6/2025,400,12,120%,2250,2.05,2250,2.05,2024-12-31,2025-03-14,74,68
River Quarry Apartments,Plan TH,150011,,2,2,1,1100,2/11/2025,400,12,120%,2250,2.05,2250,2.05,2024-12-23,2025-01-26,35,0
River Quarry Apartments,Plan TH,163811,,2,2,1,1100,10/13/2023,400,,120%,1890,1.72,1890,1.72,2023-09-08,2023-12-22,106,71
River Quarry Apartments,Plan TH,163811,,2,2,1,1100,7/31/2025,400,12,120%,2250,2.05,2250,2.05,2025-07-22,2025-09-08,49,40
River Quarry Apartments,Plan TH,162213,,2,2,1,1100,10/27/2023,400,14,120%,1882,1.71,1882,1.71,2023-09-21,2024-03-09,171,135
River Quarry Apartments,Plan TH,162213,,2,2,1,1100,4/6/2025,400,12,120%,2250,2.05,2250,2.05,2025-03-04,2025-03-08,5,0
River Quarry Apartments,Plan TH,150016,,2,2,1,1100,5/20/2026,400,12,120%,2250,2.05,2250,2.05,2026-03-28,2026-04-01,5,0
River Quarry Apartments,Plan TH,162215,,2,2,1,1100,7/21/2025,400,12,120%,2250,2.05,2250,2.05,2025-05-07,2025-05-08,2,0
River Quarry Apartments,Plan TH,162212,,2,2,1,1100,9/30/2025,400,12,120%,2250,2.05,2250,2.05,2025-08-28,2025-10-02,36,3
River Quarry Apartments,Plan TH,162212,,2,2,1,1100,3/17/2026,400,12,120%,2250,2.05,2250,2.05,2026-02-10,2026-03-01,20,0
River Quarry Apartments,Plan TH,145014,,2,2,1,1100,4/18/2024,400,12,120%,1956,1.78,1956,1.78,2024-03-15,2024-03-16,2,0
River Quarry Apartments,Plan TH,145014,,2,2,1,1100,4/26/2025,400,12,120%,2225,2.02,2225,2.02,2025-03-24,2025-04-24,32,0
River Quarry Apartments,Plan TH,145014,,2,2,1,1100,5/20/2026,400,12,120%,2275,2.07,2275,2.07,2026-04-16,2026-04-21,6,0
River Quarry Apartments,Plan TH,160014,,2,2,1,1100,9/11/2024,400,12,120%,2012,1.83,2012,1.83,2024-08-06,2024-11-21,108,72
River Quarry Apartments,Plan TH,160014,,2,2,1,1100,12/22/2025,400,12,120%,2275,2.07,2275,2.07,2025-10-17,2025-12-10,55,0
River Quarry Apartments,Plan TH,165011,,2,2,1,1100,9/9/2024,400,12,120%,2300,2.09,2300,2.09,2024-08-06,2024-09-12,38,4
River Quarry Apartments,Plan TH,162817,,2,2,1,1100,5/7/2024,400,12,120%,1928,1.75,1928,1.75,2024-03-30,2024-04-14,16,0
River Quarry Apartments,Plan TH,162817,,2,2,1,1100,5/20/2025,400,12,120%,2200,2,2200,2,2025-05-02,2025-05-09,8,0
River Quarry Apartments,Plan TH,162817,,2,2,1,1100,6/2/2026,400,12,120%,2300,2.09,2300,2.09,2026-04-17,2026-04-25,9,0
River Quarry Apartments,Plan TH,150015,,2,2,1,1100,5/28/2024,400,12,120%,2125,1.93,2125,1.93,2024-04-18,2024-05-03,16,0
River Quarry Apartments,Plan TH,150015,,2,2,1,1100,7/26/2025,400,12,120%,2138,1.94,2138,1.94,2025-06-26,2025-08-17,53,23
River Quarry Apartments,Plan TH,150015,,2,2,1,1100,6/9/2026,400,12,120%,2350,2.14,2350,2.14,2026-05-01,2026-05-11,11,0
River Quarry Apartments,Plan TH,145015,,2,2,1,1100,10/4/2023,400,,120%,2225,2.02,2225,2.02,2023-07-29,2023-09-01,35,0
River Quarry Apartments,Plan TH,145015,,2,2,1,1100,10/21/2024,400,12,120%,2225,2.02,2225,2.02,2024-09-17,2024-10-06,20,0
River Quarry Apartments,Plan TH,145015,,2,2,1,1100,7/30/2026,400,12,120%,2350,2.14,2350,2.14,2026-05-14,2026-05-22,9,0
River Quarry Apartments,Plan TH,163816,,2,2,1,1100,8/21/2024,400,12,120%,2250,2.05,2250,2.05,2024-07-16,2024-07-18,3,0
River Quarry Apartments,Plan TH,163816,,2,2,1,1100,8/5/2026,400,12,120%,2425,2.2,2425,2.2,2026-06-26,,20,0
River Quarry Apartments,Plan TH,169816,,2,2,1,1100,8/27/2023,400,,80%,1857,1.69,1857,1.69,2023-07-06,2024-01-07,186,134
River Quarry Apartments,Plan TH,162218,,2,2,1,1100,10/14/2023,400,,80%,2225,2.02,2225,2.02,2023-07-14,2023-07-20,7,0
River Quarry Apartments,Plan TH,162218,,2,2,1,1100,11/6/2023,400,,80%,1865,1.7,1865,1.7,2023-11-06,2024-01-03,59,59
River Quarry Apartments,Plan TH,162214,,2,2,1,1100,10/31/2023,400,,80%,1890,1.72,1890,1.72,2023-09-13,2023-11-30,79,31
River Quarry Apartments,Plan TH,169817,,2,2,1,1100,10/24/2023,400,,120%,2100,1.91,2100,1.91,2023-08-10,2023-11-30,113,38
River Quarry Apartments,Plan TH,169814,,2,2,1,1100,7/29/2025,400,,120%,2200,2,2200,2,2025-06-22,2025-07-18,27,0
River Quarry Apartments,Plan C,168631,,2,2,,1040,4/23/2024,350,12,80%,1835,1.76,1835,1.76,2024-03-09,2024-03-23,15,0
River Quarry Apartments,Plan C,168631,,2,2,,1040,11/19/2024,350,12,80%,1782,1.71,1782,1.71,2024-09-14,2024-12-30,108,42
River Quarry Apartments,Plan C,163233,3,2,2,,1040,1/7/2025,350,12,80%,1807,1.74,1807,1.74,2024-11-20,2024-12-31,42,0
River Quarry Apartments,Plan C,168223,,2,2,,1040,9/8/2025,350,12,80%,1807,1.74,1807,1.74,2025-08-14,2025-11-14,93,68
River Quarry Apartments,Plan C,168623,,2,2,,1040,8/21/2023,350,,80%,1787,1.72,1787,1.72,2023-07-13,2024-02-08,211,172
River Quarry Apartments,Plan C,168623,,2,2,,1040,7/8/2025,350,12,80%,1823,1.75,1823,1.75,2025-05-20,2025-11-05,170,121
River Quarry Apartments,Plan C,167431,3,2,2,,1040,10/17/2023,350,,80%,1836,1.77,1836,1.77,2023-09-29,2023-10-21,23,5
River Quarry Apartments,Plan C,167431,3,2,2,,1040,10/15/2025,350,12,80%,1829,1.76,1829,1.76,2025-09-30,2026-01-15,108,93
River Quarry Apartments,Plan C,163231,,2,2,,1040,11/12/2023,350,,80%,1733,1.67,1733,1.67,2023-10-04,2023-11-29,57,18
River Quarry Apartments,Plan C,163231,,2,2,,1040,9/22/2025,350,12,80%,1832,1.76,1832,1.76,2025-08-23,2025-12-03,103,73
River Quarry Apartments,Plan C,163221,,2,2,,1040,4/5/2024,350,14,80%,1837,1.77,1837,1.77,2024-03-01,2024-03-04,4,0
River Quarry Apartments,Plan C,146433,3,2,2,,1040,7/26/2025,350,12,80%,1857,1.79,1857,1.79,2025-06-21,2025-12-04,167,132
River Quarry Apartments,Plan C,146423,,2,2,,1040,9/6/2025,350,12,80%,1857,1.79,1857,1.79,2025-08-05,2026-01-07,156,124
River Quarry Apartments,Plan C,169231,,2,2,,1040,11/2/2023,350,12,80%,1885,1.81,1885,1.81,2023-07-22,2024-03-21,244,141
River Quarry Apartments,Plan C,167433,3,2,2,,1040,9/7/2023,350,,80%,1685,1.62,1685,1.62,2023-07-27,2023-10-05,71,29
River Quarry Apartments,Plan C,167433,3,2,2,,1040,2/13/2025,350,12,80%,2050,1.97,2050,1.97,2025-01-11,2025-04-10,90,57
River Quarry Apartments,Plan C,167433,3,2,2,,1040,11/18/2025,350,12,80%,1886,1.81,1886,1.81,2025-09-29,2026-03-15,168,118
River Quarry Apartments,Plan C,146432,,2,2,,1040,4/30/2024,350,12,80%,1910,1.84,1910,1.84,2024-03-25,2024-03-27,3,0
River Quarry Apartments,Plan C,146432,,2,2,,1040,11/15/2024,350,12,80%,2100,2.02,2100,2.02,2024-10-09,2025-04-04,178,141
River Quarry Apartments,Plan C,146432,,2,2,,1040,11/10/2025,350,12,80%,1895,1.82,1895,1.82,2025-09-27,2026-02-08,135,91
River Quarry Apartments,Plan C,146422,2,2,2,,1040,10/3/2023,350,,80%,1777,1.71,1777,1.71,2023-08-25,2023-10-11,48,9
River Quarry Apartments,Plan C,146422,2,2,2,,1040,12/1/2025,350,12,80%,1895,1.82,1895,1.82,2025-10-17,2026-01-31,107,62
River Quarry Apartments,Plan C,151622,2,2,2,,1040,6/17/2023,350,,80%,1737,1.67,1737,1.67,,2023-10-14,,
River Quarry Apartments,Plan C,151622,2,2,2,,1040,6/29/2025,350,12,80%,1898,1.83,1898,1.83,2025-05-24,2025-08-21,90,54
River Quarry Apartments,Plan C,148633,3,2,2,,1040,9/17/2023,350,,80%,1819,1.75,1819,1.75,2023-08-12,2023-10-08,58,22
River Quarry Apartments,Plan C,148633,3,2,2,,1040,11/10/2024,350,12,80%,1901,1.83,1901,1.83,2024-10-05,2024-11-26,53,17
River Quarry Apartments,Plan C,167421,,2,2,,1040,11/7/2023,350,,80%,2075,2,2075,2,2023-10-04,2023-10-14,11,0
River Quarry Apartments,Plan C,167421,,2,2,,1040,7/9/2024,350,12,80%,1909,1.84,1909,1.84,2024-05-22,2024-06-22,32,0
River Quarry Apartments,Plan C,145821,,2,2,,1040,2/25/2024,350,,120%,1862,1.79,1862,1.79,2024-01-20,2024-02-18,30,0
River Quarry Apartments,Plan C,145821,,2,2,,1040,11/18/2025,350,12,120%,1936,1.86,1936,1.86,2025-09-27,2026-03-14,169,117
River Quarry Apartments,Plan C,147232,3,2,2,,1040,7/12/2024,350,12,120%,1957,1.88,1957,1.88,2024-05-22,2024-05-23,2,0
River Quarry Apartments,Plan C,151631,3,2,2,,1040,7/12/2024,350,12,120%,1959,1.88,1959,1.88,2024-06-08,2024-06-18,11,0
River Quarry Apartments,Plan C,148623,,2,2,,1040,7/20/2024,350,12,120%,1984,1.91,1984,1.91,2024-06-12,2024-06-20,9,0
River Quarry Apartments,Plan C,169222,,2,2,,1040,6/28/2025,350,12,120%,2025,1.95,2025,1.95,2025-05-28,2025-08-21,86,55
River Quarry Apartments,Plan C,168633,3,2,2,,1040,3/8/2026,350,12,120%,2025,1.95,2025,1.95,2026-02-03,2026-03-18,44,11
River Quarry Apartments,Plan C,168233,,2,2,,1040,2/12/2026,350,12,120%,2050,1.97,2050,1.97,2025-12-24,2026-01-23,31,0
River Quarry Apartments,Plan C,168221,,2,2,,1040,6/25/2025,350,12,120%,2075,2,2075,2,2025-05-20,2025-07-02,44,8
River Quarry Apartments,Plan C,161423,,2,2,,1040,2/28/2026,350,12,120%,2100,2.02,2100,2.02,2026-01-06,2026-03-20,74,21
River Quarry Apartments,Plan C,151632,3,2,2,,1040,3/7/2024,350,12,120%,1907,1.83,1907,1.83,2024-02-06,2024-04-06,61,31
River Quarry Apartments,Plan C,151632,3,2,2,,1040,4/22/2026,350,12,120%,2100,2.02,2100,2.02,2026-03-03,2026-03-13,11,0
River Quarry Apartments,Plan C,146431,,2,2,,1040,7/6/2025,350,12,120%,2125,2.04,2125,2.04,2025-04-21,2025-06-03,44,0
River Quarry Apartments,Plan C,146421,,2,2,,1040,5/9/2025,350,12,120%,2125,2.04,2125,2.04,2025-03-28,2025-04-04,8,0
River Quarry Apartments,Plan C,146421,,2,2,,1040,11/12/2025,350,12,120%,2125,2.04,2125,2.04,2025-09-27,2026-03-14,169,123
River Quarry Apartments,Plan C,161431,3,2,2,,1040,5/28/2024,350,13,120%,2261,2.17,2100,2.02,2024-04-18,2024-04-20,3,0
River Quarry Apartments,Plan C,161431,3,2,2,,1040,12/14/2025,350,12,120%,2125,2.04,2125,2.04,2025-11-01,2025-12-22,52,9
River Quarry Apartments,Plan C,164421,,2,2,,1040,6/5/2024,350,12,120%,2150,2.07,2150,2.07,2024-04-22,2024-04-30,9,0
River Quarry Apartments,Plan C,164431,,2,2,,1040,8/24/2023,350,,120%,1958,1.88,1958,1.88,2023-08-16,2023-09-17,33,25
River Quarry Apartments,Plan C,164431,,2,2,,1040,10/10/2024,350,12,120%,2175,2.09,2175,2.09,2024-09-06,2024-09-07,2,0
River Quarry Apartments,Plan C,145833,,2,2,,1040,6/24/2023,350,,120%,2075,2,2075,2,,2023-07-27,,
River Quarry Apartments,Plan C,145833,,2,2,,1040,7/27/2026,350,12,120%,2225,2.14,2225,2.14,2026-07-07,2026-07-09,3,0
River Quarry Apartments,Plan C,145823,2,2,2,,1040,6/27/2023,350,,120%,1836,1.77,1836,1.77,2023-06-27,2023-09-08,74,74
River Quarry Apartments,Plan C,145823,2,2,2,,1040,5/25/2025,350,12,120%,1885,1.81,1885,1.81,2025-04-19,2025-07-11,84,48
River Quarry Apartments,Plan C,145823,2,2,2,,1040,8/4/2026,350,12,120%,2225,2.14,2225,2.14,2026-06-08,2026-06-18,11,0
River Quarry Apartments,Plan C,151621,,2,2,,1040,6/28/2025,350,12,120%,2125,2.04,2125,2.04,2025-04-16,2025-06-08,54,0
River Quarry Apartments,Plan C,151621,,2,2,,1040,8/18/2026,350,12,120%,2275,2.19,2275,2.19,2026-07-10,,6,0
River Quarry Apartments,Plan C,147221,,2,2,,1040,5/17/2024,350,12,120%,2007,1.93,2007,1.93,2024-05-17,2024-05-21,5,5
River Quarry Apartments,Plan C,147221,,2,2,,1040,6/3/2025,350,12,120%,2175,2.09,2175,2.09,2025-04-02,2025-04-04,3,0
River Quarry Apartments,Plan C,147221,,2,2,,1040,1/13/2026,350,12,120%,2175,2.09,2175,2.09,2025-11-06,2025-11-12,7,0
River Quarry Apartments,Plan C,147221,,2,2,,1040,8/7/2026,350,12,120%,2275,2.19,2275,2.19,2026-04-30,2026-05-07,8,0
River Quarry Apartments,Plan C,164433,3,2,2,,1040,8/17/2026,350,12,120%,2300,2.21,2300,2.21,2026-07-02,,14,0
River Quarry Apartments,Plan C,169232,3,2,2,,1040,8/26/2023,350,,80%,1663,1.6,1663,1.6,2023-07-19,2023-10-08,82,44
River Quarry Apartments,Plan C,168621,,2,2,,1040,3/29/2024,350,,80%,1787,1.72,1787,1.72,2024-02-16,2024-02-23,8,0
River Quarry Apartments,Plan C,145831,,2,2,,1040,11/3/2023,350,,80%,1808,1.74,1808,1.74,2023-09-29,2023-12-15,78,43
River Quarry Apartments,Plan C,147222,,2,2,,1040,4/7/2024,350,,80%,1912,1.84,1912,1.84,2024-01-31,2024-02-15,16,0
River Quarry Apartments,Plan C,145822,,2,2,,1040,12/7/2023,350,,120%,1975,1.9,1975,1.9,2023-09-30,2023-11-30,62,0
River Quarry Apartments,Plan C,148621,,2,2,,1040,8/20/2023,350,,120%,2100,2.02,2100,2.02,2023-06-21,2023-06-24,4,0
River Quarry Apartments,Plan C,164423,,2,2,,1040,9/16/2023,350,,120%,2150,2.07,2108,2.03,2023-08-06,2023-08-10,5,0
River Quarry Apartments,Plan E,168234,,3,2,,1230,8/18/2025,400,12,120%,2206,1.79,2206,1.79,2025-07-15,2026-02-12,213,179
River Quarry Apartments,Plan E,168224,,3,2,,1230,4/15/2024,400,12,120%,2169,1.76,2169,1.76,2024-03-30,2024-04-03,5,0
River Quarry Apartments,Plan E,168224,,3,2,,1230,9/13/2025,400,12,120%,2252,1.83,2252,1.83,2025-08-09,2025-11-25,109,74
River Quarry Apartments,Plan E,168634,3,3,2,,1230,5/16/2025,400,12,120%,2340,1.9,2340,1.9,2025-04-11,2025-04-19,9,0
River Quarry Apartments,Plan E,167424,,3,2,,1230,5/22/2024,400,12,120%,2350,1.91,2350,1.91,2024-04-18,2024-05-01,14,0
River Quarry Apartments,Plan E,167424,,3,2,,1230,5/31/2026,400,12,120%,2390,1.94,2390,1.94,2026-03-06,2026-04-09,35,0
River Quarry Apartments,Plan E,161434,3,3,2,,1230,2/9/2026,400,12,120%,2390,1.94,2390,1.94,2025-12-27,2026-01-14,19,0
River Quarry Apartments,Plan E,161424,,3,2,,1230,7/31/2024,400,12,120%,2390,1.94,2390,1.94,2024-06-06,2024-06-25,20,0
River Quarry Apartments,Plan E,148634,,3,2,,1230,9/6/2023,400,,120%,2415,1.96,2415,1.96,2023-08-02,2023-09-16,46,11
River Quarry Apartments,Plan E,148634,,3,2,,1230,5/27/2026,400,12,120%,2415,1.96,2415,1.96,2026-04-04,2026-04-09,6,0
River Quarry Apartments,Plan E,146434,,3,2,,1230,3/7/2024,400,14,120%,2095,1.7,2095,1.7,2024-01-27,2024-03-14,48,8
River Quarry Apartments,Plan E,146434,,3,2,,1230,6/10/2025,400,12,120%,2365,1.92,2365,1.92,2025-04-22,2025-05-14,23,0
River Quarry Apartments,Plan E,146434,,3,2,,1230,6/23/2026,400,12,120%,2415,1.96,2415,1.96,2026-04-13,2026-04-22,10,0
River Quarry Apartments,Plan E,146424,2,3,2,,1230,6/22/2026,400,12,120%,2490,2.02,2490,2.02,2026-05-13,2026-05-23,11,0
River Quarry Apartments,Plan E,147234,,3,2,,1230,5/18/2025,400,12,120%,2415,1.96,2415,1.96,2025-04-15,2025-05-14,30,0
River Quarry Apartments,Plan E,147234,,3,2,,1230,6/8/2026,400,12,120%,2515,2.04,2515,2.04,2026-04-15,2026-04-30,16,0
River Quarry Apartments,Plan E,163234,,3,2,,1230,7/14/2026,400,12,120%,2565,2.09,2565,2.09,2026-05-29,2026-07-11,44,0
River Quarry Apartments,Plan E,151634,,3,2,,1230,1/3/2024,400,,80%,2061,1.68,2061,1.68,2023-11-29,2023-12-28,30,0
River Quarry Apartments,Plan E,164424,,3,2,,1230,10/27/2023,400,,80%,2086,1.7,2086,1.7,2023-09-23,2023-12-18,87,53
Logger Creek at Parkcenter,1 Bed 1 Bath,320-101,,1,1,,751,8/29/2023,300,,80%,1489,1.98,1489,1.98,2023-07-20,2023-09-16,59,19
Logger Creek at Parkcenter,1 Bed 1 Bath,320-101,,1,1,,751,9/5/2024,300,12,80%,1529,2.04,1529,2.04,2024-08-09,2024-08-27,19,0
Logger Creek at Parkcenter,1 Bed 1 Bath,320-302,,1,1,,769,5/15/2024,,,80%,1425,1.85,1425,1.85,2024-03-20,2024-03-30,11,0
Logger Creek at Parkcenter,1 Bed 1 Bath,320-302,,1,1,,769,11/15/2024,300,12,80%,1380,1.79,1327,1.73,2024-10-28,2024-12-20,54,36
Logger Creek at Parkcenter,1 Bed 1 Bath,344-205,,1,1,,769,4/12/2025,300,12,80%,1385,1.8,1332,1.73,2025-02-13,2025-03-06,22,0
Logger Creek at Parkcenter,1 Bed 1 Bath,378-306,,1,1,,769,1/13/2024,300,,80%,1385,1.8,1385,1.8,2023-12-01,2024-03-16,107,64
Logger Creek at Parkcenter,1 Bed 1 Bath,378-306,,1,1,,769,1/8/2025,300,12,80%,1390,1.81,1336,1.74,2025-01-07,2025-01-25,19,18
Logger Creek at Parkcenter,1 Bed 1 Bath,298-101,,1,1,,769,9/29/2023,300,,80%,1385,1.8,1385,1.8,2023-09-19,2023-10-22,34,24
Logger Creek at Parkcenter,1 Bed 1 Bath,298-101,,1,1,,769,9/27/2024,300,12,80%,1395,1.81,1341,1.74,2024-08-10,2025-01-07,151,103
Logger Creek at Parkcenter,1 Bed 1 Bath,378-106,,1,1,,769,4/7/2026,,12,80%,1400,1.82,1283,1.67,2026-02-25,2026-03-20,24,0
Logger Creek at Parkcenter,1 Bed 1 Bath,320-205,,1,1,,769,11/5/2023,300,,80%,1405,1.83,1405,1.83,2023-09-29,2023-12-29,92,55
Logger Creek at Parkcenter,1 Bed 1 Bath,320-205,,1,1,,769,7/8/2024,300,12,80%,1420,1.85,1420,1.85,2024-06-13,2024-06-19,7,0
Logger Creek at Parkcenter,1 Bed 1 Bath,320-205,,1,1,,769,11/4/2024,300,12,80%,1375,1.79,1322,1.72,2024-09-19,2025-01-04,108,62
Logger Creek at Parkcenter,1 Bed 1 Bath,320-205,,1,1,,769,1/5/2026,300,12,80%,1400,1.82,1400,1.82,2025-12-16,2026-03-13,88,68
Logger Creek at Parkcenter,1 Bed 1 Bath,356-105,,1,1,,769,1/24/2025,300,12,80%,1405,1.83,1351,1.76,2024-12-20,2025-01-07,19,0
Logger Creek at Parkcenter,1 Bed 1 Bath,356-305,,1,1,,769,11/11/2023,300,,80%,1415,1.84,1415,1.84,2023-10-21,2023-11-02,13,0
Logger Creek at Parkcenter,1 Bed 1 Bath,378-201,,1,1,,769,9/14/2024,300,12,80%,1460,1.9,1460,1.9,2024-08-08,2024-08-10,3,0
Logger Creek at Parkcenter,1 Bed 1 Bath,378-201,,1,1,,769,5/5/2026,,12,80%,1420,1.85,1420,1.85,2026-03-27,2026-04-02,7,0
Logger Creek at Parkcenter,1 Bed 1 Bath,378-206,,1,1,,769,5/7/2024,300,12,80%,1420,1.85,1420,1.85,2024-03-20,2024-05-07,49,1
Logger Creek at Parkcenter,1 Bed 1 Bath,298-304,,1,1,,769,11/6/2024,300,12,80%,1410,1.83,1356,1.76,2024-09-21,2025-01-07,109,63
Logger Creek at Parkcenter,1 Bed 1 Bath,298-304,,1,1,,769,1/26/2026,,12,80%,1420,1.85,1420,1.85,2025-12-30,2026-01-17,19,0
Logger Creek at Parkcenter,1 Bed 1 Bath,332-104,,1,1,,769,8/25/2025,300,12,80%,1475,1.92,1475,1.92,2025-03-27,2025-08-26,153,2
Logger Creek at Parkcenter,1 Bed 1 Bath,332-104,,1,1,,769,3/7/2026,,12,80%,1425,1.85,1306,1.7,2026-01-29,2026-03-18,49,12
Logger Creek at Parkcenter,1 Bed 1 Bath,390-306,,1,1,,769,9/2/2023,300,,80%,1420,1.85,1420,1.85,2023-07-23,2023-07-26,4,0
Logger Creek at Parkcenter,1 Bed 1 Bath,390-306,,1,1,,769,9/7/2024,300,12,80%,1475,1.92,1475,1.92,2024-07-04,2024-07-23,20,0
Logger Creek at Parkcenter,1 Bed 1 Bath,390-306,,1,1,,769,9/12/2025,300,12,80%,1435,1.87,1435,1.87,2025-08-07,2025-08-15,9,0
Logger Creek at Parkcenter,1 Bed 1 Bath,320-305,,1,1,,769,5/3/2026,,12,80%,1435,1.87,1435,1.87,2026-03-19,2026-04-01,14,0
Logger Creek at Parkcenter,1 Bed 1 Bath,390-106,,1,1,,769,10/24/2024,300,12,80%,1480,1.92,1438,1.87,2024-09-21,2024-09-28,8,0
Logger Creek at Parkcenter,1 Bed 1 Bath,390-106,,1,1,,769,1/5/2026,300,12,80%,1435,1.87,1435,1.87,2025-12-03,2026-02-25,85,52
Logger Creek at Parkcenter,1 Bed 1 Bath,320-105,,1,1,,769,2/2/2026,,12,80%,1440,1.87,1440,1.87,2026-01-16,2026-02-26,42,25
Logger Creek at Parkcenter,1 Bed 1 Bath,320-102,,1,1,,769,9/16/2023,300,,80%,1262,1.64,1262,1.64,2023-09-16,2023-10-19,34,34
Logger Creek at Parkcenter,1 Bed 1 Bath,320-102,,1,1,,769,5/7/2025,300,12,80%,1385,1.8,1385,1.8,2025-04-15,2025-04-25,11,0
Logger Creek at Parkcenter,1 Bed 1 Bath,320-102,,1,1,,769,10/13/2025,300,12,80%,1445,1.88,1362,1.77,2025-09-11,2025-12-08,89,57
Logger Creek at Parkcenter,1 Bed 1 Bath,344-305,,1,1,,769,6/22/2025,300,12,80%,1445,1.88,1445,1.88,2025-05-14,2025-05-18,5,0
Logger Creek at Parkcenter,1 Bed 1 Bath,390-201,,1,1,,769,7/5/2024,300,12,80%,1450,1.89,1450,1.89,2024-05-25,2024-06-12,19,0
Logger Creek at Parkcenter,1 Bed 1 Bath,390-201,,1,1,,769,2/6/2026,300,12,80%,1450,1.89,1450,1.89,2025-12-17,2026-03-02,76,25
Logger Creek at Parkcenter,1 Bed 1 Bath,332-304,,1,1,,769,11/7/2025,300,12,80%,1450,1.89,1450,1.89,2025-10-28,2025-11-10,14,4
Logger Creek at Parkcenter,1 Bed 1 Bath,344-105,,1,1,,769,10/27/2024,300,12,80%,1405,1.83,1351,1.76,2024-09-23,2024-12-18,87,53
Logger Creek at Parkcenter,1 Bed 1 Bath,344-105,,1,1,,769,5/23/2025,300,12,80%,1455,1.89,1455,1.89,2025-04-04,2025-04-15,12,0
Logger Creek at Parkcenter,1 Bed 1 Bath,332-201,,1,1,,769,6/12/2024,300,12,80%,1465,1.91,1465,1.91,2024-05-10,2024-05-22,13,0
Logger Creek at Parkcenter,1 Bed 1 Bath,332-201,,1,1,,769,6/27/2025,300,12,80%,1465,1.91,1465,1.91,2025-05-21,2025-08-19,91,54
Logger Creek at Parkcenter,1 Bed 1 Bath,390-104,,1,1,,769,6/24/2024,300,12,80%,1475,1.92,1475,1.92,2023-12-28,2024-06-14,170,0
Logger Creek at Parkcenter,1 Bed 1 Bath,390-104,,1,1,,769,4/8/2026,,12,80%,1475,1.92,1475,1.92,2026-03-03,2026-03-07,5,0
Logger Creek at Parkcenter,1 Bed 1 Bath,332-204,,1,1,,769,6/14/2024,300,12,80%,1485,1.93,1485,1.93,2024-05-04,2024-06-20,48,7
Logger Creek at Parkcenter,1 Bed 1 Bath,378-203,,1,1,,769,10/7/2023,300,,80%,1395,1.81,1395,1.81,2023-09-16,2023-10-29,44,23
Logger Creek at Parkcenter,1 Bed 1 Bath,378-203,,1,1,,769,7/22/2026,,12,80%,1540,2,1540,2,2026-05-29,2026-06-04,7,0
Logger Creek at Parkcenter,1 Bed 1 Bath,298-301,,1,1,,769,7/30/2023,300,,80%,1445,1.88,1445,1.88,2023-06-24,2023-07-15,22,0
Logger Creek at Parkcenter,1 Bed 1 Bath,298-301,,1,1,,769,4/20/2024,,,80%,1450,1.89,1450,1.89,2024-03-16,2024-05-01,47,12
Logger Creek at Parkcenter,1 Bed 1 Bath,298-301,,1,1,,769,7/22/2026,300,,80%,1545,2.01,1545,2.01,2026-06-10,2026-06-13,4,0
Logger Creek at Parkcenter,1 Bed 1 Bath,378-301,,1,1,,769,2/4/2025,300,12,80%,1470,1.91,1470,1.91,2025-01-04,2025-05-14,131,100
Logger Creek at Parkcenter,1 Bed 1 Bath,378-301,,1,1,,769,5/29/2026,,12,80%,1555,2.02,1555,2.02,2026-04-17,2026-04-25,9,0
Logger Creek at Parkcenter,1 Bed 1 Bath,344-206,,1,1,,848,1/1/2024,300,,80%,1575,1.86,1575,1.86,2023-11-03,2024-03-16,135,76
Logger Creek at Parkcenter,1 Bed 1 Bath,344-206,,1,1,,848,10/15/2025,300,12,80%,1575,1.86,1575,1.86,2025-08-26,2025-10-30,66,16
Logger Creek at Parkcenter,1 Bed 1 Bath,344-206,,1,1,,848,4/15/2026,,12,80%,1475,1.74,1475,1.74,2026-03-07,2026-03-21,15,0
Logger Creek at Parkcenter,1 Bed 1 Bath,356-206,,1,1,,848,11/21/2023,300,,80%,1530,1.8,1530,1.8,2023-10-27,2023-12-29,64,39
Logger Creek at Parkcenter,1 Bed 1 Bath,344-306,,1,1,,848,12/19/2024,300,12,80%,1545,1.82,1486,1.75,2024-12-18,2025-02-04,49,48
Logger Creek at Parkcenter,1 Bed 1 Bath,344-106,,1,1,,848,2/7/2025,300,12,80%,1550,1.83,1490,1.76,2025-01-07,2025-01-09,3,0
Logger Creek at Parkcenter,1 Bed 1 Bath,344-106,,1,1,,848,8/15/2025,300,12,80%,1550,1.83,1550,1.83,2025-06-10,2025-06-14,5,0
Logger Creek at Parkcenter,2 bed 1 Bath,390-103,,2,1,,1086,,,,80%,1500,1.38,1500,1.38,2024-03-16,2024-05-01,47,47
Logger Creek at Parkcenter,2 bed 1 Bath,390-103,,2,1,,1086,2/20/2026,,12,80%,1655,1.52,1655,1.52,2026-01-30,2026-02-03,5,0
Logger Creek at Parkcenter,2 Bed 2 Bath,390-102,,2,2,,1086,9/28/2023,400,,80%,1630,1.5,1630,1.5,2023-09-19,2023-11-22,65,56
Logger Creek at Parkcenter,2 Bed 2 Bath,298-103,,2,2,,1086,10/26/2023,400,,80%,1650,1.52,1650,1.52,2023-09-27,2023-12-20,85,56
Logger Creek at Parkcenter,2 Bed 2 Bath,378-304,,2,2,,1086,9/16/2023,400,,80%,1532,1.41,1532,1.41,2023-09-16,2023-11-01,47,47
Logger Creek at Parkcenter,2 Bed 2 Bath,378-304,,2,2,,1086,8/23/2024,400,12,80%,1710,1.57,1710,1.57,2024-06-29,2024-07-01,3,0
Logger Creek at Parkcenter,2 Bed 2 Bath,378-304,,2,2,,1086,8/29/2025,400,12,80%,1650,1.52,1567,1.44,2025-07-31,2025-12-22,145,116
Logger Creek at Parkcenter,2 Bed 2 Bath,320-304,,2,2,,1086,6/19/2023,400,,80%,1675,1.54,1675,1.54,,2023-07-20,,
Logger Creek at Parkcenter,2 Bed 2 Bath,320-203,,2,2,,1086,7/6/2023,400,,80%,1675,1.54,1675,1.54,,2023-07-07,,
Logger Creek at Parkcenter,2 Bed 2 Bath,320-203,,2,2,,1086,5/13/2024,400,12,80%,1695,1.56,1695,1.56,2023-12-29,2024-06-22,177,41
Logger Creek at Parkcenter,2 Bed 2 Bath,332-202,,2,2,,1086,7/18/2023,400,,80%,1705,1.57,1705,1.57,,2023-06-18,,
Logger Creek at Parkcenter,2 Bed 2 Bath,332-202,,2,2,,1086,5/10/2024,400,12,80%,1695,1.56,1695,1.56,2024-03-20,2024-06-29,102,51
Logger Creek at Parkcenter,2 Bed 2 Bath,378-105,,2,2,,1086,9/21/2023,400,,80%,1830,1.69,1830,1.69,2023-09-16,2023-09-19,4,0
Logger Creek at Parkcenter,2 Bed 2 Bath,378-105,,2,2,,1086,12/15/2025,400,12,80%,1700,1.57,1700,1.57,2025-12-08,2026-03-09,92,85
Logger Creek at Parkcenter,2 Bed 2 Bath,390-303,,2,2,,1086,8/22/2023,400,,80%,1825,1.68,1825,1.68,2023-07-18,2023-09-27,72,37
Logger Creek at Parkcenter,2 Bed 2 Bath,390-303,,2,2,,1086,4/25/2025,400,12,80%,1825,1.68,1825,1.68,2025-03-31,2025-04-17,18,0
Logger Creek at Parkcenter,2 Bed 2 Bath,390-303,,2,2,,1086,11/7/2025,400,12,80%,1700,1.57,1558,1.43,2025-10-02,2026-03-16,166,130
Logger Creek at Parkcenter,2 Bed 2 Bath,378-302,,2,2,,1086,6/21/2023,400,,80%,1675,1.54,1675,1.54,,2023-07-26,,
Logger Creek at Parkcenter,2 Bed 2 Bath,378-302,,2,2,,1086,8/3/2024,400,12,80%,1710,1.57,1710,1.57,2024-07-01,2024-07-27,27,0
Logger Creek at Parkcenter,2 Bed 2 Bath,390-203,,2,2,,1086,3/5/2026,,12,80%,1710,1.57,1710,1.57,2026-02-27,2026-03-21,23,17
Logger Creek at Parkcenter,2 Bed 2 Bath,378-205,,2,2,,1086,4/22/2026,,12,80%,1710,1.57,1710,1.57,2026-03-20,2026-03-25,6,0
Logger Creek at Parkcenter,2 Bed 2 Bath,390-105,,2,2,,1086,3/6/2025,400,12,80%,1715,1.58,1715,1.58,2025-02-12,2025-04-09,57,35
Logger Creek at Parkcenter,2 Bed 2 Bath,320-103,,2,2,,1086,1/5/2024,400,,80%,1630,1.5,1630,1.5,2023-12-29,2024-03-16,79,72
Logger Creek at Parkcenter,2 Bed 2 Bath,320-103,,2,2,,1086,6/18/2024,400,12,80%,1715,1.58,1715,1.58,2024-06-17,2024-07-30,44,43
Logger Creek at Parkcenter,2 Bed 2 Bath,378-104,,2,2,,1086,9/19/2024,400,12,80%,1715,1.58,1673,1.54,2024-08-27,2024-10-10,45,22
Logger Creek at Parkcenter,2 Bed 2 Bath,320-303,,2,2,,1086,6/30/2023,400,,80%,1675,1.54,1675,1.54,,2023-09-16,,
Logger Creek at Parkcenter,2 Bed 2 Bath,320-303,,2,2,,1086,7/1/2024,400,12,80%,1710,1.57,1710,1.57,2023-12-30,2024-06-29,183,0
Logger Creek at Parkcenter,2 Bed 2 Bath,320-303,,2,2,,1086,7/21/2025,400,12,80%,1790,1.65,1790,1.65,2025-06-19,2025-06-24,6,0
Logger Creek at Parkcenter,2 Bed 2 Bath,320-303,,2,2,,1086,3/23/2026,,12,80%,1725,1.59,1725,1.59,2026-03-02,2026-03-27,26,5
Logger Creek at Parkcenter,2 Bed 2 Bath,378-102,,2,2,,1086,8/7/2024,400,12,80%,1715,1.58,1715,1.58,2024-07-01,2024-07-04,4,0
Logger Creek at Parkcenter,2 Bed 2 Bath,378-102,,2,2,,1086,2/17/2026,,12,80%,1730,1.59,1586,1.46,2026-01-19,2026-03-20,61,32
Logger Creek at Parkcenter,2 Bed 2 Bath,344-104,,2,2,,1086,10/27/2024,400,12,80%,1735,1.6,1693,1.56,2024-09-21,2024-09-27,7,0
Logger Creek at Parkcenter,2 Bed 2 Bath,344-104,,2,2,,1086,4/8/2025,400,12,80%,1735,1.6,1668,1.54,2025-04-01,2025-04-03,3,0
Logger Creek at Parkcenter,2 Bed 2 Bath,344-102,,2,2,,1086,5/7/2025,400,12,80%,1735,1.6,1735,1.6,2025-03-25,2025-04-04,11,0
Logger Creek at Parkcenter,2 Bed 2 Bath,356-104,,2,2,,1086,10/23/2024,400,12,80%,1735,1.6,1693,1.56,2024-09-20,2024-10-01,12,0
Logger Creek at Parkcenter,2 Bed 2 Bath,390-205,,2,2,,1086,9/16/2023,400,,80%,1655,1.52,1655,1.52,2023-09-16,2023-11-21,67,67
Logger Creek at Parkcenter,2 Bed 2 Bath,390-205,,2,2,,1086,12/7/2024,400,12,80%,1740,1.6,1673,1.54,2024-10-29,2024-11-25,28,0
Logger Creek at Parkcenter,2 Bed 2 Bath,332-103,,2,2,,1086,6/7/2024,400,12,80%,1745,1.61,1745,1.61,2024-05-02,2024-05-24,23,0
Logger Creek at Parkcenter,2 Bed 2 Bath,356-204,,2,2,,1086,12/26/2023,400,,80%,1660,1.53,1660,1.53,2023-11-24,2023-12-29,36,4
Logger Creek at Parkcenter,2 Bed 2 Bath,356-204,,2,2,,1086,6/8/2024,400,12,80%,1745,1.61,1745,1.61,2024-05-22,2024-06-12,22,5
Logger Creek at Parkcenter,2 Bed 2 Bath,378-305,,2,2,,1086,10/30/2025,400,12,80%,1750,1.61,1667,1.53,2025-09-30,2025-12-16,78,48
Logger Creek at Parkcenter,2 Bed 2 Bath,332-203,,2,2,,1086,12/9/2023,400,,80%,1600,1.47,1600,1.47,2023-11-21,2023-12-30,40,22
Logger Creek at Parkcenter,2 Bed 2 Bath,332-203,,2,2,,1086,9/4/2024,400,12,80%,1695,1.56,1653,1.52,2024-08-28,2024-10-28,62,55
Logger Creek at Parkcenter,2 Bed 2 Bath,332-203,,2,2,,1086,5/21/2026,,12,80%,1760,1.62,1760,1.62,2026-04-14,2026-04-16,3,0
Logger Creek at Parkcenter,2 Bed 2 Bath,378-202,,2,2,,1086,6/30/2026,,12,80%,1770,1.63,1770,1.63,2026-04-18,2026-04-22,5,0
Logger Creek at Parkcenter,2 Bed 2 Bath,390-302,,2,2,,1086,7/24/2023,400,,80%,1675,1.54,1675,1.54,2023-06-20,2023-06-23,4,0
Logger Creek at Parkcenter,2 Bed 2 Bath,390-302,,2,2,,1086,9/8/2025,400,12,80%,1790,1.65,1790,1.65,2025-07-31,2025-08-20,21,0
Logger Creek at Parkcenter,2 Bed 2 Bath,390-305,,2,2,,1086,7/23/2025,400,12,80%,1790,1.65,1790,1.65,2025-06-17,2025-06-21,5,0
Logger Creek at Parkcenter,2 Bed 2 Bath,332-302,,2,2,,1086,7/3/2024,400,12,80%,1755,1.62,1755,1.62,2024-06-22,2024-09-24,95,84
Logger Creek at Parkcenter,2 Bed 2 Bath,332-302,,2,2,,1086,6/13/2025,400,12,80%,1790,1.65,1790,1.65,2025-05-10,2025-06-06,28,0
Logger Creek at Parkcenter,2 Bed 2 Bath,356-304,,2,2,,1086,5/27/2024,400,,80%,1730,1.59,1730,1.59,2024-04-09,2024-05-04,26,0
Logger Creek at Parkcenter,2 Bed 2 Bath,356-304,,2,2,,1086,6/2/2026,,12,80%,1790,1.65,1790,1.65,2026-03-26,2026-04-11,17,0
Logger Creek at Parkcenter,2 Bed 2 Bath,344-302,,2,2,,1086,7/28/2024,400,,80%,1730,1.59,1730,1.59,2024-04-07,2024-05-03,27,0
Logger Creek at Parkcenter,2 Bed 2 Bath,344-302,,2,2,,1086,5/5/2025,400,12,80%,1795,1.65,1795,1.65,2025-03-08,2025-05-29,83,25
Logger Creek at Parkcenter,2 Bed 2 Bath,344-302,,2,2,,1086,7/25/2026,,12,80%,1820,1.68,1820,1.68,2026-05-19,2026-05-28,10,0
Logger Creek at Parkcenter,2 Bed 2 Bath,332-303,,2,2,,1086,2/11/2024,400,,80%,1610,1.48,1610,1.48,2023-12-21,2024-03-16,87,35
Logger Creek at Parkcenter,2 Bed 2 Bath,332-303,,2,2,,1086,4/24/2025,400,12,80%,1825,1.68,1825,1.68,2025-03-19,2025-05-09,52,16
Logger Creek at Parkcenter,2 Bed 2 Bath,378-204,,2,2,,1086,8/15/2023,400,,80%,1660,1.53,1660,1.53,2023-07-19,2023-12-13,148,121
Logger Creek at Parkcenter,2 Bed 2 Bath,378-204,,2,2,,1086,5/7/2025,400,12,80%,1775,1.63,1775,1.63,2025-04-08,2025-06-01,55,26
Logger Creek at Parkcenter,2 Bed 2 Bath,378-204,,2,2,,1086,7/10/2026,,12,80%,1825,1.68,1825,1.68,2026-05-13,2026-05-15,3,0
Logger Creek at Parkcenter,2 Bed 2 Bath,356-302,,2,2,,1086,8/15/2026,400,,80%,1850,1.7,1850,1.7,2026-07-08,2026-07-09,2,0
Logger Creek at Parkcenter,2 Bed 2 Bath,344-304,4,2,2,,1086,7/21/2024,400,12,80%,1730,1.59,1730,1.59,2024-06-12,2024-07-10,29,0
Logger Creek at Parkcenter,2 Bed 2 Bath,344-304,4,2,2,,1086,8/13/2025,400,12,80%,1795,1.65,1795,1.65,2025-07-08,2025-07-23,16,0
Logger Creek at Parkcenter,2 Bed 2 Bath,344-304,4,2,2,,1086,8/25/2026,,12,80%,1850,1.7,1850,1.7,2026-05-29,2026-05-30,2,0
Logger Creek at Parkcenter,2 Bed 2 Bath,356-103,,2,2,,1100,11/27/2023,400,,80%,1675,1.52,1675,1.52,2023-11-22,2023-11-24,3,0
Logger Creek at Parkcenter,2 Bed 2 Bath,344-301,,2,2,,1100,10/7/2023,400,,80%,1685,1.53,1685,1.53,2023-09-29,2023-12-20,83,75
Logger Creek at Parkcenter,2 Bed 2 Bath,356-101,,2,2,,1100,12/18/2023,400,,80%,1625,1.48,1625,1.48,2023-12-12,2023-12-21,10,4
Logger Creek at Parkcenter,2 Bed 2 Bath,356-101,,2,2,,1100,12/28/2025,400,12,80%,1727,1.57,1727,1.57,2025-11-26,2026-01-16,52,20
Logger Creek at Parkcenter,2 Bed 2 Bath,356-303,,2,2,,1100,5/14/2024,400,12,80%,1745,1.59,1745,1.59,2024-04-10,2024-06-08,60,26
Logger Creek at Parkcenter,2 Bed 2 Bath,344-101,,2,2,,1100,5/19/2024,400,12,80%,1790,1.63,1790,1.63,2024-04-21,2024-05-07,17,0
Logger Creek at Parkcenter,2 Bed 2 Bath,344-201,,2,2,,1100,6/4/2026,,12,80%,1800,1.64,1800,1.64,2026-04-16,2026-04-19,4,0
Logger Creek at Parkcenter,3 Bed 2 Bath,320-201,,3,2,,1646,2/14/2025,500,12,120%,2320,1.41,2320,1.41,2025-01-14,2025-05-03,110,79
Logger Creek at Parkcenter,3 Bed 2 Bath,320-201,,3,2,,1646,6/5/2026,,12,120%,2150,1.31,2150,1.31,2026-04-09,2026-04-22,14,0
Woodbine,1 Bedroom 1 Bathroom Renovated,Q152,,1,1,,850,6/5/2024,,,80%,1395,1.64,1279,1.5,2024-05-02,2024-05-07,6,0
Woodbine,1 Bedroom 1 Bathroom Renovated,W206,,1,1,,850,1/5/2025,,6,80%,1325,1.56,1325,1.56,2024-12-03,2025-03-18,106,73
Woodbine,1 Bedroom 1 Bathroom,S167,,1,1,,850,6/7/2024,,9,80%,1300,1.53,1300,1.53,2024-05-02,2024-05-30,29,0
Woodbine,1 Bedroom 1 Bathroom,S167,,1,1,,850,7/18/2025,,6,80%,1325,1.56,1325,1.56,2025-06-11,2025-08-27,78,41
Woodbine,1 Bedroom 1 Bathroom Renovated,Q148,,1,1,,850,4/23/2024,,,80%,1395,1.64,1279,1.5,2024-04-19,2024-05-06,18,14
Woodbine,1 Bedroom 1 Bathroom Renovated,Q148,,1,1,,850,6/22/2025,,12,80%,1325,1.56,1283,1.51,2025-05-02,2025-07-02,62,11
Woodbine,1 Bedroom 1 Bathroom Renovated,X218,,1,1,,850,1/23/2024,650,,80%,1295,1.52,1187,1.4,2023-11-29,2024-05-06,160,105
Woodbine,1 Bedroom 1 Bathroom Renovated,X218,,1,1,,850,12/7/2024,,6,80%,1325,1.56,1325,1.56,2024-12-04,2025-02-20,79,76
Woodbine,1 Bedroom 1 Bathroom,Q147,,1,1,,850,9/7/2024,,9,80%,1340,1.58,1340,1.58,2024-07-27,2024-08-03,8,0
Woodbine,1 Bedroom 1 Bathroom,S168,,1,1,,850,6/7/2024,,12,80%,1275,1.5,1169,1.38,2024-05-02,2024-05-24,23,0
Woodbine,1 Bedroom 1 Bathroom,S168,,1,1,,850,6/25/2025,,6,80%,1435,1.69,1435,1.69,2025-04-26,2025-05-03,8,0
Woodbine,1 Bedroom 1 Bathroom,S168,,1,1,,850,12/25/2025,,12,80%,1350,1.59,1288,1.52,2025-12-12,2026-01-30,50,37
Woodbine,1 Bedroom 1 Bathroom,V201,,1,1,,850,10/21/2024,,9,80%,1340,1.58,1340,1.58,2024-09-06,2024-09-10,5,0
Woodbine,1 Bedroom 1 Bathroom,V201,,1,1,,850,11/16/2025,,6,80%,1350,1.59,1350,1.59,2025-10-10,2026-02-08,122,85
Woodbine,1 Bedroom 1 Bathroom,W205,,1,1,,850,7/13/2024,,12,80%,1385,1.63,1270,1.49,2024-05-11,2024-05-16,6,0
Woodbine,1 Bedroom 1 Bathroom Renovated,X217,,1,1,,850,7/7/2024,,,80%,1395,1.64,1279,1.5,2024-05-06,2024-05-07,2,0
Woodbine,1 Bedroom 1 Bathroom Renovated,O135,,1,1,,850,4/6/2024,,12,80%,1350,1.59,1238,1.46,2024-03-01,2024-05-16,77,41
Woodbine,1 Bedroom 1 Bathroom Renovated,O135,,1,1,,850,6/29/2025,,12,80%,1399,1.65,1336,1.57,2025-06-26,2025-08-19,55,52
Woodbine,1 Bedroom 1 Bathroom Renovated,P139,,1,1,,850,7/14/2024,,9,80%,1400,1.65,1400,1.65,2024-06-08,2024-06-10,3,0
Woodbine,"Classic- 1 Bedroom, 1 Bathroom",W209,,1,1,,850,8/6/2023,400,,80%,1425,1.68,1425,1.68,2023-06-27,2023-07-04,8,0
Woodbine,1 Bedroom 1 Bathroom,O136,,1,1,,850,8/9/2023,400,,80%,1299,1.53,1299,1.53,2023-08-04,2023-08-15,12,7
Woodbine,1 Bedroom 1 Bathroom,O136,,1,1,,850,8/24/2024,,9,80%,1340,1.58,1340,1.58,2024-07-27,2024-09-04,40,12
Woodbine,1 Bedroom 1 Bathroom,O136,,1,1,,850,4/17/2026,,6,80%,1425,1.68,1425,1.68,2025-09-10,2026-04-30,233,14
Woodbine,1 Bedroom 1 Bathroom,X213,,1,1,,850,8/29/2025,,6,80%,1435,1.69,1435,1.69,2025-08-23,2025-08-30,8,2
Woodbine,1 Bedroom 1 Bathroom Renovated,Y226,,1,1,,850,8/15/2025,,12,80%,1450,1.71,1388,1.63,2025-07-10,2025-08-07,29,0
Woodbine,1 Bedroom 1 Bathroom Renovated,X214,,1,1,,850,12/31/2025,,12,80%,1450,1.71,1388,1.63,2025-12-11,2026-01-16,37,17
Woodbine,1 Bedroom 1 Bathroom Renovated,V202,,1,1,,850,6/16/2024,,12,80%,1435,1.69,1315,1.55,2024-05-14,2024-05-21,8,0
Woodbine,1 Bedroom 1 Bathroom Renovated,V202,,1,1,,850,6/22/2025,,6,80%,1450,1.71,1450,1.71,2025-04-23,2025-05-24,32,0
Woodbine,1 Bedroom 1 Bathroom Renovated,Q151,,1,1,,850,7/20/2023,650,,80%,1595,1.88,1595,1.88,2023-06-27,2023-08-04,39,16
Woodbine,1 Bedroom 1 Bathroom Renovated,Q151,,1,1,,850,7/31/2025,,12,80%,1510,1.78,1448,1.7,2025-07-22,2025-08-06,16,7
Woodbine,1 Bedroom 1 Bathroom Renovated,P144,,1,1,,850,8/23/2025,,12,80%,1510,1.78,1448,1.7,2025-07-24,2025-08-08,16,0
Woodbine,1 Bedroom 1 Bathroom Renovated,P144,,1,1,,850,3/25/2026,,6,80%,1550,1.82,1550,1.82,2026-02-25,2026-04-06,41,13
Woodbine,1 Bedroom 1 Bathroom,P140,,1,1,,850,7/20/2023,400,,80%,1500,1.76,1500,1.76,2023-06-28,2023-06-29,2,0
Woodbine,1 Bedroom 1 Bathroom,P140,,1,1,,850,7/5/2025,,6,80%,1300,1.53,1300,1.53,2025-06-17,2025-07-24,38,20
Woodbine,1 Bedroom 1 Bathroom,P140,,1,1,,850,7/3/2026,,6,80%,1615,1.9,1615,1.9,2026-06-26,2026-07-01,6,0
Woodbine,1 Bedroom 1 Bathroom Renovated,W210,,1,1,,850,1/4/2024,650,12,80%,1295,1.52,1187,1.4,2024-01-04,2024-05-18,136,136
Woodbine,1 Bedroom 1 Bathroom Renovated,W210,,1,1,,850,7/3/2025,,12,80%,1410,1.66,1368,1.61,2025-07-02,2025-07-03,2,1
Woodbine,1 Bedroom 1 Bathroom Renovated,W210,,1,1,,850,8/7/2026,,6,80%,1675,1.97,1675,1.97,2026-06-24,2026-07-02,9,0
Woodbine,1 Bedroom 1 Bathroom Renovated,Y222,,1,1,,850,10/12/2023,650,,80%,1595,1.88,1595,1.88,2023-10-07,2023-10-14,8,3
Woodbine,1 Bedroom 1 Bathroom Renovated,Y222,,1,1,,850,10/16/2025,,6,80%,1350,1.59,1350,1.59,2025-09-13,2026-01-09,119,86
Woodbine,1 Bedroom 1 Bathroom Renovated,Y222,,1,1,,850,9/6/2026,,6,80%,1675,1.97,1675,1.97,2026-07-11,,5,0
Woodbine,1 Bedroom 1 Bathroom Renovated,Y227,,1,1,,850,5/23/2026,,6,80%,1685,1.98,1685,1.98,2026-05-11,2026-05-13,3,0
Woodbine,2 Bedroom 2 Bathroom,P145,,2,2,,1105,11/28/2025,,6,80%,1475,1.33,1475,1.33,2025-11-18,2026-02-07,82,72
Woodbine,2 Bedroom 2 Bathroom,Y225,,2,2,,1105,9/10/2023,400,,80%,1625,1.47,1625,1.47,2023-09-09,2023-09-22,14,13
Woodbine,2 Bedroom 2 Bathroom,Y225,,2,2,,1105,1/7/2025,,6,80%,1525,1.38,1525,1.38,2024-11-20,2025-04-12,144,96
Woodbine,2 Bedroom 2 Bathroom,Q146,,2,2,,1105,7/17/2023,400,,80%,1625,1.47,1625,1.47,2023-06-24,2023-11-26,156,133
Woodbine,2 Bedroom 2 Bathroom,Q146,,2,2,,1105,12/14/2024,,12,80%,1600,1.45,1538,1.39,2024-11-08,2025-02-03,88,52
Woodbine,2 Bedroom 2 Bathroom,Q146,,2,2,,1105,2/21/2026,,6,80%,1525,1.38,1525,1.38,2026-01-14,2026-02-11,29,0
Woodbine,2 Bedroom 2 Bathroom,V203,,2,2,,1105,11/13/2025,,6,80%,1525,1.38,1525,1.38,2025-11-12,2026-02-03,84,83
Woodbine,"Classic- 2 Bedroom, 2 Bathroom",Y229,,2,2,,1105,8/22/2023,400,,80%,1525,1.38,1525,1.38,2023-07-19,2023-07-22,4,0
Woodbine,2 Bedroom 2 Bathroom,Y228,,2,2,,1105,6/20/2025,,6,80%,1599,1.45,1599,1.45,2025-05-03,2025-06-11,40,0
Woodbine,2 Bedroom 2 Bathroom,X216,,2,2,,1105,8/29/2023,400,,80%,1760,1.59,1760,1.59,2023-08-29,2023-08-30,2,2
Woodbine,2 Bedroom 2 Bathroom,X216,,2,2,,1105,1/11/2025,,6,80%,1600,1.45,1600,1.45,2024-12-28,2025-03-12,75,61
Woodbine,2 Bedroom 2 Bathroom,P142,,2,2,,1105,10/14/2025,,6,80%,1610,1.46,1610,1.46,2025-08-15,2025-09-11,28,0
Woodbine,2 Bedroom 2 Bathroom,S166,,2,2,,1105,7/31/2023,400,,80%,1625,1.47,1625,1.47,,2023-07-01,,
Woodbine,2 Bedroom 2 Bathroom,S166,,2,2,,1105,8/8/2025,,12,80%,1610,1.46,1548,1.4,2025-07-03,2025-07-29,27,0
Woodbine,2 Bedroom 2 Bathroom,P138,,2,2,,1105,5/7/2024,,,80%,1600,1.45,1467,1.33,2024-04-19,2024-05-07,19,1
Woodbine,2 Bedroom 2 Bathroom,P138,,2,2,,1105,5/30/2025,,12,80%,1610,1.46,1527,1.38,2025-05-24,2025-06-03,11,5
Woodbine,2 Bedroom 2 Bathroom,W211,,2,2,,1105,9/7/2025,,6,80%,1610,1.46,1610,1.46,2025-08-20,2025-09-27,39,21
Woodbine,2 Bedroom 2 Bathroom,P141,,2,2,,1105,11/7/2024,,9,80%,1575,1.43,1575,1.43,2024-09-28,2024-10-24,27,0
Woodbine,2 Bedroom 2 Bathroom,P141,,2,2,,1105,11/21/2025,,6,80%,1610,1.46,1610,1.46,2025-10-28,2025-10-29,2,0
Woodbine,2 Bedroom 2 Bathroom,X215,,2,2,,1105,7/6/2023,400,,80%,1675,1.52,1675,1.52,,2023-07-04,,
Woodbine,2 Bedroom 2 Bathroom,X215,,2,2,,1105,7/25/2024,,,80%,1625,1.47,1625,1.47,2024-06-12,2024-06-17,6,0
Woodbine,"Classic- 2 Bedroom, 2 Bathroom",O133,,2,2,,1105,9/20/2023,400,,80%,1625,1.47,1625,1.47,2023-08-01,2023-08-02,2,0
Woodbine,2 Bedroom 2 Bathroom Renovated,Y223,,2,2,,1105,11/28/2023,650,,80%,1695,1.53,1695,1.53,2023-11-01,2023-11-24,24,0
Woodbine,2 Bedroom 2 Bathroom Renovated,Y223,,2,2,,1105,6/21/2024,,9,80%,1675,1.52,1675,1.52,2024-05-10,2024-06-07,29,0
Woodbine,2 Bedroom 2 Bathroom Renovated,Y223,,2,2,,1105,7/7/2025,,6,80%,1650,1.49,1650,1.49,2025-06-21,2025-09-17,89,73
Woodbine,2 Bedroom 2 Bathroom,Q150,,2,2,,1105,5/9/2025,,6,80%,1600,1.45,1600,1.45,2025-03-14,2025-04-02,20,0
Woodbine,2 Bedroom 2 Bathroom,Q150,,2,2,,1105,5/15/2026,,6,80%,1675,1.52,1675,1.52,2026-03-16,2026-05-05,51,0
Woodbine,2 Bedroom 2 Bathroom Renovated,Y224,,2,2,,1105,10/6/2023,650,,80%,1880,1.7,1880,1.7,2023-08-10,2023-10-06,58,1
Woodbine,2 Bedroom 2 Bathroom Renovated,Y224,,2,2,,1105,6/22/2024,,12,80%,1675,1.52,1535,1.39,2024-05-17,2024-05-24,8,0
Woodbine,2 Bedroom 2 Bathroom Renovated,Y224,,2,2,,1105,7/11/2025,,12,80%,1699,1.54,1636,1.48,2025-06-04,2025-07-11,38,1
Woodbine,"Classic- 2 Bedroom, 2 Bathroom",S162,,2,2,,1105,8/8/2023,400,,80%,1700,1.54,1700,1.54,2023-08-08,2023-09-04,28,28
Woodbine,2 Bedroom 2 Bathroom Renovated,V200,,2,2,,1105,11/11/2023,650,,80%,1880,1.7,1880,1.7,2023-11-01,2023-11-24,24,14
Woodbine,2 Bedroom 2 Bathroom Renovated,V200,,2,2,,1105,1/16/2026,,12,80%,1725,1.56,1662,1.5,2025-11-22,2026-01-15,55,0
Woodbine,2 Bedroom 2 Bathroom Renovated,O134,,2,2,,1105,10/16/2023,650,,80%,1880,1.7,1880,1.7,2023-10-03,2023-11-17,46,33
Woodbine,2 Bedroom 2 Bathroom Renovated,O134,,2,2,,1105,5/23/2024,,,80%,1800,1.63,1650,1.49,2024-04-19,2024-05-07,19,0
Woodbine,2 Bedroom 2 Bathroom Renovated,W207,,2,2,,1105,8/23/2024,,9,80%,1725,1.56,1725,1.56,2024-07-12,2024-09-07,58,16
Woodbine,2 Bedroom 2 Bathroom Renovated,W207,,2,2,,1105,2/26/2026,,6,80%,1800,1.63,1800,1.63,2026-01-24,2026-04-09,76,43
Woodbine,2 Bedroom 2 Bathroom Renovated,X212,,2,2,,1105,6/7/2025,,12,80%,1775,1.61,1692,1.53,2025-05-02,2025-05-24,23,0
Woodbine,2 Bedroom 2 Bathroom Renovated,X212,,2,2,,1105,7/19/2026,,6,80%,1890,1.71,1890,1.71,2026-06-09,2026-06-22,14,0
Student | Identity Boise,Sx1,Private,,0,1,,322,,,12 Month (08/15/2026 - 07/31/2027),80%,1389,4.31,1389,4.31,2026-04-02,2026-07-14,104,104
Student | Identity Boise,Sx1,Private - Sx1,,0,1,,322,6/30/2023,,,80%,1449,4.5,1449,4.5,2023-06-30,2024-12-03,523,523
Student | Identity Boise,Sx1,Private - Sx1,,0,1,,322,12/12/2024,,,80%,1449,4.5,1407,4.37,2025-08-29,2026-04-02,217,217
Student | Identity Boise,Sx1,Private - Sx1,,0,1,,322,Now,,,80%,1449,4.5,1449,4.5,2026-07-14,,2,2
Student | Identity Boise,Sx1,Private,,0,1,,322,,,12 Month (08/15/2024 - 07/31/2025),80%,1449,4.5,1449,4.5,2024-06-27,2024-09-11,77,77
Student | Identity Boise,Sx1,Private,,0,1,,322,,,12 Month (08/15/2024 - 07/31/2025),80%,1449,4.5,1328,4.12,2025-02-28,2025-08-01,155,155
Student | Identity Boise,Sx1,Private - Sx1 (1),,0,1,,322,8/16/2025,,,80%,1479,4.59,1479,4.59,2023-06-30,2024-12-03,523,0
Student | Identity Boise,Sx1,Private - Sx1 (1),,0,1,,322,8/16/2025,,,80%,1479,4.59,1437,4.46,2025-08-29,2026-04-02,217,217
Student | Identity Boise,Sx1,Private - Sx1 (1),,0,1,,322,Now,,,80%,1479,4.59,1479,4.59,2026-07-14,,2,2
Student | Identity Boise,Sx1,Private,,0,1,,322,,,12 Month (08/16/2025 - 07/31/2026),80%,1479,4.59,1232,3.83,2024-12-03,2025-08-29,270,270
Student | Identity Boise,Sx1,Private,,0,1,,322,,,12 Month (08/16/2025 - 07/31/2026),80%,1479,4.59,1479,4.59,2026-04-02,2026-07-14,104,104
Student | Identity Boise,Sx1 Large,Private,,0,1,,344,,,12 Month (08/15/2026 - 07/31/2027),80%,1409,4.1,1409,4.1,2026-04-02,2026-07-14,104,104
Student | Identity Boise,Sx1 Large,Private - Sx1 Large,,0,1,,344,6/30/2023,,,80%,1489,4.33,1489,4.33,2023-06-30,2024-12-03,523,523
Student | Identity Boise,Sx1 Large,Private - Sx1 Large,,0,1,,344,12/12/2024,,,80%,1489,4.33,1447,4.21,2025-08-29,2026-04-02,217,217
Student | Identity Boise,Sx1 Large,Private - Sx1 Large,,0,1,,344,Now,,,80%,1489,4.33,1489,4.33,2026-07-14,,2,2
Student | Identity Boise,Sx1 Large,Private,,0,1,,344,,,12 Month (08/15/2024 - 07/31/2025),80%,1489,4.33,1489,4.33,2024-06-27,2024-09-11,77,77
Student | Identity Boise,Sx1 Large,Private,,0,1,,344,,,12 Month (08/15/2024 - 07/31/2025),80%,1489,4.33,1365,3.97,2025-02-28,2025-08-01,155,155
Student | Identity Boise,Sx1 Large,Private,,0,1,,344,,,12 Month (08/16/2025 - 07/31/2026),120%,1534,4.46,1278,3.72,2024-12-03,2025-08-29,270,270
Student | Identity Boise,Sx1 Large,Private,,0,1,,344,,,12 Month (08/16/2025 - 07/31/2026),120%,1534,4.46,1534,4.46,2026-04-02,2026-07-14,104,104
Student | Identity Boise,Sx1 Large,Private - Sx1 Large (1),,0,1,,344,8/16/2025,,,120%,1534,4.46,1534,4.46,2023-06-30,2024-12-03,523,0
Student | Identity Boise,Sx1 Large,Private - Sx1 Large (1),,0,1,,344,8/16/2025,,,120%,1534,4.46,1492,4.34,2025-08-29,2026-04-02,217,217
Student | Identity Boise,Sx1 Large,Private - Sx1 Large (1),,0,1,,344,Now,,,120%,1534,4.46,1534,4.46,2026-07-14,,2,2
Student | Identity Boise,2x2,Private,,2,2,,560,,,12 Month (08/16/2025 - 07/31/2026),50%,829,1.48,691,1.23,2024-12-03,2025-08-29,270,270
Student | Identity Boise,2x2,Private,,2,2,,560,,,12 Month (08/16/2025 - 07/31/2026),50%,829,1.48,829,1.48,2026-04-02,2026-07-14,104,104
Student | Identity Boise,2x2,Private,,2,2,,560,,,12 Month (08/15/2024 - 07/31/2025),50%,939,1.68,861,1.54,2024-06-27,2024-09-11,77,77
Student | Identity Boise,2x2,Private,,2,2,,560,,,12 Month (08/15/2024 - 07/31/2025),50%,939,1.68,861,1.54,2025-02-28,2025-08-01,155,155
Student | Identity Boise,2x2,Private - 2x2,,2,2,,560,6/30/2023,,,50%,939,1.68,939,1.68,2023-06-30,2024-12-03,523,523
Student | Identity Boise,2x2,Private - 2x2,,2,2,,560,12/12/2024,,,50%,939,1.68,897,1.6,2025-08-29,2026-04-02,217,217
Student | Identity Boise,2x2,Private - 2x2,,2,2,,560,Now,,,50%,939,1.68,939,1.68,2026-07-14,,2,2
Student | Identity Boise,2x2,Private,,2,2,,560,,,12 Month (08/15/2026 - 07/31/2027),50%,969,1.73,969,1.73,2026-04-02,2026-07-14,104,104
Student | Identity Boise,2x2,Private - 2x2 (1),,2,2,,560,8/16/2025,,,50%,1069,1.91,1069,1.91,2023-06-30,2024-12-03,523,0
Student | Identity Boise,2x2,Private - 2x2 (1),,2,2,,560,8/16/2025,,,50%,1069,1.91,1027,1.83,2025-08-29,2026-04-02,217,217
Student | Identity Boise,2x2,Private - 2x2 (1),,2,2,,560,Now,,,50%,1069,1.91,1069,1.91,2026-07-14,,2,2
Student | Identity Boise,2x2 Large,Private,,2,2,,650,,,12 Month (08/16/2025 - 07/31/2026),50%,849,1.31,708,1.09,2024-12-03,2025-08-29,270,270
Student | Identity Boise,2x2 Large,Private,,2,2,,650,,,12 Month (08/16/2025 - 07/31/2026),50%,849,1.31,849,1.31,2026-04-02,2026-07-14,104,104
Student | Identity Boise,2x2 Large,Private - 2x2 Large,,2,2,,650,6/30/2023,,,50%,949,1.46,949,1.46,2023-06-30,2024-12-03,523,523
Student | Identity Boise,2x2 Large,Private - 2x2 Large,,2,2,,650,12/12/2024,,,50%,949,1.46,907,1.4,2025-08-29,2026-04-02,217,217
Student | Identity Boise,2x2 Large,Private - 2x2 Large,,2,2,,650,Now,,,50%,949,1.46,949,1.46,2026-07-14,,2,2
Student | Identity Boise,2x2 Large,Private,,2,2,,650,,,12 Month (08/15/2024 - 07/31/2025),50%,949,1.46,870,1.34,2024-06-27,2024-09-11,77,77
Student | Identity Boise,2x2 Large,Private,,2,2,,650,,,12 Month (08/15/2024 - 07/31/2025),50%,949,1.46,870,1.34,2025-02-28,2025-08-01,155,155
Student | Identity Boise,2x2 Large,Private,,2,2,,650,,,12 Month (08/15/2026 - 07/31/2027),50%,979,1.51,979,1.51,2026-04-02,2026-07-14,104,104
Student | Identity Boise,2x2 Large,Private - 2x2 Large (1),,2,2,,650,8/16/2025,,,50%,1079,1.66,1079,1.66,2023-06-30,2024-12-03,523,0
Student | Identity Boise,2x2 Large,Private - 2x2 Large (1),,2,2,,650,8/16/2025,,,50%,1079,1.66,1037,1.6,2025-08-29,2026-04-02,217,217
Student | Identity Boise,2x2 Large,Private - 2x2 Large (1),,2,2,,650,Now,,,50%,1079,1.66,1079,1.66,2026-07-14,,2,2
Student | Identity Boise,,ID1261700P,,3,3,,850,12/17/2028,,,--,3300,3.88,3300,3.88,2025-12-18,2025-12-19,2,0
Student | Identity Boise,3x3,Standard,,3,3,,885,,,12 Month (08/16/2025 - 07/31/2026),30%,779,0.88,649,0.73,2024-12-03,2025-08-29,270,270
Student | Identity Boise,3x3,Standard,,3,3,,885,,,12 Month (08/16/2025 - 07/31/2026),30%,779,0.88,779,0.88,2026-04-02,2026-07-14,104,104
Student | Identity Boise,3x3,Standard,,3,3,,885,,,12 Month (08/15/2026 - 07/31/2027),30%,789,0.89,789,0.89,2026-04-02,2026-07-14,104,104
Student | Identity Boise,3x3,Master,,3,3,,885,,,12 Month (08/16/2025 - 07/31/2026),30%,799,0.9,666,0.75,2024-12-03,2025-08-29,270,270
Student | Identity Boise,3x3,Master,,3,3,,885,,,12 Month (08/16/2025 - 07/31/2026),30%,799,0.9,799,0.9,2026-04-02,2026-07-14,104,104
Student | Identity Boise,3x3,Standard - 3x3,3,3,3,,885,6/30/2023,,,50%,844,0.95,844,0.95,2023-06-30,2024-12-03,523,523
Student | Identity Boise,3x3,Standard - 3x3,3,3,3,,885,12/12/2024,,,50%,844,0.95,802,0.91,2025-08-29,2026-04-02,217,217
Student | Identity Boise,3x3,Standard - 3x3,3,3,3,,885,Now,,,50%,844,0.95,844,0.95,2026-07-14,,2,2
Student | Identity Boise,3x3,Standard,,3,3,,885,,,12 Month (08/15/2024 - 07/31/2025),50%,844,0.95,823,0.93,2024-06-27,2024-09-11,77,77
Student | Identity Boise,3x3,Standard,,3,3,,885,,,12 Month (08/15/2024 - 07/31/2025),50%,844,0.95,774,0.87,2025-02-28,2025-08-01,155,155
Student | Identity Boise,3x3,Master - 3x3,,3,3,,885,6/30/2023,,,50%,849,0.96,849,0.96,2023-06-30,2024-12-03,523,523
Student | Identity Boise,3x3,Master - 3x3,,3,3,,885,12/12/2024,,,50%,849,0.96,807,0.91,2025-08-29,2026-04-02,217,217
Student | Identity Boise,3x3,Master - 3x3,,3,3,,885,Now,,,50%,849,0.96,849,0.96,2026-07-14,,2,2
Student | Identity Boise,3x3,Master,,3,3,,885,,,12 Month (08/15/2026 - 07/31/2027),50%,849,0.96,849,0.96,2026-04-02,2026-07-14,104,104
Student | Identity Boise,3x3,Master,,3,3,,885,,,12 Month (08/15/2024 - 07/31/2025),50%,849,0.96,828,0.94,2024-06-27,2024-09-11,77,77
Student | Identity Boise,3x3,Master,,3,3,,885,,,12 Month (08/15/2024 - 07/31/2025),50%,849,0.96,778,0.88,2025-02-28,2025-08-01,155,155
Student | Identity Boise,3x3,Standard,,3,3,,885,8/13/2023,,,50%,899,1.02,749,0.85,2023-08-01,2023-09-25,56,44
Student | Identity Boise,3x3,Standard - 3x3 (1),,3,3,,885,8/16/2025,,,50%,944,1.07,944,1.07,2023-06-30,2024-12-03,523,0
Student | Identity Boise,3x3,Standard - 3x3 (1),,3,3,,885,8/16/2025,,,50%,944,1.07,902,1.02,2025-08-29,2026-04-02,217,217
Student | Identity Boise,3x3,Standard - 3x3 (1),,3,3,,885,Now,,,50%,944,1.07,944,1.07,2026-07-14,,2,2
Student | Identity Boise,3x3,Master - 3x3 (1),,3,3,,885,8/16/2025,,,50%,959,1.08,959,1.08,2023-06-30,2024-12-03,523,0
Student | Identity Boise,3x3,Master - 3x3 (1),,3,3,,885,8/16/2025,,,50%,959,1.08,917,1.04,2025-08-29,2026-04-02,217,217
Student | Identity Boise,3x3,Master - 3x3 (1),,3,3,,885,Now,,,50%,959,1.08,959,1.08,2026-07-14,,2,2
Student | Identity Boise,4x4,Private,,4,4,,1215,,,12 Month (08/16/2025 - 07/31/2026),30%,779,0.64,649,0.53,2024-12-03,2025-08-29,270,270
Student | Identity Boise,4x4,Private,,4,4,,1215,,,12 Month (08/16/2025 - 07/31/2026),30%,779,0.64,779,0.64,2026-04-02,2026-07-14,104,104
Student | Identity Boise,4x4,Private,,4,4,,1215,,,12 Month (08/15/2026 - 07/31/2027),30%,859,0.71,859,0.71,2026-04-02,2026-07-14,104,104
Student | Identity Boise,4x4,Private,,4,4,,1215,,,12 Month (08/15/2024 - 07/31/2025),50%,899,0.74,878,0.72,2024-06-27,2024-09-11,77,77
Student | Identity Boise,4x4,Private,,4,4,,1215,,,12 Month (08/15/2024 - 07/31/2025),50%,899,0.74,824,0.68,2025-02-28,2025-08-01,155,155
Student | Identity Boise,4x4,Private - 4x4,,4,4,,1215,6/30/2023,,,50%,899,0.74,899,0.74,2023-06-30,2024-12-03,523,523
Student | Identity Boise,4x4,Private - 4x4,,4,4,,1215,12/12/2024,,,50%,899,0.74,857,0.71,2025-08-29,2026-04-02,217,217
Student | Identity Boise,4x4,Private - 4x4,,4,4,,1215,Now,,,50%,899,0.74,899,0.74,2026-07-14,,2,2
Student | Identity Boise,4x4,Private - 4x4 (1),,4,4,,1215,8/16/2025,,,50%,949,0.78,949,0.78,2023-06-30,2024-12-03,523,0
Student | Identity Boise,4x4,Private - 4x4 (1),,4,4,,1215,8/16/2025,,,50%,949,0.78,907,0.75,2025-08-29,2026-04-02,217,217
Student | Identity Boise,4x4,Private - 4x4 (1),,4,4,,1215,Now,,,50%,949,0.78,949,0.78,2026-07-14,,2,2
Student | Identity Boise,5x4,Standard,,5,4,,1600,,,12 Month (08/15/2026 - 07/31/2027),30%,919,0.57,919,0.57,2026-04-02,2026-07-14,104,104
Student | Identity Boise,5x4,Master,,5,4,,1600,,,12 Month (08/15/2026 - 07/31/2027),50%,939,0.59,939,0.59,2026-04-02,2026-07-14,104,104
Student | Identity Boise,5x4,Standard,,5,4,,1600,,,12 Month (08/15/2024 - 07/31/2025),50%,989,0.62,989,0.62,2024-06-27,2024-09-11,77,77
Student | Identity Boise,5x4,Standard,,5,4,,1600,,,12 Month (08/15/2024 - 07/31/2025),50%,989,0.62,907,0.57,2025-02-28,2025-08-01,155,155
Student | Identity Boise,5x4,Standard - 5x4,,5,4,,1600,6/30/2023,,,50%,989,0.62,989,0.62,2023-06-30,2024-12-03,523,523
Student | Identity Boise,5x4,Standard - 5x4,,5,4,,1600,12/12/2024,,,50%,989,0.62,947,0.59,2025-08-29,2026-04-02,217,217
Student | Identity Boise,5x4,Standard - 5x4,,5,4,,1600,Now,,,50%,989,0.62,989,0.62,2026-07-14,,2,2
Student | Identity Boise,5x4,Master - 5x4,,5,4,,1600,6/30/2023,,,50%,1009,0.63,1009,0.63,2023-06-30,2024-12-03,523,523
Student | Identity Boise,5x4,Master - 5x4,,5,4,,1600,12/12/2024,,,50%,1009,0.63,967,0.6,2025-08-29,2026-04-02,217,217
Student | Identity Boise,5x4,Master - 5x4,,5,4,,1600,Now,,,50%,1009,0.63,1009,0.63,2026-07-14,,2,2
Student | Identity Boise,5x4,Master,,5,4,,1600,,,12 Month (08/15/2024 - 07/31/2025),50%,1009,0.63,1009,0.63,2024-06-27,2024-09-11,77,77
Student | Identity Boise,5x4,Master,,5,4,,1600,,,12 Month (08/15/2024 - 07/31/2025),50%,1009,0.63,925,0.58,2025-02-28,2025-08-01,155,155
Student | Identity Boise,5x4,Standard - 5x4 (1),,5,4,,1600,8/16/2025,,,50%,1029,0.64,1029,0.64,2023-09-25,2024-12-03,436,0
Student | Identity Boise,5x4,Standard - 5x4 (1),,5,4,,1600,8/16/2025,,,50%,1029,0.64,987,0.62,2025-08-29,2026-04-02,217,217
Student | Identity Boise,5x4,Standard - 5x4 (1),,5,4,,1600,Now,,,50%,1029,0.64,1029,0.64,2026-07-14,,2,2
Student | Identity Boise,5x4,Standard,,5,4,,1600,,,12 Month (08/16/2025 - 07/31/2026),50%,1029,0.64,858,0.54,2024-12-03,2025-08-29,270,270
Student | Identity Boise,5x4,Standard,,5,4,,1600,,,12 Month (08/16/2025 - 07/31/2026),50%,1029,0.64,1029,0.64,2026-04-02,2026-07-14,104,104
Student | Identity Boise,5x4,Master,,5,4,,1600,,,12 Month (08/16/2025 - 07/31/2026),50%,1049,0.66,874,0.55,2024-12-03,2025-08-29,270,270
Student | Identity Boise,5x4,Master,,5,4,,1600,,,12 Month (08/16/2025 - 07/31/2026),50%,1049,0.66,1049,0.66,2026-04-02,2026-07-14,104,104
Student | Identity Boise,5x4,Master - 5x4 (1),,5,4,,1600,8/16/2025,,,50%,1049,0.66,1049,0.66,2023-06-30,2024-12-03,523,0
Student | Identity Boise,5x4,Master - 5x4 (1),,5,4,,1600,8/16/2025,,,50%,1049,0.66,1007,0.63,2025-08-29,2026-04-02,217,217
Student | Identity Boise,5x4,Master - 5x4 (1),,5,4,,1600,Now,,,50%,1049,0.66,1049,0.66,2026-07-14,,2,2
Student | Identity Boise,5x5,Private - 5x5,,5,5,,1625,6/30/2023,,,30%,749,0.46,749,0.46,2023-06-30,2024-12-03,523,523
Student | Identity Boise,5x5,Private - 5x5,,5,5,,1625,12/12/2024,,,30%,749,0.46,707,0.44,2025-08-29,2026-04-02,217,217
Student | Identity Boise,5x5,Private - 5x5,,5,5,,1625,Now,,,30%,749,0.46,749,0.46,2026-07-14,,2,2
Student | Identity Boise,5x5,Private,,5,5,,1625,,,12 Month (08/15/2024 - 07/31/2025),30%,749,0.46,749,0.46,2024-06-27,2024-09-11,77,77
Student | Identity Boise,5x5,Private,,5,5,,1625,,,12 Month (08/15/2024 - 07/31/2025),30%,749,0.46,687,0.42,2025-02-28,2025-08-01,155,155
Student | Identity Boise,5x5,Private,,5,5,,1625,,,12 Month (08/16/2025 - 07/31/2026),30%,749,0.46,624,0.38,2024-12-03,2025-08-29,270,270
Student | Identity Boise,5x5,Private,,5,5,,1625,,,12 Month (08/16/2025 - 07/31/2026),30%,749,0.46,749,0.46,2026-04-02,2026-07-14,104,104
Student | Identity Boise,5x5,Private,,5,5,,1625,,,12 Month (08/15/2026 - 07/31/2027),30%,759,0.47,759,0.47,2026-04-02,2026-07-14,104,104
Student | Identity Boise,5x5,Private - 5x5 (1),,5,5,,1625,8/16/2025,,,50%,969,0.6,969,0.6,2023-06-30,2024-12-03,523,0
Student | Identity Boise,5x5,Private - 5x5 (1),,5,5,,1625,8/16/2025,,,50%,969,0.6,927,0.57,2025-08-29,2026-04-02,217,217
Student | Identity Boise,5x5,Private - 5x5 (1),,5,5,,1625,Now,,,50%,969,0.6,969,0.6,2026-07-14,,2,2
Clearwater Apartments,1 beds  1.0 baths (750 sqft),66-103,1,1,1,,750,8/26/2024,1195,,60%,1195,1.59,1195,1.59,2024-08-20,2024-12-20,123,117
Clearwater Apartments,67-204,67-204,2,1,1,,750,7/18/2023,1199,,60%,1199,1.6,1199,1.6,2023-08-17,2024-02-07,175,175
Clearwater Apartments,66-302,66-302,3,1,1,,750,1/20/2024,1199,,60%,1199,1.6,1199,1.6,2023-12-16,2024-02-16,63,28
Clearwater Apartments,66-102,66-102,1,1,1,,750,2/10/2024,1199,,60%,1199,1.6,1199,1.6,2024-02-07,2024-02-25,19,16
Clearwater Apartments,66-203,66-203,2,1,1,,750,2/27/2024,1199,,60%,1199,1.6,1199,1.6,2024-01-13,2024-03-22,70,25
Clearwater Apartments,1 beds  1.0 baths (750 sqft),68-206,2,1,1,,750,4/15/2024,1199,,60%,1199,1.6,1199,1.6,2024-01-26,2024-03-19,54,0
Clearwater Apartments,1 beds  1.0 baths (750 sqft),68-206,2,1,1,,750,5/2/2025,1225,,60%,1225,1.63,1225,1.63,2025-04-08,2025-04-30,23,0
Clearwater Apartments,,105,,1,1,,750,3/29/2025,1225,,60%,1225,1.63,1225,1.63,2025-02-20,2025-04-07,47,10
Clearwater Apartments,,102,,1,1,,750,2/12/2025,1575,,60%,1575,2.1,1575,2.1,2025-02-12,2025-04-02,50,50
Clearwater Apartments,,102,,1,1,,750,3/19/2026,1325,,60%,1225,1.63,1225,1.63,2026-01-28,2026-02-10,14,0
Clearwater Apartments,1 beds  1.0 baths (750 sqft),68-106,1,1,1,,750,7/17/2024,1325,,60%,1325,1.77,1325,1.77,2024-08-08,2024-08-25,18,18
Clearwater Apartments,1 beds  1.0 baths (750 sqft),68-106,1,1,1,,750,3/29/2025,1275,,60%,1275,1.7,1275,1.7,2025-04-07,2025-05-06,30,30
Clearwater Apartments,68-306,68-306,3,1,1,,750,8/18/2023,1295,,80%,1295,1.73,1295,1.73,2023-08-17,2023-09-05,20,19
Clearwater Apartments,Clearwater_1x1_750sf,66-301,3,1,1,,750,6/14/2024,1199,,80%,1295,1.73,1295,1.73,2024-03-26,2024-04-06,12,0
Clearwater Apartments,Clearwater_1x1_750sf,66-301,3,1,1,,750,6/14/2024,,,80%,1295,1.73,1295,1.73,2024-07-10,2024-07-11,2,2
Clearwater Apartments,1 beds  1.0 baths (750 sqft),69-305,3,1,1,,750,9/7/2024,1325,,80%,1325,1.77,1325,1.77,2024-08-20,2024-08-27,8,0
Clearwater Apartments,Clearwater_1x1_750sf,66-101,1,1,1,,750,1/18/2024,1199,,80%,1199,1.6,1199,1.6,2023-12-13,2024-02-05,55,19
Clearwater Apartments,Clearwater_1x1_750sf,66-101,1,1,1,,750,10/14/2025,,,80%,1325,1.77,1325,1.77,2025-12-15,2025-12-16,2,2
Clearwater Apartments,,303,,1,1,,750,7/14/2026,1325,,80%,1375,1.83,1375,1.83,2026-04-07,2026-04-14,8,0
Clearwater Apartments,67-303,67-303,3,2,2,,1000,10/1/2023,1495,,80%,1495,1.5,1495,1.5,2023-08-15,2023-09-27,44,0
Clearwater Apartments,67-103,67-103,1,2,2,,1000,9/7/2023,1495,,80%,1495,1.5,1495,1.5,2023-07-22,2023-08-01,11,0
Clearwater Apartments,69-303,69-303,3,2,2,,1000,9/15/2023,1495,,80%,1495,1.5,1495,1.5,2023-08-17,2023-09-02,17,0
Clearwater Apartments,68-101,68-101,1,2,2,,1000,8/14/2023,1495,,80%,1495,1.5,1495,1.5,2023-06-29,2023-07-08,10,0
Clearwater Apartments,68-204,68-204,2,2,2,,1000,6/25/2024,1495,,80%,1495,1.5,1495,1.5,2024-03-27,2024-04-02,7,0
Clearwater Apartments,67-302,67-302,3,2,2,,1000,10/3/2023,1495,,80%,1495,1.5,1495,1.5,2023-08-22,2023-09-20,30,0
Clearwater Apartments,2 beds  2.0 baths (1000 sqft),68-304,3,2,2,,1000,7/17/2024,1525,,80%,1525,1.53,1525,1.53,2024-07-10,2024-07-26,17,10
Clearwater Apartments,2 beds  2.0 baths (1000 sqft),69-102,1,2,2,,1000,10/9/2023,1495,,80%,1495,1.5,1495,1.5,2023-08-17,2023-08-22,6,0
Clearwater Apartments,2 beds  2.0 baths (1000 sqft),69-102,1,2,2,,1000,10/19/2024,1525,,80%,1525,1.53,1525,1.53,2024-09-05,2024-09-23,19,0
Clearwater Apartments,2 beds  2.0 baths (1000 sqft),68-103,1,2,2,,1000,9/3/2024,1525,,80%,1525,1.53,1525,1.53,2024-08-20,2024-09-20,32,18
Clearwater Apartments,2 beds  2.0 baths (1000 sqft),68-202,2,2,2,,1000,8/15/2023,1495,,80%,1495,1.5,1495,1.5,2023-06-30,2023-07-01,2,0
Clearwater Apartments,2 beds  2.0 baths (1000 sqft),68-202,2,2,2,,1000,9/2/2024,1525,,80%,1525,1.53,1525,1.53,2024-08-20,2024-09-20,32,19
Clearwater Apartments,2 beds  2.0 baths (1000 sqft),67-203,2,2,2,,1000,8/15/2023,1495,,80%,1495,1.5,1495,1.5,,2023-06-21,,
Clearwater Apartments,2 beds  2.0 baths (1000 sqft),67-203,2,2,2,,1000,9/7/2024,1525,,80%,1525,1.53,1525,1.53,2024-08-20,2024-09-15,27,9
Clearwater Apartments,2 beds  2.0 baths (1000 sqft),68-102,1,2,2,,1000,8/30/2024,1525,,80%,1525,1.53,1525,1.53,2024-08-20,2024-09-12,24,14
Clearwater Apartments,2 beds  2.0 baths (1000 sqft),69-104,1,2,2,,1000,3/6/2024,1525,,80%,1525,1.53,1525,1.53,2024-02-08,2024-05-11,94,67
Clearwater Apartments,2 beds  2.0 baths (1000 sqft),68-301,3,2,2,,1000,6/14/2024,1525,,80%,1525,1.53,1525,1.53,2024-05-02,2024-05-09,8,0
Clearwater Apartments,,204,,2,2,,1000,2/14/2025,1575,,80%,1575,1.58,1575,1.58,2024-12-20,2025-03-10,81,25
Clearwater Apartments,,305,,2,2,,1000,8/2/2025,1595,,80%,1595,1.6,1595,1.6,2025-06-10,2025-07-03,24,0
Clearwater Apartments,,201,,2,2,,1000,5/28/2026,1500,,80%,1595,1.6,1595,1.6,2026-04-15,2026-04-23,9,0
Clearwater Apartments,,203,,2,2,,1000,7/14/2025,1595,,80%,1595,1.6,1595,1.6,2025-06-10,2025-06-24,15,0
Clearwater Apartments,,202,,2,2,,1000,9/27/2024,1525,,80%,1525,1.53,1525,1.53,2024-09-24,2024-09-28,5,2
Clearwater Apartments,,202,,2,2,,1000,9/7/2025,1595,,80%,1595,1.6,1595,1.6,2025-07-04,2025-07-19,16,0
Clearwater Apartments,2 beds  2.0 baths (1000 sqft),67-301,3,2,2,,1000,4/22/2024,1525,,80%,1625,1.63,1625,1.63,2024-03-12,2024-09-05,178,137
Clearwater Apartments,,101,,2,2,,1000,10/14/2025,1325,,80%,1325,1.33,1325,1.33,2025-08-09,2025-12-15,129,63
Clearwater Apartments,,101,,2,2,,1000,8/2/2026,1500,,80%,1650,1.65,1650,1.65,2026-04-28,2026-05-16,19,0
Clearwater Apartments,,103,,2,2,,1000,4/15/2026,1500,,80%,1595,1.6,1595,1.6,2026-02-19,2026-03-06,16,0
Clearwater Apartments,,103,,2,2,,1000,Now,1500,,80%,1695,1.7,1695,1.7,2026-06-18,,28,17
Clearwater Apartments,,302,,2,2,,1000,9/17/2025,1695,,80%,1695,1.7,1695,1.7,2025-07-30,2025-09-03,36,0
Clearwater Apartments,,302,,2,2,,1000,3/31/2026,1500,,80%,1595,1.6,1595,1.6,2026-02-11,2026-03-13,31,0
Clearwater Apartments,,302,,2,2,,1000,8/12/2026,1500,,80%,1695,1.7,1695,1.7,2026-07-02,,14,0
Clearwater Apartments,,304,,2,2,,1000,6/14/2025,1595,,80%,1595,1.6,1595,1.6,2025-05-06,2025-07-12,68,29
Clearwater Apartments,,304,,2,2,,1000,9/4/2026,1500,,80%,1695,1.7,1695,1.7,2026-07-02,2026-07-08,7,0
Clearwater Apartments,,301,,2,2,,1000,6/29/2025,1275,,80%,1295,1.3,1295,1.3,2025-05-17,2025-05-22,6,0
Clearwater Apartments,,301,,2,2,,1000,8/27/2026,1500,,80%,1695,1.7,1695,1.7,2026-06-25,2026-07-08,14,0
Clearwater Apartments,,205,,2,2,,1000,11/7/2024,1575,,80%,1575,1.58,1575,1.58,2024-09-26,2024-10-22,27,0
Clearwater Apartments,,205,,2,2,,1000,7/31/2026,1500,,80%,1695,1.7,1695,1.7,2026-06-04,,42,0
Clearwater Apartments,Clearwater_3x2_1250sf,67-305,3,3,2,,1250,9/27/2025,,,80%,1749,1.4,1749,1.4,2025-12-15,2025-12-16,2,2
Clearwater Apartments,Clearwater_3x2_1250sf,69-306,3,3,2,,1250,8/25/2023,1895,,80%,1795,1.44,1795,1.44,2023-08-17,2024-03-19,216,208
Clearwater Apartments,Clearwater_3x2_1250sf,69-306,3,3,2,,1250,8/31/2023,,,80%,1795,1.44,1795,1.44,2024-07-10,2024-07-11,2,2
Clearwater Apartments,67-105,67-105,1,3,2,,1250,8/13/2023,1895,,80%,1895,1.52,1895,1.52,,2024-01-17,,
Clearwater Apartments,,106,,3,2,,1250,6/30/2025,1925,,80%,1925,1.54,1925,1.54,2025-05-28,2025-07-17,51,18
Clearwater Apartments,69-206,69-206,2,3,2,,1250,7/15/2023,1950,,80%,1950,1.56,1950,1.56,,2023-07-27,,
Clearwater Apartments,,206,,3,2,,1250,8/27/2025,1925,,80%,1950,1.56,1950,1.56,2025-07-09,2025-07-29,21,0