account,situs,subdivision,acres,assessor_acres,total_value,jurisdiction,zone_code,zone_plain,zone_category,mf_threat,bucket,flu_source,flu_designation,flu_plain,flu_intent,dist_mi,compactness,contig_group,contig_group_acres,contig_group_parcels,lat,lon,interest,legal
S1223120955,S GRAND FORK WAY,3N 1W 23,8.6171,8.61,3750500,City of Meridian,R-15,Meridian Med-High Density Res (15 du/ac),Multifamily Residential,High,Vacant Land,Meridian,High Density Residential,High-Density Residential (planned),supports multifamily,3.094,0.676,4,92.54,8,43.586947,-116.422327,173.4,PAR #0955 OF N2 SEC 23 3N 1W PARCEL G ROS 11271 #120650-S #212611-S
S1223212615,2521 W OVERLAND RD,3N 1W 23,14.4485,14.45,5976400,City of Meridian,R-15,Meridian Med-High Density Res (15 du/ac),Multifamily Residential,High,Vacant Land,Meridian,High Density Residential,High-Density Residential (planned),supports multifamily,3.261,0.466,4,92.54,8,43.588717,-116.425894,173.0,PAR #2615 OF N2 SEC 23 3N 1W PARCEL H ROS 11271 #120650-S #210801-S #212611-S
R6733720460,3500 W COBALT DR,OUTER BANKS SUB,12.5334,12.546,6558000,City of Meridian,R-40,Meridian High Density Res (40 du/ac),Multifamily Residential,High,Vacant Land,Meridian,Ten Mile Interchange Specific,Ten Mile Interchange (specific area plan),master-plan (use TBD),3.921,0.449,1,197.93,32,43.602686,-116.437827,172.2,LOT 23 BLK 01 OUTER BANKS SUB
S1215131410,W COBALT DR,3N 1W 15,32.5232,32.55,,City of Meridian,R-15,Meridian Med-High Density Res (15 du/ac),Multifamily Residential,High,Vacant Land,Meridian,Ten Mile Interchange Specific,Ten Mile Interchange (specific area plan),master-plan (use TBD),4.082,0.672,1,197.93,32,43.599413,-116.441807,171.8,PAR #1410 POR OF NE4 SEC 15 3N 1W #131406-B
S1215244250,4300 W GRAND MOGUL DR,3N 1W 15,39.4166,39.46,,City of Meridian,R-15,Meridian Med-High Density Res (15 du/ac),Multifamily Residential,High,Vacant Land,Meridian,Ten Mile Interchange Specific,Ten Mile Interchange (specific area plan),master-plan (use TBD),4.298,0.758,1,197.93,32,43.599109,-116.446191,171.4,PAR #4250 POR SE4NW4 SEC 15 3N 1W #244201-B
S1215233700,S BLACK RD,3N 1W 15,21.776,21.8,,City of Meridian,R-15,Meridian Med-High Density Res (15 du/ac),Multifamily Residential,High,Vacant Land,Meridian,Ten Mile Interchange Specific,Ten Mile Interchange (specific area plan),master-plan (use TBD),4.546,0.485,1,197.93,32,43.599784,-116.451083,170.9,PAR #3700 OF SW4NW4 SEC 15 3N 1W #233650-B
R3259151240,738 W HARRIS ST,GRAYCLIFF ESTATES SUB NO 02,1.6831,1.69,0,City of Meridian,R-8,Meridian Medium Density Res (8 du/ac),Townhouse / Med-Density Residential,Medium,Vacant Land,Meridian,High Density Residential,High-Density Residential (planned),supports multifamily,2.689,0.752,3,96.9,7,43.568097,-116.403336,158.5,LOT 02 BLK 07 GRAYCLIFF ESTATES SUB NO 02
R1863770700,3240 W GRAND MOGUL DR,DISTRICT TEN MILE SUB NO 01,1.3538,1.355,,City of Meridian,C-G,General Retail & Service Commercial,Commercial,Medium,Vacant Land,Meridian,Ten Mile Interchange Specific,Ten Mile Interchange (specific area plan),master-plan (use TBD),3.725,0.8,1,197.93,32,43.598951,-116.43468,152.6,LOT 07 BLK 01 DISTRICT TEN MILE SUB NO 01
R1863770400,3223 W COBALT DR,DISTRICT TEN MILE SUB NO 01,2.2266,2.229,,City of Meridian,C-G,General Retail & Service Commercial,Commercial,Medium,Vacant Land,Meridian,Ten Mile Interchange Specific,Ten Mile Interchange (specific area plan),master-plan (use TBD),3.735,0.72,1,197.93,32,43.600824,-116.434504,152.5,LOT 04 BLK 01 DISTRICT TEN MILE SUB NO 01
R1863770500,3249 W COBALT DR,DISTRICT TEN MILE SUB NO 01,1.222,1.223,,City of Meridian,C-G,General Retail & Service Commercial,Commercial,Medium,Vacant Land,Meridian,Ten Mile Interchange Specific,Ten Mile Interchange (specific area plan),master-plan (use TBD),3.731,0.776,1,197.93,32,43.600042,-116.434596,152.5,LOT 05 BLK 01 DISTRICT TEN MILE SUB NO 01
R1863770800,3318 W GRAND MOGUL DR,DISTRICT TEN MILE SUB NO 01,1.1101,1.111,,City of Meridian,C-G,General Retail & Service Commercial,Commercial,Medium,Vacant Land,Meridian,Ten Mile Interchange Specific,Ten Mile Interchange (specific area plan),master-plan (use TBD),3.763,0.733,1,197.93,32,43.598941,-116.435457,152.5,LOT 08 BLK 01 DISTRICT TEN MILE SUB NO 01
R1863770300,3351 W COBALT DR,DISTRICT TEN MILE SUB NO 01,4.6421,4.647,,City of Meridian,C-G,General Retail & Service Commercial,Commercial,Medium,Vacant Land,Meridian,Ten Mile Interchange Specific,Ten Mile Interchange (specific area plan),master-plan (use TBD),3.785,0.534,1,197.93,32,43.600113,-116.43568,152.4,LOT 03 BLK 01 DISTRICT TEN MILE SUB NO 01
R1863770900,3374 W GRAND MOGUL DR,DISTRICT TEN MILE SUB NO 01,1.2566,1.258,,City of Meridian,C-G,General Retail & Service Commercial,Commercial,Medium,Vacant Land,Meridian,Ten Mile Interchange Specific,Ten Mile Interchange (specific area plan),master-plan (use TBD),3.801,0.793,1,197.93,32,43.598825,-116.436245,152.4,LOT 09 BLK 01 DISTRICT TEN MILE SUB NO 01
R6733720420,249 S TEN MILE RD,OUTER BANKS SUB,1.5432,1.545,1009500,City of Meridian,C-C,Community Business,Commercial,Medium,Vacant Land,Meridian,Ten Mile Interchange Specific,Ten Mile Interchange (specific area plan),master-plan (use TBD),3.816,0.395,1,197.93,32,43.602866,-116.435639,152.4,LOT 21 BLK 01 OUTER BANKS SUB
R1863770200,3445 W COBALT DR,DISTRICT TEN MILE SUB NO 01,1.7093,1.711,,City of Meridian,C-G,General Retail & Service Commercial,Commercial,Medium,Vacant Land,Meridian,Ten Mile Interchange Specific,Ten Mile Interchange (specific area plan),master-plan (use TBD),3.842,0.762,1,197.93,32,43.600513,-116.436742,152.3,LOT 02 BLK 01 DISTRICT TEN MILE SUB NO 01
R1863771000,3452 W GRAND MOGUL DR,DISTRICT TEN MILE SUB NO 01,1.5146,1.516,,City of Meridian,C-G,General Retail & Service Commercial,Commercial,Medium,Vacant Land,Meridian,Ten Mile Interchange Specific,Ten Mile Interchange (specific area plan),master-plan (use TBD),3.843,0.768,1,197.93,32,43.598495,-116.437137,152.3,LOT 10 BLK 01 DISTRICT TEN MILE SUB NO 01
R1863771100,3516 W GRAND MOGUL DR,DISTRICT TEN MILE SUB NO 01,1.0205,1.022,,City of Meridian,C-G,General Retail & Service Commercial,Commercial,Medium,Vacant Land,Meridian,Ten Mile Interchange Specific,Ten Mile Interchange (specific area plan),master-plan (use TBD),3.872,0.532,1,197.93,32,43.59823,-116.437764,152.3,LOT 11 BLK 01 DISTRICT TEN MILE SUB NO 01
R6733720320,249 S TEN MILE RD,OUTER BANKS SUB,1.0556,1.057,966900,City of Meridian,C-C,Community Business,Commercial,Medium,Vacant Land,Meridian,Ten Mile Interchange Specific,Ten Mile Interchange (specific area plan),master-plan (use TBD),3.865,0.765,1,197.93,32,43.603847,-116.436343,152.3,LOT 16 BLK 01 OUTER BANKS SUB
R6733720400,249 S TEN MILE RD,OUTER BANKS SUB,1.0895,1.091,712900,City of Meridian,C-C,Community Business,Commercial,Medium,Vacant Land,Meridian,Ten Mile Interchange Specific,Ten Mile Interchange (specific area plan),master-plan (use TBD),3.856,0.771,1,197.93,32,43.603336,-116.436308,152.3,LOT 20 BLK 01 OUTER BANKS SUB
R1863771610,3591 W COBALT DR,DISTRICT TEN MILE SUB NO 01,11.2205,11.232,,City of Meridian,C-G,General Retail & Service Commercial,Commercial,Medium,Vacant Land,Meridian,Ten Mile Interchange Specific,Ten Mile Interchange (specific area plan),master-plan (use TBD),3.896,0.659,1,197.93,32,43.599731,-116.437983,152.2,LOT 16 BLK 01 & POR OF SW4NE4 SEC 15 3N 1W PAR 1 ROS 15231 #1600-C #T1215131406-
R6733720065,3493 W FRANKLIN RD,OUTER BANKS SUB,1.1011,1.1,,City of Meridian,C-C,Community Business,Commercial,Medium,Vacant Land,Meridian,Ten Mile Interchange Specific,Ten Mile Interchange (specific area plan),master-plan (use TBD),3.891,0.756,1,197.93,32,43.604339,-116.436727,152.2,PAR #0065 POR LOT 03 BLK 01 OUTER BANKS SUB PAR 2 ROS 14797 #0060-B
R6733720380,249 S TEN MILE RD,OUTER BANKS SUB,1.295,1.296,846800,City of Meridian,C-C,Community Business,Commercial,Medium,Vacant Land,Meridian,Ten Mile Interchange Specific,Ten Mile Interchange (specific area plan),master-plan (use TBD),3.904,0.656,1,197.93,32,43.603331,-116.437287,152.2,LOT 19 BLK 01 OUTER BANKS SUB
R1863771300,3650 W GRAND MOGUL DR,DISTRICT TEN MILE SUB NO 01,1.1935,1.195,,City of Meridian,C-G,General Retail & Service Commercial,Commercial,Medium,Vacant Land,Meridian,Ten Mile Interchange Specific,Ten Mile Interchange (specific area plan),master-plan (use TBD),3.939,0.669,1,197.93,32,43.597976,-116.439155,152.1,LOT 13 BLK 01 DISTRICT TEN MILE SUB NO 01
R1863771400,3602 W GRAND MOGUL DR,DISTRICT TEN MILE SUB NO 01,2.6975,2.7,,City of Meridian,C-G,General Retail & Service Commercial,Commercial,Medium,Vacant Land,Meridian,Ten Mile Interchange Specific,Ten Mile Interchange (specific area plan),master-plan (use TBD),3.949,0.71,1,197.93,32,43.598719,-116.439234,152.1,LOT 14 BLK 01 DISTRICT TEN MILE SUB NO 01
R6733720020,3617 W FRANKLIN RD,OUTER BANKS SUB,1.0333,1.035,946800,City of Meridian,C-C,Community Business,Commercial,Medium,Vacant Land,Meridian,Ten Mile Interchange Specific,Ten Mile Interchange (specific area plan),master-plan (use TBD),3.962,0.579,1,197.93,32,43.60402,-116.438275,152.1,LOT 01 BLK 01 OUTER BANKS SUB
R8956350040,3649 W GRAND MOGUL DR,VANGUARD VILLAGE EAST SUB,2.3388,2.341,,City of Meridian,C-G,General Retail & Service Commercial,Commercial,Medium,Vacant Land,Meridian,Ten Mile Interchange Specific,Ten Mile Interchange (specific area plan),master-plan (use TBD),3.939,0.778,1,197.93,32,43.596984,-116.439282,152.1,LOT 02 BLK 01 VANGUARD VILLAGE EAST SUB
R8956350020,858 S UMBRIA HILLS WAY,VANGUARD VILLAGE EAST SUB,1.9522,1.954,,City of Meridian,C-G,General Retail & Service Commercial,Commercial,Medium,Vacant Land,Meridian,Ten Mile Interchange Specific,Ten Mile Interchange (specific area plan),master-plan (use TBD),3.992,0.795,1,197.93,32,43.59693,-116.440351,152.0,LOT 01 BLK 01 VANGUARD VILLAGE EAST SUB
R8956280600,901 S UMBRIA HILLS WAY,VANGUARD VILLAGE SUB NO 01,9.7493,9.758,,City of Meridian,C-G,General Retail & Service Commercial,Commercial,Medium,Vacant Land,Meridian,Ten Mile Interchange Specific,Ten Mile Interchange (specific area plan),master-plan (use TBD),4.091,0.625,1,197.93,32,43.596794,-116.442346,151.8,LOT 06 BLK 01 VANGUARD VILLAGE SUB NO 01
R7406180022,S LOCUST GROVE RD,RESCUE RANCH SUB,3.2855,3.287,,City of Meridian,R-15,Meridian Med-High Density Res (15 du/ac),Multifamily Residential,High,Vacant Land,Meridian,Medium Density Residential,Medium-Density Residential (planned),supports attached/medium,3.699,0.695,5,85.12,3,43.53872,-116.368911,144.7,PAR #0022 POR LOT 01 BLK 01 RESCUE RANCH SUB #0018-B
R7406180019,S LOCUST GROVE RD,RESCUE RANCH SUB,6.9672,6.973,,City of Meridian,R-15,Meridian Med-High Density Res (15 du/ac),Multifamily Residential,High,Vacant Land,Meridian,Medium Density Residential,Medium-Density Residential (planned),supports attached/medium,3.787,0.329,5,85.12,3,43.537735,-116.372063,144.5,PAR #0019 POR LOT 01 BLK 01 RESCUE RANCH SUB #0018-S
R8956280700,3701 W NAVIGATOR LN,VANGUARD VILLAGE SUB NO 01,6.8683,6.874,,City of Meridian,C-G,General Retail & Service Commercial,Commercial,Medium,Vacant Land,Meridian,High Density Employment,High-Density Employment,non-residential,3.955,0.674,1,197.93,32,43.594519,-116.439836,144.1,LOT 07 BLK 01 VANGUARD VILLAGE SUB NO 01
R8956350060,3644 W NAVIGATOR DR,VANGUARD VILLAGE EAST SUB,3.1886,3.192,,City of Meridian,C-G,General Retail & Service Commercial,Commercial,Medium,Vacant Land,Meridian,High Density Employment,High-Density Employment,non-residential,3.935,0.765,1,197.93,32,43.595955,-116.439308,144.1,LOT 03 BLK 01 VANGUARD VILLAGE EAST SUB
R8956350080,1020 S UMBRIA HILLS WAY,VANGUARD VILLAGE EAST SUB,1.77,1.772,,City of Meridian,C-G,General Retail & Service Commercial,Commercial,Medium,Vacant Land,Meridian,High Density Employment,High-Density Employment,non-residential,3.977,0.671,1,197.93,32,43.595743,-116.440171,144.0,LOT 04 BLK 01 VANGUARD VILLAGE EAST SUB
R8956400400,3987 W NAVIGATOR LN,VANGUARD VILLAGE WEST SUB,12.8147,12.83,,City of Meridian,C-G,General Retail & Service Commercial,Commercial,Medium,Vacant Land,Meridian,High Density Employment,High-Density Employment,non-residential,4.15,0.602,1,197.93,32,43.594763,-116.443716,143.7,LOT 04 BLK 01 VANGUARD VILLAGE WEST SUB
R8956400300,4100 W NAVIGATOR LN,VANGUARD VILLAGE WEST SUB,6.3971,6.404,,City of Meridian,C-G,General Retail & Service Commercial,Commercial,Medium,Vacant Land,Meridian,High Density Employment,High-Density Employment,non-residential,4.187,0.487,1,197.93,32,43.595903,-116.44437,143.6,LOT 03 BLK 01 VANGUARD VILLAGE WEST SUB
R8956400100,864 S LA VISTA LN,VANGUARD VILLAGE WEST SUB,1.5575,1.559,,City of Meridian,C-G,General Retail & Service Commercial,Commercial,Medium,Vacant Land,Meridian,High Density Employment,High-Density Employment,non-residential,4.246,0.724,1,197.93,32,43.597228,-116.445412,143.5,LOT 01 BLK 01 VANGUARD VILLAGE WEST SUB
S1225325700,4186 S LINDER RD,3N 1W 25,7.8795,8.313,1188500,City of Meridian,R-8,Meridian Medium Density Res (8 du/ac),Townhouse / Med-Density Residential,Medium,Vacant Land,Meridian,Medium Density Residential,Medium-Density Residential (planned),supports attached/medium,3.165,0.604,3,96.9,7,43.566015,-116.413016,137.6,PAR #5700 @ SW COR OF NW4 SW4 SEC 25 3N 1W PARCEL A R/S 5103 SID INST# 101031474
S1225336525,W AMITY RD,3N 1W 25,23.7404,24.3,,City of Meridian,R-8,Meridian Medium Density Res (8 du/ac),Townhouse / Med-Density Residential,Medium,Vacant Land,Meridian,Medium Density Residential,Medium-Density Residential (planned),supports attached/medium,3.233,0.507,3,96.9,7,43.563386,-116.412041,137.4,PAR #6525 POR SW4SW4 SEC 25 3N 1W #336510-B
R8956280200,4305 W GRAND MOGUL DR,VANGUARD VILLAGE SUB NO 01,6.7562,6.762,,City of Meridian,H-E,High-Density Employment,Industrial / Business Park,Low,Vacant Land,Meridian,Ten Mile Interchange Specific,Ten Mile Interchange (specific area plan),master-plan (use TBD),4.337,0.697,1,197.93,32,43.597011,-116.447254,136.3,LOT 02 BLK 01 VANGUARD VILLAGE SUB NO 01
S1223131245,W OVERLAND RD,3N 1W 23,9.1931,9.2,,City of Meridian,R-8,Meridian Medium Density Res (8 du/ac),Townhouse / Med-Density Residential,Medium,Vacant Land,Meridian,Medium Density Residential,Medium-Density Residential (planned),supports attached/medium,3.116,0.419,4,92.54,8,43.585037,-116.422401,133.3,PAR #1245 POR N2 SEC 23 3N 1W #244200-B
S1223244225,W OVERLAND RD,3N 1W 23,24.1403,24.17,,City of Meridian,R-8,Meridian Medium Density Res (8 du/ac),Townhouse / Med-Density Residential,Medium,Vacant Land,Meridian,Medium Density Residential,Medium-Density Residential (planned),supports attached/medium,3.211,0.384,4,92.54,8,43.585774,-116.424483,133.1,PAR #4225 POR N2 SEC 23 3N 1W #244200-S
S1223244280,W OVERLAND RD,3N 1W 23,20.2481,20.27,,City of Meridian,R-8,Meridian Medium Density Res (8 du/ac),Townhouse / Med-Density Residential,Medium,Vacant Land,Meridian,Medium Density Residential,Medium-Density Residential (planned),supports attached/medium,3.332,0.437,4,92.54,8,43.584037,-116.426549,132.9,PAR #4280 POR N2 SEC 23 3N 1W #244200-B
S1213428320,S JOHNSON LN,3N 1W 13,20.6857,20.7,,City of Meridian,R-40,Meridian High Density Res (40 du/ac),Multifamily Residential,High,Vacant Land,Meridian,MU-C,Mixed Use – Community,supports multifamily,1.967,0.359,15,47.68,4,43.595513,-116.399866,130.7,PAR #8320 POR SE4 SEC 13 3N 1W #428301-B
S1213427900,S JOHNSON LN,3N 1W 13,11.7212,11.73,,City of Meridian,R-15,Meridian Med-High Density Res (15 du/ac),Multifamily Residential,High,Vacant Land,Meridian,MU-C,Mixed Use – Community,supports multifamily,2.087,0.686,15,47.68,4,43.596269,-116.402157,130.5,PAR #7900 POR NW4SE4 SEC 13 3N 1W #428050-C #427890-C #428301-S #428010-S #42788
S1225314840,S LINDER RD,3N 1W 25,39.4847,39.526,,City of Meridian,R-4,Meridian Med-Low Density Res (4 du/ac),Single-Family Residential,Low,Vacant Land,Meridian,Medium Density Residential,Medium-Density Residential (planned),supports attached/medium,2.884,0.586,3,96.9,7,43.566359,-116.406408,123.1,PAR #4840 POR OF N2SW4 SEC 25 3N 1W #314835-B
S1225325800,S LINDER RD,3N 1W 25,12.5428,12.56,,City of Meridian,R-4,Meridian Med-Low Density Res (4 du/ac),Single-Family Residential,Low,Vacant Land,Meridian,Medium Density Residential,Medium-Density Residential (planned),supports attached/medium,3.022,0.382,3,96.9,7,43.566957,-116.410436,122.9,PAR #5800 POR OF NW4SW4 & POR OF SW4NW4 SEC 25 3N 1W #325655-S #233920-S #314835
S1225325900,S LINDER RD,3N 1W 25,9.4278,9.438,,City of Meridian,R-4,Meridian Med-Low Density Res (4 du/ac),Single-Family Residential,Low,Vacant Land,Meridian,Medium Density Residential,Medium-Density Residential (planned),supports attached/medium,2.997,0.287,3,96.9,7,43.566316,-116.409184,122.9,PAR #5900 POR OF NW4SW4 SEC 25 3N 1W #325655-B
S1225336400,1570 W AMITY RD,3N 1W 25,2.1376,2.5,365900,Ada County,R1,County Residential R1,Single-Family Residential,Low,Vacant Land,Meridian,Medium Density Residential,Medium-Density Residential (planned),supports attached/medium,3.354,0.777,3,96.9,7,43.561594,-116.413181,122.2,PAR #6400 POR SW4SW4 SEC 25  3N 1W
S1223234020,W OVERLAND RD,3N 1W 23,12.0837,12.08,,City of Meridian,R-2,Two-Family / Low-Density,Single-Family Residential,Low,Vacant Land,Meridian,Medium Density Residential,Medium-Density Residential (planned),supports attached/medium,3.506,0.382,4,92.54,8,43.584234,-116.430124,117.5,PAR #4020 POR NW4 SEC 23 3N 1W #234060-B
S1223233920,3245 W OVERLAND RD,3N 1W 23,2.5489,2.527,0,City of Meridian,R-8,Meridian Medium Density Res (8 du/ac),Townhouse / Med-Density Residential,Medium,Vacant Land,Meridian,Civic,Civic,institutional,3.622,0.6,4,92.54,8,43.584551,-116.43252,117.3,PAR #3920 @ W SIDE SW4NW4 SEC 23 3N 1W #244502-B
S0527223101,11311 W CHINDEN BLVD,4N 1E 27,73.7623,72.8,0,City of Boise,MX-3,Boise Mixed-Use Regional,Mixed Use,High,Vacant Land,Boise,Industrial,Industrial,non-residential,4.92,0.625,7,73.76,1,43.659664,-116.330518,115.9,PAR #3101 NW4 SEC 27 4N 1E #223100-B
S0436438803,650 W USTICK RD,4N 1W 36,1.2254,1.28,312800,Ada County,RUT,County Rural-Urban Transition,Agricultural / Rural,Low,Vacant Land,Meridian,MU-C,Mixed Use – Community,supports multifamily,3.565,0.601,8,69.79,3,43.634246,-116.401668,114.7,PAR #8803 @ S SIDE SW4SE4 SEC 36 4N 1W #438801-B
R8509130020,325 S TOUCHMARK WAY,TOUCHMARK LIVING CENTER SUB NO 01,7.688,7.688,4688400,City of Meridian,L-O,Limited Office,Office,Low,Vacant Land,Meridian,MU-C,Mixed Use – Community,supports multifamily,0.946,0.435,9,64.35,6,43.601707,-116.347635,114.5,LOT 02 BLK 01 TOUCHMARK LIVING CENTER SUB NO 01
S1116244261,S TOUCHMARK WAY,3N 1E 16,9.7266,9.812,4553500,City of Meridian,L-O,Limited Office,Office,Low,Vacant Land,Meridian,MU-C,Mixed Use – Community,supports multifamily,0.92,0.54,9,64.35,6,43.600162,-116.346416,114.5,PAR #4261 POR E2NW4 SEC 16 3N 1E #244260-B
S1116120662,3805 E FRANKLIN RD,3N 1E 16,36.5089,36.524,13250700,City of Meridian,L-O,Limited Office,Office,Low,Vacant Land,Meridian,MU-C,Mixed Use – Community,supports multifamily,1.044,0.28,9,64.35,6,43.603227,-116.347006,114.3,PAR #0662 POR OF N2NE4 SEC 16 3N 1E PAR B ROS 10611 #212560-B #120661-S #121050-
S1116121055,4037 E CLOCKTOWER LN,3N 1E 16,1.7156,1.717,1332900,City of Meridian,L-O,Limited Office,Office,Low,Vacant Land,Meridian,MU-C,Mixed Use – Community,supports multifamily,1.121,0.46,9,64.35,6,43.602341,-116.34368,114.1,PAR #1055 POR NW4NE4 & NE4NW4 SEC 16 3N 1E #121051-R PAR C ROS 10611 SEE PAF FOR
S1116212561,3975 E FRANKLIN RD,3N 1E 16,4.6728,4.675,2851000,City of Meridian,L-O,Limited Office,Office,Low,Vacant Land,Meridian,MU-C,Mixed Use – Community,supports multifamily,1.129,0.528,9,64.35,6,43.603581,-116.345042,114.1,PAR #2561 POR OF NE4NW4 SEC 16 3N 1E PAR A ROS 10611 #212560-S
S1131449050,1436 E PHENOMENAL ST,3N 1E 31,8.3681,8.514,1823900,City of Meridian,C-C,Community Business,Commercial,Medium,Vacant Land,Meridian,MU-C,Mixed Use – Community,supports multifamily,3.047,0.759,13,52.78,4,43.549181,-116.375779,113.7,PAR #9050 POR SE4 SEC 31 3N 1E PAR C ROS 14520 #449000-C #T449812-C
S1213417707,W WALTMAN LN,3N 1W 13,13.0281,13.03,4540700,City of Meridian,C-G,General Retail & Service Commercial,Commercial,Medium,Vacant Land,Meridian,MU-C,Mixed Use – Community,supports multifamily,1.792,0.632,15,47.68,4,43.595055,-116.396435,111.1,PAR #7707 @ E SIDE NE4SE4 SEC 13  3N 1W #417705
S1213417600,S JOHNSON LN,3N 1W 13,2.2475,2.25,498300,City of Meridian,C-G,General Retail & Service Commercial,Commercial,Medium,Vacant Land,Meridian,MU-C,Mixed Use – Community,supports multifamily,1.865,0.74,15,47.68,4,43.5959,-116.397749,111.0,PAR #7600 OF SE4 SEC 13 3N 1W #98023156
S1223223010,S TEN MILE RD,3N 1W 23,28.6436,28.671,4759400,City of Meridian,R-8,Meridian Medium Density Res (8 du/ac),Townhouse / Med-Density Residential,Medium,Vacant Land,Meridian,Mixed Employment,Mixed Employment,non-residential,3.494,0.683,6,83.35,10,43.588904,-116.430575,108.4,PAR #3010 @ NW COR SEC 23 3N 1W #223005-C #223420-C #223215-C #223260-C #1091379
S1223233670,3028 W OVERLAND RD,3N 1W 23,11.2906,11.28,1872500,City of Meridian,R-8,Meridian Medium Density Res (8 du/ac),Townhouse / Med-Density Residential,Medium,Vacant Land,Meridian,Mixed Employment,Mixed Employment,non-residential,3.487,0.66,6,83.35,10,43.58639,-116.430133,108.4,PAR #3670 NR CTR NW4 SEC 23 3N 1W #223250-C #223450-C #233660-C #1090137944
S1223223255,S TEN MILE RD,3N 1W 23,9.1096,9.052,1502600,City of Meridian,R-8,Meridian Medium Density Res (8 du/ac),Townhouse / Med-Density Residential,Medium,Vacant Land,Meridian,Mixed Employment,Mixed Employment,non-residential,3.571,0.682,6,83.35,10,43.586895,-116.431894,108.2,PAR #3255 @ W SIDE NW4NW4 SEC 23 3N 1W #223240-C #223230-C #223220-C #109137942
S1223233820,W OVERLAND RD,3N 1W 23,4.0662,4.067,1240100,City of Meridian,C-C,Community Business,Commercial,Medium,Vacant Land,Meridian,Mixed Employment,Mixed Employment,non-residential,3.623,0.773,6,83.35,10,43.585837,-116.432781,108.1,PAR #3820 @ W SIDE SW4NW4 SEC 23 3N 1W #233805-C #223402-S
S1404427850,W HIDDEN VALLEY DR,2N 1E 04,17.8427,17.9,241700,Ada County,RUT,County Rural-Urban Transition,Agricultural / Rural,Low,Vacant Land,Boise,Suburban,Suburban Residential,single-family oriented,3.901,0.464,2,98.48,7,43.53728,-116.341356,107.7,PAR #7850 OF W2SE4 SEC 4  2N 1E PARCEL A  R/S 8836 #438767-B  #437800-B
S1404438775,E COLUMBIA RD,2N 1E 04,29.1973,29.2,507500,Ada County,RUT,County Rural-Urban Transition,Agricultural / Rural,Low,Vacant Land,Meridian,Low Density Residential,Low-Density Residential (planned),single-family oriented,3.986,0.347,2,98.48,7,43.535818,-116.342446,107.5,PAR #8875 OF W2SE4 SEC 4  2N 1E PARCEL B  R/S 8836 #438840-S #438767-S #437800-S
R2861910300,7756 S MOO AND MANE LN,FLOYD SUB,8.7884,8.802,,Ada County,RUT,County Rural-Urban Transition,Agricultural / Rural,Low,Vacant Land,Meridian,Low Density Residential,Low-Density Residential (planned),single-family oriented,4.017,0.778,2,98.48,7,43.534839,-116.345723,107.4,LOT 03 BLK 01 FLOYD SUB
R2861910200,7830 S MOO AND MANE LN,FLOYD SUB,4.9929,5,,Ada County,RUT,County Rural-Urban Transition,Agricultural / Rural,Low,Vacant Land,Meridian,Low Density Residential,Low-Density Residential (planned),single-family oriented,4.099,0.682,2,98.48,7,43.533632,-116.345725,107.3,LOT 02 BLK 01 FLOYD SUB
S1404449320,E COLUMBIA RD,2N 1E 04,2.5017,2.502,35500,Ada County,RSW,County Residential (subdivision),Single-Family Residential,Low,Vacant Land,Boise,Suburban,Suburban Residential,single-family oriented,4.114,0.466,2,98.48,7,43.534516,-116.339138,107.3,PAR #9320 POR SE4SE4 SEC 4 2N 1E PARCEL 1 ROS 13039 #449360-S
R2861910100,3920 E COLUMBIA RD,FLOYD SUB,4.7849,4.789,,Ada County,RUT,County Rural-Urban Transition,Agricultural / Rural,Low,Vacant Land,Meridian,Low Density Residential,Low-Density Residential (planned),single-family oriented,4.153,0.647,2,98.48,7,43.532868,-116.345538,107.2,LOT 01 BLK 01 FLOYD SUB
S1404449025,7635 S CLOVERDALE RD,2N 1E 04,30.3759,30.849,606200,Ada County,RSW,County Residential (subdivision),Single-Family Residential,Low,Vacant Land,Boise,Suburban,Suburban Residential,single-family oriented,4.194,0.716,2,98.48,7,43.533892,-116.336373,107.1,PAR #9025 @ NE COR SE4SE4 SEC 4 2N 1E #449020-B
S1225449650,S MERIDIAN RD,3N 1W 25,25.2615,25.25,6312500,Ada County,RUT,County Rural-Urban Transition,Agricultural / Rural,Low,Vacant Land,Meridian,MU-C,Mixed Use – Community,supports multifamily,2.655,0.459,11,59.74,5,43.562971,-116.395726,106.4,PAR #9650 POR SE4 SEC 25 3N 1W #449640-C #449700-C #417500-C
R7319431905,1074 S SILVERSTONE WAY,RACKHAM SUB,3.9274,3.938,2058500,City of Meridian,R-40,Meridian High Density Res (40 du/ac),Multifamily Residential,High,Vacant Land,Meridian,MU-RG,Mixed Use – Regional,supports multifamily,0.818,0.653,40,20.86,9,43.594792,-116.345013,106.2,PAR #1905 LOTS 18 & 19 BLK 01 RACKHAM SUB PAR C ROS 13491 TCA 03-8 #1800C #1900C
S1404212755,3727 E LAKE HAZEL RD,2N 1E 04,9.6273,9.625,803700,City of Meridian,R-15,Meridian Med-High Density Res (15 du/ac),Multifamily Residential,High,Vacant Land,Meridian,Med-High Density Residential,Med-High-Density Residential (planned),supports multifamily,3.375,0.507,31,25.41,4,43.543943,-116.348359,105.7,PAR #2755 OF GOVT LOT 03 SEC 04 2N 1E #212750-B
S1404212555,E LAKE HAZEL RD,2N 1E 04,9.0516,9.049,2361800,City of Meridian,R-15,Meridian Med-High Density Res (15 du/ac),Multifamily Residential,High,Vacant Land,Meridian,Med-High Density Residential,Med-High-Density Residential (planned),supports multifamily,3.404,0.417,31,25.41,4,43.543827,-116.346256,105.6,PAR #2555 OF GOVT LOT 03 SEC 04 2N 1E #212550-B
S1131120760,E AMITY RD,3N 1E 31,16.0611,16,0,Ada County,RUT,County Rural-Urban Transition,Agricultural / Rural,Low,Vacant Land,Meridian,MU-C,Mixed Use – Community,supports multifamily,2.519,0.682,12,57.47,5,43.559265,-116.38321,104.4,PAR #0760 @ W SIDE NW4NE4 SEC 31 3N 1E #120752-B
S1131212400,E AMITY RD,3N 1E 31,19.3398,20.66,401100,Ada County,RUT,County Rural-Urban Transition,Agricultural / Rural,Low,Vacant Land,Meridian,MU-C,Mixed Use – Community,supports multifamily,2.602,0.605,12,57.47,5,43.559562,-116.387435,104.3,PAR #2400 @ NE COR NW4 SEC 31 3N 1E PARCEL C R/S 9941 #212425C #212610B #212650B
S1131212500,E AMITY RD,3N 1E 31,12.2305,12.5,0,Ada County,RUT,County Rural-Urban Transition,Agricultural / Rural,Low,Vacant Land,Meridian,MU-C,Mixed Use – Community,supports multifamily,2.616,0.812,12,57.47,5,43.558681,-116.385885,104.2,PAR #2500 OF NW4 SEC 31 3N 1E S1131211700 R #98019318
S1131223350,S MERIDIAN RD,3N 1E 31,8.763,8.765,0,City of Meridian,R-4,Meridian Med-Low Density Res (4 du/ac),Single-Family Residential,Low,Vacant Land,Meridian,MU-C,Mixed Use – Community,supports multifamily,2.744,0.311,12,57.47,5,43.558474,-116.390391,104.0,PAR #3350 POR GOV LOT 1 & POR NE4NW4 SEC 31 3N 1E PARCEL D R/S 9941 #223010B #21
S1131223400,4990 S MERIDIAN RD,3N 1E 31,1.075,1.08,0,Ada County,RUT,County Rural-Urban Transition,Agricultural / Rural,Low,Vacant Land,Meridian,MU-C,Mixed Use – Community,supports multifamily,2.788,0.499,12,57.47,5,43.558594,-116.392241,103.9,PAR #3400 OF LOT 1 SEC 31 3N 1E #221000-S
S1223233950,3033 W OVERLAND RD,3N 1W 23,1.2638,1.252,181500,City of Meridian,R-4,Meridian Med-Low Density Res (4 du/ac),Single-Family Residential,Low,Vacant Land,Meridian,Civic,Civic,institutional,3.54,0.718,4,92.54,8,43.584628,-116.4309,102.5,PAR #3950 @ CTR SW4NW4 SEC 23 3N 1W #233621-S #233706-S
S1236417204,5621 S MERIDIAN RD,3N 1W 36,38.224,37.901,6443200,City of Meridian,TN-R,Traditional Neighborhood Residential,Townhouse / Med-Density Residential,Medium,Vacant Land,Meridian,Med-High Density Residential,Med-High-Density Residential (planned),supports multifamily,3.3,0.782,18,38.22,1,43.551745,-116.396478,98.6,PAR #7204 OF NE4SE4 SEC 36 3N 1W #417200-B
S1121336101,2820 S EAGLE RD,3N 1E 21,4.7908,4.791,1437300,City of Meridian,R-15,Meridian Med-High Density Res (15 du/ac),Multifamily Residential,High,Vacant Land,Meridian,MU-C,Mixed Use – Community,supports multifamily,0.984,0.563,76,11.9,5,43.578946,-116.352827,96.9,PAR #6101 OF SW4SW4 SEC 21 3N 1E PARCEL 2 R/S 5027 EXC R/W #336100-B
S1121336200,S EAGLE RD,3N 1E 21,1.4981,1.5,450000,City of Meridian,R-15,Meridian Med-High Density Res (15 du/ac),Multifamily Residential,High,Vacant Land,Meridian,MU-C,Mixed Use – Community,supports multifamily,1.03,0.541,76,11.9,5,43.578378,-116.352308,96.8,PAR #6200 OF SW4SW4 SEC 21 3N 1E #8657701 8657652
S1121336230,2960 S EAGLE RD,3N 1E 21,2.8213,2.82,846000,City of Meridian,R-15,Meridian Med-High Density Res (15 du/ac),Multifamily Residential,High,Vacant Land,Meridian,MU-C,Mixed Use – Community,supports multifamily,1.045,0.46,76,11.9,5,43.577985,-116.352817,96.8,PAR #6230 SW4 SEC 21 3N 1E #336225-B
S1121336251,2990 S EAGLE RD,3N 1E 21,1.0936,1.094,328200,City of Meridian,R-15,Meridian Med-High Density Res (15 du/ac),Multifamily Residential,High,Vacant Land,Meridian,MU-C,Mixed Use – Community,supports multifamily,1.068,0.225,76,11.9,5,43.57762,-116.352814,96.8,PAR #6251 @ CTR POR SW4SW4 SEC 21 3N 1E #336250-B
S1121336276,3020 S EAGLE RD,3N 1E 21,1.6936,1.73,519000,City of Meridian,R-15,Meridian Med-High Density Res (15 du/ac),Multifamily Residential,High,Vacant Land,Meridian,MU-C,Mixed Use – Community,supports multifamily,1.085,0.321,76,11.9,5,43.577364,-116.352812,96.7,PAR #6276 @ CTR W SIDE SW4 SEC 21 3N 1E #336275-B
S1131347001,E LAKE HAZEL RD,3N 1E 31,8.3985,8.416,1727000,City of Meridian,R-15,Meridian Med-High Density Res (15 du/ac),Multifamily Residential,High,Vacant Land,Meridian,Med-High Density Residential,Med-High-Density Residential (planned),supports multifamily,3.295,0.506,61,15.12,3,43.547747,-116.38563,95.5,PAR #7001 OF SE4SE4SW4 SEC 31 3N 1E #347000-B
S1131346925,S TARREGA LN,3N 1E 31,2.0053,2.011,353800,City of Meridian,R-15,Meridian Med-High Density Res (15 du/ac),Multifamily Residential,High,Vacant Land,Meridian,Med-High Density Residential,Med-High-Density Residential (planned),supports multifamily,3.347,0.778,61,15.12,3,43.547895,-116.388702,95.4,PAR #6925 OF SE4SW4 SEC 31 3N 1E #346920-S
S1131346941,520 E LAKE HAZEL RD,3N 1E 31,4.7116,4.724,433900,City of Meridian,R-15,Meridian Med-High Density Res (15 du/ac),Multifamily Residential,High,Vacant Land,Meridian,Med-High Density Residential,Med-High-Density Residential (planned),supports multifamily,3.385,0.648,61,15.12,3,43.547089,-116.38808,95.4,PAR #6941 OF SE4SW4 SEC 31 3N 1E #346940-B
S1405212402,2121 E LAKE HAZEL RD,2N 1E 05,74.8702,75.2,0,City of Meridian,R-4,Meridian Med-Low Density Res (4 du/ac),Single-Family Residential,Low,Vacant Land,Meridian,Civic,Civic,institutional,3.411,0.65,5,85.12,3,43.542766,-116.366977,95.3,PAR #2402 E2NW4 SEC 05 2N 1E 212401-B
S1406223030,E LAKE HAZEL RD,2N 1E 06,3.2334,3.232,,City of Meridian,C-G,General Retail & Service Commercial,Commercial,Medium,Vacant Land,Meridian,MU-RG,Mixed Use – Regional,supports multifamily,3.537,0.719,20,34.57,3,43.545541,-116.390758,94.5,PAR #3030 POR GOV LOT 04 SEC 06 2N 1E PAR B ROS 14953 #T1406223017-S
S1406223040,E LAKE HAZEL RD,2N 1E 06,23.0541,23.06,,City of Meridian,C-G,General Retail & Service Commercial,Commercial,Medium,Vacant Land,Meridian,MU-RG,Mixed Use – Regional,supports multifamily,3.619,0.492,20,34.57,3,43.544436,-116.391351,94.3,PAR #3040 POR GOV LOT 04 & 05 SEC 06 2N 1E PAR C ROS 14953 IN TCA 03-18 #T140622
S1406223020,45 E LAKE HAZEL RD,2N 1E 06,8.2832,8.295,,City of Meridian,C-G,General Retail & Service Commercial,Commercial,Medium,Vacant Land,Meridian,MU-RG,Mixed Use – Regional,supports multifamily,3.666,0.317,20,34.57,3,43.544436,-116.393494,94.2,PAR #3020 POR GOV LOT 04 & 05 SEC 06 2N 1E PAR A ROS 14953 #T1406223014-S #22315
S1131417400,S LOCUST GROVE LN,3N 1E 31,17.3358,0,,City of Meridian,R-8,Meridian Medium Density Res (8 du/ac),Townhouse / Med-Density Residential,Medium,Vacant Land,Meridian,Medium Density Residential,Medium-Density Residential (planned),supports attached/medium,2.86,0.573,13,52.78,4,43.552531,-116.378355,94.1,PAR #7400 OF NE4SE4 SEC 31 3N 1E #417350-B
S1131417500,5985 S LOCUST GROVE LN,3N 1E 31,18.8664,0,,City of Meridian,R-8,Meridian Medium Density Res (8 du/ac),Townhouse / Med-Density Residential,Medium,Vacant Land,Meridian,Medium Density Residential,Medium-Density Residential (planned),supports attached/medium,2.871,0.643,13,52.78,4,43.55192,-116.376347,94.0,PAR #7500 OF NE4SE4 SEC 31 3N 1E #417350-S
S1131427855,S LOCUST GROVE RD,3N 1E 31,8.2138,8.213,,City of Meridian,R-8,Meridian Medium Density Res (8 du/ac),Townhouse / Med-Density Residential,Medium,Vacant Land,Meridian,Medium Density Residential,Medium-Density Residential (planned),supports attached/medium,2.875,0.513,13,52.78,4,43.552809,-116.380409,94.0,PAR #7855 POR NW4SE4 SEC 31 3N 1E #427830-B
S1214346905,2690 W DUTCH FARM RD,3N 1W 14,4.5679,4.776,480000,Ada County,RUT,County Rural-Urban Transition,Agricultural / Rural,Low,Vacant Land,Meridian,Mixed Employment,Mixed Employment,non-residential,3.344,0.74,6,83.35,10,43.59077,-116.427686,93.7,PAR #6905 @ SW COR SE4SW4 SEC 14 3N 1W PARCEL 1 R/S 4360 EXC R/W #346610-B
S1223212620,W OVERLAND RD,3N 1W 23,2.221,2.688,357800,City of Meridian,L-O,Limited Office,Office,Low,Vacant Land,Meridian,Mixed Employment,Mixed Employment,non-residential,3.342,0.412,6,83.35,10,43.589804,-116.427595,93.7,PAR #2620 @ N SIDE NE4NW4 SEC 23 3N 1W #212600-S
S1116110300,S CLOVERDALE RD,3N 1E 16,4.0372,4.051,0,City of Boise,R-2,Two-Family / Low-Density,Two-Family / Low-Density Residential,Medium,Vacant Land,Boise,Industrial,Industrial,non-residential,1.374,0.198,9,64.35,6,43.603352,-116.33839,93.6,PAR #0300 OF NE4NE4 SEC 16  3N 1E #111105-S
S1214336350,E OVERLAND RD,3N 1W 14,6.1218,6.128,2669400,City of Meridian,M-E,Mixed Employment,Industrial / Business Park,Low,Vacant Land,Meridian,Mixed Employment,Mixed Employment,non-residential,3.447,0.739,6,83.35,10,43.592163,-116.429764,93.5,PAR #6350 @ E SIDE SW4SW4 SEC 14 3N 1W PARCEL 2  R/S 8514 #336320-B
S1214336415,W OVERLAND RD,3N 1W 14,5.8734,5.884,1794100,City of Meridian,M-E,Mixed Employment,Industrial / Business Park,Low,Vacant Land,Meridian,Mixed Employment,Mixed Employment,non-residential,3.478,0.611,6,83.35,10,43.590915,-116.430359,93.4,PAR #6415 @ S SIDE S2SW4 SEC 14 3N 1W PAR 4 R/S 8514 EXC R/W #336411-R
S1214336100,1520 S TEN MILE RD,3N 1W 14,4.8969,4.901,2134900,City of Meridian,M-E,Mixed Employment,Industrial / Business Park,Low,Vacant Land,Meridian,Mixed Employment,Mixed Employment,non-residential,3.566,0.639,6,83.35,10,43.592095,-116.43213,93.2,PAR #6100 @ CTR SW4SW4 SEC 14 3N 1W PARCEL 1  R/S 8514 #336330-B
S1214336375,S TEN MILE RD,3N 1W 14,6.5545,6.562,2000900,City of Meridian,M-E,Mixed Employment,Industrial / Business Park,Low,Vacant Land,Meridian,Mixed Employment,Mixed Employment,non-residential,3.584,0.694,6,83.35,10,43.590816,-116.432478,93.2,PAR #6375 @ SW COR SW4SW4 SEC 14 3N 1W PAR 5 R/W 8514 EXC R/W #336370-R
S1201223115,1515 W USTICK RD,3N 1W 01,8.7983,8.802,660600,City of Meridian,R-15,Meridian Med-High Density Res (15 du/ac),Multifamily Residential,High,Vacant Land,Meridian,MU-C,Mixed Use – Community,supports multifamily,3.827,0.791,78,11.41,3,43.632916,-116.41235,90.8,PAR #3115 @ NW COR GOV LOT 04 SEC 01 3N 1W R/S 8184 EXC R/W #223111-C
S1118110022,E FRANKLIN RD,3N 1E 18,2.5579,2.559,0,City of Meridian,R-40,Meridian High Density Res (40 du/ac),Multifamily Residential,High,Vacant Land,Meridian,MU-C,Mixed Use – Community,supports multifamily,1.122,0.775,155,4.94,2,43.604388,-116.375273,89.7,PAR #0022 OF NE4NE4 SEC 18 3N 1E #110021-B
S1118110051,1475 E FRANKLIN RD,3N 1E 18,2.3861,2.392,344200,City of Meridian,R-40,Meridian High Density Res (40 du/ac),Multifamily Residential,High,Vacant Land,Meridian,MU-C,Mixed Use – Community,supports multifamily,1.137,0.375,155,4.94,2,43.604181,-116.376056,89.7,PAR #0051 NR NE COR NE4NE4 SEC 18 3N 1E  PAR 2 RS 8651 #110020-S #110050-S
R0475061520,6227 S CULMINATION LN,APEX PHENOMENAL SUB,7.9116,7.92,,City of Meridian,R-15,Meridian Med-High Density Res (15 du/ac),Multifamily Residential,High,Vacant Land,Meridian,Med-High Density Residential,Med-High-Density Residential (planned),supports multifamily,3.26,0.751,112,7.91,1,43.547529,-116.382893,88.4,LOT 76 BLK 01 APEX PHENOMENAL SUB
R7319430820,1170 S SILVERSTONE WAY,RACKHAM SUB,1.9589,1.96,,City of Meridian,C-G,General Retail & Service Commercial,Commercial,Medium,Vacant Land,Meridian,MU-RG,Mixed Use – Regional,supports multifamily,0.624,0.775,40,20.86,9,43.594888,-116.349099,86.6,LOTS 8 & 9 & POR LOT 11 BLK 01 RACKHAM SUB PAR 1 ROS 15080 #0800-C #0900-C #1100
R7319431200,1122 S SILVERSTONE WAY,RACKHAM SUB,1.4541,1.457,983700,City of Meridian,C-G,General Retail & Service Commercial,Commercial,Medium,Vacant Land,Meridian,MU-RG,Mixed Use – Regional,supports multifamily,0.666,0.522,40,20.86,9,43.594686,-116.348115,86.5,LOT 12 BLK 01 RACKHAM SUB
R7319431300,1114 S SILVERSTONE WAY,RACKHAM SUB,1.3592,1.362,919600,City of Meridian,C-G,General Retail & Service Commercial,Commercial,Medium,Vacant Land,Meridian,MU-RG,Mixed Use – Regional,supports multifamily,0.689,0.501,40,20.86,9,43.594684,-116.34764,86.5,LOT 13 BLK 01 RACKHAM SUB
R4908310010,E LOCUST VIEW LN,KEZIAH SUB,1.3032,1.286,0,City of Meridian,R-40,Meridian High Density Res (40 du/ac),Multifamily Residential,High,Vacant Land,Meridian,High Density Residential,High-Density Residential (planned),supports multifamily,1.924,0.198,216,3.25,2,43.6177,-116.375445,86.4,LOT 01 BLK 01 KEZIAH SUB
R7319431400,1106 S SILVERSTONE WAY,RACKHAM SUB,1.2687,1.271,858200,City of Meridian,C-G,General Retail & Service Commercial,Commercial,Medium,Vacant Land,Meridian,MU-RG,Mixed Use – Regional,supports multifamily,0.71,0.481,40,20.86,9,43.594682,-116.347197,86.4,LOT 14 BLK 01 RACKHAM SUB
R7319431500,1098 S SILVERSTONE WAY,RACKHAM SUB,1.2688,1.271,858200,City of Meridian,C-G,General Retail & Service Commercial,Commercial,Medium,Vacant Land,Meridian,MU-RG,Mixed Use – Regional,supports multifamily,0.731,0.481,40,20.86,9,43.59468,-116.346769,86.4,LOT 15 BLK 01 RACKHAM SUB
R7319431600,1090 S SILVERSTONE WAY,RACKHAM SUB,1.5465,1.549,1045800,City of Meridian,C-G,General Retail & Service Commercial,Commercial,Medium,Vacant Land,Meridian,MU-RG,Mixed Use – Regional,supports multifamily,0.754,0.512,40,20.86,9,43.594679,-116.346301,86.4,LOT 16 BLK 01 RACKHAM SUB
R7319431700,1082 S SILVERSTONE WAY,RACKHAM SUB,1.7118,1.7,1147800,City of Meridian,C-G,General Retail & Service Commercial,Commercial,Medium,Vacant Land,Meridian,MU-RG,Mixed Use – Regional,supports multifamily,0.779,0.494,40,20.86,9,43.594724,-116.345789,86.3,LOT 17 BLK 01 RACKHAM SUB
R7555000285,1044 S SILVERSTONE WAY,ROLLING HILL SUB,6.3612,6.378,4862000,City of Meridian,C-G,General Retail & Service Commercial,Commercial,Medium,Vacant Land,Meridian,MU-RG,Mixed Use – Regional,supports multifamily,0.916,0.805,40,20.86,9,43.596264,-116.343571,86.0,PAR #0285 POR BLKS 1 & 2 ROLLING HILL & POR NW4 SE4 3N 1E SEC 16  PAR A ROS 1349
S1236121090,455 W AMITY RD,3N 1W 36,16.1575,16.17,808400,Ada County,RUT,County Rural-Urban Transition,Agricultural / Rural,Low,Vacant Land,Meridian,Medium Density Residential,Medium-Density Residential (planned),supports attached/medium,2.913,0.432,11,59.74,5,43.559286,-116.397702,85.9,PAR #1090 OF N2 NE4 SEC 36 3N 1W #121070-B
S1236121060,455 W AMITY RD,3N 1W 36,4.995,4.998,431600,Ada County,RUT,County Rural-Urban Transition,Agricultural / Rural,Low,Vacant Land,Meridian,Medium Density Residential,Medium-Density Residential (planned),supports attached/medium,2.958,0.348,11,59.74,5,43.560031,-116.400269,85.8,PAR #1060 OF N2 NE4 SEC 36 3N 1W #121050-S
S1236120701,W AMITY RD,3N 1W 36,6.7695,6.774,,City of Meridian,R-8,Meridian Medium Density Res (8 du/ac),Townhouse / Med-Density Residential,Medium,Vacant Land,Meridian,Low Density Residential,Low-Density Residential (planned),single-family oriented,3.006,0.706,11,59.74,5,43.55981,-116.401367,85.7,PAR #0701 OF NE4NW4 SEC 36 3N 1W #120700-B
S1236120876,W AMITY RD,3N 1W 36,6.5604,6.566,,City of Meridian,R-8,Meridian Medium Density Res (8 du/ac),Townhouse / Med-Density Residential,Medium,Vacant Land,Meridian,Low Density Residential,Low-Density Residential (planned),single-family oriented,3.063,0.658,11,59.74,5,43.559857,-116.403106,85.6,PAR #0876 OF NW4NE4 SEC 36 3N 1W #120875-B
R4582530202,3855 N EAGLE RD,JASMINE ACRES,5.1332,5.138,2797600,City of Boise,MX-2,Boise Mixed-Use Community,Mixed Use,High,Vacant Land,Boise,Mixed Use,Mixed Use,supports multifamily,3.314,0.78,150,5.13,1,43.639734,-116.355365,85.5,PAR #0202 N'LY POR LOT 2 BLK 1 JASMINE ACRES PARCEL A ROS 9794 #0200S
S1404233680,S EAGLE RD,2N 1E 04,2.6316,2.632,579000,City of Meridian,R-15,Meridian Med-High Density Res (15 du/ac),Multifamily Residential,High,Vacant Land,Meridian,Medium Density Residential,Medium-Density Residential (planned),supports attached/medium,3.498,0.717,31,25.41,4,43.542605,-116.345119,85.4,PAR #3670 OF S2 NW4 SEC 04 2N 1E #233650-S
S1107325615,614 N MAIN ST,3N 1E 07,1.5507,1.548,1416100,City of Meridian,O-T,Old Town (mixed use),Mixed Use,High,Vacant Land,Meridian,Old Town,Old Town,supports multifamily,1.929,0.707,383,1.55,1,43.609275,-116.391093,84.7,PAR #5615 POR NW4SW4 SEC 7 3N 1E PARCEL A ROS 13100 #325610-B
R5739800050,NE 3RD ST,MILTON SUB,1.7923,1.72,331700,City of Meridian,R-15,Meridian Med-High Density Res (15 du/ac),Multifamily Residential,High,Vacant Land,Meridian,High Density Residential,High-Density Residential (planned),supports multifamily,2.148,0.643,350,1.79,1,43.615925,-116.388178,84.5,LOT 2 BLK 1 MILTON SUB #8310567
S1129449355,S EAGLE RD,3N 1E 29,11.9337,11.94,2388000,City of Meridian,R-8,Meridian Medium Density Res (8 du/ac),Townhouse / Med-Density Residential,Medium,Vacant Land,Meridian,MU-C,Mixed Use – Community,supports multifamily,1.925,0.529,38,21.34,2,43.564171,-116.357614,84.5,PAR#9355 POR SE4SE4 SEC 29 3N 1E #449351-B
S1129449550,W MOUNT ETNA DR,3N 1E 29,9.4062,9.419,1883800,City of Meridian,R-8,Meridian Medium Density Res (8 du/ac),Townhouse / Med-Density Residential,Medium,Vacant Land,Meridian,MU-C,Mixed Use – Community,supports multifamily,2.048,0.658,38,21.34,2,43.562344,-116.358427,84.2,PAR#9550 POR SE4SE4 SEC 29 3N 1E #44950-B
R8512270030,360 N MILWAUKEE ST,TOWNE SQUARE,1.9067,1.91,2080000,City of Boise,MX-3,Boise Mixed-Use Regional,Mixed Use,High,Vacant Land,Boise,Mixed Use,Mixed Use,supports multifamily,4.074,0.344,154,4.96,2,43.608329,-116.282657,83.8,LOT 2 TOWNE SQUARE #94006469
R8512270018,N MILWAUKEE ST,TOWNE SQUARE,3.0545,3.069,2807400,City of Boise,MX-3,Boise Mixed-Use Regional,Mixed Use,High,Vacant Land,Boise,Mixed Use,Mixed Use,supports multifamily,4.194,0.19,154,4.96,2,43.609304,-116.280554,83.6,PAR #0018 OF LOT 1 TOWNE SQUARE PARCEL I R/S 4765 #0016-B
S0435449706,1680 W USTICK RD,4N 1W 35,4.5819,4.585,,City of Meridian,R-40,Meridian High Density Res (40 du/ac),Multifamily Residential,High,Vacant Land,Meridian,MU-C,Mixed Use – Community,supports multifamily,3.996,0.746,167,4.58,1,43.634769,-116.41456,83.6,PAR #9706 OF SE4SE4 SEC 35 4N 1W #449705-B
S1108234051,E PINE AVE,3N 1E 08,2.8248,2.818,1473000,City of Meridian,C-G,General Retail & Service Commercial,Commercial,Medium,Vacant Land,Meridian,MU-C,Mixed Use – Community,supports multifamily,1.503,0.75,45,18.97,6,43.612866,-116.369089,83.0,PAR #4050 OF S2NW4 SEC 8 3N 1E #234050-B
S1108234011,1800 E PINE AVE,3N 1E 08,7.524,7.532,2870800,City of Meridian,C-G,General Retail & Service Commercial,Commercial,Medium,Vacant Land,Meridian,MU-C,Mixed Use – Community,supports multifamily,1.557,0.687,45,18.97,6,43.613293,-116.370775,82.9,PAR #4011 OF SW4NW4 SEC 8 3N 1E #234010-B
R6819230110,1320 S RACKHAM WAY,OXYGEN SUB NO 02,4.3442,4.352,3317500,City of Meridian,C-G,General Retail & Service Commercial,Commercial,Medium,Vacant Land,Meridian,MU-RG,Mixed Use – Regional,supports multifamily,0.423,0.559,57,16.43,7,43.592378,-116.352442,82.6,PAR #0110 OF OXYGEN SUB NO 02 & OF OXYGEN SUB NO 01 PARCEL C ROS 11595 #0100-S #
R6819230215,1308 S RACKHAM WAY,OXYGEN SUB NO 02,1.2894,1.29,983400,City of Meridian,C-G,General Retail & Service Commercial,Commercial,Medium,Vacant Land,Meridian,MU-RG,Mixed Use – Regional,supports multifamily,0.395,0.592,57,16.43,7,43.593021,-116.353128,82.6,PAR #0215 OF OXYGEN SUB NO 02 & OF OXYGEN SUB NO 01 & OF OXYGEN SUB NO 03 PARCEL
S1116336403,3330 E OVERLAND RD,3N 1E 16,1.6462,1.64,2000300,City of Meridian,C-G,General Retail & Service Commercial,Commercial,Medium,Vacant Land,Meridian,MU-RG,Mixed Use – Regional,supports multifamily,0.393,0.573,57,16.43,7,43.591142,-116.353108,82.6,PAR #6403 NEAR SW COR SW4SW4 SEC 16 3N 1E #336402-B
S1116336453,3376 E OVERLAND RD,3N 1E 16,1.6752,1.689,2060000,City of Meridian,C-G,General Retail & Service Commercial,Commercial,Medium,Vacant Land,Meridian,MU-RG,Mixed Use – Regional,supports multifamily,0.43,0.51,57,16.43,7,43.591037,-116.352372,82.6,PAR #6453 NEAR SW COR OF OF SW4 SW4 SEC 16 3N 1E #336452-B
S1108233651,N LOCUST GROVE RD,3N 1E 08,1.9396,1.94,1014100,City of Meridian,C-G,General Retail & Service Commercial,Commercial,Medium,Vacant Land,Meridian,MU-C,Mixed Use – Community,supports multifamily,1.691,0.602,45,18.97,6,43.61466,-116.373448,82.6,PAR #3651 OF SW4NW4 SEC 8 3N 1E #233650-B
R6819220220,S RACKHAM WAY,OXYGEN SUB NO 01,1.1822,1.184,902600,City of Meridian,C-G,General Retail & Service Commercial,Commercial,Medium,Vacant Land,Meridian,MU-RG,Mixed Use – Regional,supports multifamily,0.463,0.694,57,16.43,7,43.593048,-116.351748,82.5,PAR #0220 OF OXYGEN SUB NO 01 & OF OXYGEN SUB NO 02 & OF OXYGEN SUB NO 03 PARCEL
R8178650100,1435 S SILVERSTONE WAY,STONEMONT SUB,4.2841,4.292,2918900,City of Meridian,C-G,General Retail & Service Commercial,Commercial,Medium,Vacant Land,Meridian,MU-RG,Mixed Use – Regional,supports multifamily,0.458,0.547,57,16.43,7,43.591286,-116.351761,82.5,LOT 01 BLK 01 STONEMONT SUB
R8178650200,1455 S SILVERSTONE WAY,STONEMONT SUB,2.0082,2.012,2406300,City of Meridian,C-G,General Retail & Service Commercial,Commercial,Medium,Vacant Land,Meridian,MU-RG,Mixed Use – Regional,supports multifamily,0.5,0.616,57,16.43,7,43.591408,-116.350912,82.4,LOT 02 BLK 01 STONEMONT SUB
S1113233665,450 S MAPLE GROVE RD,3N 1E 13,2.476,2.47,1075900,City of Boise,MX-2,Boise Mixed-Use Community,Mixed Use,High,Vacant Land,Boise,Mixed Use,Mixed Use,supports multifamily,3.579,0.513,275,2.48,1,43.600585,-116.290365,82.3,PAR #3665 OF SW4NW4 SEC 13 3N 1E #233660-S #94040533
R8904000325,11076 W ARCH ST,USTICK TOWNSITE,1.3531,1.378,341400,City of Boise,MX-1,Boise Mixed-Use Neighborhood,Mixed Use,High,Vacant Land,Boise,Mixed Use,Mixed Use,supports multifamily,3.524,0.783,421,1.35,1,43.633365,-116.3198,81.3,LOTS 1-8 & 15-22 BLK 4 & POR OF VAC MORROW ST & POR VAC ALLEY ADJ USTICK TOWNSIT
R7406260010,5740 N DISCOVERY WAY,RESEARCH CENTER NO 07,3.3292,3.332,1814300,City of Boise,MX-3,Boise Mixed-Use Regional,Mixed Use,High,Vacant Land,Boise,Mixed Use,Mixed Use,supports multifamily,4.632,0.777,212,3.33,1,43.657278,-116.340194,81.1,LOT 14 BLK 01 RESEARCH CENTER NO 07
R7406060075,12437 W BRIDGER ST,RESEARCH CENTER NO 01,3.1748,3.18,0,City of Boise,MX-3,Boise Mixed-Use Regional,Mixed Use,High,Vacant Land,Boise,Mixed Use,Mixed Use,supports multifamily,4.723,0.794,220,3.17,1,43.658155,-116.337459,80.7,LOT 7 BLK 1 RESEARCH CENTER NO 1
R3636080110,3872 E HILL PARK ST,HILLS CENTURY FARM COMMERCIAL SUB NO 01,3.1917,3.198,769000,City of Meridian,R-15,Meridian Med-High Density Res (15 du/ac),Multifamily Residential,High,Vacant Land,Meridian,MU-N,Mixed Use – Neighborhood,supports attached/medium,2.335,0.744,54,17.62,3,43.559896,-116.346022,80.0,LOTS 2-7 & POR LOT 10 BLK 2 HILLS CENTURY FARM COMMER 01 PARCEL G ROS 11689 #022
S0436449580,180 W USTICK RD,4N 1W 36,1.009,1.01,,City of Meridian,L-O,Limited Office,Office,Low,Vacant Land,Meridian,Civic,Civic,institutional,3.391,0.803,8,69.79,3,43.634062,-116.395647,80.0,PAR #9580 POR SE4SE4 SEC 36 4N 1W PAR 2 ROS 14669 #449681-B
S1007325725,7315 W DENTON ST,3N 2E 07,2.1277,2.13,2783500,City of Boise,MX-3,Boise Mixed-Use Regional,Mixed Use,High,Vacant Land,Boise,Mixed Use,Mixed Use,supports multifamily,4.568,0.575,320,2.13,1,43.609692,-116.272945,80.0,PAR #5725 POR NWSW SEC 07 3N 2E PARCEL A ROS 13913 #325720-C #3225730-C #325780-
S1133212576,S TAVISTOCK AVE,3N 1E 33,4.0941,4.103,1429800,City of Meridian,R-15,Meridian Med-High Density Res (15 du/ac),Multifamily Residential,High,Vacant Land,Meridian,MU-N,Mixed Use – Neighborhood,supports attached/medium,2.321,0.764,54,17.62,3,43.559708,-116.347765,80.0,PAR #2576 OF NE4NW4 SEC 33 3N 1E PARCEL A ROS 14274 #212575-R
R1029680110,1250 E EVEREST ST,BOROUGH SUB,2.6417,2.641,776500,City of Meridian,R-15,Meridian Med-High Density Res (15 du/ac),Multifamily Residential,High,Vacant Land,Meridian,MU-C,Mixed Use – Community,supports multifamily,4.935,0.73,252,2.64,1,43.662155,-116.378956,79.8,LOT 01 BLK 01 EXC R/W BOROUGH SUB #0100-B
S0436449775,3245 N MERIDIAN RD,4N 1W 36,67.5536,67.62,,City of Meridian,L-O,Limited Office,Office,Low,Vacant Land,Meridian,Civic,Civic,institutional,3.555,0.573,8,69.79,3,43.635501,-116.398674,79.7,PAR#9775 OF S2SE4 SEC 364N1W & LT 11 BLK 25 CEDAR SPRINGS #03 PAR 1 ROS 14669 #4
R7406260070,12781 W ASHCREEK ST,RESEARCH CENTER NO 07,1.4729,1.471,0,City of Boise,MX-3,Boise Mixed-Use Regional,Mixed Use,High,Vacant Land,Boise,Mixed Use,Mixed Use,supports multifamily,4.54,0.758,395,1.47,1,43.656123,-116.341468,79.4,LOT 05 BLK 15 RESEARCH CENTER NO 07
R0427510200,650 N WEBB AVE,ANIMAL FARM SUB,4.1258,4.132,,City of Meridian,C-G,General Retail & Service Commercial,Commercial,Medium,Vacant Land,Meridian,MU-C,Mixed Use – Community,supports multifamily,1.352,0.703,65,14.55,3,43.610932,-116.36732,78.8,LOT 02 BLK 01 ANIMAL FARM SUB
R7406210510,12676 W BRIDGER ST,RESEARCH CENTER NO 02,1.3143,1.316,0,City of Boise,MX-3,Boise Mixed-Use Regional,Mixed Use,High,Vacant Land,Boise,Mixed Use,Mixed Use,supports multifamily,4.761,0.714,429,1.31,1,43.65924,-116.340444,78.8,PAR #0510 @ SW COR LOT 4 BLK 2 RESEARCH CENTER #2 PARCEL A  R/S 9342 #0502-S
S1108325470,E PINE AVE,3N 1E 08,7.6554,7.57,2885300,City of Meridian,C-G,General Retail & Service Commercial,Commercial,Medium,Vacant Land,Meridian,MU-C,Mixed Use – Community,supports multifamily,1.393,0.461,65,14.55,3,43.611203,-116.369046,78.8,PAR #5470 @ N SIDE NW4SW4 SEC 8 3N 1E #325460S #314880S
R0427510100,2145 E PINE AVE,ANIMAL FARM SUB,2.77,2.774,,City of Meridian,C-G,General Retail & Service Commercial,Commercial,Medium,Vacant Land,Meridian,MU-C,Mixed Use – Community,supports multifamily,1.401,0.68,65,14.55,3,43.611635,-116.367491,78.7,LOT 01 BLK 01 ANIMAL FARM SUB
R8048710027,1228 S SPANISH SUN WAY,SOUTHRIDGE SUB NO 01,1.5738,1.575,,City of Meridian,C-C,Community Business,Commercial,Medium,Vacant Land,Meridian,MU-Com,Mixed Use – Commercial,supports multifamily,2.704,0.612,56,16.64,3,43.589722,-116.414826,78.2,PAR #0027 OF LOTS 1 - 5 BLK 1 SOUTHRIDGE SUB NO 01 PARCEL C ROS 15316 #0026-C #0
R7724570400,N EAGLE RD,SCENTSY COMMONS SUB,10.7366,10.756,7224300,City of Meridian,C-G,General Retail & Service Commercial,Commercial,Medium,Vacant Land,Meridian,MU-RG,Mixed Use – Regional,supports multifamily,1.304,0.624,69,13.25,2,43.610502,-116.356253,77.6,LOT 04 BLK 01 SCENTSY COMMONS SUB
R7724570310,3151 E PINE AVE,SCENTSY COMMONS SUB,2.5177,2.528,2874900,City of Meridian,C-G,General Retail & Service Commercial,Commercial,Medium,Vacant Land,Meridian,MU-RG,Mixed Use – Regional,supports multifamily,1.387,0.794,69,13.25,2,43.611639,-116.355576,77.5,PAR #0310 OF LOT 3 BLK 01 SCENTSY COMMONS SUB #0300-B
R1343720710,3210 E LONGWING LN,CENTERCAL SUB,14.2255,14.23,12707100,City of Meridian,C-G,General Retail & Service Commercial,Commercial,Medium,Vacant Land,Meridian,MU-RG,Mixed Use – Regional,supports multifamily,2.047,0.49,66,14.23,1,43.620995,-116.352889,77.1,PAR #0710 OF LOTS 2 & 4 BLK 2 CENTERCAL SUB PARCEL B  ROS #13558 #0701S #0900S
R7909850396,3816 E COPPER POINT DR,SILVERSTONE CAMPUS SUB,11.9474,11.947,4553600,City of Meridian,C-G,General Retail & Service Commercial,Commercial,Medium,Vacant Land,Meridian,MU-RG,Mixed Use – Regional,supports multifamily,0.938,0.585,75,11.95,1,43.584212,-116.345462,77.1,PAR #0396 OF S'LY POR LOT 01 BLK 06 SILVERSTONE CAMPUS SUB PARCEL B R/S 6612 #03
R3238510240,1873 S WELLS AVE,GRAMERCY SUB NO 01,2.1238,2.125,925700,City of Meridian,TN-R,Traditional Neighborhood Residential,Townhouse / Med-Density Residential,Medium,Vacant Land,Meridian,MU-RG,Mixed Use – Regional,supports multifamily,0.327,0.783,109,8.26,4,43.587741,-116.363915,74.6,LOT 01  BLK 03 GRAMERCY SUB #1
R3238520110,1925 S WELLS AVE,GRAMERCY SUB NO 02,2.4974,2.5,980100,City of Meridian,TN-R,Traditional Neighborhood Residential,Townhouse / Med-Density Residential,Medium,Vacant Land,Meridian,MU-RG,Mixed Use – Regional,supports multifamily,0.36,0.745,109,8.26,4,43.587148,-116.363739,74.5,PAR #0110 POR LTS 44 & 45 BL 3 GRAMERCY SUB NO 02 PARCEL A ROS 11967 #0100-S #02
R3035680126,4111 E AMITY RD,GAROUTTE ACRES SUB,3.2541,3.263,652600,City of Meridian,R-15,Meridian Med-High Density Res (15 du/ac),Multifamily Residential,High,Vacant Land,Meridian,MU-N,Mixed Use – Neighborhood,supports attached/medium,2.376,0.511,74,12.11,3,43.560043,-116.343124,74.4,PAR #0126 POR LOTS 1 & 2 BLK 1 GAROUTTE ACRES SUB #0125-B
R3238520210,2069 S WELLS AVE,GRAMERCY SUB NO 02,2.3557,2.358,924400,City of Meridian,TN-R,Traditional Neighborhood Residential,Townhouse / Med-Density Residential,Medium,Vacant Land,Meridian,MU-RG,Mixed Use – Regional,supports multifamily,0.409,0.732,109,8.26,4,43.586392,-116.363733,74.4,PAR #0210 POR LTS 44 & 45 BL 3 GRAMERCY SUB NO 02 PARCEL B ROS 11967 #0100-S #02
S1133120725,5200 S HILLSDALE AVE,3N 1E 33,5.33,5.34,,City of Meridian,R-15,Meridian Med-High Density Res (15 du/ac),Multifamily Residential,High,Vacant Land,Meridian,Medium Density Residential,Medium-Density Residential (planned),supports attached/medium,2.477,0.754,74,12.11,3,43.558353,-116.343571,74.2,PAR #0725 POR NW4NE4 SEC 33 3N 1E #120708-B
R2391230370,6643 W CASSIA ST,ENGLEFIELD GREEN SUB NO 02,4.6174,4.605,0,City of Boise,A-1,Boise Open Land/Airport-Ag,Agricultural / Rural,Low,Vacant Land,Boise,Mixed Use,Mixed Use,supports multifamily,4.826,0.684,25,30.25,3,43.597804,-116.264765,72.6,LOT 01  BLK 11 ENGLEFIELD GREENS SUB NO 02
S1105110111,3100 N CENTREPOINT WAY,3N 1E 05,9.9846,9.972,5418900,City of Meridian,C-G,General Retail & Service Commercial,Commercial,Medium,Vacant Land,Meridian,MU-RG,Mixed Use – Regional,supports multifamily,2.833,0.568,81,11.14,2,43.632874,-116.357795,72.5,PAR #0111 @ NE4NE4 SEC 5 3N 1E #110110-B
S1105110120,3030 N CAJUN LN,3N 1E 05,1.1599,1.161,1379400,City of Meridian,C-G,General Retail & Service Commercial,Commercial,Medium,Vacant Land,Meridian,MU-RG,Mixed Use – Regional,supports multifamily,2.812,0.752,81,11.14,2,43.632411,-116.355018,72.5,PAR #0020 NE4NE4 SEC 5 3N 1E PARCEL F R/S 11747 #110100-B
S1130315225,4200 S WINDSTONE AVE,3N 1E 30,25.0732,25.08,551800,Ada County,RUT,County Rural-Urban Transition,Agricultural / Rural,Low,Vacant Land,Meridian,MU-C,Mixed Use – Community,supports multifamily,2.288,0.702,32,25.07,1,43.565019,-116.387505,72.5,PAR #5225 OF E2SW4 SEC 30 3N 1E #314840-S #98065604
R8483070900,287 S BENCHMARK WAY,TM CREEK SUB NO 07,2.6611,2.663,,City of Meridian,R-40,Meridian High Density Res (40 du/ac),Multifamily Residential,High,Vacant Land,Meridian,Ten Mile Interchange Specific,Ten Mile Interchange (specific area plan),master-plan (use TBD),3.225,0.664,48,18.22,6,43.602123,-116.423772,71.8,LOT 22 BLK 03 TM CREEK SUB NO 07
R8483071000,375 S BENCHMARK WAY,TM CREEK SUB NO 07,2.1626,2.164,,City of Meridian,R-40,Meridian High Density Res (40 du/ac),Multifamily Residential,High,Vacant Land,Meridian,Ten Mile Interchange Specific,Ten Mile Interchange (specific area plan),master-plan (use TBD),3.226,0.734,48,18.22,6,43.601473,-116.42399,71.8,LOT 23 BLK 03 TM CREEK SUB NO 07
R7909770150,1920 S SILVERSTONE WAY,SILVERSTONE SUB,4.236,4.24,3102900,City of Meridian,C-G,General Retail & Service Commercial,Commercial,Medium,Vacant Land,Meridian,MU-RG,Mixed Use – Regional,supports multifamily,0.613,0.696,136,5.97,2,43.587202,-116.350505,71.7,LOT 04 BLK 02 SILVERSTONE SUB
R7909850300,1907 S COBALT POINT WAY,SILVERSTONE CAMPUS SUB,1.7382,1.739,1287800,City of Meridian,C-G,General Retail & Service Commercial,Commercial,Medium,Vacant Land,Meridian,MU-RG,Mixed Use – Regional,supports multifamily,0.685,0.74,136,5.97,2,43.587271,-116.348799,71.6,LOT 02 BLK 04 SILVERSTONE CAMPUS SUB
R8483071100,2552 W COBALT DR,TM CREEK SUB NO 07,3.6024,3.606,,City of Meridian,R-40,Meridian High Density Res (40 du/ac),Multifamily Residential,High,Vacant Land,Meridian,Ten Mile Interchange Specific,Ten Mile Interchange (specific area plan),master-plan (use TBD),3.303,0.759,48,18.22,6,43.602131,-116.425372,71.6,LOT 24 BLK 03 TM CREEK SUB NO 07
R5862150400,1686 S MOVADO WAY,MOVADO VILLAGE SUB,1.5143,1.515,989900,City of Meridian,C-G,General Retail & Service Commercial,Commercial,Medium,Vacant Land,Meridian,MU-RG,Mixed Use – Regional,supports multifamily,1.065,0.749,128,6.58,3,43.589767,-116.339805,71.5,LOT 01 BLK 02 MOVADO VILLAGE SUB
R8483060020,S WAYFINDER AVE,TM CREEK SUB NO 06,1.2328,1.234,0,City of Meridian,R-40,Meridian High Density Res (40 du/ac),Multifamily Residential,High,Vacant Land,Meridian,Ten Mile Interchange Specific,Ten Mile Interchange (specific area plan),master-plan (use TBD),3.378,0.415,48,18.22,6,43.602668,-116.426743,71.5,LOT 08 BLK 03 TM CREEK SUB NO 06
R3238510205,1860 S WELLS AVE,GRAMERCY SUB NO 01,2.7639,2.767,1446400,City of Meridian,C-G,General Retail & Service Commercial,Commercial,Medium,Vacant Land,Meridian,MU-RG,Mixed Use – Regional,supports multifamily,0.278,0.765,171,4.43,2,43.587929,-116.361291,70.9,PAR #0205 LOT 12 & POR LOT 11 BLK 2 GRAMERCY SUB NO 01 PARCEL B ROS 11345 #0190-
R3238510230,2644 E BLUE HORIZON DR,GRAMERCY SUB NO 01,1.6624,1.664,869800,City of Meridian,C-G,General Retail & Service Commercial,Commercial,Medium,Vacant Land,Meridian,MU-RG,Mixed Use – Regional,supports multifamily,0.327,0.785,171,4.43,2,43.587211,-116.361287,70.8,LOT 15  BLK 02 GRAMERCY SUB #1
R1022760100,2131 S BONITO WAY,BONITO SUB,2.6786,2.68,1243300,City of Meridian,C-G,General Retail & Service Commercial,Commercial,Medium,Vacant Land,Meridian,MU-RG,Mixed Use – Regional,supports multifamily,0.451,0.751,166,4.58,2,43.585557,-116.358953,70.7,LOT 10 BLK 01 BONITO SUB
R1022760200,1751 S BONITO WAY,BONITO SUB,2.4676,2.467,1289600,City of Meridian,C-G,General Retail & Service Commercial,Commercial,Medium,Vacant Land,Meridian,MU-RG,Mixed Use – Regional,supports multifamily,0.234,0.739,180,4.15,2,43.588859,-116.358925,70.7,LOT 03 BLK 03 BONITO SUB
R1022760090,2257 S BONITO WAY,BONITO SUB,1.9053,1.905,871300,City of Meridian,C-G,General Retail & Service Commercial,Commercial,Medium,Vacant Land,Meridian,MU-RG,Mixed Use – Regional,supports multifamily,0.502,0.732,166,4.58,2,43.584776,-116.359178,70.6,LOT 09 BLK 01 BONITO SUB
R1022760195,1869 S BONITO WAY,BONITO SUB,1.6835,1.685,880800,City of Meridian,C-G,General Retail & Service Commercial,Commercial,Medium,Vacant Land,Meridian,MU-RG,Mixed Use – Regional,supports multifamily,0.278,0.615,180,4.15,2,43.588204,-116.358816,70.6,PAR #0195 N'LY POR LOT 2 BLK 3 BONITO SUB PARCEL A  R/S 8648 #0190-B
R7319430100,S RACKHAM WAY,RACKHAM SUB,3.1677,3.176,2490200,City of Meridian,C-G,General Retail & Service Commercial,Commercial,Medium,Vacant Land,Meridian,MU-RG,Mixed Use – Regional,supports multifamily,0.433,0.725,178,4.18,2,43.59477,-116.35317,70.3,LOT 01 BLK 01 RACKHAM SUB
R7319430200,S RACKHAM WAY,RACKHAM SUB,1.0111,1.013,529500,City of Meridian,C-G,General Retail & Service Commercial,Commercial,Medium,Vacant Land,Meridian,MU-RG,Mixed Use – Regional,supports multifamily,0.464,0.776,178,4.18,2,43.594293,-116.352203,70.3,LOT 02 BLK 01 RACKHAM SUB
R8257510045,1420 E BIRD DOG DR,SWINDELL SUB,3.1816,3.18,2424100,City of Meridian,C-C,Community Business,Commercial,Medium,Vacant Land,Meridian,MU-C,Mixed Use – Community,supports multifamily,0.786,0.338,164,4.63,2,43.59268,-116.376545,70.1,PAR #0045 POR OF LOT 4 BLK 1 SWINDELL SUB ROS 11346 #0040-S
R8257510080,1480 S LABRADOR WAY,SWINDELL SUB,1.4501,1.451,853300,City of Meridian,C-C,Community Business,Commercial,Medium,Vacant Land,Meridian,MU-C,Mixed Use – Community,supports multifamily,0.802,0.793,164,4.63,2,43.591283,-116.376886,70.0,LOT 03 BLK 02 SWINDELL SUB
R1814730172,2358 E CINEMA DR,DESTINATION PLACE SUB,1.3582,1.358,1441800,City of Meridian,C-G,General Retail & Service Commercial,Commercial,Medium,Vacant Land,Meridian,MU-RG,Mixed Use – Regional,supports multifamily,0.206,0.778,246,2.73,2,43.592068,-116.364984,69.3,PAR #0172 POR LOT 12 BLK 3 DESTINATION PLACE SUB #0170B
R8207350675,2560 S COLE RD,SUBURBAN LAND TRACTS UNIT NO 01,2.1445,2.14,,City of Boise,I-1,Boise Industrial (light),Industrial / Business Park,Low,Vacant Land,Boise,Industrial,Industrial,non-residential,4.458,0.784,10,61.21,12,43.579753,-116.273396,69.3,PAR #0675 POR LOT 03 BLK 03 SUBURBAN LAND TRACTS UNIT NO 1 PAR B ROS 15309 #0651
R1814730150,2342 E CINEMA DR,DESTINATION PLACE SUB,1.3673,1.369,1550500,City of Meridian,C-G,General Retail & Service Commercial,Commercial,Medium,Vacant Land,Meridian,MU-RG,Mixed Use – Regional,supports multifamily,0.258,0.785,246,2.73,2,43.592734,-116.365908,69.2,LOT 10 BLK 03 DESTINATION PLACE SUB
R8207350600,2475 S BEVERLY ST,SUBURBAN LAND TRACTS UNIT NO 01,5.7625,5.79,0,City of Boise,I-1,Boise Industrial (light),Industrial / Business Park,Low,Vacant Land,Boise,Industrial,Industrial,non-residential,4.609,0.713,10,61.21,12,43.580635,-116.27012,69.0,LOT 2 BLK 3 SUBURBAN LAND TRACTS UNIT NO 1
R8207350690,2543 S BEVERLY ST,SUBURBAN LAND TRACTS UNIT NO 01,7.7595,7.76,,City of Boise,I-1,Boise Industrial (light),Industrial / Business Park,Low,Vacant Land,Boise,Industrial,Industrial,non-residential,4.585,0.557,10,61.21,12,43.579707,-116.270833,69.0,LOT 04 & POR LOT 03 BLK 03 SUBURBAN LAND TRACTS UNIT NO 1 PAR A ROS 15309 #0700-
R3138970056,6945 W TARGEE ST,GILL WOOD SUB NO 02 AMD,2.1856,2.179,978000,City of Boise,I-1,Boise Industrial (light),Industrial / Business Park,Low,Vacant Land,Boise,Industrial,Industrial,non-residential,4.658,0.713,10,61.21,12,43.581461,-116.268932,68.9,PAR #0056 S'LY POR LOT 6 BLK 1 GILL WOOD SUB NO 02 AMD PARCEL B R/S 9921
R8207350800,2619 S BEVERLY ST,SUBURBAN LAND TRACTS UNIT NO 01,4.9853,5,0,City of Boise,I-1,Boise Industrial (light),Industrial / Business Park,Low,Vacant Land,Boise,Industrial,Industrial,non-residential,4.632,0.679,10,61.21,12,43.578823,-116.270116,68.9,LOT 6 BLK 3 SUBURBAN LAND TRACTS UNIT NO 1
R8207350150,2480 S BEVERLY ST,SUBURBAN LAND TRACTS UNIT NO 01,4.9976,5,2178000,City of Boise,I-1,Boise Industrial (light),Industrial / Business Park,Low,Vacant Land,Boise,Industrial,Industrial,non-residential,4.729,0.792,10,61.21,12,43.580308,-116.267763,68.8,LOT 1 BLK 2 SUBURBAN LAND TRACTS UNIT NO 1 #98008259
R1931270400,N VENABLE AVE,DRIFTWOOD SUB,1.945,1.939,,City of Meridian,C-C,Community Business,Commercial,Medium,Vacant Land,Meridian,MU-C,Mixed Use – Community,supports multifamily,3.649,0.747,99,9.0,4,43.634285,-116.404451,68.7,LOT 04 BLK 01 DRIFTWOOD SUB
S1108244538,E PINE AVE,3N 1E 08,4.6847,4.701,2150100,City of Meridian,C-G,General Retail & Service Commercial,Commercial,Medium,Vacant Land,Meridian,MU-C,Mixed Use – Community,supports multifamily,1.478,0.794,162,4.68,1,43.612824,-116.367242,68.7,PAR #4538 OF NW4 SEC 08 3N 1E PAR A ROS 12629 #244531-B
R1931270100,N VENABLE AVE,DRIFTWOOD SUB,4.7868,4.806,,City of Meridian,TN-R,Traditional Neighborhood Residential,Townhouse / Med-Density Residential,Medium,Vacant Land,Meridian,MU-C,Mixed Use – Community,supports multifamily,3.704,0.672,99,9.0,4,43.634991,-116.404984,68.6,LOT 01 BLK 01 DRIFTWOOD SUB
R1931270200,N VENABLE AVE,DRIFTWOOD SUB,1.0071,1.008,,City of Meridian,C-C,Community Business,Commercial,Medium,Vacant Land,Meridian,MU-C,Mixed Use – Community,supports multifamily,3.683,0.237,99,9.0,4,43.634611,-116.404983,68.6,LOT 02 BLK 01 DRIFTWOOD SUB
R1931270300,N VENABLE AVE,DRIFTWOOD SUB,1.2581,1.254,,City of Meridian,C-C,Community Business,Commercial,Medium,Vacant Land,Meridian,MU-C,Mixed Use – Community,supports multifamily,3.687,0.7,99,9.0,4,43.634329,-116.405653,68.6,LOT 03 BLK 01 DRIFTWOOD SUB
R8207350201,2545 S FRY ST,SUBURBAN LAND TRACTS UNIT NO 01,4.9528,4.954,0,City of Boise,I-1,Boise Industrial (light),Industrial / Business Park,Low,Vacant Land,Boise,Industrial,Industrial,non-residential,4.816,0.797,10,61.21,12,43.580234,-116.266011,68.6,LOT 02 BLK 02 EXC ROW SUBURBAN LAND TRACTS UNIT NO 1 #0200-B
R8207350376,2711 S FRY ST,SUBURBAN LAND TRACTS UNIT NO 01,9.9505,9.986,0,City of Boise,I-1,Boise Industrial (light),Industrial / Business Park,Low,Vacant Land,Boise,Industrial,Industrial,non-residential,4.806,0.7,10,61.21,12,43.577734,-116.266876,68.6,PAR#0376 POR LOTS 5 & 6 BLK 2 SUBURBAN LAND TRACTS UNIT NO 1 PAR A ROS 13813 EXC
R3138960100,2325 S RAYMOND ST,GILL WOOD SUB NO 01,2.3388,2.336,1119300,City of Boise,I-1,Boise Industrial (light),Industrial / Business Park,Low,Vacant Land,Boise,Industrial,Industrial,non-residential,4.88,0.74,10,61.21,12,43.581341,-116.264463,68.5,LOT 01 BLK 01 GILL WOOD SUB #1
R8207350006,2546 S FRY ST,SUBURBAN LAND TRACTS UNIT NO 01,5.7123,5.686,0,City of Boise,I-1,Boise Industrial (light),Industrial / Business Park,Low,Vacant Land,Boise,Industrial,Industrial,non-residential,4.897,0.667,10,61.21,12,43.580491,-116.264314,68.4,PAR#006 POR OF LOT 1 & 2 BLK 1 SUBURBAN LAND TRACTS UNIT NO 1 PAR A ROS 14192 EX
R0475900020,6501 S PEAK AVE,APEX SOUTHEAST SUB NO 01,7.8211,7.832,1363800,City of Meridian,C-C,Community Business,Commercial,Medium,Vacant Land,Meridian,MU-C,Mixed Use – Community,supports multifamily,3.258,0.815,114,7.82,1,43.545625,-116.373133,68.3,LOT 01 BLK 01 APEX SOUTHEAST SUB NO 01
R7334250690,W JIM PARK AVE,RANDALL ACRES SUB NO 13,1.8574,1.75,0,City of Boise,I-1,Boise Industrial (light),Industrial / Business Park,Low,Vacant Land,Boise,Industrial,Industrial,non-residential,4.976,0.772,10,61.21,12,43.579442,-116.262967,68.3,LOT 6 BLK 4 RANDALL ACRES SUB NO 13
R8207350090,2674 S FRY ST,SUBURBAN LAND TRACTS UNIT NO 01,8.559,8.56,,City of Boise,I-1,Boise Industrial (light),Industrial / Business Park,Low,Vacant Land,Boise,Industrial,Industrial,non-residential,4.931,0.376,10,61.21,12,43.577785,-116.2643,68.3,PAR#0090 POR LOTS 2 & 3 BLK 1 SUBURBAN LAND TRACTS UNIT #1 LOT 3 & POR LOT 2 BLK
R1022760152,2998 E COPPER POINT DR,BONITO SUB,2.35,2.349,1330200,City of Meridian,C-G,General Retail & Service Commercial,Commercial,Medium,Vacant Land,Meridian,MU-RG,Mixed Use – Regional,supports multifamily,0.565,0.658,298,2.35,1,43.584364,-116.356633,68.2,PAR#0152 POR LOTS 03 & 04 BLK 02 INC BONITO SUB PARCEL D R/S 7979 #0140-B #0150-
R8257510025,1260 E BIRD DOG DR,SWINDELL SUB,2.9984,3,2286900,City of Meridian,C-C,Community Business,Commercial,Medium,Vacant Land,Meridian,MU-C,Mixed Use – Community,supports multifamily,0.901,0.598,228,3.0,1,43.592563,-116.378864,68.2,PAR #0025 POR OF LOT 2 BLK 1 SWINDELL SUB ROS 11346 #0020-S
R7909850265,1848 S TOPAZ WAY,SILVERSTONE CAMPUS SUB,1.0702,1.073,747800,City of Meridian,C-G,General Retail & Service Commercial,Commercial,Medium,Vacant Land,Meridian,MU-RG,Mixed Use – Regional,supports multifamily,0.839,0.734,282,2.43,2,43.588157,-116.344949,67.8,PAR# 0265 OF LOTS 5 & 6 BLK 3 SILVERSTONE CAMPUS SUB PARCEL C R/S 7943 #0250-S #
R7909850270,1900 S TOPAZ WAY,SILVERSTONE CAMPUS SUB,1.3647,1.367,775700,City of Meridian,C-G,General Retail & Service Commercial,Commercial,Medium,Vacant Land,Meridian,MU-RG,Mixed Use – Regional,supports multifamily,0.849,0.766,282,2.43,2,43.587719,-116.344946,67.7,LOT 07 BLK 03 SILVERSTONE CAMPUS SUB
S1116336421,S EAGLE RD,3N 1E 16,1.4308,1.326,1992800,City of Meridian,C-G,General Retail & Service Commercial,Commercial,Medium,Vacant Land,Meridian,MU-RG,Mixed Use – Regional,supports multifamily,0.346,0.397,407,1.43,1,43.591438,-116.353987,67.7,PAR #6421 @ SW COR SW4SW4 SEC 16 3N 1E #336420-B
R1814730030,1561 S CELEBRATION AVE,DESTINATION PLACE SUB,1.0696,1.069,1443500,City of Meridian,C-G,General Retail & Service Commercial,Commercial,Medium,Vacant Land,Meridian,MU-RG,Mixed Use – Regional,supports multifamily,0.293,0.782,495,1.07,1,43.590615,-116.366443,67.5,LOT 03 BLK 01 DESTINATION PLACE SUB
R1814730080,1505 S MILLENNIUM WAY,DESTINATION PLACE SUB,1.0543,1.056,1196000,City of Meridian,C-G,General Retail & Service Commercial,Commercial,Medium,Vacant Land,Meridian,MU-RG,Mixed Use – Regional,supports multifamily,0.375,0.793,502,1.05,1,43.591208,-116.368299,67.3,LOT 03 BLK 03 DESTINATION PLACE SUB
R7909790060,1950 S SILVERSTONE WAY,SILVERSTONE SUB NO 03,1.2547,1.257,384900,City of Meridian,C-C,Community Business,Commercial,Medium,Vacant Land,Meridian,MU-RG,Mixed Use – Regional,supports multifamily,0.541,0.716,446,1.25,1,43.587023,-116.352455,67.2,LOT 17 BLK 01 SILVERSTONE SUB NO 03
R7909850332,2255 S COBALT POINT WAY,SILVERSTONE CAMPUS SUB,1.0188,1.15,352700,City of Meridian,C-G,General Retail & Service Commercial,Commercial,Medium,Vacant Land,Meridian,MU-RG,Mixed Use – Regional,supports multifamily,0.782,0.632,521,1.02,1,43.584687,-116.348865,66.5,PAR #0332 NE'LY POR LOT 05 BLK 04 SILVERSTONE CAMPUS SUB #0330-B
R5680302270,S DA VINCI WAY,MESSINA MEADOWS SUB NO 01,1.0838,1.078,0,City of Meridian,R-8,Meridian Medium Density Res (8 du/ac),Townhouse / Med-Density Residential,Medium,Vacant Land,Meridian,Medium Density Residential,Medium-Density Residential (planned),supports attached/medium,1.664,0.161,36,22.57,8,43.568187,-116.366448,66.2,LOT 11 BLK 09 MESSINA MEADOWS SUB NO 01
S1406212410,E LAKE HAZEL RD,2N 1E 06,5.9927,6,,City of Meridian,C-G,General Retail & Service Commercial,Commercial,Medium,Vacant Land,Meridian,Med-High Density Residential,Med-High-Density Residential (planned),supports multifamily,3.474,0.816,134,5.99,1,43.545598,-116.387824,66.0,PAR #2410 POR GOV LOT 03 SEC 06 2N 1E PAR E ROS 14953 #T1406212604-S #212401-S
R3526470090,6210 S VALLEY HEIGHTS DR,HAZELWOOD VILLAGE SUB NO 09,1.2263,1.231,0,Ada County,R8,R8,Townhouse / Med-Density Residential,Medium,Vacant Land,Boise,Mixed Use,Mixed Use,supports multifamily,3.689,0.793,137,5.95,2,43.545792,-116.323806,65.6,LOT 10 BLK 19 HAZELWOOD VILLAGE SUB NO 09
S1404233800,E BINGLEY LN,2N 1E 04,4.103,4.11,,City of Meridian,R-8,Meridian Medium Density Res (8 du/ac),Townhouse / Med-Density Residential,Medium,Vacant Land,Meridian,Medium Density Residential,Medium-Density Residential (planned),supports attached/medium,3.46,0.499,31,25.41,4,43.542512,-116.349746,65.5,PAR #3800 OF S2NW4 SEC 04 2N 1E #233670-B
R0525200041,1566 S SPANISH SUN WAY,ARTEMISIA SUB,1.087,1.088,,City of Meridian,C-G,General Retail & Service Commercial,Commercial,Medium,Vacant Land,Meridian,MU-Com,Mixed Use – Commercial,supports multifamily,2.673,0.756,199,3.64,3,43.59071,-116.414261,65.3,LOT 02 BLK 01 EXC ROW ARTEMISIA SUB #0040-B
R1618930200,3535 S CLOVERDALE RD,CROSSWINDS SUB,2.2427,2.247,978800,Ada County,R20,County Residential R20 (MF),Multifamily Residential,High,Vacant Land,Boise,Compact,Compact / walkable neighborhood,supports attached/medium,1.953,0.783,305,2.24,1,43.570712,-116.335095,65.3,LOT 10 BLK 01 CROSSWINDS SUB
R0525200060,1558 S SPANISH SUN WAY,ARTEMISIA SUB,1.2136,1.215,741000,City of Meridian,C-G,General Retail & Service Commercial,Commercial,Medium,Vacant Land,Meridian,MU-Com,Mixed Use – Commercial,supports multifamily,2.707,0.757,199,3.64,3,43.590685,-116.414942,65.2,LOT 03 BLK 01 ARTEMISIA SUB
R0525200080,1550 S SPANISH SUN WAY,ARTEMISIA SUB,1.3432,1.344,819600,City of Meridian,C-G,General Retail & Service Commercial,Commercial,Medium,Vacant Land,Meridian,MU-Com,Mixed Use – Commercial,supports multifamily,2.745,0.776,199,3.64,3,43.590705,-116.415702,65.2,LOT 04 BLK 01 ARTEMISIA SUB
R8483110600,653 S BENCHMARK WAY,TM CENTER EAST SUB NO 02,2.3707,2.373,,City of Meridian,C-G,General Retail & Service Commercial,Commercial,Medium,Vacant Land,Meridian,Ten Mile Interchange Specific,Ten Mile Interchange (specific area plan),master-plan (use TBD),3.231,0.779,21,31.53,13,43.598902,-116.424727,65.1,LOT 10 BLK 01 TM CENTER EAST SUB NO 02
R8483110700,755 S BENCHMARK WAY,TM CENTER EAST SUB NO 02,2.395,2.397,,City of Meridian,C-G,General Retail & Service Commercial,Commercial,Medium,Vacant Land,Meridian,Ten Mile Interchange Specific,Ten Mile Interchange (specific area plan),master-plan (use TBD),3.222,0.78,21,31.53,13,43.597938,-116.424729,65.1,LOT 11 BLK 01 TM CENTER EAST SUB NO 02
R8483110400,459 S BENCHMARK WAY,TM CENTER EAST SUB NO 02,2.9359,2.939,,City of Meridian,C-G,General Retail & Service Commercial,Commercial,Medium,Vacant Land,Meridian,Ten Mile Interchange Specific,Ten Mile Interchange (specific area plan),master-plan (use TBD),3.249,0.749,21,31.53,13,43.600552,-116.424712,65.0,LOT 08 BLK 01 TM CENTER EAST SUB NO 02
R8483110500,551 S BENCHMARK WAY,TM CENTER EAST SUB NO 02,2.363,2.365,,City of Meridian,C-G,General Retail & Service Commercial,Commercial,Medium,Vacant Land,Meridian,Ten Mile Interchange Specific,Ten Mile Interchange (specific area plan),master-plan (use TBD),3.246,0.756,21,31.53,13,43.599772,-116.424843,65.0,LOT 09 BLK 01 TM CENTER EAST SUB NO 02
R8483110300,2655 W COBALT DR,TM CENTER EAST SUB NO 02,6.9161,6.922,,City of Meridian,C-G,General Retail & Service Commercial,Commercial,Medium,Vacant Land,Meridian,Ten Mile Interchange Specific,Ten Mile Interchange (specific area plan),master-plan (use TBD),3.336,0.757,21,31.53,13,43.600211,-116.426563,64.9,LOT 07 BLK 01 TM CENTER EAST SUB NO 02
R7104250004,2365 E FAIRVIEW AVE,PLEASANT VALLEY SUB,1.4554,1.452,1012000,City of Meridian,C-G,General Retail & Service Commercial,Commercial,Medium,Vacant Land,Meridian,MU-C,Mixed Use – Community,supports multifamily,1.885,0.733,401,1.46,1,43.619057,-116.364874,64.7,PAR #0004 N'LY POR LOT 01 PLEASANT VALLEY SUB R/S 6678 #0005-B
R8483110100,502 S WAYFINDER AVE,TM CENTER EAST SUB NO 02,1.9213,1.923,,City of Meridian,C-G,General Retail & Service Commercial,Commercial,Medium,Vacant Land,Meridian,Ten Mile Interchange Specific,Ten Mile Interchange (specific area plan),master-plan (use TBD),3.417,0.723,21,31.53,13,43.600034,-116.428252,64.7,LOT 05 BLK 01 TM CENTER EAST SUB NO 02
R8483110200,420 S WAYFINDER AVE,TM CENTER EAST SUB NO 02,2.4101,2.412,,City of Meridian,C-G,General Retail & Service Commercial,Commercial,Medium,Vacant Land,Meridian,Ten Mile Interchange Specific,Ten Mile Interchange (specific area plan),master-plan (use TBD),3.425,0.646,21,31.53,13,43.600603,-116.428262,64.7,LOT 06 BLK 01 TM CENTER EAST SUB NO 02
R7812730350,2634 N EAGLE RD,SESSIONS PARKWAY SUB,1.5699,1.57,,City of Meridian,C-G,General Retail & Service Commercial,Commercial,Medium,Vacant Land,Meridian,MU-RG,Mixed Use – Regional,supports multifamily,2.591,0.746,244,2.77,2,43.628985,-116.352848,64.6,LOT 03 & POR LOT 04 BLK 01 SESSIONS PARKWAY SUB PARCEL D ROS 14759 #0300-C #0400
R8483100100,602 S WAYFINDER AVE,TM CENTER EAST SUB NO 01,1.7096,1.712,372900,City of Meridian,C-G,General Retail & Service Commercial,Commercial,Medium,Vacant Land,Meridian,Ten Mile Interchange Specific,Ten Mile Interchange (specific area plan),master-plan (use TBD),3.466,0.629,21,31.53,13,43.598835,-116.429483,64.6,LOT 01 BLK 01 TM CENTER EAST SUB NO 01
R8483100300,730 S WAYFINDER AVE,TM CENTER EAST SUB NO 01,1.3582,1.361,296400,City of Meridian,C-G,General Retail & Service Commercial,Commercial,Medium,Vacant Land,Meridian,Ten Mile Interchange Specific,Ten Mile Interchange (specific area plan),master-plan (use TBD),3.448,0.774,21,31.53,13,43.597769,-116.429307,64.6,LOT 03 BLK 01 TM CENTER EAST SUB NO 01
R7812730550,2738 N EAGLE RD,SESSIONS PARKWAY SUB,1.1975,1.2,,City of Meridian,C-G,General Retail & Service Commercial,Commercial,Medium,Vacant Land,Meridian,MU-RG,Mixed Use – Regional,supports multifamily,2.649,0.785,244,2.77,2,43.629837,-116.35285,64.5,LOT 05 & POR LOT 04 BLK 01 SESSIONS PARKWAY SUB PARCEL A ROS 14759 #0500-C #0400
R8483100200,716 S WAYFINDER AVE,TM CENTER EAST SUB NO 01,2.2567,2.261,492400,City of Meridian,C-G,General Retail & Service Commercial,Commercial,Medium,Vacant Land,Meridian,Ten Mile Interchange Specific,Ten Mile Interchange (specific area plan),master-plan (use TBD),3.494,0.767,21,31.53,13,43.598121,-116.430178,64.5,LOT 02 BLK 01 TM CENTER EAST SUB NO 01
S1107131220,639 E STATE AVE,3N 1E 07,1.1275,1.35,0,City of Meridian,R-8,Meridian Medium Density Res (8 du/ac),Townhouse / Med-Density Residential,Medium,Vacant Land,Meridian,Old Town,Old Town,supports multifamily,1.833,0.334,473,1.13,1,43.612691,-116.383706,64.5,PAR #1220 OF SW4NE4 SEC 7 3N 1E #131210-B
R7991140012,3570 N EAGLE RD,SMITCHGER SUB NORTH,3.6679,3.76,3275700,City of Meridian,C-G,General Retail & Service Commercial,Commercial,Medium,Vacant Land,Meridian,MU-RG,Mixed Use – Regional,supports multifamily,3.16,0.716,198,3.67,1,43.637197,-116.351834,64.3,PAR #0012 OF LOT 1 BLK 1 SMITCHGER SUB NORTH PARCEL A ROS 12336 #0010-B
R0945580275,2755 N EAGLE RD,BIENVILLE SQUARE SUB,2.0758,2.082,1632500,City of Meridian,C-G,General Retail & Service Commercial,Commercial,Medium,Vacant Land,Meridian,MU-RG,Mixed Use – Regional,supports multifamily,2.655,0.526,324,2.08,1,43.630162,-116.355425,63.8,PAR #0275 OF LOTS 26-27 BLK 1 BIENVILLE SQUARE SUB PARCEL E ROS 13619 #0262-S #0
S1212336031,W FRANKLIN RD,3N 1W 12,2.0689,2.074,906400,City of Meridian,C-C,Community Business,Commercial,Medium,Vacant Land,Meridian,MU-C,Mixed Use – Community,supports multifamily,2.76,0.796,327,2.07,1,43.605226,-116.412892,63.5,PAR #6031 POR OF SW4SW4 SEC 12 3N 1W #336030-B
S1404223101,3315 E LAKE HAZEL RD,2N 1E 04,9.0915,9.1,1867300,Ada County,RUT,County Rural-Urban Transition,Agricultural / Rural,Low,Vacant Land,Meridian,Med-High Density Residential,Med-High-Density Residential (planned),supports multifamily,3.217,0.504,53,17.7,2,43.545849,-116.35178,63.3,PAR #3101 POR GOV'T LOT 04 SEC 04 2N 1E #223100-B
R8048710060,1721 S SPANISH SUN WAY,SOUTHRIDGE SUB NO 01,3.5632,3.566,0,City of Meridian,TN-C,Traditional Neighborhood Center,Mixed Use,High,Vacant Land,Meridian,Civic,Civic,institutional,2.739,0.586,56,16.64,3,43.588518,-116.415415,63.2,LOT 1 BLK 2 SOUTHRIDGE SUB NO 01
S0529223155,1642 E THREE CORNERS DR,4N 1E 29,5.8566,5.862,0,City of Meridian,C-C,Community Business,Commercial,Medium,Vacant Land,Meridian,MU-C,Mixed Use – Community,supports multifamily,4.879,0.442,140,5.86,1,43.662042,-116.37247,63.1,PAR #3155 POR OF NW4NW4 SEC 29 4N 1E #223150-B
S1104233975,3280 E RIVER VALLEY ST,3N 1E 04,1.1519,1.151,1303600,City of Meridian,C-C,Community Business,Commercial,Medium,Vacant Land,Meridian,MU-RG,Mixed Use – Regional,supports multifamily,2.508,0.785,469,1.15,1,43.627872,-116.353789,63.1,PAR #3975 POR SW4NW4 SEC 04 3N 1E PAR A ROS 12580 IN TCA 03-8 #233970-R
S1404223401,6740 S EAGLE RD,2N 1E 04,8.6099,8.66,,Ada County,RUT,County Rural-Urban Transition,Agricultural / Rural,Low,Vacant Land,Meridian,Med-High Density Residential,Med-High-Density Residential (planned),supports multifamily,3.31,0.602,53,17.7,2,43.544317,-116.353576,63.1,PAR #3401 POR GOV LOT 04 SEC 04 2N 1E #223400-B
R1317530180,W DOVER DR,CASTLEBROOK SUB NO 03,1.7106,1.695,0,City of Meridian,R-8,Meridian Medium Density Res (8 du/ac),Townhouse / Med-Density Residential,Medium,Vacant Land,Meridian,Medium Density Residential,Medium-Density Residential (planned),supports attached/medium,4.504,0.305,33,24.91,3,43.614179,-116.445497,62.9,LOT 26 BLK 07 CASTLEBROOK SUB NO 03
R7626350050,1001 W BROADWAY AVE,RUSHMORE SUB NO 01,1.0169,1.032,0,City of Meridian,R-15,Meridian Med-High Density Res (15 du/ac),Multifamily Residential,High,Vacant Land,Meridian,Medium Density Residential,Medium-Density Residential (planned),supports attached/medium,2.602,0.312,522,1.02,1,43.609903,-116.406589,62.8,LOT 5 BLK 1 RUSHMORE SUB NO 01
R7039000275,185 E BLUE HERON LN,J E PFOSTS SUB,1.2751,1.278,347500,City of Meridian,R-40,Meridian High Density Res (40 du/ac),Multifamily Residential,High,Vacant Land,Meridian,MU-N,Mixed Use – Neighborhood,supports attached/medium,2.814,0.7,439,1.28,1,43.626153,-116.391378,62.7,PAR #0251 POR LT 1 & 2 TCA 242 J E PFOSTS SUB #0005-C #0300-C
R8813650360,1388 S GOLDKING WAY,UNION SQUARE SUB NO 01,1.2266,1.228,0,City of Boise,R-2,Two-Family / Low-Density,Two-Family / Low-Density Residential,Medium,Vacant Land,Boise,Mixed Use,Mixed Use,supports multifamily,2.769,0.392,454,1.23,1,43.592164,-116.305545,62.7,LOT 02  BLK 04 UNION SQUARE NO 01
S1222223000,S BLACK CAT RD,3N 1W 22,39.5204,40,880000,Ada County,RUT,County Rural-Urban Transition,Agricultural / Rural,Low,Vacant Land,Meridian,Medium Density Residential,Medium-Density Residential (planned),supports attached/medium,4.527,0.785,17,39.52,1,43.587997,-116.45117,62.5,NW4NW4 SEC 22 3N 1W #8925890 #99023505
S1113141903,555 S COLE RD,3N 1E 13,15.6915,15.7,0,City of Boise,MX-2,Boise Mixed-Use Community,Mixed Use,High,Vacant Land,Boise,Commercial,Commercial,non-residential (MF only if mixed),4.277,0.752,46,18.94,3,43.599194,-116.27599,62.4,PAR #1903 OF SE4NE4 SEC 13 3N 1E #141902-B
R0608600020,390 S AUTO DR,AUTO PARK SUB,1.1462,1.15,526000,City of Boise,MX-3,Boise Mixed-Use Regional,Mixed Use,High,Vacant Land,Boise,Commercial,Commercial,non-residential (MF only if mixed),4.321,0.429,46,18.94,3,43.60119,-116.275481,62.3,LOT 1 & POR LOTS 2 & 3 BLK 1 AUTO PARK SUB #0150B
R8048320070,3036 N EAGLE RD,SOUTHEAST CORNER MARKETPLACE SUB NO 02,1.0896,1.091,665300,City of Meridian,C-G,General Retail & Service Commercial,Commercial,Medium,Vacant Land,Meridian,MU-RG,Mixed Use – Regional,supports multifamily,2.883,0.393,488,1.09,1,43.633104,-116.351442,62.3,LOT 09  BLK 01 SOUTHEAST COR MRKTPLC #2
S1113141820,409 S COLE RD,3N 1E 13,2.1031,2.106,1123800,City of Boise,MX-3,Boise Mixed-Use Regional,Mixed Use,High,Vacant Land,Boise,Commercial,Commercial,non-residential (MF only if mixed),4.344,0.703,46,18.94,3,43.600562,-116.274885,62.3,PAR #1820 @ E SIDE SE4NE4 SEC 13  3N 1E PARCEL B  R/S 9578 #110525B #141816S #14
S1210336521,4420 W FRANKLIN RD,3N 1W 10,4.9779,4.982,1401600,City of Meridian,R-15,Meridian Med-High Density Res (15 du/ac),Multifamily Residential,High,Vacant Land,Meridian,Ten Mile Interchange Specific,Ten Mile Interchange (specific area plan),master-plan (use TBD),4.523,0.427,79,11.37,3,43.606378,-116.449045,62.3,PAR #6521 @ S SIDE SW4SW4 SEC 10  3N 1W #336520-B
S1210336405,4540 W FRANKLIN RD,3N 1W 10,1.5042,1.51,426600,City of Meridian,R-15,Meridian Med-High Density Res (15 du/ac),Multifamily Residential,High,Vacant Land,Meridian,Ten Mile Interchange Specific,Ten Mile Interchange (specific area plan),master-plan (use TBD),4.585,0.749,79,11.37,3,43.605378,-116.450603,62.2,PAR #0405 POR SW4SW4 SEC 10 3N 1W PARCEL B ROS 12525 #336404-B
S1210336451,4490 W FRANKLIN RD,3N 1W 10,4.8849,4.886,1401600,City of Meridian,R-15,Meridian Med-High Density Res (15 du/ac),Multifamily Residential,High,Vacant Land,Meridian,Ten Mile Interchange Specific,Ten Mile Interchange (specific area plan),master-plan (use TBD),4.56,0.438,79,11.37,3,43.606311,-116.449823,62.2,PAR #6451 OF SW4SW4 SEC 10 3N 1W #336450-B
R1343770152,N EAGLE RD,CENTREPOINTE SUB,1.0063,1.008,219500,City of Meridian,C-G,General Retail & Service Commercial,Commercial,Medium,Vacant Land,Meridian,MU-RG,Mixed Use – Regional,supports multifamily,3.007,0.598,532,1.01,1,43.635406,-116.358077,62.0,PAR#0152 W'LY POR LTS 6&7 BL 2 CENTREPOINTE SUB PAR G R/S 8837 #0140-B #0150-B
S1211233735,890 N TEN MILE RD,3N 1W 11,2.6518,2.391,2083000,City of Meridian,C-C,Community Business,Commercial,Medium,Vacant Land,Meridian,MU-C,Mixed Use – Community,supports multifamily,3.891,0.61,251,2.65,1,43.612957,-116.433025,61.9,PAR #3735 OF SW4NW4 SEC 11 3N 1W #2337325-B
R0475950145,6276 S ASPIRATION AVE,APEX NORTHWEST SUB NO 01,1.1718,1.173,204400,City of Meridian,C-C,Community Business,Commercial,Medium,Vacant Land,Meridian,MU-C,Mixed Use – Community,supports multifamily,3.186,0.585,461,1.17,1,43.547149,-116.376068,61.8,LOT 7 & POR LOTS 4 & 10 BLK 1 APEX NORTHWEST SUB NO 01 PARCEL A ROS 14242 #0140-
R1619230860,1009 W STANHOPE ST,CROSSFIELD SUB NO 01,1.73,1.732,0,City of Meridian,R-8,Meridian Medium Density Res (8 du/ac),Townhouse / Med-Density Residential,Medium,Vacant Land,Meridian,MU-C,Mixed Use – Community,supports multifamily,3.535,0.516,355,1.73,1,43.631173,-116.406222,61.7,LOT 07 BLK 08 CROSSFIELD SUB NO 01
S1135449811,5960 S SNOWY RIVER WAY,3N 1E 35,17.6136,17.63,2111900,Ada County,R6,County Residential R6,Two-Family / Low-Density Residential,Low,Vacant Land,Boise,Mixed Use,Mixed Use,supports multifamily,4.39,0.592,55,17.61,1,43.54775,-116.29787,60.8,PAR #9811 OF SE4SE4 SEC 35 3N 1E #449810-B
S1210417400,3725 W PINE AVE,3N 1W 10,1.2185,1.219,569600,City of Meridian,R-8,Meridian Medium Density Res (8 du/ac),Townhouse / Med-Density Residential,Medium,Vacant Land,Meridian,MU-C,Mixed Use – Community,supports multifamily,4.103,0.653,455,1.22,1,43.609999,-116.438985,60.0,PAR #7400 OF N2SE4 S OF TEN MILE CREEK SEC 10 3N 1W #8422902 8422904
R5443010225,S WELLS ST,MAGIC VIEW SUB AMD,2.2478,0,,Ada County,RUT,County Rural-Urban Transition,Agricultural / Rural,Low,Vacant Land,Meridian,MU-N,Mixed Use – Neighborhood,supports attached/medium,0.3,0.762,27,28.03,6,43.596,-116.362989,59.4,PAR #0225 POR OF LOT 21 MAGIC VIEW SUB AMD #0210-B
R5443010160,S WELLS ST,MAGIC VIEW SUB AMD,5.1683,5.29,486400,Ada County,RUT,County Rural-Urban Transition,Agricultural / Rural,Low,Vacant Land,Meridian,MU-N,Mixed Use – Neighborhood,supports attached/medium,0.37,0.635,27,28.03,6,43.597282,-116.361048,59.3,LOT 16 MAGIC VIEW SUB AMD
R5443010215,955 S WELLS ST,MAGIC VIEW SUB AMD,2.4621,0,,Ada County,RUT,County Rural-Urban Transition,Agricultural / Rural,Low,Vacant Land,Meridian,MU-N,Mixed Use – Neighborhood,supports attached/medium,0.35,0.455,27,28.03,6,43.596748,-116.363027,59.3,PAR #0215 POR OF LOT 21 MAGIC VIEW SUB AMD #0210-S
R5443010202,E WELLS CIR,MAGIC VIEW SUB AMD,1.0437,1.048,337200,Ada County,R1,County Residential R1,Single-Family Residential,Low,Vacant Land,Meridian,Medium Density Residential,Medium-Density Residential (planned),supports attached/medium,0.402,0.537,27,28.03,6,43.597273,-116.364054,59.2,PAR #0220 OF LOT 20 MAGIC VIEW SUB AMD #0200-S
R5443010239,S WELLS ST,MAGIC VIEW SUB AMD,5.9927,6,920000,City of Meridian,L-O,Limited Office,Office,Low,Vacant Land,Meridian,MU-N,Mixed Use – Neighborhood,supports attached/medium,0.433,0.621,27,28.03,6,43.598202,-116.360896,59.2,LOT 23 MAGIC VIEW SUB AMD & LOTS 02-03 BLK 01 FALLON GREENS SUB PAR A ROS 13064 
R8019000050,1500 N ELDORADO ST,SNIDER SUB,1.9871,1.99,,City of Boise,MX-3,Boise Mixed-Use Regional,Mixed Use,High,Vacant Land,Boise,Compact,Compact / walkable neighborhood,supports attached/medium,4.922,0.618,337,1.99,1,43.617902,-116.269275,59.1,"LOTS 09, 10 & POR LOTS 04-06 SNIDER SUB PARCEL A ROS 14793 #0031-C #0090-C #0100"
R5443010075,675 S WELLS ST,MAGIC VIEW SUB AMD,11.1172,0,,Ada County,RUT,County Rural-Urban Transition,Agricultural / Rural,Low,Vacant Land,Meridian,Medium Density Residential,Medium-Density Residential (planned),supports attached/medium,0.499,0.734,27,28.03,6,43.598922,-116.363424,59.0,LOTS 07 & 22 MAGIC VIEW SUB AMD #0070-C #0220-C
S1125212400,8373 W VICTORY RD,3N 1E 25,14.9879,15,9147600,City of Boise,R-3,Boise Multifamily,Multifamily Residential,High,Vacant Land,Boise,School,School,institutional,3.986,0.761,62,14.99,1,43.573835,-116.285267,59.0,PAR #2400 OF N2 SEC 25 3N 1E PARCEL B ROS 12270 #120861-S #212503-C
R2391230350,527 S WHISPERWOOD WAY,ENGLEFIELD GREEN SUB NO 02,1.465,1.467,0,City of Boise,R-2,Two-Family / Low-Density,Two-Family / Low-Density Residential,Medium,Vacant Land,Boise,Mixed Use,Mixed Use,supports multifamily,4.839,0.835,396,1.47,1,43.599597,-116.264748,58.8,LOT 01  BLK 09 ENGLEFIELD GREENS SUB NO 02
R0967630010,S NICKEL CREEK PL,BITTERCREEK HEIGHTS SUB NO 02,48.4574,48.506,1151000,Ada County,RUT,County Rural-Urban Transition,Agricultural / Rural,Low,Vacant Land,Meridian,Low Density Residential,Low-Density Residential (planned),single-family oriented,4.477,0.736,14,50.21,2,43.563298,-116.441101,58.3,LOT 10 BLK 01 BITTERCREEK HEIGHTS SUB NO 02
R0967620110,4349 S NICKEL CREEK PL,BITTERCREEK HEIGHTS SUB,1.7539,1.76,0,Ada County,RUT,County Rural-Urban Transition,Agricultural / Rural,Low,Vacant Land,Meridian,Low Density Residential,Low-Density Residential (planned),single-family oriented,4.525,0.442,14,50.21,2,43.565258,-116.443443,58.2,LOT 01 BLK 03 BITTERCREEK HEIGHTS SUB
R8484030200,2466 W NAVIGATOR DR,TM CROSSING SUB NO 04,1.2153,1.217,289500,City of Meridian,C-G,General Retail & Service Commercial,Commercial,Medium,Vacant Land,Meridian,Commercial,Commercial,non-residential (MF only if mixed),3.194,0.697,21,31.53,13,43.595986,-116.424464,57.1,LOT 16 BLK 02 TM CROSSING SUB NO 4
R8484030400,2474 W EXCURSION LN,TM CROSSING SUB NO 04,1.813,1.813,1421500,City of Meridian,C-G,General Retail & Service Commercial,Commercial,Medium,Vacant Land,Meridian,Commercial,Commercial,non-residential (MF only if mixed),3.202,0.476,21,31.53,13,43.596796,-116.424515,57.1,LOT 18 BLK 02 TM CROSSING SUB NO 4
R8484030500,2520 W EXCURSION LN,TM CROSSING SUB NO 04,1.8689,1.868,1464700,City of Meridian,C-G,General Retail & Service Commercial,Commercial,Medium,Vacant Land,Meridian,Commercial,Commercial,non-residential (MF only if mixed),3.238,0.66,21,31.53,13,43.59686,-116.425221,57.1,LOT 19 BLK 02 TM CROSSING SUB NO 4
S1121110201,12535 W OVERLAND RD,3N 1E 21,3.8021,3.81,1991600,City of Boise,MX-2,Boise Mixed-Use Community,Mixed Use,High,Vacant Land,Boise,Commercial,Commercial,non-residential (MF only if mixed),1.111,0.345,128,6.58,3,43.589403,-116.338955,56.4,PAR #0201 OF NE4NE4 SEC 21 3N 1E PAR A ROS 11624 EXC ROW #110200-B
R7555000060,4240 E VIEW CIR,ROLLING HILL SUB,1.0348,1.037,313100,Ada County,R1,County Residential R1,Single-Family Residential,Low,Vacant Land,Meridian,MU-RG,Mixed Use – Regional,supports multifamily,0.981,0.618,131,6.22,3,43.592103,-116.341278,56.3,LOT 6 BLK 1 ROLLING HILL SUB
S1116438903,4330 E OVERLAND RD,3N 1E 16,4.0442,4.654,1047200,Ada County,RUT,County Rural-Urban Transition,Agricultural / Rural,Low,Vacant Land,Meridian,MU-RG,Mixed Use – Regional,supports multifamily,1.043,0.717,131,6.22,3,43.591134,-116.340067,56.1,PAR #8903 # SE COR SW4SE4 SEC 16 3N 1E #438900-B
S1121110011,W OVERLAND RD,3N 1E 21,1.268,1.272,775700,City of Boise,MX-2,Boise Mixed-Use Community,Mixed Use,High,Vacant Land,Boise,Commercial,Commercial,non-residential (MF only if mixed),1.255,0.307,128,6.58,3,43.589988,-116.335934,56.1,PAR #0011 OF NE4NE4 SEC 21 3N 1E PAR C ROS 11624 EXC ROW #110010-B
S1403110375,6381 S FIVE MILE RD,2N 1E 03,11.2182,11.23,2445900,Ada County,C2,County Commercial,Commercial,Low,Vacant Land,Boise,Mixed Use,Mixed Use,supports multifamily,3.939,0.702,80,11.22,1,43.54485,-116.316522,55.3,PAR #0375 NE4 NE4 SEC 03 2N 1E #110350C #110425C
S1133120706,S HILLSDALE AVE,3N 1E 33,3.5305,3.529,1691000,City of Meridian,C-C,Community Business,Commercial,Medium,Vacant Land,Meridian,MU-N,Mixed Use – Neighborhood,supports attached/medium,2.335,0.435,74,12.11,3,43.560434,-116.343986,54.4,PAR #0706 POR OF NW4NE4 SEC 33 3N 1E #120705-B
R7406020070,2045 E OVERLAND RD,RESOLUTION SUB NO 01,2.5399,2.544,1662300,City of Meridian,L-O,Limited Office,Office,Low,Vacant Land,Meridian,High Density Residential,High-Density Residential (planned),supports multifamily,0.421,0.739,269,2.54,1,43.589834,-116.368772,53.7,LOT 07 BLK 01 RESOLUTION SUB NO 01
S1117223580,S LOCUST GROVE RD,3N 1E 17,3.0068,3,93100,Ada County,R1,County Residential R1,Single-Family Residential,Low,Vacant Land,Meridian,MU-C,Mixed Use – Community,supports multifamily,0.866,0.665,226,3.01,1,43.601865,-116.371441,53.3,PAR #3580 @ S SIDE NW4NW4 SEC 17 3N 1E PARCEL 2 R/S 6325 #223560-S
R1956160160,11978 W DUNHAM LN,DUNHAM COMMONS SUB NO 01 AMD,1.5358,1.536,0,City of Boise,R-2,Two-Family / Low-Density,Two-Family / Low-Density Residential,Medium,Vacant Land,Boise,Compact,Compact / walkable neighborhood,supports attached/medium,1.607,0.453,97,9.19,5,43.602645,-116.33237,53.0,LOT 51 BLK 01 DUNHAM COMMONS SUB NO 01 AMD
R4626240075,S JADE AVE,JEWEL SUB,2.1411,2.145,385800,Ada County,R1,County Residential R1,Single-Family Residential,Low,Vacant Land,Meridian,MU-RG,Mixed Use – Regional,supports multifamily,0.598,0.788,318,2.14,1,43.592128,-116.348934,52.9,LOT 4 BLK 1 EXC N 146' JEWEL SUB
R8048700050,11235 W OVERLAND RD,SOUTHPOINT SUB NO 05,1.0028,1.004,524800,City of Boise,MX-1,Boise Mixed-Use Neighborhood,Mixed Use,High,Vacant Land,Boise,Office,Office,non-residential (MF only if mixed),1.943,0.736,163,4.68,4,43.589821,-116.322167,52.8,LOT 65 BLK 12 SOUTHPOINT SUB NO 05
R8048700060,11173 W OVERLAND RD,SOUTHPOINT SUB NO 05,1.036,1.037,542100,City of Boise,MX-1,Boise Mixed-Use Neighborhood,Mixed Use,High,Vacant Land,Boise,Office,Office,non-residential (MF only if mixed),1.972,0.68,163,4.68,4,43.589752,-116.321577,52.7,LOT 66 BLK 12 SOUTHPOINT SUB NO 05
R8048700070,11101 W OVERLAND RD,SOUTHPOINT SUB NO 05,1.5244,1.527,798200,City of Boise,MX-1,Boise Mixed-Use Neighborhood,Mixed Use,High,Vacant Land,Boise,Office,Office,non-residential (MF only if mixed),2.004,0.698,163,4.68,4,43.58968,-116.320945,52.7,LOT 67 BLK 12 SOUTHPOINT SUB NO 05
R8048700090,11059 W OVERLAND RD,SOUTHPOINT SUB NO 05,1.1134,1.114,849200,City of Boise,MX-1,Boise Mixed-Use Neighborhood,Mixed Use,High,Vacant Land,Boise,Office,Office,non-residential (MF only if mixed),2.047,0.785,163,4.68,4,43.589827,-116.320067,52.6,LOT 69 BLK 12 SOUTHPOINT SUB NO 05
S1406325626,7370 S MERIDIAN RD  # 1,2N 1E 06,13.997,14.012,2441500,City of Kuna,C-2,C-2,Commercial,Low,Vacant Land,Ada County,Incorporated Cities and Areas of City Impact,City Impact Area,see city plan,4.03,0.563,16,43.61,5,43.538171,-116.3921,52.5,PAR #5626 OF GOVT LOT 6 SEC 06 2N 1E #325625-B
S1406325902,S MERIDIAN RD,2N 1E 06,3.744,3.747,489700,Ada County,RUT,County Rural-Urban Transition,Agricultural / Rural,Low,Vacant Land,,,(no FLU),n/a,4.093,0.7,16,43.61,5,43.536646,-116.390251,52.4,PAR #5902 @ E SIDE GOV LOT 6 SEC 06 2N 1E PAR C OF R/S 10182 #325900S
S1109110516,12565 W FAIRVIEW AVE,3N 1E 09,4.5681,4.582,2993900,City of Boise,MX-3,Boise Mixed-Use Regional,Mixed Use,High,Vacant Land,Boise,Commercial,Commercial,non-residential (MF only if mixed),2.139,0.717,168,4.57,1,43.61847,-116.338838,52.3,PAR #0516 OF NE4 SEC 09 3N 1E #110515-B
S1406325615,7600 S MERIDIAN RD,2N 1E 06,4.0847,4.091,534600,Ada County,RUT,County Rural-Urban Transition,Agricultural / Rural,Low,Vacant Land,,,(no FLU),n/a,4.132,0.684,16,43.61,5,43.536651,-116.392352,52.3,PAR #5615 NEAR SW COR OF GOVT LOT 6 SEC 6 2N 1E R/S 4749 #325608-S
R3720680600,659 E WATERTOWER ST,HONOR PARK SUB NO 02,1.1568,1.158,567500,City of Meridian,C-G,General Retail & Service Commercial,Commercial,Medium,Vacant Land,Meridian,Commercial,Commercial,non-residential (MF only if mixed),1.336,0.796,34,22.84,9,43.600015,-116.385129,52.2,LOT 8 BLK 1 HONOR PARK SUB #2
R3720680500,603 E WATERTOWER ST,HONOR PARK SUB NO 02,1.1764,1.178,538800,City of Meridian,C-G,General Retail & Service Commercial,Commercial,Medium,Vacant Land,Meridian,Commercial,Commercial,non-residential (MF only if mixed),1.371,0.777,34,22.84,9,43.600043,-116.385893,52.1,LOT 7 BLK 1 HONOR PARK SUB #2
S1406336010,S MERIDIAN RD,2N 1E 06,16.2658,16.3,2130100,Ada County,RR,County Rural Residential,Agricultural / Rural,Low,Vacant Land,,,(no FLU),n/a,4.251,0.477,16,43.61,5,43.53454,-116.391477,52.1,PAR #6010 POR GOV LOTS 6-7 SEC 6 2N 1E #336006S #325900S
R3720680400,515 E WATERTOWER ST,HONOR PARK SUB NO 02,1.0923,1.093,499900,City of Meridian,C-G,General Retail & Service Commercial,Commercial,Medium,Vacant Land,Meridian,Commercial,Commercial,non-residential (MF only if mixed),1.405,0.721,34,22.84,9,43.600032,-116.386635,52.0,LOT 6 BLK 1 HONOR PARK SUB #2
S1406336050,E COLUMBIA RD,2N 1E 06,5.5195,5.52,661200,City of Kuna,C-1,C-1,Commercial,Low,Vacant Land,Ada County,Incorporated Cities and Areas of City Impact,City Impact Area,see city plan,4.324,0.385,16,43.61,5,43.532885,-116.389496,52.0,PAR #6050 POR SW4SW4 SEC 06 2N 1E PAR A ROS 13974 #336171-S
R0831430030,S LINDER RD,BASSLIN RIDGE ESTATES,10.4062,10.41,17300,City of Meridian,R-8,Meridian Medium Density Res (8 du/ac),Townhouse / Med-Density Residential,Medium,Vacant Land,Meridian,Low Density Residential,Low-Density Residential (planned),single-family oriented,3.153,0.625,30,26.19,2,43.569411,-116.415661,51.9,LOT 3 BLK 1 BASSLIN RIDGE ESTATES
R3720680700,430 E WATERTOWER ST,HONOR PARK SUB NO 02,1.4075,1.408,0,City of Meridian,C-G,General Retail & Service Commercial,Commercial,Medium,Vacant Land,Meridian,Commercial,Commercial,non-residential (MF only if mixed),1.482,0.757,34,22.84,9,43.60081,-116.387844,51.9,LOT 5 BLK 2 HONOR PARK SUB #2
S1117223440,S LOCUST GROVE RD,3N 1E 17,1.818,1.813,0,Ada County,RUT,County Rural-Urban Transition,Agricultural / Rural,Low,Vacant Land,Meridian,MU-C,Mixed Use – Community,supports multifamily,0.946,0.754,343,1.82,1,43.603009,-116.371997,51.9,PAR #3440 CTR POR NW4NW4 SEC 17 3N 1E #223420-S
R3720690122,500 E SCENERY LN,HONOR PARK SUB NO 03,1.2212,1.214,555300,City of Meridian,C-G,General Retail & Service Commercial,Commercial,Medium,Vacant Land,Meridian,Commercial,Commercial,non-residential (MF only if mixed),1.525,0.766,34,22.84,9,43.603686,-116.38667,51.8,PAR #0122 LOTS 21 & 22 BLK 02 HONOR PARK SUB #3 PARCEL E R/S 7377 #0120-B #0130-
R8483070600,2354 W PEAK CLOUD LN,TM CREEK SUB NO 07,1.1153,1.11,,City of Meridian,C-G,General Retail & Service Commercial,Commercial,Medium,Vacant Land,Meridian,Ten Mile Interchange Specific,Ten Mile Interchange (specific area plan),master-plan (use TBD),3.215,0.802,48,18.22,6,43.603554,-116.423102,51.8,LOT 19 BLK 03 TM CREEK SUB NO 07
R3720690172,399 E FRANKLIN RD,HONOR PARK SUB NO 03,1.1664,1.154,703800,City of Meridian,C-G,General Retail & Service Commercial,Commercial,Medium,Vacant Land,Meridian,Commercial,Commercial,non-residential (MF only if mixed),1.584,0.728,34,22.84,9,43.604268,-116.387565,51.7,PAR #0172 W'LY POR LOT 26 BLK 02 HONOR PARK SUB #3 PARCEL I R/S 7377 #0170-B
R7138490040,3503 E PINE AVE,PORKY PARK SUB NO 01,2.5638,2.565,1564200,City of Meridian,I-L,Light Industrial,Industrial / Business Park,Low,Vacant Land,Meridian,MU-RG,Mixed Use – Regional,supports multifamily,1.445,0.77,264,2.56,1,43.611577,-116.350971,51.7,LOT 04 BLK 01 PORKY PARK SUB NO 01
R8182960020,E FRANKLIN RD,STOREY PARK SUB,12.4612,12.453,0,City of Meridian,C-G,General Retail & Service Commercial,Commercial,Medium,Vacant Land,Meridian,Civic,Civic,institutional,1.553,0.668,34,22.84,9,43.602513,-116.38827,51.7,LOT 02 BLK 01 STOREY PARK SUB
R8182960030,E WATERTOWER ST,STOREY PARK SUB,2.0457,2.051,938100,City of Meridian,C-G,General Retail & Service Commercial,Commercial,Medium,Vacant Land,Meridian,Civic,Civic,institutional,1.572,0.355,34,22.84,9,43.601907,-116.389116,51.7,LOT 03 BLK 01 STOREY PARK SUB
R8483070700,153 S BENCHMARK WAY,TM CREEK SUB NO 07,7.4453,7.442,,City of Meridian,C-G,General Retail & Service Commercial,Commercial,Medium,Vacant Land,Meridian,Ten Mile Interchange Specific,Ten Mile Interchange (specific area plan),master-plan (use TBD),3.279,0.691,48,18.22,6,43.603355,-116.424478,51.7,LOT 20 BLK 03 TM CREEK SUB NO 07
R3720690180,355 E FRANKLIN RD,HONOR PARK SUB NO 03,1.1145,1.116,680600,City of Meridian,C-G,General Retail & Service Commercial,Commercial,Medium,Vacant Land,Meridian,Commercial,Commercial,non-residential (MF only if mixed),1.62,0.727,34,22.84,9,43.604257,-116.388413,51.6,LOT 27 BLK 02 HONOR PARK SUB #3
R7138500050,E PINE AVE,PORKY PARK SUB NO 02,1.3753,1.376,839100,City of Meridian,I-L,Light Industrial,Industrial / Business Park,Low,Vacant Land,Meridian,MU-RG,Mixed Use – Regional,supports multifamily,1.539,0.754,248,2.69,2,43.611674,-116.346604,51.6,LOT 02 BLK 02 PORKY PARK SUB NO 02
R7138500060,719 N PRINCIPLE PL  STE 130,PORKY PARK SUB NO 02,1.3118,1.313,800700,City of Meridian,I-L,Light Industrial,Industrial / Business Park,Low,Vacant Land,Meridian,MU-RG,Mixed Use – Regional,supports multifamily,1.563,0.767,248,2.69,2,43.611762,-116.345855,51.6,LOT 03 BLK 02 PORKY PARK SUB NO 02
S1129223553,1665 E COASTLINE ST,3N 1E 29,3.8463,3.95,0,City of Meridian,R-4,Meridian Med-Low Density Res (4 du/ac),Single-Family Residential,Low,Vacant Land,Meridian,Medium Density Residential,Medium-Density Residential (planned),supports attached/medium,1.462,0.707,36,22.57,8,43.572788,-116.373315,51.6,PAR #3553 @ W SIDE SW4NW4 SEC 29 3N 1E PARCEL 2  R/S #8731  EXC R/W #223550B
R8570110110,S COMO AVE,TUSCANY LAKES SUB NO 01,2.2027,2.206,0,City of Meridian,R-4,Meridian Med-Low Density Res (4 du/ac),Single-Family Residential,Low,Vacant Land,Meridian,Medium Density Residential,Medium-Density Residential (planned),supports attached/medium,1.528,0.297,36,22.57,8,43.571367,-116.372094,51.5,LOT 11 BLK 01 TUSCANY LAKES SUB NO 01
R8570130190,E PALERMO DR,TUSCANY LAKES SUB NO 03,3.5704,3.577,0,City of Meridian,R-4,Meridian Med-Low Density Res (4 du/ac),Single-Family Residential,Low,Vacant Land,Meridian,Medium Density Residential,Medium-Density Residential (planned),supports attached/medium,1.596,0.192,36,22.57,8,43.569509,-116.368551,51.4,LOT 31 BLK 06 TUSCANY LAKES SUB NO 03
R5680270080,E TYBALT DR,MESSINA HILLS SUB NO 03,2.0765,2.079,0,City of Meridian,R-4,Meridian Med-Low Density Res (4 du/ac),Single-Family Residential,Low,Vacant Land,Meridian,Medium Density Residential,Medium-Density Residential (planned),supports attached/medium,1.612,0.36,36,22.57,8,43.568907,-116.366062,51.3,LOT 03 BLK 11 MESSINA HILLS SUB NO 03
R5680302010,A S MONTAGUE WAY,MESSINA MEADOWS SUB NO 01,1.387,1.389,0,City of Meridian,R-8,Meridian Medium Density Res (8 du/ac),Townhouse / Med-Density Residential,Medium,Vacant Land,Meridian,Civic,Civic,institutional,1.632,0.166,36,22.57,8,43.568333,-116.362056,51.3,LOT 12 BLK 07 MESSINA MEADOWS SUB NO 01
R8570110610,E PALERMO DR,TUSCANY LAKES SUB NO 01,1.8853,1.888,0,City of Meridian,R-4,Meridian Med-Low Density Res (4 du/ac),Single-Family Residential,Low,Vacant Land,Meridian,Medium Density Residential,Medium-Density Residential (planned),supports attached/medium,1.64,0.235,36,22.57,8,43.569468,-116.371457,51.3,LOT 11 BLK 06 TUSCANY LAKES SUB NO 01
R5680301900,4155 S GENOARD AVE,MESSINA MEADOWS SUB NO 01,6.5194,6.527,0,City of Meridian,R-8,Meridian Medium Density Res (8 du/ac),Townhouse / Med-Density Residential,Medium,Vacant Land,Meridian,Civic,Civic,institutional,1.712,0.257,36,22.57,8,43.567208,-116.363114,51.1,LOT 01 BLK 07 MESSINA MEADOWS SUB NO 01
R8483130100,TBD,TM CENTER SUB NO 02,1.5431,1.546,,City of Meridian,C-G,General Retail & Service Commercial,Commercial,Medium,Vacant Land,Meridian,Ten Mile Interchange Specific,Ten Mile Interchange (specific area plan),master-plan (use TBD),3.548,0.723,50,18.0,5,43.598761,-116.431143,50.9,LOT 01 BLK 02 TM CENTER SUB NO 02
S1214233725,TBD,3N 1W 14,12.3585,12.37,,City of Meridian,C-G,General Retail & Service Commercial,Commercial,Medium,Vacant Land,Meridian,Ten Mile Interchange Specific,Ten Mile Interchange (specific area plan),master-plan (use TBD),3.542,0.708,50,18.0,5,43.60008,-116.430771,50.9,PAR #3725 OF SW4NW4 SEC 14 3N 1W #233700-B
R8483130200,TBD,TM CENTER SUB NO 02,1.3008,1.303,,City of Meridian,C-G,General Retail & Service Commercial,Commercial,Medium,Vacant Land,Meridian,Ten Mile Interchange Specific,Ten Mile Interchange (specific area plan),master-plan (use TBD),3.591,0.743,50,18.0,5,43.598856,-116.432001,50.8,LOT 02 BLK 02 TM CENTER SUB NO 02
R8483130300,TBD,TM CENTER SUB NO 02,1.637,1.64,,City of Meridian,C-G,General Retail & Service Commercial,Commercial,Medium,Vacant Land,Meridian,Ten Mile Interchange Specific,Ten Mile Interchange (specific area plan),master-plan (use TBD),3.588,0.785,50,18.0,5,43.599394,-116.431846,50.8,LOT 03 BLK 02 TM CENTER SUB NO 02
R8483120105,445 S INNOVATION LN,TM CENTER SUB NO 01,1.1619,1.164,273800,City of Meridian,C-G,General Retail & Service Commercial,Commercial,Medium,Vacant Land,Meridian,Ten Mile Interchange Specific,Ten Mile Interchange (specific area plan),master-plan (use TBD),3.652,0.648,50,18.0,5,43.600089,-116.432987,50.7,PAR #0105 OF LOT 5 BLK 1 TM CENTER SUB NO 01 PARCEL B ROS 13825 #0100-S
R9323100800,9514 W FAIRVIEW AVE  STE 100,WEST VALLEY BUSINESS CENTER CONDO,5.8498,5.85,0,City of Boise,MX-3,Boise Mixed-Use Regional,Mixed Use,High,Vacant Land,Boise,Commercial,Commercial,non-residential (MF only if mixed),3.62,0.758,141,5.85,1,43.620464,-116.300199,50.6,LOT A WEST VALLEY BUSINESS CENTER CONDO
R0240370101,6291 S ALMIRA WAY,ALMIRA WAY SUB,4.7262,4.731,865500,Ada County,LO,County Limited Office,Office,Low,Vacant Land,Boise,Mixed Use,Mixed Use,supports multifamily,3.711,0.61,137,5.95,2,43.54593,-116.322606,50.5,LOT 01 BLK 01 EXC ROW ALMIRA WAY SUB #0100-B
R7138500110,3983 E PINE AVE,PORKY PARK SUB NO 02,1.383,1.381,842200,City of Meridian,I-L,Light Industrial,Industrial / Business Park,Low,Vacant Land,Meridian,MU-RG,Mixed Use – Regional,supports multifamily,1.599,0.755,417,1.38,1,43.611663,-116.344158,50.2,LOT 07 BLK 02 PORKY PARK SUB NO 02
R1096253603,10025 W FAIRVIEW AVE,BROOKSIDE PLACE,2.2324,2.152,1312400,City of Boise,MX-3,Boise Mixed-Use Regional,Mixed Use,High,Vacant Land,Boise,Commercial,Commercial,non-residential (MF only if mixed),3.235,0.516,170,4.46,2,43.618468,-116.307605,50.0,PAR #3603 W2 LOT 15  EXC R/W BROOKSIDE PLACE #3600-B
R1096253483,10015 W FAIRVIEW AVE,BROOKSIDE PLACE,2.2258,2.152,1312400,City of Boise,MX-3,Boise Mixed-Use Regional,Mixed Use,High,Vacant Land,Boise,Commercial,Commercial,non-residential (MF only if mixed),3.263,0.515,170,4.46,2,43.618562,-116.307003,49.9,PAR #3483 E2 LOT 15  EXC R/W BROOKSIDE PLACE #3480-B
R6576001380,939 E PINE AVE,ONWILER SUB,1.0996,1.17,0,City of Meridian,R-2,Two-Family / Low-Density,Single-Family Residential,Low,Vacant Land,Meridian,MU-C,Mixed Use – Community,supports multifamily,1.664,0.626,483,1.1,1,43.611717,-116.379829,49.8,PAR #1380 OF E 159.6' OF LT 6 ONWILER SUB 9215380
S1130110101,3247 S LOCUST GROVE RD,3N 1E 30,5.6006,5.615,1171300,City of Meridian,R-8,Meridian Medium Density Res (8 du/ac),Townhouse / Med-Density Residential,Medium,Vacant Land,Meridian,Medium Density Residential,Medium-Density Residential (planned),supports attached/medium,1.417,0.428,147,5.6,1,43.57429,-116.375303,49.8,PAR #0101 POR NE4NE4 SEC 30 3N 1E #110100B
R8521481130,E JAMES COURT DR,TRAILWAY PARK SUB,1.5354,1.537,0,City of Meridian,R-8,Meridian Medium Density Res (8 du/ac),Townhouse / Med-Density Residential,Medium,Vacant Land,Meridian,MU-N,Mixed Use – Neighborhood,supports attached/medium,2.56,0.199,113,7.86,4,43.623678,-116.387259,49.7,LOT 19 BLK 06 TRAILWAY PARK SUB
R1580902560,10990 W FAIRVIEW AVE,COUNTRY HOME ADD,1.9581,1.96,,City of Boise,MX-3,Boise Mixed-Use Regional,Mixed Use,High,Vacant Land,Boise,Commercial,Commercial,non-residential (MF only if mixed),2.852,0.764,214,3.29,2,43.61993,-116.318979,49.6,PAR #2560 OF LOTS 10 & 11 COUNTRY HOME ADD PARCEL B ROS 15373 #2556-C #T2786-C
R1580902800,11000 W FAIRVIEW AVE,COUNTRY HOME ADD,1.3271,1.33,,City of Boise,MX-3,Boise Mixed-Use Regional,Mixed Use,High,Vacant Land,Boise,Commercial,Commercial,non-residential (MF only if mixed),2.829,0.512,214,3.29,2,43.620158,-116.319924,49.6,PAR #2800 OF LOT 11 COUNTRY HOME ADD PARCEL A ROS 15373 #2786-S
R8521481550,E JAMES COURT DR,TRAILWAY PARK SUB,2.1243,2.127,0,City of Meridian,R-8,Meridian Medium Density Res (8 du/ac),Townhouse / Med-Density Residential,Medium,Vacant Land,Meridian,MU-N,Mixed Use – Neighborhood,supports attached/medium,2.65,0.536,113,7.86,4,43.624856,-116.388054,49.6,LOT 13 BLK 08 TRAILWAY PARK SUB
S1124110240,7600 W SPECTRUM ST,3N 1E 24,1.5441,1.546,1178500,City of Boise,MX-3,Boise Mixed-Use Regional,Mixed Use,High,Vacant Land,Boise,Commercial,Commercial,non-residential (MF only if mixed),4.192,0.753,138,5.87,2,43.588105,-116.277272,49.5,PAR #0240 OF NE4NE4 SEC 24 3N 1E PAR H   R/S #4341 #0210-S
R8521481540,N EUREKA PL,TRAILWAY PARK SUB,1.0375,1.034,0,City of Meridian,R-8,Meridian Medium Density Res (8 du/ac),Townhouse / Med-Density Residential,Medium,Vacant Land,Meridian,MU-N,Mixed Use – Neighborhood,supports attached/medium,2.743,0.526,113,7.86,4,43.625902,-116.389262,49.4,LOT 12 BLK 08 TRAILWAY PARK SUB
S1124110220,S COLE RD,3N 1E 24,4.3239,4.328,3299200,City of Boise,MX-3,Boise Mixed-Use Regional,Mixed Use,High,Vacant Land,Boise,Commercial,Commercial,non-residential (MF only if mixed),4.254,0.423,138,5.87,2,43.588731,-116.275984,49.4,PAR #0220 OF NE4NE4 SEC 24 3N 1E #110207-S PAR E   R/S #4341 #98112290
S1201336109,N LINDER RD,3N 1W 01,3.7814,3.719,0,City of Meridian,L-O,Limited Office,Office,Low,Vacant Land,Meridian,High Density Residential,High-Density Residential (planned),supports multifamily,3.261,0.448,194,3.78,1,43.621829,-116.411328,49.3,PAR #6109 OF SW4SW4 SEC 1 3N 1W #336108-B
R1376630010,6350 S SEA BREEZE WAY,CHARTER POINTE PLACE SUB NO 02,6.0842,6.456,0,Ada County,R6,County Residential R6,Two-Family / Low-Density Residential,Low,Vacant Land,Boise,Mixed Use,Mixed Use,supports multifamily,4.526,0.629,133,6.08,1,43.544743,-116.298188,49.0,LOT 01 BLK 07 CHARTER POINTE PLACE SUB NO 02
S1133336411,3220 E LAKE HAZEL RD,3N 1E 33,2.8493,2.854,,Ada County,RUT,County Rural-Urban Transition,Agricultural / Rural,Low,Vacant Land,Meridian,Med-High Density Residential,Med-High-Density Residential (planned),supports multifamily,3.131,0.439,240,2.85,1,43.546948,-116.353393,48.6,PAR#6411 OF SW4SW4 SEC 33 3N 1E #336410-B
R7536760490,N FULLER PARK LN,RODS PARKSIDE CREEK SUB NO 01,1.2459,1.25,0,City of Meridian,R-4,Meridian Med-Low Density Res (4 du/ac),Single-Family Residential,Low,Vacant Land,Meridian,Medium Density Residential,Medium-Density Residential (planned),supports attached/medium,4.325,0.572,33,24.91,3,43.616234,-116.440533,48.3,LOT 17 BLK 3 RODS PARKSIDE CREEK SUB #1 #9391482
S1113233822,8995 W SHOUP DR,3N 1E 13,3.1487,3.152,0,City of Boise,A-1,Boise Open Land/Airport-Ag,Agricultural / Rural,Low,Vacant Land,Boise,Mixed Use,Mixed Use,supports multifamily,3.446,0.62,222,3.15,1,43.598138,-116.292541,48.3,PAR #3822 @ W SIDE SW4NW4 SEC 13  3N 1E R/S 7187 #3822-B #95058727
R1343830300,8764 W HACKAMORE DR,CENTURY LANDMARK CENTER NO 06,1.8783,1.881,942300,City of Boise,MX-2,Boise Mixed-Use Community,Mixed Use,High,Vacant Land,Boise,Commercial,Commercial,non-residential (MF only if mixed),3.5,0.671,219,3.21,2,43.595849,-116.291141,48.2,LOT 18 BLK 01 CENTURY LANDMARK CENTER NO 06
S1103110481,2995 N FIVE MILE RD,3N 1E 03,3.346,3.346,0,City of Boise,A-1,Boise Open Land/Airport-Ag,Agricultural / Rural,Low,Vacant Land,Boise,Mixed Use,Mixed Use,supports multifamily,3.561,0.455,209,3.35,1,43.631896,-116.315926,48.2,PAR #0481 @ E SIDE NE4NE4 SEC 3 3N 1E R/S 5009 EXC R/W #1104080B
R1343830200,8732 W HACKAMORE DR,CENTURY LANDMARK CENTER NO 06,1.3286,1.33,666300,City of Boise,MX-2,Boise Mixed-Use Community,Mixed Use,High,Vacant Land,Boise,Commercial,Commercial,non-residential (MF only if mixed),3.533,0.678,219,3.21,2,43.595591,-116.290449,48.1,LOT 17 BLK 01 CENTURY LANDMARK CENTER NO 06
R8028170010,E MCPHERSON ST,SODA SPRINGS SUB,1.1174,1.118,0,City of Meridian,R-8,Meridian Medium Density Res (8 du/ac),Townhouse / Med-Density Residential,Medium,Vacant Land,Meridian,Medium Density Residential,Medium-Density Residential (planned),supports attached/medium,1.007,0.529,232,2.93,2,43.577641,-116.364821,47.9,LOT 01 BLK 01 SODA SPRINGS SUB
R5132000371,1421 N FIVE MILE RD,L P LAMM SUB,1.6972,1.69,1030600,City of Boise,MX-3,Boise Mixed-Use Regional,Mixed Use,High,Vacant Land,Boise,Commercial,Commercial,non-residential (MF only if mixed),2.933,0.787,356,1.7,1,43.618334,-116.314971,47.8,PAR#0371 OF LOTS 07-08 EXC R/W L P LAMM SUB #0340-B
R2887300080,1747 N STEELWOOD AVE,FORESTER SUB,1.1718,1.173,715300,City of Boise,MX-3,Boise Mixed-Use Regional,Mixed Use,High,Vacant Land,Boise,Commercial,Commercial,non-residential (MF only if mixed),2.745,0.786,462,1.17,1,43.620797,-116.323172,47.7,LOT 04 BLK 01 FORESTER SUB
R8281007135,1450 N MITCHELL ST,SYRINGA PARK SUB,2.5695,2.569,1342900,City of Boise,MX-3,Boise Mixed-Use Regional,Mixed Use,High,Vacant Land,Boise,Commercial,Commercial,non-residential (MF only if mixed),3.442,0.773,263,2.57,1,43.618066,-116.30231,47.7,PAR #7135 OF LOT 28 S OF DD SYRINGA PARK #6692-S #95082026
R1343810200,1250 S VINNELL WAY,CENTURY LANDMARK CENTER NO 04,2.957,2.961,2128200,City of Boise,MX-2,Boise Mixed-Use Community,Mixed Use,High,Vacant Land,Boise,Commercial,Commercial,non-residential (MF only if mixed),3.815,0.593,230,2.96,1,43.594206,-116.284712,47.3,LOT 15 BLK 01 CENTURY LANDMARK CENTER NO 04 #99093612
R2405370020,W SPECTRUM ST,ENTERTAINMENT VIEW SUB,2.0041,1.999,870800,City of Boise,MX-1,Boise Mixed-Use Neighborhood,Mixed Use,High,Vacant Land,Boise,Commercial,Commercial,non-residential (MF only if mixed),4.02,0.602,211,3.34,2,43.587231,-116.280804,47.3,LOT 02 BLK 01 ENTERTAINMENT VIEW SUB
R2405370090,1909 S SATURN WAY,ENTERTAINMENT VIEW SUB,1.3368,1.339,583300,City of Boise,MX-1,Boise Mixed-Use Neighborhood,Mixed Use,High,Vacant Land,Boise,Commercial,Commercial,non-residential (MF only if mixed),4.071,0.682,211,3.34,2,43.586697,-116.27986,47.2,LOT 09 BLK 01 ENTERTAINMENT VIEW SUB
R8120820500,W EMERALD ST,STEELHEAD PARK SUB NO 02,2.4657,2.468,,City of Boise,I-1,Boise Industrial (light),Industrial / Business Park,Low,Vacant Land,Boise,Mixed Use,Mixed Use,supports multifamily,3.638,0.557,277,2.47,1,43.610598,-116.292887,47.2,PAR #0500 OF LOTS 01-04 BLK 02 STEELHEAD PARK SUB NO 02 PARCEL A ROS 15260 #0101
S1124120680,7809 W OVERLAND RD,3N 1E 24,3.3453,3.348,2552200,City of Boise,MX-3,Boise Mixed-Use Regional,Mixed Use,High,Vacant Land,Boise,Commercial,Commercial,non-residential (MF only if mixed),4.097,0.38,210,3.35,1,43.588966,-116.279113,47.2,PAR #0680 OF N2NE4 SEC 24 3N1E & POR TERRA GRANDE PARK NO 1 PAR B  R/S #4341 #R8
S1113346750,1230 S BIRD ST,3N 1E 13,2.0326,2.026,0,City of Boise,MX-2,Boise Mixed-Use Community,Mixed Use,High,Vacant Land,Boise,Commercial,Commercial,non-residential (MF only if mixed),3.623,0.79,330,2.03,1,43.593356,-116.288499,46.8,PAR #6750 OF SE4SW4 SEC 13 3N 1E PARCEL D ROS 11200
R8192260010,13201 W PERSIMMON LN,STREEPER SUB,2.5638,2.565,0,City of Boise,MX-1,Boise Mixed-Use Neighborhood,Mixed Use,High,Vacant Land,Boise,Office,Office,non-residential (MF only if mixed),3.935,0.177,265,2.56,1,43.647847,-116.345961,46.7,LOT 01 BLK 01 STREEPER SUB
R4767440033,8953 W USTICK RD,JOHN JULLION SUB,3.1286,3.135,0,City of Boise,R-1C,Boise Single-Family (compact),Single-Family Residential,Low,Vacant Land,Boise,Mixed Use,Mixed Use,supports multifamily,4.405,0.697,223,3.13,1,43.632979,-116.293486,46.3,PAR #0033 OF LOTS 1 & 2 JOHN JULLION SUB PARCEL B  R/S 8964 #0001-B  #0012-S
R8560210510,1375 E PIENZA ST,TUSCANY VILLAGE SUB NO 01,2.2277,2.23,0,City of Meridian,R-8,Meridian Medium Density Res (8 du/ac),Townhouse / Med-Density Residential,Medium,Vacant Land,Meridian,Medium Density Residential,Medium-Density Residential (planned),supports attached/medium,1.473,0.243,306,2.23,1,43.574264,-116.377333,46.3,LOT 11 BLK 06 TUSCANY VILLAGE SUB NO 01
S1129315330,E DEERHILL DR,3N 1E 29,2.8965,2.9,0,City of Meridian,R-8,Meridian Medium Density Res (8 du/ac),Townhouse / Med-Density Residential,Medium,Vacant Land,Meridian,Medium Density Residential,Medium-Density Residential (planned),supports attached/medium,1.812,0.235,235,2.9,1,43.566295,-116.36844,46.3,PAR#5330 OF SW4 SEC 29 3N 1E
R0882350020,E WRIGHTWOOD DR,BELLINGHAM PARK SUB NO 01,2.8626,2.866,0,City of Meridian,R-8,Meridian Medium Density Res (8 du/ac),Townhouse / Med-Density Residential,Medium,Vacant Land,Meridian,Medium Density Residential,Medium-Density Residential (planned),supports attached/medium,1.927,0.535,238,2.86,1,43.565631,-116.373689,46.0,LOT 02 BLK 01 BELLINGHAM PARK SUB NO 01
S1236233975,5560 S LINDER RD,3N 1W 36,8.6067,8.61,456800,City of Kuna,A,Agricultural,Agricultural / Rural,Low,Vacant Land,Ada County,Incorporated Cities and Areas of City Impact,City Impact Area,see city plan,3.592,0.731,19,36.23,3,43.554502,-116.41068,46.0,PAR #3975 OF SW4NW4 SEC 36 3N 1W #230000-S
R3046503001,9250 W FAIRVIEW AVE,GARVERDALE SUB,1.4445,1.447,882400,City of Boise,MX-3,Boise Mixed-Use Regional,Mixed Use,High,Vacant Land,Boise,Commercial,Commercial,non-residential (MF only if mixed),3.751,0.745,403,1.44,1,43.620773,-116.297348,45.9,PAR #3001 OF LOT 12 GARVERDALE SUB #3000 S       R/S 2891 #97031939-40 #97078126
S1236233952,S LINDER RD,3N 1W 36,1.3801,1.493,14600,City of Kuna,A,Agricultural,Agricultural / Rural,Low,Vacant Land,Ada County,Incorporated Cities and Areas of City Impact,City Impact Area,see city plan,3.647,0.642,19,36.23,3,43.555051,-116.412998,45.9,PAR #3952 @ W SIDE S2SW4NW4 SEC 36  3N 1W ADJ PARCEL 2  R/S 10302 #233950B
S1236315420,S LINDER RD,3N 1W 36,26.2394,25.25,,City of Kuna,R-6,R-6,Two-Family / Low-Density Residential,Low,Vacant Land,Ada County,Incorporated Cities and Areas of City Impact,City Impact Area,see city plan,3.678,0.273,19,36.23,3,43.551931,-116.409343,45.9,PAR #5420 POR NW4SW4 SEC 36 3N 1W #315401-S
R0797740020,1151 E KALISPELL ST,BALTIC PLACE ADD,3.8985,3.91,0,City of Meridian,I-L,Light Industrial,Industrial / Business Park,Low,Vacant Land,Meridian,General Industrial,General Industrial,non-residential,1.212,0.567,23,31.22,5,43.602058,-116.380654,45.8,LOT 02 BLK 01 BALTIC PLACE ADD
S1118121150,E FRANKLIN RD,3N 1E 18,9.2653,9.18,0,Ada County,RUT,County Rural-Urban Transition,Agricultural / Rural,Low,Vacant Land,Meridian,Civic,Civic,institutional,1.282,0.487,23,31.22,5,43.601654,-116.382705,45.7,PAR #1150 OF NW4NE4 SEC 18 3N 1E 170-141 #862015
R7383420712,4165 S SHIMMERING WAY,REFLECTION RIDGE SUB NO 01,1.152,1.152,0,City of Meridian,R-8,Meridian Medium Density Res (8 du/ac),Townhouse / Med-Density Residential,Medium,Vacant Land,Meridian,Medium Density Residential,Medium-Density Residential (planned),supports attached/medium,2.03,0.818,254,2.62,2,43.567214,-116.382811,45.6,PAR #0712 S'LY POR LOT 1 BLK 8 REFLECTION RIDGE SUB NO 01 PARCEL B R/S 9964 #071
S1124212745,1700 S VINNELL ST,3N 1E 24,1.0995,1.101,863300,City of Boise,MX-1,Boise Mixed-Use Neighborhood,Mixed Use,High,Vacant Land,Boise,Commercial,Commercial,non-residential (MF only if mixed),3.754,0.724,484,1.1,1,43.589002,-116.285981,45.6,PAR #2745 OF NE4NW4 SEC 24 3N 1E PARCEL B ROS 13504 #212735-S #212740-C
S1118120840,895 E FRANKLIN RD,3N 1E 18,9.1686,8.99,0,Ada County,RUT,County Rural-Urban Transition,Agricultural / Rural,Low,Vacant Land,Meridian,Civic,Civic,institutional,1.333,0.582,23,31.22,5,43.603421,-116.382291,45.6,PAR #0840 OF NW4NE4 SEC 18 3N 1E
R3241910550,7849 W GRATZ DR,GRATZ CENTER SUB,1.6295,1.631,576800,City of Boise,MX-2,Boise Mixed-Use Community,Mixed Use,High,Vacant Land,Boise,Commercial,Commercial,non-residential (MF only if mixed),4.061,0.396,365,1.63,1,43.601967,-116.280917,45.5,PAR #0550 OF LOT 5 BLK 1 GRATZ CENTER SUB PARCEL A ROS 11100 #0500-S
R7383420020,E WRIGHTWOOD DR,REFLECTION RIDGE SUB NO 01,2.4424,2.443,0,City of Meridian,R-8,Meridian Medium Density Res (8 du/ac),Townhouse / Med-Density Residential,Medium,Vacant Land,Meridian,Medium Density Residential,Medium-Density Residential (planned),supports attached/medium,1.974,0.317,279,2.44,1,43.565413,-116.37553,45.5,LOT 01 BLK 02 REFLECTION RIDGE SUB NO 01
R7383440250,E RADIANT RIDGE ST,REFLECTION RIDGE SUB NO 03,1.4726,1.476,0,City of Meridian,R-8,Meridian Medium Density Res (8 du/ac),Townhouse / Med-Density Residential,Medium,Vacant Land,Meridian,Medium Density Residential,Medium-Density Residential (planned),supports attached/medium,2.044,0.175,254,2.62,2,43.567363,-116.383606,45.5,LOT 10 BLK 08 REFLECTION RIDGE SUB NO 03
S1118121050,E FRANKLIN RD,3N 1E 18,7.4491,6.69,0,Ada County,RUT,County Rural-Urban Transition,Agricultural / Rural,Low,Vacant Land,Meridian,Civic,Civic,institutional,1.371,0.209,23,31.22,5,43.602789,-116.383817,45.5,PAR #1050 OF NW4NE4 & OF NE4NW4 SEC 18 3N 1E
R8954120020,2959 S SATURN WAY,VALA HALA INDUSTRIAL PARK NO 03,1.5314,1.53,772300,City of Boise,MX-1,Boise Mixed-Use Neighborhood,Mixed Use,High,Vacant Land,Boise,Industrial,Industrial,non-residential,4.046,0.771,388,1.53,1,43.576245,-116.283001,45.4,LOT 68 BLK 1 VALA HALA INDUSTRIAL PARK NO 3
S1118120861,E FRANKLIN RD,3N 1E 18,1.4349,1.371,0,Ada County,RUT,County Rural-Urban Transition,Agricultural / Rural,Low,Vacant Land,Meridian,Civic,Civic,institutional,1.395,0.392,23,31.22,5,43.603714,-116.38353,45.4,PAR #0861 NEAR NW COR NW4NE4 SEC 18 3N 1E #120860-B
S0535336030,10250 W USTICK RD,4N 1E 35,1.0645,1.067,0,City of Boise,R-1C,Boise Single-Family (compact),Single-Family Residential,Low,Vacant Land,Boise,Mixed Use,Mixed Use,supports multifamily,3.889,0.699,498,1.06,1,43.63427,-116.309631,45.3,PAR #6030 OF SW4SW4 SEC 35 4N 1E PARCEL A R/S 5931 #336025-C #336127-S
S1112223100,8605 W FAIRVIEW AVE,3N 1E 12,1.3892,1.43,1090100,City of Boise,MX-3,Boise Mixed-Use Regional,Mixed Use,High,Vacant Land,Boise,Commercial,Commercial,non-residential (MF only if mixed),4.029,0.777,411,1.39,1,43.618999,-116.289548,45.3,PAR #3100 OF N2NW4 SEC 12 3N 1E #212995-B
S1112223407,8775 W FAIRVIEW AVE,3N 1E 12,1.054,1.05,960500,City of Boise,MX-3,Boise Mixed-Use Regional,Mixed Use,High,Vacant Land,Boise,Commercial,Commercial,non-residential (MF only if mixed),3.946,0.643,503,1.05,1,43.618941,-116.29139,45.2,PAR #3407 OF NW4NW4 SEC 12 3N 1E #223360 223405 S
R7567210250,S MURLO AVE,ROSELEAF SUB NO 01,1.3639,1.366,0,City of Meridian,R-8,Meridian Medium Density Res (8 du/ac),Townhouse / Med-Density Residential,Medium,Vacant Land,Meridian,Medium Density Residential,Medium-Density Residential (planned),supports attached/medium,1.618,0.199,420,1.36,1,43.571232,-116.375993,45.1,LOT 01 BLK 03 ROSELEAF SUB NO 01
R7909910020,3210 S STANDING TIMBER WAY,SILVERWATER SUB NO 01,1.5664,1.57,0,City of Meridian,R-8,Meridian Medium Density Res (8 du/ac),Townhouse / Med-Density Residential,Medium,Vacant Land,Meridian,Medium Density Residential,Medium-Density Residential (planned),supports attached/medium,1.724,0.167,380,1.57,1,43.574994,-116.386168,45.1,LOT 01 BLK 02 SILVERWATER SUB NO 1
R7567220170,S BRIGHAM AVE,ROSELEAF SUB NO 02,1.4391,1.441,0,City of Meridian,R-8,Meridian Medium Density Res (8 du/ac),Townhouse / Med-Density Residential,Medium,Vacant Land,Meridian,Medium Density Residential,Medium-Density Residential (planned),supports attached/medium,1.699,0.465,404,1.44,1,43.571206,-116.37912,45.0,LOT 14 BLK 05 ROSELEAF SUB NO 02
R0855060220,2435 S MERIDIAN RD,BEAR CREEK SUB NO 06,1.3842,1.387,0,City of Meridian,C-G,General Retail & Service Commercial,Commercial,Medium,Vacant Land,Meridian,Medium Density Residential,Medium-Density Residential (planned),supports attached/medium,1.812,0.612,415,1.38,1,43.58257,-116.394689,44.8,LOT 09 BLK 22 BEAR CREEK SUB NO 06
R1383790540,S SARTEANO AVE,CHATSWORTH SUB,1.2305,1.231,0,City of Meridian,R-8,Meridian Medium Density Res (8 du/ac),Townhouse / Med-Density Residential,Medium,Vacant Land,Meridian,Medium Density Residential,Medium-Density Residential (planned),supports attached/medium,1.79,0.237,453,1.23,1,43.569339,-116.378362,44.7,LOT 09 BLK 05 CHATSWORTH SUB
S1112417315,W EMERALD ST,3N 1E 12,1.3451,1.347,1026800,City of Boise,R-1A,Boise Single-Family (large lot),Single-Family Residential,Low,Vacant Land,Boise,Mixed Use,Mixed Use,supports multifamily,4.321,0.546,424,1.35,1,43.611873,-116.279023,44.7,PAR #7315 @ N SIDE OF SE4 & S SIDE OF NE4 S OF CANAL SEC 12 3N 1E PARCEL E R/S 4
R0882380270,S HIGHCLIFF AVE,BELLINGHAM EAST SUB NO 01,1.0782,1.079,0,City of Meridian,R-8,Meridian Medium Density Res (8 du/ac),Townhouse / Med-Density Residential,Medium,Vacant Land,Meridian,Medium Density Residential,Medium-Density Residential (planned),supports attached/medium,1.733,0.32,492,1.08,1,43.567358,-116.367749,44.6,LOT 01 BLK 02 BELLINGHAM EAST SUB NO 01
R2861920901,1745 W AMITY RD,FLOWERS ESTATES SUB,19.6383,19.659,2677600,Ada County,RUT,County Rural-Urban Transition,Agricultural / Rural,Low,Vacant Land,Meridian,Medium Density Residential,Medium-Density Residential (planned),supports attached/medium,3.547,0.716,41,19.64,1,43.559977,-116.416326,44.5,PAR #0901 LOT 9 BLK 1 EXC R/W FLOWERS ESTATES SUB #0900-B
R5417100870,E STONEBRIDGE DR,MACAILE MEADOWS SUB,1.0434,1.049,0,City of Meridian,R-8,Meridian Medium Density Res (8 du/ac),Townhouse / Med-Density Residential,Medium,Vacant Land,Meridian,Medium Density Residential,Medium-Density Residential (planned),supports attached/medium,1.825,0.793,506,1.04,1,43.614521,-116.341973,44.4,LOT 03 BLK 09 MACAILE MEADOWS SUB
R8131430200,N CATHY AVE,STERLING CREEK SUB,1.3665,1.361,0,City of Meridian,R-8,Meridian Medium Density Res (8 du/ac),Townhouse / Med-Density Residential,Medium,Vacant Land,Meridian,Medium Density Residential,Medium-Density Residential (planned),supports attached/medium,1.992,0.217,419,1.37,1,43.615651,-116.3835,44.4,LOT 20 BLK 01 STERLING CREEK SUB
S1112417212,709 N COLE RD,3N 1E 12,1.4341,1.644,895200,City of Boise,MX-3,Boise Mixed-Use Regional,Mixed Use,High,Vacant Land,Boise,Suburban,Suburban Residential,single-family oriented,4.512,0.435,406,1.43,1,43.611114,-116.274678,44.4,PAR #7212 OF NE4SE4 SEC 12 3N 1E #417210-B
R2024707116,W MCMILLAN RD,EAGLESONS USTICK SUB,1.2718,1.273,665400,City of Boise,MX-1,Boise Mixed-Use Neighborhood,Mixed Use,High,Vacant Land,Boise,Suburban,Suburban Residential,single-family oriented,4.48,0.398,440,1.27,1,43.647835,-116.315475,44.3,PAR#7116 NR NE COR LOT 31 EAGLESONS USTICK SUB PARCEL B R/S 8319 #7107-B #7114-B
R7383420160,E WRIGHTWOOD DR,REFLECTION RIDGE SUB NO 01,1.1072,1.109,0,City of Meridian,R-8,Meridian Medium Density Res (8 du/ac),Townhouse / Med-Density Residential,Medium,Vacant Land,Meridian,Medium Density Residential,Medium-Density Residential (planned),supports attached/medium,2.023,0.301,481,1.11,1,43.56554,-116.378355,44.1,LOT 06 BLK 04 REFLECTION RIDGE SUB NO 01
S1112110355,7415 W FAIRVIEW AVE,3N 1E 12,1.4595,1.461,1813800,City of Boise,MX-3,Boise Mixed-Use Regional,Mixed Use,High,Vacant Land,Boise,Commercial,Commercial,non-residential (MF only if mixed),4.686,0.753,398,1.46,1,43.61885,-116.274908,44.1,PAR #0355 OF NE4NE4 SEC 12 3N 1E PARCEL A ROS 11670 #110350-S #110550-S
R2737410050,2315 S MODEL FARM WAY,FALL CREEK SUB NO 01,1.8218,1.83,0,City of Meridian,R-8,Meridian Medium Density Res (8 du/ac),Townhouse / Med-Density Residential,Medium,Vacant Land,Meridian,Medium Density Residential,Medium-Density Residential (planned),supports attached/medium,2.46,0.4,342,1.82,1,43.584095,-116.408826,43.9,LOT 05 BLK 01 FALL CREEK SUB NO 01
R1819740400,9941 W PORTOLA DR,DEVONSHIRE SUB NO 02,5.3252,5.336,0,Ada County,R8,R8,Townhouse / Med-Density Residential,Medium,Vacant Land,Boise,Compact,Compact / walkable neighborhood,supports attached/medium,4.259,0.61,149,5.33,1,43.544331,-116.306826,43.8,LOT 09 BLK 07 DEVONSHIRE SUB NO 02
S1225110102,3345 S MERIDIAN RD,3N 1W 25,4.8905,4.86,452700,Ada County,RUT,County Rural-Urban Transition,Agricultural / Rural,Low,Vacant Land,Meridian,Medium Density Residential,Medium-Density Residential (planned),supports attached/medium,2.09,0.649,60,15.66,4,43.574209,-116.394712,43.5,PAR #0102 OF NE4NE4 SEC 25 3N 1W #110100 B
R7689290380,W FLOWER GARDEN ST,SAGEWOOD SUB,1.0601,1.06,0,City of Meridian,R-8,Meridian Medium Density Res (8 du/ac),Townhouse / Med-Density Residential,Medium,Vacant Land,Meridian,Medium Density Residential,Medium-Density Residential (planned),supports attached/medium,2.346,0.166,499,1.06,1,43.588114,-116.407452,43.4,LOT 08 BLK 03 SAGEWOOD SUB
S1224449150,W VICTORY RD,3N 1W 24,3.7786,3.69,72400,Ada County,RUT,County Rural-Urban Transition,Agricultural / Rural,Low,Vacant Land,Meridian,Medium Density Residential,Medium-Density Residential (planned),supports attached/medium,2.131,0.393,60,15.66,4,43.575854,-116.397207,43.4,PAR #9150 OF SE4SE4 SEC 24 3N 1W
S1225110120,2435 S MERIDIAN RD,3N 1W 25,3.8962,3.77,73600,Ada County,RUT,County Rural-Urban Transition,Agricultural / Rural,Low,Vacant Land,Meridian,Medium Density Residential,Medium-Density Residential (planned),supports attached/medium,2.112,0.678,60,15.66,4,43.574676,-116.395697,43.4,PAR #0120 OF NE4NE4 SEC 25 3N 1W
S1225110140,W VICTORY RD,3N 1W 25,3.091,3.06,59700,Ada County,RUT,County Rural-Urban Transition,Agricultural / Rural,Low,Vacant Land,Meridian,Medium Density Residential,Medium-Density Residential (planned),supports attached/medium,2.142,0.691,60,15.66,4,43.574931,-116.396652,43.4,PAR #0140 OF NE4NE4 SEC 25 3N 1W
R8048710070,1752 W AMERICAN FORK DR,SOUTHRIDGE SUB NO 01,11.4991,11.51,0,City of Meridian,TN-R,Traditional Neighborhood Residential,Townhouse / Med-Density Residential,Medium,Vacant Land,Meridian,Civic,Civic,institutional,2.775,0.721,56,16.64,3,43.587723,-116.416022,43.1,LOT 2 BLK 2 SOUTHRIDGE SUB NO 01
R0888210200,E CENTRAL DR,BENGAL PARKING SUB,5.6915,5.694,0,City of Meridian,C-G,General Retail & Service Commercial,Commercial,Medium,Vacant Land,Meridian,Commercial,Commercial,non-residential (MF only if mixed),1.11,0.539,72,12.93,5,43.594251,-116.382837,42.7,LOT 02 BLK 01 BENGAL PARKING SUB
R7288590150,E VILLAGE GREEN ST,QUENZER COMMONS SUB NO 01,2.384,2.386,0,City of Meridian,R-8,Meridian Medium Density Res (8 du/ac),Townhouse / Med-Density Residential,Medium,Vacant Land,Meridian,MU-N,Mixed Use – Neighborhood,supports attached/medium,3.382,0.713,291,2.38,1,43.639405,-116.377341,42.6,LOT 01 BLK 05 QUENZER COMMONS SUB NO 01
R8222360550,201 E CARVER DR,SUNDANCE SUB NO 02,2.4423,2.445,0,City of Meridian,R-8,Meridian Medium Density Res (8 du/ac),Townhouse / Med-Density Residential,Medium,Vacant Land,Meridian,Medium Density Residential,Medium-Density Residential (planned),supports attached/medium,3.419,0.737,280,2.44,1,43.636529,-116.390481,42.6,LOT 08 BLK 08 SUNDANCE SUB NO 02
R1343550600,S INDUSTRY WAY,CENTRAL VALLEY CORP PARK NO 06,1.9721,1.974,0,City of Meridian,C-G,General Retail & Service Commercial,Commercial,Medium,Vacant Land,Meridian,Commercial,Commercial,non-residential (MF only if mixed),1.282,0.201,72,12.93,5,43.594593,-116.386229,42.4,LOT 15 BLK 04 CENTRAL VALLEY CORP PARK NO 06
R1343550950,701 E CENTRAL DR,CENTRAL VALLEY CORP PARK NO 06,1.3476,1.346,645000,City of Meridian,C-G,General Retail & Service Commercial,Commercial,Medium,Vacant Land,Meridian,Commercial,Commercial,non-residential (MF only if mixed),1.244,0.809,72,12.93,5,43.596219,-116.385022,42.4,LOT 22 BLK 04 CENTRAL VALLEY CORP PARK NO 06
R1343550660,1070 S INDUSTRY WAY,CENTRAL VALLEY CORP PARK NO 06,2.3791,2.38,1658800,City of Meridian,C-G,General Retail & Service Commercial,Commercial,Medium,Vacant Land,Meridian,Commercial,Commercial,non-residential (MF only if mixed),1.327,0.693,72,12.93,5,43.595375,-116.38697,42.3,PAR #0660 OF LOTS 16-17 BLK 4 CENTRAL VALLEY CORP PARK NO 06 PARCEL D R/S 4835
R1343550804,1050 S INDUSTRY WAY,CENTRAL VALLEY CORP PARK NO 06,1.5444,1.546,1010200,City of Meridian,C-G,General Retail & Service Commercial,Commercial,Medium,Vacant Land,Meridian,Commercial,Commercial,non-residential (MF only if mixed),1.294,0.79,72,12.93,5,43.595822,-116.386167,42.3,PAR #0804 POR LOTS 17-19 CENTRAL VALLEY CORP PARK NO 06 PARCEL A  R/S 6655 #0762
R8461020250,E RINGNECK ST,TIMBERFALLS SUB NO 01,1.0324,1.034,0,City of Meridian,R-8,Meridian Medium Density Res (8 du/ac),Townhouse / Med-Density Residential,Medium,Vacant Land,Meridian,Medium Density Residential,Medium-Density Residential (planned),supports attached/medium,3.029,0.211,517,1.03,1,43.632676,-116.383259,42.0,LOT 08 BLK 03 TIMBERFALLS SUB NO 01
S0435326200,3430 N TEN MILE RD,4N 1W 35,4.9135,5.172,0,City of Meridian,R-4,Meridian Med-Low Density Res (4 du/ac),Single-Family Residential,Low,Vacant Land,Meridian,Medium Density Residential,Medium-Density Residential (planned),supports attached/medium,4.741,0.267,42,19.5,4,43.636355,-116.43312,42.0,PAR #6200 @ SW COR N2 SW4 SW4 SEC 35 4N 1W #325600-S
R8036380100,N LONGABAUGH WAY,SOLITUDE PLACE SUB NO 02,2.7546,2.758,0,City of Meridian,R-8,Meridian Medium Density Res (8 du/ac),Townhouse / Med-Density Residential,Medium,Vacant Land,Meridian,Medium Density Residential,Medium-Density Residential (planned),supports attached/medium,4.001,0.816,245,2.75,1,43.645645,-116.390756,41.7,LOT 10  BLK 03 SOLITUDE PLACE SUB NO 02
S1131346655,S TARREGA LN,3N 1E 31,2.6586,2.663,,City of Meridian,R-2,Two-Family / Low-Density,Single-Family Residential,Low,Vacant Land,Meridian,Medium Density Residential,Medium-Density Residential (planned),supports attached/medium,3.212,0.785,58,16.09,2,43.549645,-116.387517,41.7,PAR #6655 POR NW4SE4SW4 SEC 31 3N 1E #346650-S
R1619250020,W WOODBURY DR,CROSSFIELD SUB NO 03,1.6016,1.604,0,City of Meridian,R-8,Meridian Medium Density Res (8 du/ac),Townhouse / Med-Density Residential,Medium,Vacant Land,Meridian,Medium Density Residential,Medium-Density Residential (planned),supports attached/medium,3.505,0.306,369,1.6,1,43.629443,-116.408041,41.6,LOT 19  BLK 10 CROSSFIELD SUB #3
R8048360201,S TEN MILE RD,SOUTHERN CROSSROADS SUB,16.1918,16.209,2298400,Ada County,RUT,County Rural-Urban Transition,Agricultural / Rural,Low,Vacant Land,Meridian,MU-N,Mixed Use – Neighborhood,supports attached/medium,4.261,0.791,51,17.98,2,43.562336,-116.435548,41.5,LOT 02 BLK 01 EXC R/W SOUTHERN CROSSROADS SUB #0200-B
R3525390570,11127 W MORELA DR,HAZELWOOD VILLAGE SUB,2.4066,2.396,0,Ada County,R8,R8,Townhouse / Med-Density Residential,Medium,Vacant Land,Boise,Compact,Compact / walkable neighborhood,supports attached/medium,3.995,0.911,288,2.41,1,43.542127,-116.320359,41.4,LOT 07 BLK 16 HAZELWOOD VILLAGE SUB
R1001520280,9590 W CANFORD DR,BLUEMEADOWS SUB NO 01,1.6414,1.643,0,Ada County,R8,R8,Townhouse / Med-Density Residential,Medium,Vacant Land,Boise,Compact,Compact / walkable neighborhood,supports attached/medium,3.694,0.258,363,1.64,1,43.560076,-116.301613,41.3,LOT 04 BLK 03 BLUEMEADOWS SUB NO 01
S1227449726,W AMITY RD,3N 1W 27,1.793,1.794,0,Ada County,RUT,County Rural-Urban Transition,Agricultural / Rural,Low,Vacant Land,Meridian,MU-N,Mixed Use – Neighborhood,supports attached/medium,4.36,0.628,51,17.98,2,43.561878,-116.437467,41.3,PAR #9726 NEAR W SIDE SE4SE4 SEC 27 3N 1W PARCEL A R/S 6908 #449722-S STC FORM R
S1210346850,W FRANKLIN RD,3N 1W 10,10.0454,10.08,2534100,City of Meridian,TN-R,Traditional Neighborhood Residential,Townhouse / Med-Density Residential,Medium,Vacant Land,Meridian,Ten Mile Interchange Specific,Ten Mile Interchange (specific area plan),master-plan (use TBD),4.372,0.641,85,10.05,1,43.607662,-116.445521,41.3,PAR #6850 OF E2SW4 SEC 10 3N 1W #T346801-B
R7288590600,3775 N HOLLYMOUNT WAY,QUENZER COMMONS SUB NO 01,1.1136,1.115,0,City of Meridian,R-8,Meridian Medium Density Res (8 du/ac),Townhouse / Med-Density Residential,Medium,Vacant Land,Meridian,Medium Density Residential,Medium-Density Residential (planned),supports attached/medium,3.43,0.482,479,1.11,1,43.639366,-116.381113,41.2,LOT 01 BLK 16 QUENZER COMMONS SUB NO 01
S1215142300,625 S TEN MILE RD,3N 1W 15,4.6622,4.68,2950100,City of Meridian,C-G,General Retail & Service Commercial,Commercial,Medium,Vacant Land,Meridian,Ten Mile Interchange Specific,Ten Mile Interchange (specific area plan),master-plan (use TBD),3.761,0.718,102,8.66,2,43.597968,-116.435584,41.1,PAR #2300 @ SE COR SE4NE4 SEC 15 3N 1W #131210B
R8222410320,N LEZANA AVE,SUNDANCE PLACE SUB NO 01,1.3991,1.4,0,City of Meridian,R-8,Meridian Medium Density Res (8 du/ac),Townhouse / Med-Density Residential,Medium,Vacant Land,Meridian,Medium Density Residential,Medium-Density Residential (planned),supports attached/medium,3.678,0.397,410,1.4,1,43.640144,-116.39206,41.0,LOT 13 BLK 02 SUNDANCE PLACE SUB NO 01
R1171300120,4101 N KILBERRY AVE,BURNEY GLEN SUB NO 02,1.3134,1.315,0,City of Meridian,R-8,Meridian Medium Density Res (8 du/ac),Townhouse / Med-Density Residential,Medium,Vacant Land,Meridian,Medium Density Residential,Medium-Density Residential (planned),supports attached/medium,3.719,0.266,430,1.31,1,43.641877,-116.388602,40.9,LOT 19 BLK 05 BURNEY GLEN SUB NO 02
R1333020580,6033 S ICICLE AVE,CEDAREDGE SUB,2.1451,2.147,0,Ada County,R8,R8,Townhouse / Med-Density Residential,Medium,Vacant Land,Boise,Compact,Compact / walkable neighborhood,supports attached/medium,4.184,0.535,316,2.15,1,43.548548,-116.302569,40.8,LOT 07 BLK 06 CEDAREDGE SUB
R1171310300,N TIPTON AVE,BURNEY GLEN SUB NO 03,1.052,1.053,0,City of Meridian,R-8,Meridian Medium Density Res (8 du/ac),Townhouse / Med-Density Residential,Medium,Vacant Land,Meridian,Medium Density Residential,Medium-Density Residential (planned),supports attached/medium,3.676,0.397,504,1.05,1,43.641954,-116.385934,40.7,LOT 12 BLK 11 BURNEY GLEN SUB NO 03
R6905270170,W CROSBY DR,PARAMOUNT SUB NO 12,3.312,3.316,0,City of Meridian,R-8,Meridian Medium Density Res (8 du/ac),Townhouse / Med-Density Residential,Medium,Vacant Land,Meridian,Medium Density Residential,Medium-Density Residential (planned),supports attached/medium,4.785,0.543,213,3.31,1,43.653427,-116.404864,40.7,LOT 19 BLK 25 PARAMOUNT SUB NO 12
R8048190280,4301 S ALEUT WAY,SOUTHCREEK SUB NO 01,1.2836,1.286,0,Ada County,R8,R8,Townhouse / Med-Density Residential,Medium,Vacant Land,Boise,Compact,Compact / walkable neighborhood,supports attached/medium,3.785,0.448,437,1.28,1,43.563728,-116.296049,40.7,LOT 11 BLK 03 SOUTHCREEK SUB NO 1
R5125740180,10331 W HAZEL PARK ST,LAKERIDGE SUB NO 02,1.003,1.004,0,Ada County,R8,R8,Townhouse / Med-Density Residential,Medium,Vacant Land,Boise,Compact,Compact / walkable neighborhood,supports attached/medium,3.72,0.747,535,1.0,1,43.552054,-116.310966,40.6,LOT 22 BLK 03 LAKERIDGE SUB NO 02
S1211438600,50 N WARD AVE,3N 1W 11,21.962,21.97,0,City of Meridian,I-L,Light Industrial,Industrial / Business Park,Low,Vacant Land,Meridian,Ten Mile Interchange Specific,Ten Mile Interchange (specific area plan),master-plan (use TBD),3.25,0.241,37,21.96,1,43.606858,-116.422465,40.5,PAR #8600 POR SE4 SEC 11 3N 1W PARCEL A  R/S 10205 #438931S
R0792080010,W YOSEMITE DR,BALDWIN PARK SUB NO 03,1.6513,1.653,0,City of Meridian,R-8,Meridian Medium Density Res (8 du/ac),Townhouse / Med-Density Residential,Medium,Vacant Land,Meridian,Medium Density Residential,Medium-Density Residential (planned),supports attached/medium,4.143,0.174,362,1.65,1,43.641192,-116.408125,40.4,LOT 23 BLK 04 BALDWIN PARK SUB NO 03
R6905250310,N DIETRICH AVE,PARAMOUNT SUB NO 11,1.4764,1.478,0,City of Meridian,R-8,Meridian Medium Density Res (8 du/ac),Townhouse / Med-Density Residential,Medium,Vacant Land,Meridian,Medium Density Residential,Medium-Density Residential (planned),supports attached/medium,4.87,0.365,224,3.1,2,43.655457,-116.403088,40.4,LOT 11 BLK 17 PARAMOUNT SUB NO 11
R9005720130,E ENSENADA DR,VENTANA SUB NO 02,2.2188,2.222,0,City of Meridian,R-8,Meridian Medium Density Res (8 du/ac),Townhouse / Med-Density Residential,Medium,Vacant Land,Meridian,Medium Density Residential,Medium-Density Residential (planned),supports attached/medium,4.401,0.614,308,2.22,1,43.652387,-116.388579,40.4,LOT 11  BLK 05 VENTANA SUB NO 02
S1110438631,11350 W FRANKLIN RD,3N 1E 10,23.8062,23.86,0,City of Boise,I-1,Boise Industrial (light),Industrial / Business Park,Low,Vacant Land,Boise,Industrial,Industrial,non-residential,2.174,0.775,28,27.75,2,43.606252,-116.322193,40.4,PAR #8631 @ SW COR SW4SE4 SEC 10  3N 1E #438608-B
R2958220700,W KELLY CREEK DR,FULFER SUB NO 01,3.2456,3.249,0,City of Meridian,R-8,Meridian Medium Density Res (8 du/ac),Townhouse / Med-Density Residential,Medium,Vacant Land,Meridian,Medium Density Residential,Medium-Density Residential (planned),supports attached/medium,4.993,0.614,218,3.25,1,43.650521,-116.419329,40.3,LOT 01 BLK 06 FULFER SUB NO 01
R0364310440,W PEACH SPRINGS ST,AMBERCREEK SUB NO 02,1.567,1.57,0,City of Meridian,R-8,Meridian Medium Density Res (8 du/ac),Townhouse / Med-Density Residential,Medium,Vacant Land,Meridian,Medium Density Residential,Medium-Density Residential (planned),supports attached/medium,4.205,0.453,378,1.57,1,43.647209,-116.396073,40.2,LOT 09 BLK 16 AMBERCREEK SUB NO 2
R1333240630,W BLACK ROCK DR,CEDAR SPRINGS SUB NO 08,1.5618,1.563,0,City of Meridian,R-8,Meridian Medium Density Res (8 du/ac),Townhouse / Med-Density Residential,Medium,Vacant Land,Meridian,Medium Density Residential,Medium-Density Residential (planned),supports attached/medium,4.162,0.583,382,1.56,1,43.645049,-116.400137,40.2,LOT 16 BLK 32 CEDAR SPRINGS SUB NO 08
R3271730680,6030 S KELSO WAY,GREENBRIAR COMMONS SUB,1.0121,1.013,0,Ada County,R8,R8,Townhouse / Med-Density Residential,Medium,Vacant Land,Boise,Compact,Compact / walkable neighborhood,supports attached/medium,3.92,0.169,525,1.01,1,43.548438,-116.310588,40.2,LOT 11 BLK 05 GREENBRIAR COMMONS SUB
R6905170420,5695 N FOX RUN WAY,PARAMOUNT SUB NO 03,1.6205,1.627,0,City of Meridian,R-8,Meridian Medium Density Res (8 du/ac),Townhouse / Med-Density Residential,Medium,Vacant Land,Meridian,Medium Density Residential,Medium-Density Residential (planned),supports attached/medium,4.944,0.866,224,3.1,2,43.65623,-116.404247,40.2,LOT 01 BLK 17 PARAMOUNT SUB NO 03
S1125233950,8707 W CHURCHILL RD,3N 1E 25,1.0342,1.044,46800,Ada County,R1,County Residential R1,Single-Family Residential,Low,Vacant Land,Boise,Suburban,Suburban Residential,single-family oriented,3.858,0.725,24,30.94,2,43.570506,-116.289695,40.2,PAR #3950 OF SW4NW4 SEC 25 3N 1E #8361794
S1110438901,10792 W FRANKLIN RD,3N 1E 10,3.9473,3.922,0,City of Boise,I-1,Boise Industrial (light),Industrial / Business Park,Low,Vacant Land,Boise,Industrial,Industrial,non-residential,2.286,0.455,28,27.75,2,43.606247,-116.319683,40.2,PAR #8901 OF SW4SE4 POR IN TCA 01-4 SEC 10 3N 1E #438900-B
R7901540360,W ANTON DR,SIENNA CREEK SUB NO 03,1.0906,1.091,0,City of Meridian,R-8,Meridian Medium Density Res (8 du/ac),Townhouse / Med-Density Residential,Medium,Vacant Land,Meridian,Medium Density Residential,Medium-Density Residential (planned),supports attached/medium,4.058,0.408,487,1.09,1,43.640004,-116.407491,40.0,LOT 12 BLK 12 SIENNA CREEK SUB NO 03
R1333230290,N RHODES AVE,CEDAR SPRINGS SUB NO 07,1.351,1.353,0,City of Meridian,R-8,Meridian Medium Density Res (8 du/ac),Townhouse / Med-Density Residential,Medium,Vacant Land,Meridian,Medium Density Residential,Medium-Density Residential (planned),supports attached/medium,4.222,0.509,422,1.35,1,43.645149,-116.402371,39.9,LOT 06 BLK 35 CEDAR SPRINGS SUB NO 07
S1125244505,8371 W SALT CREEK DR,3N 1E 25,29.9106,30.03,0,City of Boise,A-1,Boise Open Land/Airport-Ag,Agricultural / Rural,Low,Vacant Land,Boise,School,School,institutional,3.996,0.677,24,30.94,2,43.570016,-116.287002,39.9,PAR # 4505 OF SE1/4NW1/4 SEC 25 3N 1E #244500-S
R0792060260,W MONUMENT ST,BALDWIN PARK SUB NO 01,1.4571,1.459,0,City of Meridian,R-8,Meridian Medium Density Res (8 du/ac),Townhouse / Med-Density Residential,Medium,Vacant Land,Meridian,Medium Density Residential,Medium-Density Residential (planned),supports attached/medium,4.309,0.256,400,1.46,1,43.642412,-116.411466,39.8,LOT 01 BLK 05 BALDWIN PARK SUB NO 01
S0535449950,9230 W USTICK RD,4N 1E 35,1.3834,1.388,317200,City of Boise,R-2,Two-Family / Low-Density,Two-Family / Low-Density Residential,Medium,Vacant Land,Boise,Compact,Compact / walkable neighborhood,supports attached/medium,4.326,0.702,416,1.38,1,43.634391,-116.297308,39.7,PAR #9950 @ S SIDE SE4SE4 SEC 35 4N 1E R/S 852 #449910-B
S1235346800,W LAKE HAZEL RD,3N 1W 35,14.8494,14.8,,City of Kuna,R-6,R-6,Two-Family / Low-Density Residential,Low,Vacant Land,Ada County,Incorporated Cities and Areas of City Impact,City Impact Area,see city plan,4.384,0.527,22,31.36,2,43.549374,-116.42584,39.6,PAR #6800 OF SE4SW4 SEC 35 3N 1W #438430-B
R2814140360,W DULCIMER ST,FIDDLERS GLEN SUB,1.796,1.798,0,Ada County,R8,R8,Townhouse / Med-Density Residential,Medium,Vacant Land,Boise,Compact,Compact / walkable neighborhood,supports attached/medium,4.653,0.33,348,1.8,1,43.546989,-116.291651,39.5,LOT 18 BLK 03 FIDDLER'S GLEN SUB
R6905290090,520 W KINGSLEY ST,PARAMOUNT SUB NO 14,1.6408,1.643,0,City of Meridian,R-8,Meridian Medium Density Res (8 du/ac),Townhouse / Med-Density Residential,Medium,Vacant Land,Meridian,Medium Density Residential,Medium-Density Residential (planned),supports attached/medium,4.588,0.637,364,1.64,1,43.651706,-116.400843,39.5,LOT 06 BLK 33 PARAMOUNT SUB NO 14
R9005710320,E PRODUCER DR,VENTANA SUB NO 01,1.576,1.579,0,City of Meridian,R-8,Meridian Medium Density Res (8 du/ac),Townhouse / Med-Density Residential,Medium,Vacant Land,Meridian,Medium Density Residential,Medium-Density Residential (planned),supports attached/medium,4.598,0.196,374,1.58,1,43.654544,-116.392039,39.4,LOT 10 BLK 02 VENTANA SUB NO 01
S1235346700,W LAKE HAZEL RD,3N 1W 35,16.5081,16.52,,City of Kuna,R-6,R-6,Two-Family / Low-Density Residential,Low,Vacant Land,Ada County,Incorporated Cities and Areas of City Impact,City Impact Area,see city plan,4.457,0.655,22,31.36,2,43.547805,-116.425806,39.4,PAR #6700 OF S2 SEC 35 3N 1W & POR LOT 03 BLK 01 TITUS SUB #438440-C #438430-S #
R6905310100,5401 N LANGE AVE,PARAMOUNT SUB NO 16,1.486,1.488,0,City of Meridian,R-8,Meridian Medium Density Res (8 du/ac),Townhouse / Med-Density Residential,Medium,Vacant Land,Meridian,Medium Density Residential,Medium-Density Residential (planned),supports attached/medium,4.654,0.539,392,1.49,1,43.653707,-116.397955,39.2,LOT 16  BLK 40 PARAMOUNT SUB #16
R9005720370,E JOSHUA TREE DR,VENTANA SUB NO 02,1.2964,1.297,0,City of Meridian,R-8,Meridian Medium Density Res (8 du/ac),Townhouse / Med-Density Residential,Medium,Vacant Land,Meridian,Medium Density Residential,Medium-Density Residential (planned),supports attached/medium,4.537,0.283,434,1.3,1,43.65452,-116.388342,39.2,LOT 01  BLK 11 VENTANA SUB NO 02
R6905390180,934 W LAUGHTON DR,PARAMOUNT SUB NO 23,1.1142,1.115,0,City of Meridian,R-8,Meridian Medium Density Res (8 du/ac),Townhouse / Med-Density Residential,Medium,Vacant Land,Meridian,Medium Density Residential,Medium-Density Residential (planned),supports attached/medium,4.64,0.574,478,1.11,1,43.650922,-116.405229,38.8,LOT 01 BLK 60 PARAMOUNT SUB NO 23
R4239770510,1385 S BLUE MARLIN LN,INTERSTATE CENTER,7.735,7.741,,City of Meridian,C-G,General Retail & Service Commercial,Commercial,Medium,Vacant Land,Meridian,Commercial,Commercial,non-residential (MF only if mixed),1.99,0.695,82,10.47,3,43.592071,-116.400639,38.5,LOTS 04 & 05 BLK 01 INTERSTATE CENTER PAR A ROS 15410 #0501-C #0402-C #0405-C
R5646020165,850 N CAMELOT DR,MEADOWS SUB NO 03 THE,1.079,1,0,City of Boise,R-2,Two-Family / Low-Density,Two-Family / Low-Density Residential,Medium,Vacant Land,Boise,Compact,Compact / walkable neighborhood,supports attached/medium,4.802,0.809,491,1.08,1,43.612519,-116.269205,38.5,LOT 1 BLK 3 MEADOWS NO 3
R4239770200,1543 S BLUE MARLIN LN,INTERSTATE CENTER,1.3899,1.391,969500,City of Meridian,C-G,General Retail & Service Commercial,Commercial,Medium,Vacant Land,Meridian,Commercial,Commercial,non-residential (MF only if mixed),2.016,0.725,82,10.47,3,43.59054,-116.401107,38.4,LOT 02 BLK 01 INTERSTATE CENTER #99066549
R4239770300,1491 S BLUE MARLIN LN,INTERSTATE CENTER,1.3433,1.344,585500,City of Meridian,C-G,General Retail & Service Commercial,Commercial,Medium,Vacant Land,Meridian,Commercial,Commercial,non-residential (MF only if mixed),2.014,0.719,82,10.47,3,43.590948,-116.401105,38.4,LOT 03 BLK 01 INTERSTATE CENTER #99066549
S1115223161,12009 W FRANKLIN RD,3N 1E 15,1.0846,1.06,303900,City of Boise,R-1A,Boise Single-Family (large lot),Single-Family Residential,Low,Vacant Land,Boise,Compact,Compact / walkable neighborhood,supports attached/medium,1.668,0.587,97,9.19,5,43.604257,-116.332209,37.9,PAR #3161 @ N SIDE NW4NW4 SEC 15 3N 1E #223160-B
S1018212520,7009 W FRANKLIN RD,3N 2E 18,7.7305,7.881,0,City of Boise,A-1,Boise Open Land/Airport-Ag,Agricultural / Rural,Low,Vacant Land,Boise,School,School,institutional,4.72,0.739,25,30.25,3,43.601038,-116.267395,37.8,PAR #2520 OF E2NW4 SEC 18 3N 2E      R/S #4538 #2510-S #99032174
S1115223121,11863 W FRANKLIN RD,3N 1E 15,1.5731,1.538,323300,City of Boise,R-1A,Boise Single-Family (large lot),Single-Family Residential,Low,Vacant Land,Boise,Compact,Compact / walkable neighborhood,supports attached/medium,1.754,0.621,97,9.19,5,43.604173,-116.330154,37.7,PAR #3121 @ N SIDE NW4NW4 SEC 15 3N 1E #223127-B
S1018212514,351 S ALLUMBAUGH WAY,3N 2E 18,17.9044,17.762,0,City of Boise,A-1,Boise Open Land/Airport-Ag,Agricultural / Rural,Low,Vacant Land,Boise,School,School,institutional,4.767,0.254,25,30.25,3,43.600519,-116.266361,37.7,PAR #2514 OF W'LY POR E2NW4 SEC 18 3N 2E #212512-B
R9024780110,210 E VICTORY RD,VICTORY COMMONS SUB NO 02,2.6627,2.66,984900,City of Meridian,C-G,General Retail & Service Commercial,Commercial,Medium,Vacant Land,Meridian,Commercial,Commercial,non-residential (MF only if mixed),1.813,0.636,96,9.2,6,43.576997,-116.390657,37.6,PAR #0110 POR LOTS 9-10 BLK 1 VICTORY COMMONS SUB NO 02 PAR E ROS 13881 #0100-S 
R9024780150,350 E VICTORY RD,VICTORY COMMONS SUB NO 02,1.2439,1.25,653400,City of Meridian,C-G,General Retail & Service Commercial,Commercial,Medium,Vacant Land,Meridian,Commercial,Commercial,non-residential (MF only if mixed),1.821,0.782,96,9.2,6,43.57612,-116.389983,37.6,LOT 11 & POR LOT 12 BLK 01 VICTORY COMMONS SUB NO 02 PAR F ROS 13881 #0140-C #01
S1115223101,11801 W FRANKLIN RD,3N 1E 15,1.071,1.131,306800,City of Boise,R-1A,Boise Single-Family (large lot),Single-Family Residential,Low,Vacant Land,Boise,Compact,Compact / walkable neighborhood,supports attached/medium,1.777,0.491,97,9.19,5,43.604174,-116.329651,37.6,PAR #3101 @ NE COR OF NW4NW4 SEC 15  3N 1E TRACT B OF R/S 5637  EXC R/W #223100-
R3037460910,E LOUISE DR,GARDNER AHLQUIST GATEWAY SUB NO 01,1.6995,1.703,0,City of Meridian,C-G,General Retail & Service Commercial,Commercial,Medium,Vacant Land,Meridian,Commercial,Commercial,non-residential (MF only if mixed),0.861,0.278,121,7.23,4,43.602712,-116.352225,37.5,PAR#0910 OF N'LY POR LT 2 BL 3 GARDNER-AHLQUIST GATEWAY SUB NO 01 PARCEL 2  R/S 
R3037461100,3471 E LOUISE DR,GARDNER AHLQUIST GATEWAY SUB NO 01,1.2537,1.257,1232000,City of Meridian,C-G,General Retail & Service Commercial,Commercial,Medium,Vacant Land,Meridian,Commercial,Commercial,non-residential (MF only if mixed),0.866,0.635,121,7.23,4,43.60239,-116.351343,37.5,LOT 04 BLK 03 GARDNER-AHLQUIST GATEWAY SUB NO 01
R9024780040,S MERIDIAN RD,VICTORY COMMONS SUB NO 02,1.1599,1.161,556300,City of Meridian,C-G,General Retail & Service Commercial,Commercial,Medium,Vacant Land,Meridian,Commercial,Commercial,non-residential (MF only if mixed),1.87,0.546,96,9.2,6,43.577363,-116.392363,37.5,LOT 06 BLK 01 VICTORY COMMONS SUB NO 02
R9024780075,3070 S MERIDIAN RD,VICTORY COMMONS SUB NO 02,2.034,2.037,,City of Meridian,C-G,General Retail & Service Commercial,Commercial,Medium,Vacant Land,Meridian,Commercial,Commercial,non-residential (MF only if mixed),1.869,0.749,96,9.2,6,43.576841,-116.391865,37.5,LOT 08 & POR LOT 07 BLK 01 VICTORY COMMONS SUB NO 02 PAR A1 ROS 15043 #0070-B
R3037460700,200 S BROOKLYN AVE,GARDNER AHLQUIST GATEWAY SUB NO 01,2.7964,2.799,2743300,City of Meridian,C-G,General Retail & Service Commercial,Commercial,Medium,Vacant Land,Meridian,Commercial,Commercial,non-residential (MF only if mixed),0.916,0.723,121,7.23,4,43.60338,-116.351623,37.4,LOT 04 BLK 02 GARDNER-AHLQUIST GATEWAY SUB NO 01
R9024770060,2948 S MERIDIAN RD,VICTORY COMMONS SUB NO 01,1.0111,1.012,617200,City of Meridian,C-G,General Retail & Service Commercial,Commercial,Medium,Vacant Land,Meridian,Commercial,Commercial,non-residential (MF only if mixed),1.887,0.703,96,9.2,6,43.57793,-116.393243,37.4,LOT 03 BLK 01 VICTORY COMMONS SUB NO 01
R9024780180,126 E VICTORY RD,VICTORY COMMONS SUB NO 02,1.0848,1.089,569200,City of Meridian,C-G,General Retail & Service Commercial,Commercial,Medium,Vacant Land,Meridian,Commercial,Commercial,non-residential (MF only if mixed),1.889,0.744,96,9.2,6,43.576,-116.391556,37.4,LOT 13 BLK 01 VICTORY COMMONS SUB NO 02
R1376770090,9301 W MOSSYWOOD DR,CHARTER POINTE SUB NO 06,5.6539,5.664,0,Ada County,R6,County Residential R6,Two-Family / Low-Density Residential,Low,Vacant Land,Boise,Compact,Compact / walkable neighborhood,supports attached/medium,4.816,0.668,63,14.91,2,43.538457,-116.299169,37.3,LOT 26 BLK 26 CHARTER POINTE SUB NO 06
R3037460612,76 S BROOKLYN AVE,GARDNER AHLQUIST GATEWAY SUB NO 01,1.4842,1.487,0,City of Meridian,C-G,General Retail & Service Commercial,Commercial,Medium,Vacant Land,Meridian,Commercial,Commercial,non-residential (MF only if mixed),0.974,0.681,121,7.23,4,43.604339,-116.351635,37.3,PAR #0612 POR LOTS 1 & 3 BLK 2 GARDNER-AHLQUIST GATEWAY SUB NO 01 PARCEL 3  R/S 
R0831430015,S LINDER RD,BASSLIN RIDGE ESTATES,15.7808,15.804,,City of Meridian,R-4,Meridian Med-Low Density Res (4 du/ac),Single-Family Residential,Low,Vacant Land,Meridian,Low Density Residential,Low-Density Residential (planned),single-family oriented,3.177,0.417,30,26.19,2,43.571034,-116.417415,36.8,PAR #0015 POR LOTS 1 & 2 BLK 1 BASSLIN RIDGE ESTATES PAR A ROS 14721 #0010-C #00
R8020701520,E WOODBRIDGE DR,SNORTING BULL SUB NO 01,1.7966,1.798,0,City of Meridian,R-4,Meridian Med-Low Density Res (4 du/ac),Single-Family Residential,Low,Vacant Land,Meridian,Medium Density Residential,Medium-Density Residential (planned),supports attached/medium,0.627,0.25,146,5.65,2,43.59844,-116.3696,36.4,LOT 76 BLK 06 SNORTING BULL SUB PHASE 01
S1214121190,S BENCHMARK WAY,3N 1W 14,2.5922,2.549,,City of Meridian,C-G,General Retail & Service Commercial,Commercial,Medium,Vacant Land,Meridian,Ten Mile Interchange Specific,Ten Mile Interchange (specific area plan),master-plan (use TBD),3.072,0.279,260,2.59,1,43.602383,-116.42056,36.4,PAR #1190 OF NE4 SEC 14 3N 1W #121186-B
R8020700680,2000 E WOODBRIDGE DR,SNORTING BULL SUB NO 01,3.8548,3.84,0,City of Meridian,R-4,Meridian Med-Low Density Res (4 du/ac),Single-Family Residential,Low,Vacant Land,Meridian,Medium Density Residential,Medium-Density Residential (planned),supports attached/medium,0.726,0.476,146,5.65,2,43.600348,-116.36958,36.2,LOT 66 BLK 03 SNORTING BULL SUB PHASE 01
R0967660166,S BITTERCREEK AVE,BITTERCREEK MEADOWS SUB AMD,28.7485,28.76,4076900,City of Kuna,R-4,Meridian Med-Low Density Res (4 du/ac),Single-Family Residential,Low,Vacant Land,Ada County,Incorporated Cities and Areas of City Impact,City Impact Area,see city plan,4.839,0.36,26,28.75,1,43.554551,-116.442625,36.1,PAR #0166 OF LOT 15 BLK 01 BITTERCREEK MEADOWS SUB AMD #0165-B
R4885160130,1448 S TECH LN,KENNEDY COMMERCIAL CENTER SUB,3.9832,3.986,1909900,City of Meridian,C-G,General Retail & Service Commercial,Commercial,Medium,Vacant Land,Meridian,Commercial,Commercial,non-residential (MF only if mixed),2.168,0.359,106,8.41,3,43.592442,-116.4042,36.1,LOT 13  BLK 01 KENNEDY COMMERCIAL CENTER SUB
R2940650080,2015 W FRANKLIN RD,FRONTLINE SUB,2.1146,2.119,479500,City of Meridian,C-G,General Retail & Service Commercial,Commercial,Medium,Vacant Land,Meridian,Ten Mile Interchange Specific,Ten Mile Interchange (specific area plan),master-plan (use TBD),3.051,0.705,322,2.11,1,43.604237,-116.419444,36.0,POR LOT 03 BLK 01 IN TCA 03 FRONTLINE SUB
R4885160095,S TECH LN,KENNEDY COMMERCIAL CENTER SUB,2.4549,2.457,1284300,City of Meridian,C-G,General Retail & Service Commercial,Commercial,Medium,Vacant Land,Meridian,Commercial,Commercial,non-residential (MF only if mixed),2.257,0.332,106,8.41,3,43.592042,-116.405988,35.9,PAR #0095 OF LOT 9 BLK 1 KENNEDY COMMERCIAL CENTER SUB PARCEL 2A ROS 10797 #0090
S1201223220,N LINDER RD,3N 1W 01,1.5895,1.593,225200,City of Meridian,R-8,Meridian Medium Density Res (8 du/ac),Townhouse / Med-Density Residential,Medium,Vacant Land,Meridian,Civic,Civic,institutional,3.758,0.637,78,11.41,3,43.631071,-116.413056,35.9,PAR #3220 POR GOV'T LOT 4 SEC 01 3N 1W #223210-B
S1201223160,N LINDER RD,3N 1W 01,1.0258,1.026,80000,City of Meridian,R-8,Meridian Medium Density Res (8 du/ac),Townhouse / Med-Density Residential,Medium,Vacant Land,Meridian,Civic,Civic,institutional,3.805,0.701,78,11.41,3,43.631838,-116.413289,35.8,PAR #3160 POR GOV'T LOT 4 SEC 01 3N 1W #223155-B
R4885160105,1401 S TECH LN,KENNEDY COMMERCIAL CENTER SUB,1.9722,1.974,0,City of Meridian,C-G,General Retail & Service Commercial,Commercial,Medium,Vacant Land,Meridian,Commercial,Commercial,non-residential (MF only if mixed),2.359,0.768,106,8.41,3,43.592711,-116.407999,35.7,PAR#0105 N'LY POR LOT 10 BLK 1 KENNEDY COMMERCIAL CENTER SUB PARCEL A  R/S 8610 
R8230060150,3930 E EASY JET DR,SUTHERLAND FARM SUB NO 05,5.48,5.484,0,City of Meridian,R-4,Meridian Med-Low Density Res (4 du/ac),Single-Family Residential,Low,Vacant Land,Meridian,Medium Density Residential,Medium-Density Residential (planned),supports attached/medium,1.067,0.717,148,5.48,1,43.580794,-116.346103,35.3,LOT 91 BLK 11 SUTHERLAND FARM SUB NO 05
R8484000055,907 S VANGUARD WAY,TM CROSSING SUB,1.3634,1.365,1070300,City of Meridian,C-G,General Retail & Service Commercial,Commercial,Medium,Vacant Land,Meridian,Commercial,Commercial,non-residential (MF only if mixed),3.505,0.742,91,9.96,4,43.596749,-116.430606,35.0,PAR #0055 POR LOTS 2-5 BLK 1 TM CROSSING SUB PARCEL D ROS 11866 #0020-S #0030-S 
R8484000075,997 S VANGUARD WAY,TM CROSSING SUB,1.1468,1.148,900100,City of Meridian,C-G,General Retail & Service Commercial,Commercial,Medium,Vacant Land,Meridian,Commercial,Commercial,non-residential (MF only if mixed),3.494,0.788,91,9.96,4,43.595571,-116.430515,35.0,PAR #0075 POR LOTS 7 & 8 BLK 1 TM CROSSING SUB PARCEL F ROS 11866 #0070-S #0080-
S1224212520,1635 S STODDARD RD,3N 1W 24,7.5371,7.54,0,City of Meridian,R-8,Meridian Medium Density Res (8 du/ac),Townhouse / Med-Density Residential,Medium,Vacant Land,Meridian,Civic,Civic,institutional,2.247,0.553,118,7.54,1,43.587298,-116.405323,35.0,PAR #2520 @ SE COR NE4NW4 SEC 24 3N 1W SOUTH PARCEL R/S 6031 #212500-B
S1212223125,W CHERRY LN,3N 1W 12,9.1192,9.129,3380100,City of Meridian,C-C,Community Business,Commercial,Medium,Vacant Land,Meridian,Commercial,Commercial,non-residential (MF only if mixed),3.089,0.698,98,9.12,1,43.618759,-116.410264,34.9,PAR #3125 @ N SIDE NW4 NW4 SEC 12 3N 1W #223120-B
R8484000085,W NAVIGATOR DR,TM CROSSING SUB,4.9122,4.917,3748200,City of Meridian,C-G,General Retail & Service Commercial,Commercial,Medium,Vacant Land,Meridian,Commercial,Commercial,non-residential (MF only if mixed),3.576,0.679,91,9.96,4,43.59573,-116.432143,34.8,PAR #0085 POR LOTS 5-8 BLK 1 TM CROSSING SUB PARCEL G ROS 11866 #0050-S #0060-S 
R8484020200,3089 W NAVIGATOR DR,TM CROSSING SUB NO 03,2.5328,2.535,1987700,City of Meridian,C-G,General Retail & Service Commercial,Commercial,Medium,Vacant Land,Meridian,Commercial,Commercial,non-residential (MF only if mixed),3.567,0.663,91,9.96,4,43.594722,-116.432047,34.8,LOT 07 BLK 03 TM CROSSING SUB NO 03
R7039000371,E BLUE HERON ST,J E PFOSTS SUB,3.1596,3.16,470400,Ada County,R1,County Residential R1,Single-Family Residential,Low,Vacant Land,Meridian,MU-N,Mixed Use – Neighborhood,supports attached/medium,2.725,0.483,113,7.86,4,43.625329,-116.389871,34.4,PAR #0371 @ E SIDE OF LOTS 01-04 J E PFOSTS SUB #0370-B
R1366240020,4055 S CLOVERDALE RD,CHAPEL ROW SUB,6.6389,6.638,464400,Ada County,RSW,County Residential (subdivision),Single-Family Residential,Low,Vacant Land,Boise,Compact,Compact / walkable neighborhood,supports attached/medium,2.188,0.563,127,6.64,1,43.566054,-116.335678,34.3,LOT 02 BLK 01 CHAPEL ROW SUB
S1212110351,1615 NW 2ND ST,3N 1W 12,7.3203,7.326,4467700,City of Meridian,R-4,Meridian Med-Low Density Res (4 du/ac),Single-Family Residential,Low,Vacant Land,Meridian,Medium Density Residential,Medium-Density Residential (planned),supports attached/medium,2.573,0.303,120,7.32,1,43.618304,-116.3972,34.2,PAR #0351 POR NE4NE4 SEC 12 3N 1W #110350-B
R0290190200,7900 S DREAM VIEW LN,AKKAZAKOV ESTATES SUB,2.5203,2.523,340800,Ada County,RSW,County Residential (subdivision),Single-Family Residential,Low,Vacant Land,Boise,Suburban,Suburban Residential,single-family oriented,4.738,0.778,29,26.34,5,43.530545,-116.31871,33.9,LOT 02 BLK 01 AKKAZAKOV ESTATES SUB
S1410110080,10847 W COLUMBIA RD,2N 1E 10,4.3289,4.552,398500,Ada County,RSW,County Residential (subdivision),Single-Family Residential,Low,Vacant Land,Boise,Suburban,Suburban Residential,single-family oriented,4.723,0.685,29,26.34,5,43.53121,-116.317572,33.9,PAR #0080 OF NE4 SEC 10 2N 1E #0050-B
S1222110280,S TEN MILE RD,3N 1W 22,9.5016,9.408,49800,Ada County,R1,County Residential R1,Single-Family Residential,Low,Vacant Land,Meridian,MU-N,Mixed Use – Neighborhood,supports attached/medium,3.875,0.374,92,9.5,1,43.588439,-116.438168,33.8,PAR #0280 OF N2NE4 SEC 22 3N 1W PARCEL B R/S 7715 #110270-S
R0290190300,8000 S DREAM VIEW LN,AKKAZAKOV ESTATES SUB,10.247,10.271,499600,Ada County,R1,County Residential R1,Single-Family Residential,Low,Vacant Land,Boise,Suburban,Suburban Residential,single-family oriented,4.843,0.225,29,26.34,5,43.528822,-116.318811,33.7,LOT 03 BLK 01 AKKAZAKOV ESTATES SUB
R1096251675,9851 W IRVING ST,BROOKSIDE PLACE,8.0722,8.08,0,City of Boise,A-1,Boise Open Land/Airport-Ag,Agricultural / Rural,Low,Vacant Land,Boise,Compact,Compact / walkable neighborhood,supports attached/medium,3.182,0.656,110,8.07,1,43.614861,-116.305724,33.7,PAR #1675 OF LOTS 05 & 06 BROOKSIDE PLACE PARCEL E R/S 6732 #1610-C #1472-C #173
S1410110090,10850 W COLUMBIA RD,2N 1E 10,7.4404,7.46,476700,Ada County,R1,County Residential R1,Single-Family Residential,Low,Vacant Land,Boise,Suburban,Suburban Residential,single-family oriented,4.851,0.526,29,26.34,5,43.529123,-116.317583,33.6,PAR #0090 OF E2NE4 SEC 10 2N 1E #0050-S
R5901160115,E WATERFRONT ST,MURDOCH SUB,3.9845,3.99,,City of Meridian,C-G,General Retail & Service Commercial,Commercial,Medium,Vacant Land,Meridian,Commercial,Commercial,non-residential (MF only if mixed),1.246,0.57,188,3.98,1,43.600076,-116.383102,33.5,LOTS 01-04 BLK 02 MURDOCH SUB PAR 1 ROS 14992 #0090C #0100C #0110C #0120C
R7149700025,N LAMONT RD,POTTERS FIELD SUB,10.0252,10.03,561000,Ada County,RUT,County Rural-Urban Transition,Agricultural / Rural,Low,Vacant Land,Meridian,Medium Density Residential,Medium-Density Residential (planned),supports attached/medium,4.305,0.785,86,10.03,1,43.583973,-116.446198,33.4,PAR #0025 E'LY POR LT 2 BL 1 POTTERS FIELD SUB #0021-B
R8222760320,8301 S FIVE MILE RD,SUNSET VILLA SUB NO 02,1.8075,1.81,0,Ada County,R6,County Residential R6,Two-Family / Low-Density Residential,Low,Vacant Land,Boise,Suburban,Suburban Residential,single-family oriented,4.989,0.435,29,26.34,5,43.52753,-116.315825,33.4,LOT A BLK 8 SUNSET VILLA SUB NO 2 #96055542
R7100270200,1822 E OVERLAND RD,PLAYGROUND SUB,2.3691,2.372,1446500,City of Meridian,C-G,General Retail & Service Commercial,Commercial,Medium,Vacant Land,Meridian,Commercial,Commercial,non-residential (MF only if mixed),0.55,0.723,292,2.37,1,43.590849,-116.371773,33.3,LOT 2 BLK 1 PLAYGROUND SUB
R8020701680,S CROSSTIMBER AVE,SNORTING BULL SUB NO 01,2.3535,2.343,0,City of Meridian,R-4,Meridian Med-Low Density Res (4 du/ac),Single-Family Residential,Low,Vacant Land,Meridian,Medium Density Residential,Medium-Density Residential (planned),supports attached/medium,0.57,0.255,295,2.35,1,43.598537,-116.367716,33.2,LOT 92 BLK 06 SNORTING BULL SUB PHASE 01
R8020710640,S THORNWOOD WAY,SNORTING BULL SUB NO 02,2.4004,2.403,0,City of Meridian,R-4,Meridian Med-Low Density Res (4 du/ac),Single-Family Residential,Low,Vacant Land,Meridian,Medium Density Residential,Medium-Density Residential (planned),supports attached/medium,0.62,0.207,289,2.4,1,43.599787,-116.366875,33.2,LOT 01 BLK 19 SNORTING BULL SUB PHASE 02
S1215417217,785 S TEN MILE RD,3N 1W 15,3.9945,4.021,3065200,City of Meridian,C-G,General Retail & Service Commercial,Commercial,Medium,Vacant Land,Meridian,High Density Employment,High-Density Employment,non-residential,3.753,0.663,102,8.66,2,43.597014,-116.435541,33.2,PAR #7217 @ NE COR NE4SE4 SEC 15 3N 1W #417215-B
S1210131210,3761 W PARK CREEK DR,3N 1W 10,21.9511,21.96,0,City of Meridian,R-4,Meridian Med-Low Density Res (4 du/ac),Single-Family Residential,Low,Vacant Land,Meridian,Civic,Civic,institutional,4.365,0.285,33,24.91,3,43.615095,-116.442052,33.2,PAR #1210 OF W2NE4 & OF SE4NW4 SEC 10 3N 1W #110100-120600-B
R5299900053,S TORINO AVE,LOCUST VIEW HEIGHTS SUB,1.1369,1.146,301500,Ada County,R1,County Residential R1,Single-Family Residential,Low,Vacant Land,Meridian,Medium Density Residential,Medium-Density Residential (planned),supports attached/medium,0.71,0.676,261,2.57,2,43.597382,-116.372916,33.1,PAR #0053 OF LOTS 1 & 2 BLK 2 LOCUST VIEW HEIGHTS SUB   #98076414
R8020701180,E WOODBRIDGE DR,SNORTING BULL SUB NO 01,1.4351,1.437,0,City of Meridian,R-4,Meridian Med-Low Density Res (4 du/ac),Single-Family Residential,Low,Vacant Land,Meridian,Medium Density Residential,Medium-Density Residential (planned),supports attached/medium,0.725,0.183,261,2.57,2,43.598495,-116.372179,33.1,LOT 42 BLK 06 SNORTING BULL SUB PHASE 01
R7851180240,E DWORSHAK CT,SHERBROOKE HOLLOWS SUB NO 02,1.8151,1.834,0,City of Meridian,R-4,Meridian Med-Low Density Res (4 du/ac),Single-Family Residential,Low,Vacant Land,Meridian,Medium Density Residential,Medium-Density Residential (planned),supports attached/medium,0.96,0.172,232,2.93,2,43.578525,-116.365931,33.0,LOT 07 BLK 08 SHERBROOKE HOLLOWS SUB #02 #99082325
S1213110466,305 W FRANKLIN RD,3N 1W 13,5.059,5.02,1749400,City of Meridian,C-G,General Retail & Service Commercial,Commercial,Medium,Vacant Land,Meridian,Commercial,Commercial,non-residential (MF only if mixed),2.024,0.719,152,5.06,1,43.603635,-116.397968,33.0,PAR #0466 OF NE4NE4 SEC 13 3N 1W #0465-B
S0532223011,4750 N LOCUST GROVE RD,4N 1E 32,8.5096,8.515,0,City of Meridian,R-8,Meridian Medium Density Res (8 du/ac),Townhouse / Med-Density Residential,Medium,Vacant Land,Meridian,Civic,Civic,institutional,3.877,0.514,105,8.51,1,43.647388,-116.372735,32.8,PAR #3011 @ NW COR NW4 SEC 32 4N 1E LOCUST GROVE SUB STATION #223010-B
S1108233992,1740 E PINE AVE,3N 1E 08,3.7412,3.75,,City of Meridian,I-L,Light Industrial,Industrial / Business Park,Low,Vacant Land,Meridian,General Industrial,General Industrial,non-residential,1.583,0.657,45,18.97,6,43.613263,-116.372415,32.8,PAR #3992 POR SW4NW4 SEC 08 3N 1E PAR 3 ROS 15346 #233986-C #T233950-C #T233995-
R1343500207,690 S INDUSTRY WAY,CENTRAL VALLEY CORP PARK NO 01,3.2459,3.19,1667500,City of Meridian,C-G,General Retail & Service Commercial,Commercial,Medium,Vacant Land,Meridian,Commercial,Commercial,non-residential (MF only if mixed),1.299,0.602,217,3.25,1,43.598397,-116.385251,32.7,"PAR#0207 OF LTS 10,11,13 BL 1 CENTRAL VALLEY CORP PARK NO 01 #0251-S R/S #3302 #"
S1108233760,N LOCUST GROVE RD,3N 1E 08,1.1876,1.19,,City of Meridian,I-L,Light Industrial,Industrial / Business Park,Low,Vacant Land,Meridian,General Industrial,General Industrial,non-residential,1.632,0.53,45,18.97,6,43.613772,-116.373323,32.7,PAR #3760 POR SW4NW4 SEC 08 3N 1E PAR 2 ROS 15346 #T233755-C #T233850-C
S1108233855,1030 N LOCUST GROVE RD,3N 1E 08,1.7572,1.76,,City of Meridian,I-L,Light Industrial,Industrial / Business Park,Low,Vacant Land,Meridian,General Industrial,General Industrial,non-residential,1.652,0.397,45,18.97,6,43.614137,-116.373111,32.7,PAR #3855 POR SW4NW4 SEC 08 3N 1E PAR 1 ROS 15346 #T233756-C #T233996-C
S1117110201,2975 E FRANKLIN RD,3N 1E 17,2.3437,2.35,1228400,City of Meridian,C-C,Community Business,Commercial,Medium,Vacant Land,Meridian,Commercial,Commercial,non-residential (MF only if mixed),0.858,0.743,300,2.34,1,43.604126,-116.357615,32.6,PAR #0201 NEAR NE COR NE4NE4 SEC 17 3N 1E #110200-B
S1404233620,7050 S EAGLE RD,2N 1E 04,7.6682,7.696,1246500,City of Meridian,R-8,Meridian Medium Density Res (8 du/ac),Townhouse / Med-Density Residential,Medium,Vacant Land,Meridian,Low Density Residential,Low-Density Residential (planned),single-family oriented,3.598,0.454,116,7.67,1,43.54014,-116.353528,32.5,PAR #3620 OF S2NW4 SEC 04 2N 1E #233662-B
R4228730010,E FAIRVIEW AVE,INITIAL POINT SUB,1.479,1.478,0,City of Meridian,C-G,General Retail & Service Commercial,Commercial,Medium,Vacant Land,Meridian,Commercial,Commercial,non-residential (MF only if mixed),2.142,0.199,169,4.48,2,43.61807,-116.383897,32.2,LOT 01 BLK 01 INITIAL POINT SUB
S1108449810,3070 E FRANKLIN RD,3N 1E 08,2.0106,2.012,1489900,City of Meridian,C-G,General Retail & Service Commercial,Commercial,Medium,Vacant Land,Meridian,Commercial,Commercial,non-residential (MF only if mixed),0.943,0.538,331,2.01,1,43.605261,-116.356806,32.1,PAR #9810 @ S SIDE SE4SE4 SEC 8 3N 1E PARCEL B  ROS 13121 #449316C #449800S
S1107212505,715 E FAIRVIEW AVE,3N 1E 07,3.004,3.13,1772500,City of Meridian,C-C,Community Business,Commercial,Medium,Vacant Land,Meridian,Commercial,Commercial,non-residential (MF only if mixed),2.224,0.731,169,4.48,2,43.618919,-116.385102,32.0,PAR #2505 OF NE4NW4 SEC 7 3N 1E #212500-B
S1222131225,2130 S NOVA LN,3N 1W 22,4.2192,4.98,,Ada County,RUT,County Rural-Urban Transition,Agricultural / Rural,Low,Vacant Land,Meridian,MU-N,Mixed Use – Neighborhood,supports attached/medium,4.131,0.656,108,8.27,2,43.585938,-116.443,32.0,PAR #1225 POR SW4NE4 SEC 22 3N 1W PAR A ROS 15320 #131221-S
S1222131240,S NOVA LN,3N 1W 22,4.0535,4.972,,Ada County,RUT,County Rural-Urban Transition,Agricultural / Rural,Low,Vacant Land,Meridian,MU-N,Mixed Use – Neighborhood,supports attached/medium,4.148,0.665,108,8.27,2,43.583772,-116.442996,32.0,PAR #1240 POR SW4NE4 SEC 22 3N 1W PAR B ROS 15320 #131221-B
R1362650050,3430 N TROXEL WAY,CHAMPION PARK SUB NO 03,5.9779,5.982,0,City of Meridian,R-8,Meridian Medium Density Res (8 du/ac),Townhouse / Med-Density Residential,Medium,Vacant Land,Meridian,Civic,Civic,institutional,3.041,0.479,135,5.98,1,43.635931,-116.362801,31.9,LOT 06 BLK 11 CHAMPION PARK SUB NO 03
R5629430090,3386 N BURLEY AVE,MCNELIS SUB,1.6263,1.627,602400,City of Meridian,C-G,General Retail & Service Commercial,Commercial,Medium,Vacant Land,Meridian,MU-NR,Mixed Use – Non-Residential,non-residential,4.761,0.439,94,9.41,5,43.635008,-116.435166,31.9,LOT 09  BLK 01 MCNELIS SUB
R5629430106,3425 W NELIS DR,MCNELIS SUB,2.355,2.355,872000,City of Meridian,C-G,General Retail & Service Commercial,Commercial,Medium,Vacant Land,Meridian,MU-NR,Mixed Use – Non-Residential,non-residential,4.807,0.672,94,9.41,5,43.635914,-116.435328,31.8,LOT 10 & 11 BLK 01 MCNELIS SUB PARCEL C R/S 10206 #0100C #0110C
S0434449504,3539 N TEN MILE RD,4N 1W 34,1.0019,1.029,0,City of Meridian,R-8,Meridian Medium Density Res (8 du/ac),Townhouse / Med-Density Residential,Medium,Vacant Land,Meridian,Civic,Civic,institutional,4.804,0.755,94,9.41,5,43.636782,-116.434254,31.8,PAR #9504 OF SE4 SE4 SEC 34 4N 1W #449503-B
R5629430130,3275 N BURLEY AVE,MCNELIS SUB,1.5065,1.508,886800,City of Meridian,C-G,General Retail & Service Commercial,Commercial,Medium,Vacant Land,Meridian,MU-NR,Mixed Use – Non-Residential,non-residential,4.832,0.717,94,9.41,5,43.634679,-116.437316,31.7,LOT 02  BLK 02 MCNELIS SUB
R5629430140,3331 N BURLEY AVE,MCNELIS SUB,2.925,2.928,1084100,City of Meridian,C-G,General Retail & Service Commercial,Commercial,Medium,Vacant Land,Meridian,MU-NR,Mixed Use – Non-Residential,non-residential,4.866,0.654,94,9.41,5,43.63523,-116.437598,31.7,LOT 03  BLK 02 MCNELIS SUB
R8535800100,S LOCUST GROVE RD,TRUST STORAGE SUB,1.0361,1.037,632400,City of Meridian,C-C,Community Business,Commercial,Medium,Vacant Land,Meridian,Commercial,Commercial,non-residential (MF only if mixed),0.686,0.78,516,1.04,1,43.588879,-116.373929,31.7,LOT 01 BLK 01 TRUST STORAGE SUB
S1301212550,W LAKE HAZEL RD,2N 1W 01,22.6468,22.68,,City of Kuna,R-6,R-6,Two-Family / Low-Density Residential,Low,Vacant Land,Ada County,Incorporated Cities and Areas of City Impact,City Impact Area,see city plan,3.979,0.522,35,22.65,1,43.544261,-116.40545,31.7,PAR #2550 POR GOV'T LOT 3 & POR SE4NW4 SEC 01 2N 1W #212510-S
S1106336200,134 E FAIRVIEW AVE,3N 1E 06,3.5503,4,1132600,City of Meridian,C-C,Community Business,Commercial,Medium,Vacant Land,Meridian,Commercial,Commercial,non-residential (MF only if mixed),2.536,0.354,161,4.69,2,43.62114,-116.39158,31.6,PAR #6200 OF SW4SW4 SEC 6 3N 1E #96037272
R8075800020,S ELKHOUND AVE,SPORTSMAN POINTE SUB NO 04,1.2629,1.269,0,City of Meridian,R-4,Meridian Med-Low Density Res (4 du/ac),Single-Family Residential,Low,Vacant Land,Meridian,Medium Density Residential,Medium-Density Residential (planned),supports attached/medium,0.857,0.646,443,1.26,1,43.586265,-116.37611,31.5,LOT 20 BLK 2 SPORTSMAN POINTE SUB #4 #97066794
S1106336086,55 E CARMEL DR,3N 1E 06,1.1408,1.11,0,City of Meridian,C-C,Community Business,Commercial,Medium,Vacant Land,Meridian,Commercial,Commercial,non-residential (MF only if mixed),2.603,0.595,161,4.69,2,43.621663,-116.392832,31.5,PAR #6086 OF SW4SW4 SEC 6 3N 1E #336082-B
R0804220200,N LOCUST GROVE RD,BARGER SUB,1.9501,1.953,1235700,City of Meridian,C-G,General Retail & Service Commercial,Commercial,Medium,Vacant Land,Meridian,Commercial,Commercial,non-residential (MF only if mixed),1.915,0.551,216,3.25,2,43.61773,-116.374897,31.4,LOT 02 BLK 01 BARGER SUB
R8570120240,S LAMONE WAY,TUSCANY LAKES SUB NO 02,2.3373,2.342,0,City of Meridian,R-4,Meridian Med-Low Density Res (4 du/ac),Single-Family Residential,Low,Vacant Land,Meridian,Medium Density Residential,Medium-Density Residential (planned),supports attached/medium,1.45,0.246,301,2.34,1,43.571853,-116.369271,31.4,LOT 38 BLK 01 TUSCANY LAKES SUB NO 02
R6510600060,2950 E FRANKLIN RD,OLSON AND BUSH SUB NO 03,1.1369,1.137,468900,City of Meridian,C-G,General Retail & Service Commercial,Commercial,Medium,Vacant Land,Meridian,Commercial,Commercial,non-residential (MF only if mixed),0.93,0.729,471,1.14,1,43.605296,-116.358688,31.3,LOT 11 BLK 03 OLSON AND BUSH SUB NO 03
S1123449083,2815 S MAPLE GROVE RD,3N 1E 23,19.2742,19.29,0,City of Boise,A-1,Boise Open Land/Airport-Ag,Agricultural / Rural,Low,Vacant Land,Boise,Suburban,Suburban Residential,single-family oriented,3.336,0.708,39,21.01,2,43.578679,-116.296774,31.3,PAR #9083 N2SE4NE4 SEC 23 3N 1E #449082-B
S1118438515,790 E OVERLAND RD,3N 1E 18,1.574,1.57,957400,City of Meridian,C-G,General Retail & Service Commercial,Commercial,Medium,Vacant Land,Meridian,Commercial,Commercial,non-residential (MF only if mixed),1.151,0.754,375,1.57,1,43.590586,-116.383794,31.3,PAR #8515 NR SW COR SW4SE4 SEC 18 3N 1E PARCEL B-2 R/S 3075 EXC R/W #438511-B
R1343520150,E CORPORATE DR,CENTRAL VALLEY CORP PARK NO 03,2.1393,2.14,0,City of Meridian,C-G,General Retail & Service Commercial,Commercial,Medium,Vacant Land,Meridian,Commercial,Commercial,non-residential (MF only if mixed),1.456,0.188,319,2.14,1,43.597258,-116.389036,31.2,LOT 6 BLK 2 CENTRAL VALLEY CORP PARK NO 03
S1123417352,2587 S MAPLE GROVE RD,3N 1E 23,1.7325,1.735,331300,City of Boise,R-1C,Boise Single-Family (compact),Single-Family Residential,Low,Vacant Land,Boise,Suburban,Suburban Residential,single-family oriented,3.404,0.748,39,21.01,2,43.579628,-116.295013,31.2,PAR #7352 OF NE4SE4 SEC 23 3N 1E #7350-B
S1213449750,S MERIDIAN RD,3N 1W 13,2.6012,2.604,567200,City of Meridian,C-G,General Retail & Service Commercial,Commercial,Medium,Vacant Land,Ada County,Incorporated Cities and Areas of City Impact,City Impact Area,see city plan,1.719,0.673,258,2.6,1,43.592194,-116.395228,31.2,PAR #9750 SE4SE4 SEC 13 3N 1W
R0855010650,2400 S STODDARD RD,BEAR CREEK SUB NO 01,18.3218,18.34,0,City of Meridian,R-4,Meridian Med-Low Density Res (4 du/ac),Single-Family Residential,Low,Vacant Land,Meridian,Civic,Civic,institutional,2.125,0.494,47,18.32,1,43.583565,-116.401728,31.1,LOT 02 BLK 08 BEAR CREEK SUB NO 01
R1618760350,E EISENHOWER DR,CROSSROADS SUB NO 01,1.3097,1.31,0,City of Meridian,R-4,Meridian Med-Low Density Res (4 du/ac),Single-Family Residential,Low,Vacant Land,Meridian,Medium Density Residential,Medium-Density Residential (planned),supports attached/medium,1.617,0.279,299,2.35,2,43.614192,-116.350905,31.1,LOT 8 BLK 9 CROSSROADS SUB #1 #96015856
R1618770190,N FILLMORE WAY,CROSSROADS SUB NO 02,1.0394,1.029,0,City of Meridian,R-4,Meridian Med-Low Density Res (4 du/ac),Single-Family Residential,Low,Vacant Land,Meridian,Medium Density Residential,Medium-Density Residential (planned),supports attached/medium,1.65,0.208,299,2.35,2,43.613828,-116.347696,31.1,LOT 26 BLK 9 CROSSROADS SUB #2 #96015551
R4239771420,216 W OVERLAND RD,INTERSTATE CENTER,1.3129,1.31,485000,City of Meridian,C-G,General Retail & Service Commercial,Commercial,Medium,Vacant Land,Meridian,Commercial,Commercial,non-residential (MF only if mixed),1.778,0.407,249,2.69,2,43.590695,-116.396375,31.1,PAR #1420 OF LOTS 13-14 & 17 BLK 1 INTERSTATE CENTER PARCEL B ROS 13730 #1300-S 
R4239771460,156 W OVERLAND RD,INTERSTATE CENTER,1.3721,1.37,507300,City of Meridian,C-G,General Retail & Service Commercial,Commercial,Medium,Vacant Land,Meridian,Commercial,Commercial,non-residential (MF only if mixed),1.779,0.424,249,2.69,2,43.590445,-116.396376,31.1,PAR #1460 OF LOTS 14&17 BLK 1 INTERSTATE CENTER PARCEL C ROS 13730 #1400-S #1700
R7820150085,170 N GAUDIANS AVE,SEYAM SUB,1.04,1.04,521000,City of Meridian,C-G,General Retail & Service Commercial,Commercial,Medium,Vacant Land,Meridian,Commercial,Commercial,non-residential (MF only if mixed),1.079,0.313,511,1.04,1,43.605674,-116.350612,30.9,PAR#0085 W'LY POR LTS 1&4 BK 1 SEYAM SUB PAR B ROS 10914 #0050-B #0080-B
S1129223100,E VICTORY RD,3N 1E 29,1.4601,1.6,0,Ada County,RUT,County Rural-Urban Transition,Agricultural / Rural,Low,Vacant Land,Meridian,Medium Density Residential,Medium-Density Residential (planned),supports attached/medium,1.274,0.272,397,1.46,1,43.574778,-116.37022,30.9,PAR #3100 OF NW4NW4 SEC 29 3N 1E BK 82 PG 281  #101071951
R5901160150,1147 E WATERTOWER ST,MURDOCH SUB,1.0087,1.01,0,City of Meridian,C-G,General Retail & Service Commercial,Commercial,Medium,Vacant Land,Meridian,Commercial,Commercial,non-residential (MF only if mixed),1.108,0.778,528,1.01,1,43.600136,-116.379896,30.8,LOT 07 BLK 02 MURDOCH SUB
S1128110151,3365 S CLOVERDALE RD,3N 1E 28,2.3966,2.398,353100,Ada County,RSW,County Residential (subdivision),Single-Family Residential,Low,Vacant Land,Boise,Compact,Compact / walkable neighborhood,supports attached/medium,1.851,0.567,290,2.4,1,43.572397,-116.335563,30.7,PAR #0151 POR NE4NE4 SEC 28 3N 1E #110150-B
R9211510020,515 W CORPORATE DR,WALTMAN COURT SUB,1.5495,1.55,675200,City of Meridian,C-G,General Retail & Service Commercial,Commercial,Medium,Vacant Land,Meridian,Commercial,Commercial,non-residential (MF only if mixed),2.017,0.717,255,2.62,2,43.598535,-116.400151,30.6,LOT 01 BLK 02 WALTMAN COURT SUB
R9211510030,467 W CORPORATE DR,WALTMAN COURT SUB,1.0656,1.07,466100,City of Meridian,C-G,General Retail & Service Commercial,Commercial,Medium,Vacant Land,Meridian,Commercial,Commercial,non-residential (MF only if mixed),1.994,0.598,255,2.62,2,43.598743,-116.3996,30.6,LOT 02 BLK 02 WALTMAN COURT SUB
R1618780120,E CONGRESSIONAL DR,CROSSROADS SUB NO 03,2.0701,2.078,0,City of Meridian,R-4,Meridian Med-Low Density Res (4 du/ac),Single-Family Residential,Low,Vacant Land,Meridian,Medium Density Residential,Medium-Density Residential (planned),supports attached/medium,1.768,0.211,326,2.07,1,43.616124,-116.34937,30.5,LOT 13 BLK 7 CROSSROADS SUB #3 #96067512
R2024605725,915 N SHAMROCK ST,EAGLESONS BEATTY SUB AMD,2.0017,2.009,372800,City of Boise,R-1C,Boise Single-Family (compact),Single-Family Residential,Low,Vacant Land,Boise,Compact,Compact / walkable neighborhood,supports attached/medium,2.296,0.71,227,3.0,2,43.612833,-116.325209,30.4,PAR #5725 POR LOT 25 EAGLESON BEATTY SUB AMD PAR A ROS 13747 #5700-S
R2024605750,805 N SHAMROCK ST,EAGLESONS BEATTY SUB AMD,1.0017,1.001,0,City of Boise,R-1C,Boise Single-Family (compact),Single-Family Residential,Low,Vacant Land,Boise,Compact,Compact / walkable neighborhood,supports attached/medium,2.277,0.518,227,3.0,2,43.612394,-116.325208,30.4,PAR #5750 POR LOT 25 EAGLESON BEATTY SUB AMD PAR B ROS 13747 #5700-S
R8523240011,S COUNTRY TERRACE PL,TRAVELERS CORNER SUB,1.6015,1.604,0,City of Meridian,C-G,General Retail & Service Commercial,Commercial,Medium,Vacant Land,Meridian,Civic,Civic,institutional,1.607,0.716,370,1.6,1,43.591855,-116.392984,30.4,LOT 1 BLK 1 EXC R/W TRAVELER'S CORNER SUB #0010B
R8484010300,2740 W NAVIGATOR DR,TM CROSSING SUB NO 02,1.7465,1.749,425100,City of Meridian,C-G,General Retail & Service Commercial,Commercial,Medium,Vacant Land,Meridian,Commercial,Commercial,non-residential (MF only if mixed),3.301,0.73,159,4.81,3,43.595774,-116.426633,30.2,LOT 13  BLK 2 TM CROSSING SUB #2
S1224120700,491 W OVERLAND RD,3N 1W 24,1.0243,1.025,848300,City of Meridian,C-G,General Retail & Service Commercial,Commercial,Medium,Vacant Land,Meridian,Commercial,Commercial,non-residential (MF only if mixed),1.926,0.791,325,2.07,2,43.589014,-116.399149,30.2,PAR #0700 @ E SIDE NW4NE4 SEC 24 3N 1W & LOT 2 QUEENLAND ACRES SUB PAR 3 ROS 920
S1224120740,495 W OVERLAND RD,3N 1W 24,1.0497,1.05,869000,City of Meridian,C-G,General Retail & Service Commercial,Commercial,Medium,Vacant Land,Meridian,Commercial,Commercial,non-residential (MF only if mixed),1.93,0.793,325,2.07,2,43.588494,-116.39915,30.2,PAR #0740 @ E SIDE NW4NE4 SEC 24 3N 1W PAR 4 R/S 9200 #120860-S
R7361210025,3298 E PINE AVE,REAGAN SUB,1.0858,1.086,827900,City of Meridian,C-G,General Retail & Service Commercial,Commercial,Medium,Vacant Land,Meridian,Commercial,Commercial,non-residential (MF only if mixed),1.491,0.715,490,1.09,1,43.612633,-116.352437,30.1,PAR #0025 OF LOTS 2-4 BLK 1 REAGAN SUB PARCEL C-4  R/S 8934 #0020C #0030C #0040B
R8484010100,2850 W NAVIGATOR DR,TM CROSSING SUB NO 02,1.5314,1.534,372900,City of Meridian,C-G,General Retail & Service Commercial,Commercial,Medium,Vacant Land,Meridian,Commercial,Commercial,non-residential (MF only if mixed),3.372,0.703,159,4.81,3,43.595592,-116.428076,30.1,LOT 11  BLK 2 TM CROSSING SUB #2
R8484010200,2800 W NAVIGATOR DR,TM CROSSING SUB NO 02,1.5315,1.534,372900,City of Meridian,C-G,General Retail & Service Commercial,Commercial,Medium,Vacant Land,Meridian,Commercial,Commercial,non-residential (MF only if mixed),3.338,0.703,159,4.81,3,43.595777,-116.427378,30.1,LOT 12  BLK 2 TM CROSSING SUB #2
R2928160300,901 W OVERLAND RD,FREEDOMWORKS SUB,2.3614,2.365,1390800,City of Meridian,C-G,General Retail & Service Commercial,Commercial,Medium,Vacant Land,Meridian,Commercial,Commercial,non-residential (MF only if mixed),2.19,0.765,294,2.36,1,43.589528,-116.404507,30.0,LOT 3  BLK 1 FREEDOMWORKS SUB
R5652350065,1823 S MERIDIAN RD,MEDINA SUB,1.5325,1.53,933100,City of Meridian,C-G,General Retail & Service Commercial,Commercial,Medium,Vacant Land,Meridian,Commercial,Commercial,non-residential (MF only if mixed),1.741,0.745,387,1.53,1,43.588558,-116.395357,30.0,LOT 06 & POR LOT 03 BLK 01 MEDINA SUB PAR F ROS 13573 #0035-S #0074-S
R5680360400,2931 E TIBER DR,MESSINA VILLAGE SUB NO 02,1.1489,1.15,0,City of Meridian,R-4,Meridian Med-Low Density Res (4 du/ac),Single-Family Residential,Low,Vacant Land,Meridian,Medium Density Residential,Medium-Density Residential (planned),supports attached/medium,1.554,0.519,470,1.15,1,43.569543,-116.357871,30.0,LOT 04 BLK 07 MESSINA VILLAGE SUB NO 02
R1618760440,E PRESIDENTIAL DR,CROSSROADS SUB NO 01,1.038,1.04,0,City of Meridian,R-4,Meridian Med-Low Density Res (4 du/ac),Single-Family Residential,Low,Vacant Land,Meridian,Medium Density Residential,Medium-Density Residential (planned),supports attached/medium,1.569,0.347,513,1.04,1,43.6133,-116.350248,29.9,LOT 1 BLK 10 CROSSROADS SUB #1 #96015856
S1126336080,4452 S FIVE MILE RD,3N 1E 26,2.6082,2.59,363200,Ada County,R1,County Residential R1,Single-Family Residential,Low,Vacant Land,Boise,Compact,Compact / walkable neighborhood,supports attached/medium,3.146,0.496,183,4.1,2,43.56252,-116.312911,29.8,PAR #6080 OF SW4SW4 SEC 26 3N 1E
R3530800105,3801 E HILL PARK ST,HEALTHY LIVING SUB,10.3382,10.359,0,City of Meridian,C-N,Neighborhood Business,Commercial,Low,Vacant Land,Meridian,Civic,Civic,institutional,2.441,0.452,54,17.62,3,43.557904,-116.347772,29.7,LOT 1 BLK 1 HEALTHY LIVING SUB & POR OF NW4 SEC 33 3N 1E PARCEL B ROS 14274 #010
S1126336127,10488 W AMITY RD,3N 1E 26,1.4872,1.48,56200,Ada County,R1,County Residential R1,Single-Family Residential,Low,Vacant Land,Boise,Compact,Compact / walkable neighborhood,supports attached/medium,3.199,0.531,183,4.1,2,43.561805,-116.312341,29.7,PAR #6127 OF SW4SW4 SEC 26 3N 1E PAR 2 ROS 2517 #336125-B 6120-C
S1133223105,3275 E AMITY RD,3N 1E 33,1.9899,1.982,0,City of Meridian,R-8,Meridian Medium Density Res (8 du/ac),Townhouse / Med-Density Residential,Medium,Vacant Land,Meridian,Civic,Civic,institutional,2.188,0.815,336,1.99,1,43.560698,-116.353676,29.6,PAR #3103 @ NW COR NW4NW4 SEC 33 3N 1E R/S 6049 EXC R/W #223103B
S1124223215,1770 S MAPLE GROVE RD,3N 1E 24,4.2084,4.205,,City of Boise,R-2,Two-Family / Low-Density,Two-Family / Low-Density Residential,Medium,Vacant Land,Boise,Suburban,Suburban Residential,single-family oriented,3.414,0.675,177,4.21,1,43.587883,-116.292891,29.4,PAR #3215 POR NW4NW4 SEC 24 3N 1E PAR B ROS 15162 #R9035000152-S #223201-C
R7569810063,2275 S TEN MILE RD,ROSEBUD SUB,4.8742,4.88,529700,Ada County,RUT,County Rural-Urban Transition,Agricultural / Rural,Low,Vacant Land,Meridian,MU-N,Mixed Use – Neighborhood,supports attached/medium,3.766,0.582,157,4.87,1,43.584481,-116.435427,29.3,LOT 3 BLK 1 EXC R/W ROSEBUD SUB #0062B
R0619750080,1722 N AVEST LN,AVEST PLAZA SUB,1.2475,1.252,654400,City of Meridian,C-G,General Retail & Service Commercial,Commercial,Medium,Vacant Land,Meridian,Commercial,Commercial,non-residential (MF only if mixed),2.033,0.774,448,1.25,1,43.620626,-116.369904,29.2,LOT 8 BLK 1 AVEST PLAZA SUB  #95070357
R2517150390,1884 E MELWOOD ST,ESTANCIA SUB,1.1854,1.187,0,City of Meridian,R-4,Meridian Med-Low Density Res (4 du/ac),Single-Family Residential,Low,Vacant Land,Meridian,Medium Density Residential,Medium-Density Residential (planned),supports attached/medium,2.013,0.613,457,1.19,1,43.563751,-116.371059,29.2,LOT 08 BLK 04 ESTANCIA SUB
S1236222960,W AMITY RD,3N 1W 36,3.9728,4.04,135700,Ada County,RUT,County Rural-Urban Transition,Agricultural / Rural,Low,Vacant Land,Meridian,Medium Density Residential,Medium-Density Residential (planned),supports attached/medium,3.37,0.745,189,3.97,1,43.558146,-116.409429,29.2,PAR #2960 OF NW4 SEC 36 3N 1W #8319237 #4250 R
R5135430020,S REDHEAD AVE,LANDING SUB NO 09,1.8038,1.806,0,City of Meridian,R-4,Meridian Med-Low Density Res (4 du/ac),Single-Family Residential,Low,Vacant Land,Meridian,Medium Density Residential,Medium-Density Residential (planned),supports attached/medium,2.343,0.247,346,1.8,1,43.597108,-116.407151,29.1,LOT 15 BLK 09 LANDING SUB #9 THE #98017262
R5464350310,1397 W ROOSTERFISH ST,MARLIN SUB NO 01,2.2038,2.205,0,City of Meridian,R-4,Meridian Med-Low Density Res (4 du/ac),Single-Family Residential,Low,Vacant Land,Meridian,Medium Density Residential,Medium-Density Residential (planned),supports attached/medium,2.536,0.318,310,2.2,1,43.596261,-116.411194,29.1,LOT 06 BLK 03 MARLIN SUB NO 01
S1236222560,W AMITY RD,3N 1W 36,3.7216,3.72,29100,Ada County,RUT,County Rural-Urban Transition,Agricultural / Rural,Low,Vacant Land,Meridian,Medium Density Residential,Medium-Density Residential (planned),supports attached/medium,3.315,0.758,196,3.72,1,43.560309,-116.410672,29.1,PAR #2560 OF NW4NW4 SEC 36 3N 1W #223075 R #8822278
S1128336251,3290 E AMITY RD,3N 1E 28,1.1801,1.18,0,Ada County,RUT,County Rural-Urban Transition,Agricultural / Rural,Low,Vacant Land,Meridian,Medium Density Residential,Medium-Density Residential (planned),supports attached/medium,2.13,0.722,459,1.18,1,43.561561,-116.353659,28.9,PAR #6251 S235' OF W345' SW4SW4 SEC 28 3N 1E EXC ROW #113002568 #6250-C #6207-C
R2037740180,1251 E PITKIN AVE,EAST SLOPE SUB,1.1094,1.11,340000,Ada County,RUT,County Rural-Urban Transition,Agricultural / Rural,Low,Vacant Land,Meridian,Medium Density Residential,Medium-Density Residential (planned),supports attached/medium,2.21,0.712,480,1.11,1,43.5626,-116.378463,28.7,LOT 6 BLK 1 EAST SLOPE SUB #8813223
R7366230570,2850 N GRENADIER WAY,REDFEATHER ESTATES SUB NO 02,2.4137,2.417,0,City of Meridian,R-4,Meridian Med-Low Density Res (4 du/ac),Single-Family Residential,Low,Vacant Land,Meridian,Medium Density Residential,Medium-Density Residential (planned),supports attached/medium,2.859,0.342,285,2.41,1,43.630964,-116.3419,28.7,LOT 01 BLK 14 REDFEATHER ESTATES SUB NO 02
R7689810020,N RED HORSE WAY,SAGUARO CANYON SUB NO 01,1.5055,1.508,0,City of Meridian,R-4,Meridian Med-Low Density Res (4 du/ac),Single-Family Residential,Low,Vacant Land,Meridian,Medium Density Residential,Medium-Density Residential (planned),supports attached/medium,4.103,0.279,156,4.93,4,43.648829,-116.384354,28.7,LOT 02 BLK 01 SAGUARO CANYON SUB NO 01
R5464350860,W JACKSNIPE DR,MARLIN SUB NO 01,1.6806,1.683,0,City of Meridian,R-4,Meridian Med-Low Density Res (4 du/ac),Single-Family Residential,Low,Vacant Land,Meridian,Medium Density Residential,Medium-Density Residential (planned),supports attached/medium,2.573,0.691,360,1.68,1,43.594652,-116.41216,28.5,LOT 01 BLK 06 MARLIN SUB NO 01
R9846870140,2740 E WAINWRIGHT DR,ZEBULON HEIGHTS SUB NO 04,3.3697,3.372,0,City of Meridian,R-4,Meridian Med-Low Density Res (4 du/ac),Single-Family Residential,Low,Vacant Land,Meridian,Medium Density Residential,Medium-Density Residential (planned),supports attached/medium,3.474,0.447,207,3.37,1,43.642221,-116.361051,28.4,LOT 06 BLK 12 ZEBULON HEIGHTS SUB NO 04
R3636120490,3384 E LA GRANGE ST,HILLS CENTURY FARM SUB NO 01,1.4208,1.422,0,City of Meridian,R-8,Meridian Medium Density Res (8 du/ac),Townhouse / Med-Density Residential,Medium,Vacant Land,Meridian,Low Density Residential,Low-Density Residential (planned),single-family oriented,2.568,0.473,408,1.42,1,43.555289,-116.352371,28.3,LOT 19 BLK 02 HILLS CENTURY FARM SUB NO 01
R7366290332,E TAHITI DR,REDFEATHER ESTATES SUB NO 07,1.2441,1.258,0,City of Meridian,R-4,Meridian Med-Low Density Res (4 du/ac),Single-Family Residential,Low,Vacant Land,Meridian,Medium Density Residential,Medium-Density Residential (planned),supports attached/medium,2.489,0.412,449,1.24,1,43.626832,-116.348567,28.3,PAR#0332 S'LY POR LT 12 BL 25 REDFEATHER ESTATES SUB NO 07 #0330-S
S1213212410,W GREENHEAD DR,3N 1W 13,1.1607,1.162,0,City of Meridian,R-4,Meridian Med-Low Density Res (4 du/ac),Single-Family Residential,Low,Vacant Land,Meridian,Medium Density Residential,Medium-Density Residential (planned),supports attached/medium,2.443,0.357,466,1.16,1,43.601364,-116.407939,28.3,PAR #2410 POR OF TENMILE CREEK IN NE4NW4 SEC 13 3N 1W
R8956001691,515 S LINDER RD,VAN HEES SUB MERIDIAN,1.6853,1.687,,Ada County,R1,County Residential R1,Single-Family Residential,Low,Vacant Land,Meridian,Medium Density Residential,Medium-Density Residential (planned),supports attached/medium,2.762,0.403,357,1.69,1,43.599822,-116.414997,28.2,LOT 12 EXC ROW VAN HEES SUB MERIDIAN #1690-B
S1110325803,440 N CLOVERDALE RD,3N 1E 10,9.5185,9.674,0,City of Boise,I-1,Boise Industrial (light),Industrial / Business Park,Low,Vacant Land,Boise,Industrial,Industrial,non-residential,1.829,0.785,64,14.82,4,43.609032,-116.332958,28.2,PAR #5803 @ W SIDE SW4 SEC 10 3N 1E #325800-B
R9242180630,W WOODBURY DR,WATERBURY PARK SUB,1.0878,1.09,0,City of Meridian,R-4,Meridian Med-Low Density Res (4 du/ac),Single-Family Residential,Low,Vacant Land,Meridian,Medium Density Residential,Medium-Density Residential (planned),supports attached/medium,3.101,0.233,303,2.29,2,43.627405,-116.398845,28.1,LOT 2 BLK 4 WATERBURY PARK SUB #9304229
R9313390191,510 N CLOVERDALE RD,WEST BOISE INDUSTRIAL PARK NO 05,2.8235,2.823,0,City of Boise,I-1,Boise Industrial (light),Industrial / Business Park,Low,Vacant Land,Boise,Industrial,Industrial,non-residential,1.878,0.801,64,14.82,4,43.610599,-116.33359,28.1,LOT 1 BLK 3 EXC R/W WEST BOISE INDUSTRIAL PARK #5 #0190B
R9242190300,W WATERBURY DR,WATERBURY PARK SUB NO 02,1.1998,1.202,0,City of Meridian,R-4,Meridian Med-Low Density Res (4 du/ac),Single-Family Residential,Low,Vacant Land,Meridian,Medium Density Residential,Medium-Density Residential (planned),supports attached/medium,3.169,0.333,303,2.29,2,43.627421,-116.401009,28.0,LOT 32 BLK 4 WATERBURY PARK SUB #2 #95060215
R9313390201,12069 W EXECUTIVE DR,WEST BOISE INDUSTRIAL PARK NO 05,1.3086,1.308,0,City of Boise,I-1,Boise Industrial (light),Industrial / Business Park,Low,Vacant Land,Boise,Industrial,Industrial,non-residential,1.897,0.701,64,14.82,4,43.610274,-116.332667,28.0,LOT 2 BLK 3 EXC R/W WEST BOISE INDUSTRIAL PARK #5 #0200B
R9313390210,12001 W EXECUTIVE DR,WEST BOISE INDUSTRIAL PARK NO 05,1.1704,1.17,0,City of Boise,I-1,Boise Industrial (light),Industrial / Business Park,Low,Vacant Land,Boise,Industrial,Industrial,non-residential,1.919,0.722,64,14.82,4,43.610223,-116.332009,28.0,LOT 3 BLK 3 WEST BOISE INDUSTRIAL PARK #5
S1201234106,2500 N LINDER RD,3N 1W 01,18.1233,18.345,0,City of Meridian,R-4,Meridian Med-Low Density Res (4 du/ac),Single-Family Residential,Low,Vacant Land,Meridian,Civic,Civic,institutional,3.579,0.522,49,18.12,1,43.628056,-116.412158,28.0,PAR #4106 OF SW4NW4 SEC 1 3N 1W #234105-B
R3636150270,E WOODVILLE DR,HILLS CENTURY FARM SUB NO 04,1.315,1.315,0,City of Meridian,R-8,Meridian Medium Density Res (8 du/ac),Townhouse / Med-Density Residential,Medium,Vacant Land,Meridian,Low Density Residential,Low-Density Residential (planned),single-family oriented,2.707,0.254,428,1.31,1,43.553525,-116.35025,27.9,LOT 01 BLK 13 HILLS CENTURY FARM SUB NO. 4
R8847000040,1770 E MARY LN,UPPIANO SUB,1.1155,3,135000,Ada County,RUT,County Rural-Urban Transition,Agricultural / Rural,Low,Vacant Land,Meridian,Medium Density Residential,Medium-Density Residential (planned),supports attached/medium,2.604,0.767,477,1.12,1,43.555135,-116.372105,27.9,PAR #0040 OF BLK 2 UPPIANO SUB
R1079800020,2425 W PRIDE CROSSING DR,BRIDGETOWER SUB NO 01,1.05,1.051,0,City of Meridian,R-4,Meridian Med-Low Density Res (4 du/ac),Single-Family Residential,Low,Vacant Land,Meridian,Low Density Residential,Low-Density Residential (planned),single-family oriented,4.355,0.699,42,19.5,4,43.635263,-116.424106,27.8,LOT 02 BLK 01 BRIDGETOWER SUB NO 01
S1105212407,E USTICK RD,3N 1E 05,1.5371,1.533,348200,Ada County,R1,County Residential R1,Single-Family Residential,Low,Vacant Land,Meridian,Medium Density Residential,Medium-Density Residential (planned),supports attached/medium,2.854,0.654,386,1.54,1,43.63314,-116.36481,27.8,PAR #2407 OF NE4NW4 R/S 1632 EXC R/W SEC 5 3N 1E #212405-B
S0435346800,W USTICK RD,4N 1W 35,4.6623,4.66,0,City of Meridian,R-4,Meridian Med-Low Density Res (4 du/ac),Single-Family Residential,Low,Vacant Land,Meridian,Office,Office,non-residential (MF only if mixed),4.413,0.25,42,19.5,4,43.635197,-116.425765,27.7,PAR #6800 OF SE4SW4 SEC 35 4N 1W #63890
R7366250490,N BETULA AVE,REDFEATHER ESTATES SUB NO 04,1.2595,1.262,0,City of Meridian,R-4,Meridian Med-Low Density Res (4 du/ac),Single-Family Residential,Low,Vacant Land,Meridian,Medium Density Residential,Medium-Density Residential (planned),supports attached/medium,2.808,0.554,444,1.26,1,43.63046,-116.342993,27.6,LOT 06 BLK 18 REDFEATHER ESTATES SUB NO 04
S1125120821,8045 W VICTORY RD,3N 1E 25,11.4788,11.462,0,City of Boise,A-1,Boise Open Land/Airport-Ag,Agricultural / Rural,Low,Vacant Land,Boise,School,School,institutional,4.232,0.36,43,19.05,2,43.573108,-116.280417,27.6,PAR #0821 IN CTR N'LY POR OF NW4NE4 SEC 25 3N 1E PARCEL C R/S 5510 #120820-B
R6115310200,10458 W LA GRANGE LN,NORDIC VALLEY SUB,2.4659,2.495,,Ada County,RSW,County Residential (subdivision),Single-Family Residential,Low,Vacant Land,Boise,Compact,Compact / walkable neighborhood,supports attached/medium,3.557,0.363,276,2.47,1,43.554346,-116.312323,27.4,LOT 02 BLK 01 NORDIC VALLEY SUB
R7192800752,E VERBANA DR,PRIMROSE SUB,1.681,1.68,585400,City of Meridian,C-G,General Retail & Service Commercial,Commercial,Medium,Vacant Land,Meridian,Commercial,Commercial,non-residential (MF only if mixed),3.132,0.625,359,1.68,1,43.594242,-116.423394,27.4,PAR 0752 UNNUMB LT ADJ TO BLK 3/4 PRIMROSE SUB 0750-S
S1125110586,7735 W VICTORY RD,3N 1E 25,7.5677,7.573,,City of Boise,R-1C,Boise Single-Family (compact),Single-Family Residential,Low,Vacant Land,Boise,Suburban,Suburban Residential,single-family oriented,4.308,0.405,43,19.05,2,43.573789,-116.278528,27.4,PAR #0586 POR OF NE4NE4 SEC 25 3N 1E #110585-B
R3525370210,10882 W GOLDENSPIRE DR,HAZELWOOD SUB NO 04,2.5352,2.539,0,Ada County,R8,R8,Townhouse / Med-Density Residential,Medium,Vacant Land,Boise,Suburban,Suburban Residential,single-family oriented,3.628,0.628,270,2.54,1,43.549812,-116.317619,27.3,LOT 05 BLK 13 HAZELWOOD SUB NO 04
R4344440271,2887 W TUBAC DR,ISOLA CREEK SUB NO 04,8.874,8.83,0,City of Meridian,R-4,Meridian Med-Low Density Res (4 du/ac),Single-Family Residential,Low,Vacant Land,Meridian,Civic,Civic,institutional,4.627,0.284,42,19.5,4,43.637015,-116.429268,27.2,LOT 28 BLK 5 EXC ROW ISOLA CREEK SUB NO 04 #0270-B  CITY PARK
R4857090400,6597 S NETHERFIELD WAY,KEEP WEST SUB,1.483,1.485,,City of Meridian,R-2,Two-Family / Low-Density,Single-Family Residential,Low,Vacant Land,Meridian,Medium Density Residential,Medium-Density Residential (planned),supports attached/medium,3.258,0.73,393,1.48,1,43.544787,-116.360864,27.0,LOT 20 BLK 01 KEEP WEST SUB
R6989810130,11044 W DREAMCATCHER ST,PEPPERTREE SUB NO 05,1.7987,1.801,0,Ada County,R8,R8,Townhouse / Med-Density Residential,Medium,Vacant Land,Boise,Suburban,Suburban Residential,single-family oriented,3.49,0.378,347,1.8,1,43.551071,-116.319904,26.8,LOT 10 BLK 11 PEPPERTREE SUB NO 05
R7824220180,E SHAFER VIEW DR,SHAFER VIEW ESTATES,13.4306,13.444,723500,Ada County,RUT,County Rural-Urban Transition,Agricultural / Rural,Low,Vacant Land,Meridian,Low Density Residential,Low-Density Residential (planned),single-family oriented,3.16,0.369,58,16.09,2,43.550817,-116.388531,26.8,LOT 18 BLK 01 SHAFER VIEW SUB
S1135336540,10310 W LAKE HAZEL RD,3N 1E 35,2.8014,2.795,139800,Ada County,RSW,County Residential (subdivision),Single-Family Residential,Low,Vacant Land,Boise,Compact,Compact / walkable neighborhood,supports attached/medium,4.024,0.339,241,2.8,1,43.547126,-116.309542,26.8,PAR #6540 @ SE COR SE4SW4 SEC 35 3N 1E  #336565S
S1226417350,N LINDER RD,3N 1W 26,1.1927,1.198,35900,Ada County,RUT,County Rural-Urban Transition,Agricultural / Rural,Low,Vacant Land,Meridian,Medium Density Residential,Medium-Density Residential (planned),supports attached/medium,3.246,0.308,456,1.19,1,43.568217,-116.416855,26.7,PAR #7350 OF NE4SE4 SEC 26 3N 1W
R1693860264,1710 W COLUMBIA RD,CHISUM VALLEY SUB NO 02,18.99,19.018,32200,Ada County,RR,County Rural Residential,Agricultural / Rural,Low,Vacant Land,Ada County,Rural,Rural (county),low-density / rural,4.917,0.678,44,18.99,1,43.533226,-116.416369,26.2,PAR #0264 SLY POR LOT 27 BLK 1 CHISUM VALLEY SUB NO 02 #0260-B
R8484000035,S VANGUARD WAY,TM CROSSING SUB,1.2982,1.3,1019300,City of Meridian,C-G,General Retail & Service Commercial,Commercial,Medium,Vacant Land,Meridian,Commercial,Commercial,non-residential (MF only if mixed),3.567,0.798,433,1.3,1,43.597186,-116.431783,26.2,PAR #0035 POR LOTS 2 & 3 BLK 1 TM CROSSING SUB PARCEL B ROS 11866 #0020-S #0030-
S1124325568,2370 S MAPLE GROVE RD,3N 1E 24,3.3387,3.353,1460600,City of Boise,I-1,Boise Industrial (light),Industrial / Business Park,Low,Vacant Land,Boise,Industrial,Industrial,non-residential,3.448,0.761,59,15.75,5,43.581996,-116.293361,25.9,PAR #5568 @ W SIDE NW4SW4 SEC 24 3N 1E #325568R  #2020077125
S1408131725,E HUBBARD RD,2N 1E 08,17.9312,17.83,0,Ada County,RUT,County Rural-Urban Transition,Agricultural / Rural,Low,Vacant Land,Meridian,Low Density Residential,Low-Density Residential (planned),single-family oriented,4.58,0.622,52,17.93,1,43.525656,-116.360467,25.8,PAR #1725 OF NE4 SEC 8 2N 1E
S1124325487,S MAPLE GROVE RD,3N 1E 24,3.9552,3.959,1207200,City of Boise,I-1,Boise Industrial (light),Industrial / Business Park,Low,Vacant Land,Boise,Industrial,Industrial,non-residential,3.506,0.382,59,15.75,5,43.582066,-116.29215,25.7,PAR #5487 POR NW4SW4 SEC 24 3N 1E #325576-C #325486-C
S1124325615,2384 S MAPLE GROVE RD,3N 1E 24,1.2509,1.252,0,City of Boise,R-1A,Boise Single-Family (large lot),Single-Family Residential,Low,Vacant Land,Boise,Industrial,Industrial,non-residential,3.513,0.174,59,15.75,5,43.581207,-116.292267,25.7,PAR #5615 OF NW4SW4 SEC 24 3N 1E #325612-B
R7689821340,750 E JOSHUA TREE DR,SAGUARO CANYON SUB NO 02,2.5719,2.576,0,City of Meridian,R-4,Meridian Med-Low Density Res (4 du/ac),Single-Family Residential,Low,Vacant Land,Meridian,Medium Density Residential,Medium-Density Residential (planned),supports attached/medium,4.482,0.697,262,2.57,1,43.654529,-116.384419,25.6,LOT 02 BLK 19 SAGUARO CANYON SUB NO 02
S1124325625,2398 S MAPLE GROVE RD,3N 1E 24,2.3042,2.31,0,City of Boise,R-1A,Boise Single-Family (large lot),Single-Family Residential,Low,Vacant Land,Boise,Industrial,Industrial,non-residential,3.583,0.224,59,15.75,5,43.580703,-116.290983,25.6,PAR #5625 OF NW4SW4 SEC 24 3N 1E #325620-B
S1124325445,8701 W TARGEE ST,3N 1E 24,4.8992,5.039,444700,City of Boise,R-1A,Boise Single-Family (large lot),Single-Family Residential,Low,Vacant Land,Boise,Suburban,Suburban Residential,single-family oriented,3.611,0.613,59,15.75,5,43.582057,-116.290028,25.5,PAR #5445 OF SW4 SEC 24 3N 1E PAR 2 R/S #2233 #5425 5450-C #9315811
S1126449950,4585 S MAPLE GROVE RD,3N 1E 26,1.2503,1.25,0,Ada County,C1,County Neighborhood Commercial,Commercial,Low,Vacant Land,Boise,Compact,Compact / walkable neighborhood,supports attached/medium,3.886,0.514,447,1.25,1,43.56165,-116.295455,25.5,PAR #9950 OF SE4SE4 SEC 26 3N 1E #449500-S
R2814180350,W HARMONICA WAY,FIDDLERS GLEN SUB NO 05,2.5981,2.601,0,Ada County,R4,R4,Single-Family Residential,Low,Vacant Land,Boise,Compact,Compact / walkable neighborhood,supports attached/medium,4.715,0.187,259,2.6,1,43.549739,-116.28686,25.2,LOT 15 BLK 20 FIDDLER'S GLEN SUB NO 05
S0436336190,N LLAMA LN,4N 1W 36,1.2855,1.296,56400,Ada County,RUT,County Rural-Urban Transition,Agricultural / Rural,Low,Vacant Land,Meridian,Medium Density Residential,Medium-Density Residential (planned),supports attached/medium,4.022,0.359,436,1.29,1,43.637322,-116.41121,25.2,PAR #6190 OF SW4SW4 SEC 36 4N 1W
R7689831990,762 E SEGUNDO ST,SAGUARO CANYON SUB NO 03,2.4844,2.491,0,City of Meridian,R-4,Meridian Med-Low Density Res (4 du/ac),Single-Family Residential,Low,Vacant Land,Meridian,Medium Density Residential,Medium-Density Residential (planned),supports attached/medium,4.676,0.665,274,2.48,1,43.657427,-116.384414,25.1,LOT 06 BLK 32 SAGUARO CANYON SUB NO 03
R1376790180,9136 W PATINA DR,CHARTER POINTE SUB NO 08,2.3518,2.372,0,Ada County,R6,County Residential R6,Two-Family / Low-Density Residential,Low,Vacant Land,Boise,Compact,Compact / walkable neighborhood,supports attached/medium,4.703,0.279,297,2.35,1,43.543073,-116.295476,24.9,LOT 39 BLK 06 CHARTER POINTE SUB NO 08
R7689810200,4801 N RED HORSE WAY,SAGUARO CANYON SUB NO 01,1.1521,1.152,0,City of Meridian,R-4,Meridian Med-Low Density Res (4 du/ac),Single-Family Residential,Low,Vacant Land,Meridian,Medium Density Residential,Medium-Density Residential (planned),supports attached/medium,4.12,0.361,468,1.15,1,43.648751,-116.385897,24.9,LOT 02 BLK 02 SAGUARO CANYON SUB NO 01
S1127438500,11301 W ARABIAN WAY,3N 1E 27,13.1822,13.21,0,Ada County,R1,County Residential R1,Single-Family Residential,Low,Vacant Land,Boise,Suburban,Suburban Residential,single-family oriented,2.718,0.758,70,13.18,1,43.563644,-116.323146,24.7,PAR #8500 SW4SE4 SEC 27 3N 1E #438600-S #95076119 #95075232
R8954240060,2389 E GALA ST,VALENCIA PLAZA SUB,1.2867,1.291,674800,City of Meridian,L-O,Limited Office,Office,Low,Vacant Land,Meridian,Commercial,Commercial,non-residential (MF only if mixed),0.312,0.459,109,8.26,4,43.588483,-116.3649,24.6,LOT 06 BLK 01 VALENCIA PLAZA SUB
R5432490470,N STARRY NIGHT AVE,MADELYNN ESTATES SUB,1.5708,1.572,0,City of Meridian,R-4,Meridian Med-Low Density Res (4 du/ac),Single-Family Residential,Low,Vacant Land,Meridian,Medium Density Residential,Medium-Density Residential (planned),supports attached/medium,4.544,0.278,376,1.57,1,43.656561,-116.37768,24.5,LOT 07  BLK 04 MADELYNN ESTATES SUB
R6905490150,4849 N MERIDIAN RD,PARAMOUNT SQUARE SUB,1.0375,1.037,1084100,City of Meridian,C-G,General Retail & Service Commercial,Commercial,Medium,Vacant Land,Meridian,Commercial,Commercial,non-residential (MF only if mixed),4.267,0.75,514,1.04,1,43.648858,-116.393985,24.5,LOT 09 BLK 02 PARAMOUNT SQUARE SUB
R2391300020,N TEN MILE RD,ENGLEWOOD CREEK ESTATES SUB NO 02,1.5499,1.552,0,City of Meridian,R-4,Meridian Med-Low Density Res (4 du/ac),Single-Family Residential,Low,Vacant Land,Meridian,Medium Density Residential,Medium-Density Residential (planned),supports attached/medium,4.597,0.206,384,1.55,1,43.631251,-116.43502,24.4,LOT 06 BLK 06 ENGLEWOOD CREEK ESTATES SUB #2 #98112343
R2816780100,W WHITESTONE CT,FIELDSTONE MEADOWS NO 02,1.0067,1.01,0,City of Meridian,R-4,Meridian Med-Low Density Res (4 du/ac),Single-Family Residential,Low,Vacant Land,Meridian,Medium Density Residential,Medium-Density Residential (planned),supports attached/medium,4.283,0.631,531,1.01,1,43.630007,-116.428453,24.4,LOT 25 BLK 2 FIELDSTONE MEADOWS #2 #96080683
R1317520550,N LAMBERT WAY,CASTLEBROOK SUB NO 02,1.624,1.621,0,City of Meridian,R-4,Meridian Med-Low Density Res (4 du/ac),Single-Family Residential,Low,Vacant Land,Meridian,Medium Density Residential,Medium-Density Residential (planned),supports attached/medium,4.752,0.661,367,1.62,1,43.61384,-116.450914,24.1,LOT 10 BLK 05 CASTLEBROOK SUB NO 02
R2814150290,S MANDOLIN WAY,FIDDLERS GLEN SUB NO 02,1.4453,1.447,0,Ada County,R4,R4,Single-Family Residential,Low,Vacant Land,Boise,Compact,Compact / walkable neighborhood,supports attached/medium,4.752,0.367,402,1.45,1,43.547793,-116.288089,23.9,LOT 07 BLK 12 FIDDLER'S GLEN SUB NO 02
S1203110005,3175 N TEN MILE RD,3N 1W 03,1.1626,1.164,931900,City of Meridian,L-O,Limited Office,Office,Low,Vacant Land,Meridian,Medium Density Residential,Medium-Density Residential (planned),supports attached/medium,4.658,0.651,465,1.16,1,43.633417,-116.434281,23.8,PAR #0005 @ NE COR NE4NE4 SEC 3 3N 1W R/S 9647 #110011C #110033C #110055C #11007
R1317520230,W PINE AVE,CASTLEBROOK SUB NO 02,1.1223,1.121,0,City of Meridian,R-4,Meridian Med-Low Density Res (4 du/ac),Single-Family Residential,Low,Vacant Land,Meridian,Medium Density Residential,Medium-Density Residential (planned),supports attached/medium,4.79,0.173,476,1.12,1,43.612748,-116.452204,23.5,LOT 26 BLK 03 CASTLEBROOK SUB NO 02
R2391290250,W NIEMANN DR,ENGLEWOOD CREEK ESTATES SUB NO 01,1.0071,1.009,0,City of Meridian,R-4,Meridian Med-Low Density Res (4 du/ac),Single-Family Residential,Low,Vacant Land,Meridian,Medium Density Residential,Medium-Density Residential (planned),supports attached/medium,4.75,0.456,530,1.01,1,43.633249,-116.43678,23.5,LOT 14 BLK 4 ENGLEWOOD CREEK ESTATE #1 #96106319
R8461250359,1300 S TEARE AVE,TIMOTHY SUB,3.433,3.436,0,City of Meridian,L-O,Limited Office,Office,Low,Vacant Land,Meridian,Office,Office,non-residential (MF only if mixed),0.965,0.737,115,7.77,3,43.591559,-116.380161,22.8,N POR OF LOT 4 BLK 1 TIMOTHY SUB R/S 4727 #0355-B
S1115223600,11901 W THOMAS DR,3N 1E 15,3.9205,3.923,122500,City of Boise,A-1,Boise Open Land/Airport-Ag,Agricultural / Rural,Low,Vacant Land,Boise,Suburban,Suburban Residential,single-family oriented,1.671,0.63,97,9.19,5,43.60295,-116.331158,22.8,PAR #3600 @ CTR NW4NW4 SEC 15 3N 1E PARCEL B R/S 7280 #223410-C #223403-S
R8461250120,1500 S TEARE AVE,TIMOTHY SUB,2.869,2.872,0,City of Meridian,L-O,Limited Office,Office,Low,Vacant Land,Meridian,Office,Office,non-residential (MF only if mixed),1.021,0.755,115,7.77,3,43.591554,-116.381274,22.7,PAR #0120 OF LOT 3 BLK 1 TIMOTHY SUB
R8461250136,1500 S TEARE AVE,TIMOTHY SUB,1.4688,1.47,0,City of Meridian,L-O,Limited Office,Office,Low,Vacant Land,Meridian,Office,Office,non-residential (MF only if mixed),1.025,0.776,115,7.77,3,43.590584,-116.381275,22.7,PAR #0136 @ S SIDE OF LOT 3 BLK 1 EXC R/W TIMOTHY SUB #0135-B
S1124346950,8300 W VICTORY RD,3N 1E 24,13.1105,13.139,4150500,City of Boise,I-1,Boise Industrial (light),Industrial / Business Park,Low,Vacant Land,Boise,Industrial,Industrial,non-residential,3.895,0.552,71,13.11,1,43.577294,-116.285727,22.3,PAR #6950 OF SE4SW4 SEC 24 3N 1E PAR 2   R/S #4374 #6902-S #98122517
R1376770100,9325 W MOSSYWOOD DR,CHARTER POINTE SUB NO 06,9.2561,9.273,0,Ada County,R6,County Residential R6,Two-Family / Low-Density Residential,Low,Vacant Land,Boise,School,School,institutional,4.881,0.765,63,14.91,2,43.538378,-116.297306,22.1,LOT 27 BLK 26 CHARTER POINTE SUB NO 06
R3508200010,4300 N RED HORSE WAY,HAVASU CREEK SUB NO 04,12.6919,12.723,0,City of Meridian,R-4,Meridian Med-Low Density Res (4 du/ac),Single-Family Residential,Low,Vacant Land,Meridian,Civic,Civic,institutional,3.846,0.699,73,12.69,1,43.645183,-116.383277,22.0,LOT 22 BLK 12 HAVASU CREEK SUB NO 04
S1120244600,2400 E THREE BARS DR,3N 1E 20,4.0109,4,0,City of Meridian,R-4,Meridian Med-Low Density Res (4 du/ac),Single-Family Residential,Low,Vacant Land,Meridian,Civic,Civic,institutional,0.629,0.72,130,6.24,2,43.583487,-116.365584,22.0,PAR #4600 OF SE4NW4 SEC 20  3N 1E #223100-S #96042025
R5330160640,2400 E THREE BARS DR,LOS ALAMITOS PARK SUB NO 03,2.2257,2.232,0,City of Meridian,R-4,Meridian Med-Low Density Res (4 du/ac),Single-Family Residential,Low,Vacant Land,Meridian,Civic,Civic,institutional,0.668,0.599,130,6.24,2,43.582869,-116.365525,21.9,LOT 10 BLK 9 LOS ALAMITOS PARK SUB #3
S1216417247,S  BLACK CAT RD,3N 1W 16,5.7245,5.73,,City of Meridian,I-L,Light Industrial,Industrial / Business Park,Low,Vacant Land,Meridian,Ten Mile Interchange Specific,Ten Mile Interchange (specific area plan),master-plan (use TBD),4.697,0.609,144,5.72,1,43.596717,-116.454502,21.3,PAR #7247 OF NE4SE4 SEC 16 3N 1W PAR D ROS 14781 #417245-C #417250-C
R2107160451,12275 W BRADDOCK DR,EDGEVIEW ESTATES SUB NO 02,6.9069,6.91,0,City of Boise,A-1,Boise Open Land/Airport-Ag,Agricultural / Rural,Low,Vacant Land,Boise,Suburban,Suburban Residential,single-family oriented,1.369,0.499,123,6.91,1,43.598841,-116.335229,21.2,LOT 45 BLK 4 EXC R/W EDGEVIEW ESTATES SUB NO 02 #0450-B
R3138970410,6948 W TARGEE ST,GILL WOOD SUB NO 02 AMD,5.1043,5.109,1335300,City of Boise,I-1,Boise Industrial (light),Industrial / Business Park,Low,Vacant Land,Boise,Industrial,Industrial,non-residential,4.618,0.367,67,13.47,2,43.583504,-116.269333,21.2,PAR #0410 POR LOTS 4 & 7 BL 2 GILL WOOD SUB NO 02 AMD PARCEL A  R/S 10220 #0134S
R7555000111,12638 W CASTLEWOOD DR,ROLLING HILL SUB,1.1422,1.144,50900,City of Boise,R-1A,Boise Single-Family (large lot),Single-Family Residential,Low,Vacant Land,Boise,Suburban,Suburban Residential,single-family oriented,1.002,0.498,131,6.22,3,43.592902,-116.340898,21.2,LOT 11 EXC N 153.40' BLK 1 ROLLING HILL SUB #09393460
R1693860287,S LINDER RD,CHISUM VALLEY SUB NO 02,13.4281,13.43,,City of Kuna,R-6,R-6,Two-Family / Low-Density Residential,Low,Vacant Land,Ada County,Incorporated Cities and Areas of City Impact,City Impact Area,see city plan,4.725,0.508,68,13.43,1,43.536841,-116.416799,21.0,LOT 29 & POR LOT 30 BLK 01 CHISUM VALLEY SUB NO 02 #0280-C #0292-S
R3138970095,6850 W TARGEE ST,GILL WOOD SUB NO 02 AMD,8.3662,8.38,2920300,City of Boise,I-1,Boise Industrial (light),Industrial / Business Park,Low,Vacant Land,Boise,Industrial,Industrial,non-residential,4.751,0.493,67,13.47,2,43.584531,-116.266486,21.0,POR OF LT 3 &E'LY POR LT 4 BL2 GILL WOOD SUB NO 02 AMD TRACT E  R/S 8529 #0090-C
S1134110080,10785 W BLACKMOOR ST,3N 1E 34,3.8077,3.8,425600,Ada County,R1,County Residential R1,Single-Family Residential,Low,Vacant Land,Boise,Suburban,Suburban Residential,single-family oriented,3.158,0.552,83,10.24,2,43.55979,-116.316022,20.9,PAR #0080 POR NE4NE4 SEC 34 3N 1E PAR A ROS 14371 #110092-S
S1134110115,4981 S FIVE MILE RD,3N 1E 34,6.4321,6.44,,Ada County,RSW,County Residential (subdivision),Single-Family Residential,Low,Vacant Land,Boise,Suburban,Suburban Residential,single-family oriented,3.225,0.287,83,10.24,2,43.55838,-116.316096,20.8,PAR #0115 OF NE4 SEC 34 3N 1E PAR 1 ROS 15400 #T11072C #T110058C #T110060C
R1389350070,W FRANKLIN RD,CHEWIE SUB,1.0483,1.05,548900,City of Meridian,I-L,Light Industrial,Industrial / Business Park,Low,Vacant Land,Meridian,Ten Mile Interchange Specific,Ten Mile Interchange (specific area plan),master-plan (use TBD),3.309,0.58,323,2.1,2,43.60534,-116.424363,20.5,PAR#0070 POR LOTS 3 & 4 BLK 1 CHEWIE SUB PAR B ROS 14062 #0060-S #0080-S
R1389350085,2422 W FRANKLIN RD,CHEWIE SUB,1.0489,1.05,548900,City of Meridian,I-L,Light Industrial,Industrial / Business Park,Low,Vacant Land,Meridian,Ten Mile Interchange Specific,Ten Mile Interchange (specific area plan),master-plan (use TBD),3.287,0.58,323,2.1,2,43.605338,-116.423904,20.5,PAR#0085 POR LOT 4 BLK 1 CHEWIE SUB PAR C ROS 14062 #0080-S
R8131780200,3831 S RUSTLER LN,STETSON ESTATES SUB NO 02,10.0048,10.052,670900,Ada County,RUT,County Rural-Urban Transition,Agricultural / Rural,Low,Vacant Land,Meridian,Low Density Residential,Low-Density Residential (planned),single-family oriented,3.705,0.779,88,10.0,1,43.568717,-116.427596,19.6,LOT 08 BLK 01 STETSON ESTATES SUB NO 02
S1211346842,2700 W FRED SMITH ST,3N 1W 11,1.3871,1.386,724500,City of Meridian,I-L,Light Industrial,Industrial / Business Park,Low,Vacant Land,Meridian,Ten Mile Interchange Specific,Ten Mile Interchange (specific area plan),master-plan (use TBD),3.454,0.664,414,1.39,1,43.605312,-116.427391,19.5,PAR #6842 @ SE SW4 SEC 11 3N 1W #346840-B
S1216110055,299 S BLACK CAT RD,3N 1W 16,3.843,3.846,,City of Meridian,I-L,Light Industrial,Industrial / Business Park,Low,Vacant Land,Meridian,Ten Mile Interchange Specific,Ten Mile Interchange (specific area plan),master-plan (use TBD),4.743,0.795,193,3.84,1,43.601767,-116.454695,19.4,PAR #0055 POR SE4NE4NE4 SEC 16 3N 1W #110054-B
S1209449101,W FRANKLIN RD,3N 1W 09,4.2683,4.297,416200,Ada County,RUT,County Rural-Urban Transition,Agricultural / Rural,Low,Vacant Land,Meridian,Ten Mile Interchange Specific,Ten Mile Interchange (specific area plan),master-plan (use TBD),4.934,0.56,175,4.27,1,43.605466,-116.457695,19.4,PAR #9101 OF SE4SE4 SEC 9 3N 1W #449100-B
R1297310040,8184 S STEWART RD,CARRICO SUB,11.4851,11.5,139200,Ada County,RUT,County Rural-Urban Transition,Agricultural / Rural,Low,Vacant Land,Meridian,Low Density Residential,Low-Density Residential (planned),single-family oriented,4.601,0.551,77,11.49,1,43.526903,-116.341081,19.3,LOT 4 BLK 1 CARRICO SUB #9063770
S1108438460,E FRANKLIN RD,3N 1E 08,4.3647,4.34,389500,Ada County,R1,County Residential R1,Single-Family Residential,Low,Vacant Land,Meridian,Commercial,Commercial,non-residential (MF only if mixed),1.03,0.371,172,4.36,1,43.606807,-116.362333,19.3,PAR #8460 OF SE4 EXC R/W SEC 8 3N 1E #7812896 #742235
S1211131213,2090 W PINE AVE,3N 1W 11,8.8374,8.686,0,City of Meridian,R-4,Meridian Med-Low Density Res (4 du/ac),Single-Family Residential,Low,Vacant Land,Meridian,Civic,Civic,institutional,3.38,0.532,100,8.84,1,43.615055,-116.420408,19.1,PAR #1213 @ NE COR SW4NE4 SEC 11 3N 1W #131210-S
R8350760200,S MERIDIAN RD,TAYSOM SUB,10.0024,10.014,478100,Ada County,RUT,County Rural-Urban Transition,Agricultural / Rural,Low,Vacant Land,,,(no FLU),n/a,4.002,0.717,89,10.0,1,43.539809,-116.39572,19.0,LOT 02  BLK 01 TAYSOM SUB
R6052960590,W WALL DR,NEW YORK LANDING SUB,1.4286,1.415,0,Ada County,R6,County Residential R6,Two-Family / Low-Density Residential,Low,Vacant Land,Boise,Suburban,Suburban Residential,single-family oriented,4.186,0.342,84,10.07,3,43.561549,-116.288526,18.7,LOT 33A BLK 02 NEW YORK LANDING SUB
R8222940140,S CHOCTAW WAY,SUNSET RIM SUB NO 14,1.4731,1.475,0,Ada County,R6,County Residential R6,Two-Family / Low-Density Residential,Low,Vacant Land,Boise,Suburban,Suburban Residential,single-family oriented,4.222,0.333,84,10.07,3,43.561749,-116.287535,18.6,LOT 65 BLK 05 SUNSET RIM NO 14
R1080000080,4721 S CHEX WAY,BRIDGEVIEW SUB NO 01,7.1715,7.179,0,Ada County,R4,R4,Single-Family Residential,Low,Vacant Land,Boise,Suburban,Suburban Residential,single-family oriented,4.324,0.269,84,10.07,3,43.559571,-116.286946,18.4,LOT 08 BLK 01 BRIDGEVIEW SUB NO 01
R1527260080,3649 E COMMERCIAL CT,COMMERCE PARK SUB,3.9962,4.003,2092500,City of Meridian,I-L,Light Industrial,Industrial / Business Park,Low,Vacant Land,Meridian,General Industrial,General Industrial,non-residential,1.325,0.76,187,4.0,1,43.609034,-116.348906,18.4,LOT 4 BLK 1 COMMERCE PARK SUB
S1107449990,E FRANKLIN RD,3N 1E 07,3.9974,4,1568200,City of Meridian,I-L,Light Industrial,Industrial / Business Park,Low,Vacant Land,Meridian,General Industrial,General Industrial,non-residential,1.329,0.747,186,4.0,1,43.60755,-116.376395,18.3,PAR #9990 @ CTR N POR SE4SE4 SEC 7 3N 1E #449997-S
S1403212411,11511 W LAKE HAZEL RD,2N 1E 03,8.6626,8.669,,Ada County,R2,R2,Single-Family Residential,Low,Vacant Land,Boise,Suburban,Suburban Residential,single-family oriented,3.661,0.801,101,8.66,1,43.545501,-116.325665,18.3,PAR #2411 POR OF GOV LOT 03 SEC 03 2N 1E #212410-B
S0527346750,5100 N TUMBLEWEED PL,4N 1E 27,2.0758,2.5,0,City of Boise,A-1,Boise Open Land/Airport-Ag,Agricultural / Rural,Low,Vacant Land,Boise,Suburban,Suburban Residential,single-family oriented,4.409,0.388,87,10.02,3,43.65087,-116.32708,18.2,PAR #6750 OF SE4SW4 SEC 27 4N 1E #6700-S
S0527346655,5100 N TUMBLEWEED PL,4N 1E 27,4.9783,5,0,City of Boise,A-1,Boise Open Land/Airport-Ag,Agricultural / Rural,Low,Vacant Land,Boise,Suburban,Suburban Residential,single-family oriented,4.477,0.455,87,10.02,3,43.65168,-116.326252,18.1,PAR #6655 OF SE4SW4 SEC 27 4N 1E #314805-S
S0527346710,5100 N TUMBLEWEED PL,4N 1E 27,2.9659,3,0,City of Boise,A-1,Boise Open Land/Airport-Ag,Agricultural / Rural,Low,Vacant Land,Boise,Suburban,Suburban Residential,single-family oriented,4.464,0.325,87,10.02,3,43.651337,-116.325776,18.1,PAR #6710 OF SE4SW4 SEC 27 4N 1E #6700-S
S1109449909,12250 W FRANKLIN RD,3N 1E 09,4.1402,4.142,0,City of Boise,A-1,Boise Open Land/Airport-Ag,Agricultural / Rural,Low,Vacant Land,Boise,Industrial,Industrial,non-residential,1.584,0.437,181,4.14,1,43.605505,-116.335359,18.0,PAR #9909 @ SE COR SE4SE4 SEC 09 3N 1E #449907-B
R2122120410,1855 E HERITAGE PARK LN,EDUCATION CAMPUS SUB NO 02,7.3841,7.343,0,City of Meridian,L-O,Limited Office,Office,Low,Vacant Land,Meridian,Civic,Civic,institutional,3.31,0.756,119,7.38,1,43.639325,-116.370573,17.8,PAR #0410 POR LOT 4 BLK 1 EDUCATION CAMPUS SUB #2 PARCEL B  R/S 10252 #0400S
R5887710170,12511 W MUIR RIDGE DR,MUIR WOODS SUB NO 02,3.5971,3.601,0,City of Boise,R-1B,Boise Single-Family (medium lot),Single-Family Residential,Low,Vacant Land,Boise,Suburban,Suburban Residential,single-family oriented,1.408,0.304,202,3.6,1,43.579972,-116.338112,17.8,LOT 24 BLK 04 MUIR WOODS SUB NO 02
S1215325600,S BLACK CAT RD,3N 1W 15,1.825,1.827,0,City of Meridian,M-E,Mixed Employment,Industrial / Business Park,Low,Vacant Land,Meridian,Ten Mile Interchange Specific,Ten Mile Interchange (specific area plan),master-plan (use TBD),4.627,0.511,341,1.82,1,43.595468,-116.453206,17.6,PAR #5600 @ W SIDE NW4SW4 SEC 15 3N 1W R/S 8724 2/2 #325430-S
S1209449550,119 N BLACK CAT RD,3N 1W 09,2.1822,2.185,951800,Ada County,M1,County Manufacturing M1,Industrial / Business Park,Low,Vacant Land,Meridian,Ten Mile Interchange Specific,Ten Mile Interchange (specific area plan),master-plan (use TBD),4.778,0.718,314,2.18,1,43.605674,-116.454464,17.6,PAR #9550 @ E SIDE SE4 SE4 SEC 9 3N 1W PARCEL B ROS 11117 #449501S
S1235325411,5610 S TEN MILE RD,3N 1W 35,9.3869,9.39,,City of Kuna,C-2,C-2,Commercial,Low,Vacant Land,,,(no FLU),n/a,4.463,0.758,95,9.39,1,43.55312,-116.43215,17.5,PAR #5411 POR NW4SW4 SEC 35 3N 1W #325410-B
R2114050015,105 E ROSALYN DR,EDMONDS SUB,3.9051,3.93,884300,Ada County,RUT,County Rural-Urban Transition,Agricultural / Rural,Low,Vacant Land,Meridian,Low Density Residential,Low-Density Residential (planned),single-family oriented,1.738,0.646,191,3.91,1,43.582431,-116.393022,17.4,PAR #0015 POR LOT 1 EDMONDS SUB PARCEL 1 ROS 13205 #0010S
R7533400400,4400 W VICTORY RD,ROCKIN S ESTATES SUB,4.7637,4.753,381800,Ada County,RUT,County Rural-Urban Transition,Agricultural / Rural,Low,Vacant Land,Meridian,Low Density Residential,Low-Density Residential (planned),single-family oriented,4.549,0.711,93,9.5,2,43.576684,-116.449303,17.4,LOT 04 BLK 01 ROCKIN S ESTATES SUB
S1030315115,3750 S COLE RD,3N 2E 30,9.9701,10,871200,Ada County,M3,County Manufacturing M3,Industrial / Business Park,Low,Vacant Land,Boise,Large Lot/Rural,Large Lot / Rural,low-density / rural,4.768,0.555,90,9.97,1,43.568209,-116.271426,17.4,PAR #5115 POR GOV'T LOTS 2 & 3 SEC 30 3N 2E PAR 1 ROS 14612 #315110-S
R7533400100,3153 S GIDDY UP LN,ROCKIN S ESTATES SUB,4.737,4.752,425300,Ada County,RUT,County Rural-Urban Transition,Agricultural / Rural,Low,Vacant Land,Meridian,Low Density Residential,Low-Density Residential (planned),single-family oriented,4.61,0.71,93,9.5,2,43.576686,-116.450551,17.3,LOT 01 BLK 01 ROCKIN S ESTATES SUB
R8525100950,2850 E JEWEL ST,TREASURE VALLEY BUSINESS CENTER NO 01,1.9576,1.96,1024500,City of Meridian,I-L,Light Industrial,Industrial / Business Park,Low,Vacant Land,Meridian,Commercial,Commercial,non-residential (MF only if mixed),1.816,0.785,190,3.92,2,43.618187,-116.359202,17.3,LOT 7 BLK 1 TREASURE VALLEY BUS CEN I
R8525101100,2950 E JEWEL ST,TREASURE VALLEY BUSINESS CENTER NO 01,1.9609,1.96,1024500,City of Meridian,I-L,Light Industrial,Industrial / Business Park,Low,Vacant Land,Meridian,Commercial,Commercial,non-residential (MF only if mixed),1.819,0.785,190,3.92,2,43.618187,-116.358071,17.3,LOT 8 BLK 1 TREASURE VALLEY BUS CEN I
R2789520100,4211 E LANARK ST,FERNEY SUB,2.8726,2.875,,City of Meridian,I-L,Light Industrial,Industrial / Business Park,Low,Vacant Land,Meridian,General Industrial,General Industrial,non-residential,1.358,0.616,236,2.87,1,43.605907,-116.341791,17.2,LOT 01 BLK 01 FERNEY SUB
S1131110075,1385 E AMITY RD,3N 1E 31,4.8556,4.9,126800,Ada County,RUT,County Rural-Urban Transition,Agricultural / Rural,Low,Vacant Land,Meridian,Low Density Residential,Low-Density Residential (planned),single-family oriented,2.34,0.679,158,4.86,1,43.560295,-116.377543,17.2,PAR #0075 OF NE4 NE4 SEC 31 3N 1E #S1131110050 S #8216642-44 #8216645
R1527260041,4375 E COMMERCIAL CT,COMMERCE PARK SUB,2.5288,2.527,1320900,City of Meridian,I-L,Light Industrial,Industrial / Business Park,Low,Vacant Land,Meridian,General Industrial,General Industrial,non-residential,1.275,0.712,271,2.53,1,43.609102,-116.351549,17.0,E 1/2 OF LOT 2 BLK 1 COMMERCE PARK SUB #0040-S #98105901
S1223449000,3145 S LINDER RD,3N 1W 23,5.804,4.93,459000,Ada County,RUT,County Rural-Urban Transition,Agricultural / Rural,Low,Vacant Land,Meridian,Low Density Residential,Low-Density Residential (planned),single-family oriented,2.939,0.548,142,5.8,1,43.575982,-116.415323,16.9,PAR #9000 @ SE COR SE4SE4 SEC 23  3N 1W #43990-B
R8441870270,2515 S EAGLE RD,THOUSAND SPRINGS SUB NO 01,1.2819,1.283,0,City of Meridian,L-O,Limited Office,Office,Low,Vacant Land,Meridian,Civic,Civic,institutional,0.735,0.712,438,1.28,1,43.582192,-116.354986,16.8,LOT 01 BLK 04 THOUSAND SPRINGS SUB NO 1
S1018223606,334 S COLE RD,3N 2E 18,8.5833,8.592,0,City of Boise,A-1,Boise Open Land/Airport-Ag,Agricultural / Rural,Low,Vacant Land,Boise,School,School,institutional,4.427,0.636,104,8.58,1,43.600462,-116.273186,16.7,PAR #3606 @ W SIDE GOV LOTS 1 & 2 SEC 18 3N 2E #223605-B
R4947170091,E KINGSBRIDGE DR,KINGSBRIDGE SUB NO 01,1.4209,1.41,0,City of Meridian,R-2,Two-Family / Low-Density,Single-Family Residential,Low,Vacant Land,Meridian,Low Density Residential,Low-Density Residential (planned),single-family oriented,1.672,0.166,233,2.91,2,43.56856,-116.352269,16.6,LOT 9 BLK 1 EXC R/W KINGSBRIDGE SUB NO 01 #0090-B
R4947170130,3550 E KINGSBRIDGE DR,KINGSBRIDGE SUB NO 01,1.4854,1.486,0,City of Meridian,R-2,Two-Family / Low-Density,Single-Family Residential,Low,Vacant Land,Meridian,Low Density Residential,Low-Density Residential (planned),single-family oriented,1.647,0.227,233,2.91,2,43.569365,-116.350271,16.6,LOT 13 BLK 01 KINGSBRIDGE SUB NO 01
S1123234005,2140 S FIVE MILE RD,3N 1E 23,1.0133,1.02,299700,City of Boise,R-1A,Boise Single-Family (large lot),Single-Family Residential,Low,Vacant Land,Boise,Suburban,Suburban Residential,single-family oriented,2.46,0.412,174,4.35,2,43.583415,-116.313146,16.4,PAR #4005 OF SW4NW4 SEC 23 3N 1E PARCEL A ROS 10975 #234002-S
R0855080010,W VICTORY RD,BEAR CREEK SUB NO 08,2.8119,2.814,0,City of Meridian,R-4,Meridian Med-Low Density Res (4 du/ac),Single-Family Residential,Low,Vacant Land,Meridian,Low Density Residential,Low-Density Residential (planned),single-family oriented,2.295,0.217,192,3.88,2,43.576712,-116.401622,16.3,LOT 29 BLK 15 BEAR CREEK SUB NO 08
S1123325550,2272 S FIVE MILE RD,3N 1E 23,3.3322,3.338,431800,City of Boise,R-1C,Boise Single-Family (compact),Single-Family Residential,Low,Vacant Land,Boise,Suburban,Suburban Residential,single-family oriented,2.524,0.444,174,4.35,2,43.582823,-116.312039,16.3,PAR #5550 NR NW COR NW4SW4 SEC 23  3N 1E PARCEL A  R/S 9910 #325504S
S1115336550,11800 W OVERLAND RD,3N 1E 15,2.4474,2.449,335700,City of Boise,R-1C,Boise Single-Family (compact),Single-Family Residential,Low,Vacant Land,Boise,Suburban,Suburban Residential,single-family oriented,1.584,0.531,278,2.45,1,43.59064,-116.329268,16.3,PAR #6550 POR S2SW4 SEC 15 3N 1E & POR LOT 4 BLK 1 LIZASO SUB  PAR A  R/S 10200 
R0855080190,S SILVERTIP LN,BEAR CREEK SUB NO 08,1.0666,1.069,0,City of Meridian,R-4,Meridian Med-Low Density Res (4 du/ac),Single-Family Residential,Low,Vacant Land,Meridian,Low Density Residential,Low-Density Residential (planned),single-family oriented,2.362,0.183,192,3.88,2,43.576435,-116.402935,16.2,LOT 47 BLK 15 BEAR CREEK SUB NO 08
R5672030310,281 N BALTIC PL,MERIDIAN BUSINESS PARK,2.2702,2.272,1187600,City of Meridian,I-L,Light Industrial,Industrial / Business Park,Low,Vacant Land,Meridian,General Industrial,General Industrial,non-residential,1.52,0.61,304,2.27,1,43.608067,-116.381529,16.2,LOT 8 BLK 2 MERIDIAN BUSINESS PARK
R2122120700,3834 N LOCUST GROVE RD,EDUCATION CAMPUS SUB NO 02,2.1801,2.182,0,City of Meridian,L-O,Limited Office,Office,Low,Vacant Land,Meridian,Civic,Civic,institutional,3.377,0.699,139,5.86,3,43.639938,-116.373542,16.1,LOT 7  BLK 1 EDUCATION CAMPUS SUB #2
R5175520060,2095 E COMMERCIAL ST,LAYNE INDUSTRIAL PARK SUB,1.5707,1.572,821700,City of Meridian,I-L,Light Industrial,Industrial / Business Park,Low,Vacant Land,Meridian,General Industrial,General Industrial,non-residential,1.242,0.731,377,1.57,1,43.609177,-116.367933,16.1,LOT 6 BLK 1 LAYNE INDUSTRIAL PARK SUB
R2122120100,E LEIGH FIELD DR,EDUCATION CAMPUS SUB NO 02,2.1944,2.197,0,City of Meridian,C-N,Neighborhood Business,Commercial,Low,Vacant Land,Meridian,Civic,Civic,institutional,3.417,0.762,139,5.86,3,43.640529,-116.373601,16.0,LOT 1  BLK 1 EDUCATION CAMPUS SUB #2
R2122120200,N SUMMERSIDE LN,EDUCATION CAMPUS SUB NO 02,1.483,1.484,0,City of Meridian,L-O,Limited Office,Office,Low,Vacant Land,Meridian,Civic,Civic,institutional,3.408,0.784,139,5.86,3,43.640552,-116.372369,16.0,LOT 2  BLK 1 EDUCATION CAMPUS SUB #2
R5175520040,2017 E COMMERCIAL ST,LAYNE INDUSTRIAL PARK SUB,1.5257,1.527,798200,City of Meridian,I-L,Light Industrial,Industrial / Business Park,Low,Vacant Land,Meridian,General Industrial,General Industrial,non-residential,1.266,0.737,389,1.53,1,43.609183,-116.369443,16.0,LOT 4 BLK 1 LAYNE INDUSTRIAL PARK SUB
R5652610800,1267 E KALISPELL ST,MEDIMONT SUB NO 02,1.169,1.171,612100,City of Meridian,I-L,Light Industrial,Industrial / Business Park,Low,Vacant Land,Meridian,General Industrial,General Industrial,non-residential,1.107,0.739,463,1.17,1,43.601585,-116.378534,16.0,LOT 02 BLK 03 MEDIMONT SUB NO 02
R6510590010,2890 E LANARK ST,OLSON AND BUSH SUB NO 02,1.1031,1.103,576600,City of Meridian,I-L,Light Industrial,Industrial / Business Park,Low,Vacant Land,Meridian,General Industrial,General Industrial,non-residential,1.093,0.752,482,1.1,1,43.607654,-116.358476,15.9,LOT 07 BLK 01 OLSON & BUSH SUB NO 02
R8536771410,12509 W MONSANTO ST,TRUSTMARK SUB,2.1492,2.149,1123300,City of Boise,I-1,Boise Industrial (light),Industrial / Business Park,Low,Vacant Land,Boise,Industrial,Industrial,non-residential,1.603,0.616,315,2.15,1,43.608713,-116.338758,15.9,LOT 3 & POR LOT 2 BLK 3 TRUSTMARK SUB PARCEL A R/S 7923 #1400-C #1300-S
S1107325810,E BROADWAY ST,3N 1E 07,2.2094,2.212,963600,Ada County,M1,County Manufacturing M1,Industrial / Business Park,Low,Vacant Land,Meridian,General Industrial,General Industrial,non-residential,1.676,0.728,309,2.21,1,43.609436,-116.384083,15.9,PAR #5810 OF NW4SE4 SEC 7  3N 1E R/S 7029 FORMER OPERATING PROPERTY MERIDIAN STA
R5302770055,1957 E LANARK ST,LOCUST GROVE INDUSTRIAL PARK,1.0002,1,522700,City of Meridian,I-L,Light Industrial,Industrial / Business Park,Low,Vacant Land,Meridian,General Industrial,General Industrial,non-residential,1.106,0.784,537,1.0,1,43.606518,-116.370015,15.8,LOT 3 BLK 2 LOCUST GROVE INDUSTRIAL PARK
S1409428050,8810 S STEWART RD,2N 1E 09,8.631,8.643,187900,Ada County,RR,County Rural Residential,Agricultural / Rural,Low,Vacant Land,,,(no FLU),n/a,4.913,0.424,103,8.63,1,43.522306,-116.340942,15.8,PAR #8050 OF NW4SE4 SEC 9 2N 1E #423595 R
R5443270500,S FRANCINE LN,MAJESTIC VIEW SUB,5.0589,5.08,111400,Ada County,RUT,County Rural-Urban Transition,Agricultural / Rural,Low,Vacant Land,Meridian,Low Density Residential,Low-Density Residential (planned),single-family oriented,3.239,0.529,153,5.06,1,43.578466,-116.422863,15.6,LOT 5 BLK 1 MAJESTIC VIEW SUB #9312274
R7332820710,S CHOCTAW WAY,RANCHERO ESTATES NO 03,5.5244,5.53,0,Ada County,R2,R2,Single-Family Residential,Low,Vacant Land,Boise,Suburban,Suburban Residential,single-family oriented,4.293,0.301,122,7.17,2,43.555635,-116.291278,15.6,LOT 12 BLK 4 RANCHERO ESTATES NO 3
R8221530230,2640 W CHATEAU DR,SUNNYBROOK FARMS NO 04,2.0967,2.1,0,City of Meridian,R-4,Meridian Med-Low Density Res (4 du/ac),Single-Family Residential,Low,Vacant Land,Meridian,Civic,Civic,institutional,4.048,0.623,126,6.69,2,43.625957,-116.42675,15.6,LOT 1 BLK 14 SUNNYBROOK FARMS NO 4
R6933170100,533 E MASON CREEK ST,PATAGONIA SUB NO 06,8.3216,9.143,0,City of Kuna,R-6,R-6,Two-Family / Low-Density Residential,Low,Vacant Land,Ada County,Incorporated Cities and Areas of City Impact,City Impact Area,see city plan,4.912,0.779,107,8.32,1,43.52361,-116.388013,15.5,LOT 37 BLK 11 PATAGONIA SUB NO 06
R6989400200,11875 W HOLLANDALE DR,PEPPERMILL ESTATES SUB NO 01,2.0043,2.006,0,City of Boise,R-1A,Boise Single-Family (large lot),Single-Family Residential,Low,Vacant Land,Boise,Suburban,Suburban Residential,single-family oriented,1.73,0.378,333,2.0,1,43.580876,-116.329853,15.5,LOT 11 BLK 02 PEPPERMILL ESTATES SUB NO 01
S1202315000,W CHATEAU DR,3N 1W 02,4.5951,4.6,0,City of Meridian,R-4,Meridian Med-Low Density Res (4 du/ac),Single-Family Residential,Low,Vacant Land,Meridian,Civic,Civic,institutional,4.094,0.764,126,6.69,2,43.625952,-116.42789,15.5,PAR #5000 OF NE4SW4 SEC 2 3N 1W PAR 3   R/S #3916 #346782-S #98070489
R1009000750,519 N ALLUMBAUGH ST,BOECKS SUB,8.0053,8.01,2791300,City of Boise,I-1,Boise Industrial (light),Industrial / Business Park,Low,Vacant Land,Boise,Industrial,Industrial,non-residential,4.826,0.861,111,8.01,1,43.609592,-116.267558,15.4,"PAR #0750 OF LOTS 5, 6 & 7 BOECKS SUB PAR A ROS 13776 #0521-C #0715-C #0810-C"
R4947180290,3775 E BRENTOR ST,KINGSBRIDGE SUB NO 02,1.5785,1.579,0,City of Meridian,R-4,Meridian Med-Low Density Res (4 du/ac),Single-Family Residential,Low,Vacant Land,Meridian,Low Density Residential,Low-Density Residential (planned),single-family oriented,1.65,0.825,373,1.58,1,43.570153,-116.34738,15.3,LOT 1 BLK 12 KINGSBRIDGE SUB PHASE 02
R7326471700,1375 E COMMERCIAL DR,RAILSIDE PARK SUB,1.236,1.237,538800,City of Meridian,I-L,Light Industrial,Industrial / Business Park,Low,Vacant Land,Meridian,General Industrial,General Industrial,non-residential,1.453,0.741,450,1.24,1,43.60928,-116.377304,15.3,LOT 5 BLK 3 RAILSIDE PARK SUB #97093881
S1132141950,S EAGLE RD,3N 1E 32,1.0703,1.07,41500,Ada County,RUT,County Rural-Urban Transition,Agricultural / Rural,Low,Vacant Land,Meridian,Low Density Residential,Low-Density Residential (planned),single-family oriented,2.479,0.631,215,3.26,3,43.556255,-116.355761,15.3,PAR #1950 OF SE4NE4 SEC 32 3N 1E #141910-S
R7332820590,W DESERT AVE,RANCHERO ESTATES NO 03,1.642,1.644,0,Ada County,R2,R2,Single-Family Residential,Low,Vacant Land,Boise,Suburban,Suburban Residential,single-family oriented,4.471,0.447,122,7.17,2,43.553072,-116.289464,15.2,LOT 31 BLK 3 RANCHERO ESTATES NO 3
R7533450180,12400 W ROCKHAMPTON ST,ROCKHAMPTON SUB NO 03,3.4655,3.469,0,Ada County,R4,R4,Single-Family Residential,Low,Vacant Land,Boise,Suburban,Suburban Residential,single-family oriented,2.638,0.81,203,3.47,1,43.557765,-116.337358,15.2,LOT 01 BLK 05 ROCKHAMPTON SUB NO 03
R9313390017,12152 W EXECUTIVE DR,WEST BOISE INDUSTRIAL PARK NO 05,2.0397,2.038,1108700,City of Boise,I-1,Boise Industrial (light),Industrial / Business Park,Low,Vacant Land,Boise,Industrial,Industrial,non-residential,1.92,0.774,329,2.04,1,43.611559,-116.333722,15.2,PAR #0017 OF LOT 1 BLK 1 WEST BOISE INDUSTRIAL PARK #5 #0016B
S1112120703,1225 N ETHRIDGE LN,3N 1E 12,1.812,1.824,656400,City of Boise,R-1B,Boise Single-Family (medium lot),Single-Family Residential,Low,Vacant Land,Boise,Suburban,Suburban Residential,single-family oriented,4.326,0.667,124,6.87,3,43.616051,-116.281078,15.2,PAR #0703 OF NW4NE4 SEC 12 3N 1E #120701 B #99036417
S1132142110,S EAGLE RD,3N 1E 32,1.0454,1.052,337300,Ada County,RUT,County Rural-Urban Transition,Agricultural / Rural,Low,Vacant Land,Meridian,Low Density Residential,Low-Density Residential (planned),single-family oriented,2.519,0.564,215,3.26,3,43.555731,-116.354994,15.2,PAR #2110 POR E2SE4NE4 SEC 32 3N 1E #142103-B
R0500410460,11550 W OVERLAND RD,ARALAR PARK SUB,1.5627,1.56,0,City of Boise,R-1B,Boise Single-Family (medium lot),Single-Family Residential,Low,Vacant Land,Boise,Suburban,Suburban Residential,single-family oriented,1.723,0.226,381,1.56,1,43.590793,-116.326488,15.1,LOT 18 BLK 03 ARALAR PARK SUB
R2847060006,10881 W HIAWATHA DR,FIVE MILE ESTATES NORTH SUB NO 02,1.3986,1.406,0,City of Boise,R-1A,Boise Single-Family (large lot),Single-Family Residential,Low,Vacant Land,Boise,Suburban,Suburban Residential,single-family oriented,2.397,0.478,231,2.94,2,43.577342,-116.317431,15.1,PAR #0006 OF LOT 9 BLK 5 FIVE MILE EST N #2 #0005-S #96087670
R2847060007,10830 W VICTORY RD,FIVE MILE ESTATES NORTH SUB NO 02,1.5389,1.539,0,City of Boise,R-1A,Boise Single-Family (large lot),Single-Family Residential,Low,Vacant Land,Boise,Suburban,Suburban Residential,single-family oriented,2.443,0.718,231,2.94,2,43.576348,-116.317065,15.1,PAR #0007 OF LOT 9 BLK 5 FIVE MILE EST N #2 #0005-B
R2918430100,W BETHEL ST,FRANKLIN BUSINESS PARK,2.2391,3.952,0,City of Boise,I-1,Boise Industrial (light),Industrial / Business Park,Low,Vacant Land,Boise,Industrial,Industrial,non-residential,3.078,0.262,176,4.25,2,43.605423,-116.302249,15.1,PAR #0100 OF FRANKLIN BUSINESS PARK & OF RIDENBAUGH CANAL  #7969602
R3073780100,2730 E STATE AVE,GEMTONE CENTER NO 02,1.0987,1.1,575000,City of Meridian,I-L,Light Industrial,Industrial / Business Park,Low,Vacant Land,Meridian,MU-NR,Mixed Use – Non-Residential,non-residential,1.508,0.753,485,1.1,1,43.613759,-116.360527,15.1,LOT 1 BLK 2 GEMTONE CENTER NO 02
S1112120692,7850 W FLORENCE ST,3N 1E 12,3.511,3.49,0,City of Boise,A-1,Boise Open Land/Airport-Ag,Agricultural / Rural,Low,Vacant Land,Boise,Suburban,Suburban Residential,single-family oriented,4.394,0.763,124,6.87,3,43.616442,-116.279826,15.1,PAR #0692 OF NW4NE4 SEC 12 3N 1E      R/S #2359 #120688-B #97090000
S1132142001,5505 S EAGLE RD,3N 1E 32,1.1454,1.149,0,Ada County,RUT,County Rural-Urban Transition,Agricultural / Rural,Low,Vacant Land,Meridian,Low Density Residential,Low-Density Residential (planned),single-family oriented,2.561,0.726,215,3.26,3,43.55511,-116.355103,15.1,PAR #2001 NEAR SE COR SE4NE4 SEC 32 3N 1E PARCEL 3  R/S 6082 #142000-B
R0967630020,S NICKEL CREEK PL,BITTERCREEK HEIGHTS SUB NO 02,6.8306,6.844,120500,Ada County,RUT,County Rural-Urban Transition,Agricultural / Rural,Low,Vacant Land,Meridian,Low Density Residential,Low-Density Residential (planned),single-family oriented,4.399,0.646,125,6.83,1,43.567672,-116.442142,15.0,LOT 06 BLK 04 BITTERCREEK HEIGHTS SUB NO 02
S1112120686,1350 N ETHRIDGE LN,3N 1E 12,1.5423,1.54,376100,City of Boise,R-1B,Boise Single-Family (medium lot),Single-Family Residential,Low,Vacant Land,Boise,Suburban,Suburban Residential,single-family oriented,4.44,0.493,124,6.87,3,43.61749,-116.279451,15.0,PAR #0686 OF NW4NE4 SEC 12 3N 1E        R/S #2359 #120688-S #9346615
R6989630840,2520 S GATEWOOD LN,PEPPERWOOD ESTATES NO 02,1.5786,1.48,0,City of Boise,R-1A,Boise Single-Family (large lot),Single-Family Residential,Low,Vacant Land,Boise,Suburban,Suburban Residential,single-family oriented,1.875,0.243,372,1.58,1,43.580751,-116.326741,14.8,LOT 98 BLK 4 PEPPERWOOD ESTATES #2
R8048660040,10751 W DIVIDE PASS DR,SOUTHPOINT SUB NO 01,2.3158,2.317,0,City of Boise,R-1B,Boise Single-Family (medium lot),Single-Family Residential,Low,Vacant Land,Boise,Suburban,Suburban Residential,single-family oriented,2.321,0.33,302,2.32,1,43.583447,-116.316009,14.7,LOT 1 BLK 4 SOUTHPOINT SUB #1
R8207770020,9450 W BETHEL CT,SUBSTATION SUB,2.008,2.01,0,City of Boise,I-1,Boise Industrial (light),Industrial / Business Park,Low,Vacant Land,Boise,Industrial,Industrial,non-residential,3.255,0.239,176,4.25,2,43.606075,-116.298824,14.7,LOT 02 BLK 01 SUBSTATION SUB
S1312223150,S LINDER RD,2N 1W 12,7.6409,8.255,1665700,City of Kuna,C-1,C-1,Commercial,Low,Vacant Land,Ada County,Incorporated Cities and Areas of City Impact,City Impact Area,see city plan,4.968,0.446,117,7.64,1,43.530873,-116.413282,14.7,PAR #3150 OF NWNW4 SEC 12 2N 1W #223200-B
R8533750600,235 SW 5TH AVE,TROUTNER PARK SUB,1.8394,1.839,1030200,City of Meridian,L-O,Limited Office,Office,Low,Vacant Land,Meridian,Commercial,Commercial,non-residential (MF only if mixed),2.117,0.684,340,1.84,1,43.602763,-116.400447,14.6,LOT 06 BLK 01 TROUTNER PARK SUB
R9313390310,11515 W EXECUTIVE DR,WEST BOISE INDUSTRIAL PARK NO 05,1.7926,1.793,937200,City of Boise,I-1,Boise Industrial (light),Industrial / Business Park,Low,Vacant Land,Boise,Industrial,Industrial,non-residential,2.092,0.547,349,1.79,1,43.608811,-116.326172,14.6,LOT 13 BLK 3 WEST BOISE INDUSTRIAL PARK #5
S1112336113,8924 W FRANKLIN RD,3N 1E 12,3.5967,3.594,2000300,City of Boise,I-1,Boise Industrial (light),Industrial / Business Park,Low,Vacant Land,Boise,Industrial,Industrial,non-residential,3.522,0.755,165,4.62,2,43.60557,-116.293051,14.6,PAR #6113 @ SW COR SW4SW4 S OF RR R/W SEC 12 3N 1E #336112-B
R4947190050,S TERRI PL,KINGSBRIDGE SUB NO 03,1.0511,1.035,0,City of Meridian,R-4,Meridian Med-Low Density Res (4 du/ac),Single-Family Residential,Low,Vacant Land,Meridian,Low Density Residential,Low-Density Residential (planned),single-family oriented,1.784,0.219,505,1.05,1,43.568546,-116.345799,14.5,LOT 41 BLK 3 KINGSBRIDGE SUB NO 03
S1112336122,8852 W FRANKLIN RD,3N 1E 12,1.0264,1.03,807600,City of Boise,I-1,Boise Industrial (light),Industrial / Business Park,Low,Vacant Land,Boise,Industrial,Industrial,non-residential,3.578,0.686,165,4.62,2,43.605436,-116.291847,14.5,PAR #6122 S OF RR R/W IN SW4SW4 SEC 12 3N 1E #336120-B
S1111449187,1 N MAPLE GROVE RD,3N 1E 11,2.554,2.59,902600,City of Boise,I-1,Boise Industrial (light),Industrial / Business Park,Low,Vacant Land,Boise,Industrial,Industrial,non-residential,3.376,0.41,179,4.16,2,43.605256,-116.295971,14.4,PAR #9187 OF SE4SE4 SEC 11 3N 1E #449183-B
S1122336500,11950 W VICTORY RD,3N 1E 22,1.0022,1,81300,City of Boise,R-1A,Boise Single-Family (large lot),Single-Family Residential,Low,Vacant Land,Boise,Suburban,Suburban Residential,single-family oriented,1.822,0.775,536,1.0,1,43.57651,-116.33135,14.4,PAR #6500 OF SW4 SEC 22 3N 1E #95071342
R1573680477,9878 W EMERALD ST,CORPORATE CENTER NO 02,2.0285,2.029,1060600,City of Boise,I-1,Boise Industrial (light),Industrial / Business Park,Low,Vacant Land,Boise,Industrial,Industrial,non-residential,3.07,0.797,206,3.4,2,43.610139,-116.304903,14.3,LOT 21 & POR LOT 20 BLK 3 CORPORATE CENTER NO 02 PARCEL A ROS 12044 #0476-S
S1111449153,95 N MAPLE GROVE RD,3N 1E 11,1.6068,1.604,559000,City of Boise,I-1,Boise Industrial (light),Industrial / Business Park,Low,Vacant Land,Boise,Industrial,Industrial,non-residential,3.431,0.697,179,4.16,2,43.605786,-116.295023,14.3,PAR #9153 NEAR SE COR SE4SE4 SEC 11 3N 1E #449152-B
R1317000020,10370 W HIGHLANDER RD,CASTLE GATE SUB,4.1197,4.08,146800,Ada County,RSW,County Residential (subdivision),Single-Family Residential,Low,Vacant Land,Boise,Large Lot/Rural,Large Lot / Rural,low-density / rural,3.466,0.614,182,4.12,1,43.556632,-116.311681,14.2,PAR #0020 OF LOT 2 CASTLE GATE SUB
R1573680427,647 N MITCHELL ST,CORPORATE CENTER NO 02,1.3673,1.368,715100,City of Boise,I-1,Boise Industrial (light),Industrial / Business Park,Low,Vacant Land,Boise,Industrial,Industrial,non-residential,3.094,0.769,206,3.4,2,43.61088,-116.304856,14.2,"PAR #0427 POR LOTS 17, 22 & 23 BLK 3 CORPORATE CENTER NO 02 PARCEL C ROS 12044 #"
R3594290250,11211 W MCMILLAN RD,HEWETT PARK SUB NO 03,3.9176,3.92,0,City of Boise,A-1,Boise Open Land/Airport-Ag,Agricultural / Rural,Low,Vacant Land,Boise,Suburban,Suburban Residential,single-family oriented,4.268,0.558,145,5.71,2,43.646723,-116.321479,14.2,LOT 87 BLK 2 HEWETT PARK SUB PHASE III #8449489
R7533520010,5575 S APSLEY WAY,ROCKHAMPTON SUB NO 09,3.0486,3.05,0,Ada County,R4,R4,Single-Family Residential,Low,Vacant Land,Boise,Suburban,Suburban Residential,single-family oriented,2.901,0.528,225,3.05,1,43.553218,-116.338478,14.2,LOT 07 BLK 15 ROCKHAMPTON SUB NO 09
R8048690510,11166 W SOUTHERLAND CT,SOUTHPOINT SUB NO 04,1.2643,1.264,0,City of Boise,R-1B,Boise Single-Family (medium lot),Single-Family Residential,Low,Vacant Land,Boise,Suburban,Suburban Residential,single-family oriented,2.015,0.343,442,1.26,1,43.58763,-116.321059,14.2,LOT 20 BLK 15 SOUTHPOINT SUB NO 04
R3594270900,11211 W MCMILLAN RD,HEWETT PARK SUB NO 01,1.788,1.95,0,City of Boise,A-1,Boise Open Land/Airport-Ag,Agricultural / Rural,Low,Vacant Land,Boise,Suburban,Suburban Residential,single-family oriented,4.31,0.447,145,5.71,2,43.646812,-116.319926,14.1,PAR #0900 OF HEWETT PARK SUB PHASE 1 HEWETT PARK SUB PH1 #8510530
R7200810680,13163 W FRINGETREE ST,PROVIDENCE PLACE SUB NO 02,3.6267,3.629,0,City of Boise,R-1C,Boise Single-Family (compact),Single-Family Residential,Low,Vacant Land,Boise,Suburban,Suburban Residential,single-family oriented,3.255,0.422,200,3.63,1,43.637794,-116.345939,14.1,LOT 34 BLK 12 PROVIDENCE PLACE SUB NO 02
R9403110150,4911 S WHITMORE WAY,WILDBROOK SUB NO 02,2.5496,2.552,0,Ada County,R6,County Residential R6,Two-Family / Low-Density Residential,Low,Vacant Land,Boise,Suburban,Suburban Residential,single-family oriented,2.736,0.423,267,2.55,1,43.558699,-116.331162,14.1,LOT 12 BLK 05 WILDBROOK SUB NO 02
R8956000211,115 S LINDER RD,VAN HEES SUB MERIDIAN,2.6917,2.699,,Ada County,R1,County Residential R1,Single-Family Residential,Low,Vacant Land,Meridian,Commercial,Commercial,non-residential (MF only if mixed),2.85,0.546,247,2.69,1,43.603351,-116.415615,14.0,LOT 6 EXC R/W VAN HEES SUB #0210-B
S1126244550,10070 W SENECA DR,3N 1E 26,2.9582,2.979,419200,Ada County,R6,County Residential R6,Two-Family / Low-Density Residential,Low,Vacant Land,Boise,Large Lot/Rural,Large Lot / Rural,low-density / rural,3.052,0.509,229,2.96,1,43.569596,-116.308266,13.9,PAR #4550 OF SE4NW4 SEC 26 3N 1E PARCEL B ROS 12071 #244306-S #244307-C
R1966962602,E DUNWOODY CT,DUNWOODY SUB,2.8694,2.88,864000,City of Meridian,R-2,Two-Family / Low-Density,Single-Family Residential,Low,Vacant Land,Meridian,Low Density Residential,Low-Density Residential (planned),single-family oriented,4.465,0.782,143,5.73,2,43.656123,-116.371263,13.8,PAR#6602 W'LY POR LOT 26 BLK 1 DUNWOODY SUB R/S 7837 #6600-B
R3719090501,6909 W VICTORY RD,HOME ACRES SUB NO 09,1.2748,1.265,0,City of Boise,A-1,Boise Open Land/Airport-Ag,Agricultural / Rural,Low,Vacant Land,Boise,Large Lot/Rural,Large Lot / Rural,low-density / rural,4.782,0.799,129,6.37,4,43.575058,-116.268212,13.8,PAR #0501 OF LOTS 11-12 EXC R/W HOME ACRES SUB NO 9 #0500-B
R3719090675,3160 S BEVERLY ST,HOME ACRES SUB NO 09,1.8809,1.86,0,City of Boise,A-1,Boise Open Land/Airport-Ag,Agricultural / Rural,Low,Vacant Land,Boise,Large Lot/Rural,Large Lot / Rural,low-density / rural,4.799,0.78,129,6.37,4,43.574302,-116.268128,13.8,LOT 13 HOME ACRES SUB NO 9 #0670-S
R5147490020,N LARKWOOD PL,LARKWOOD SUB,1.423,1.43,78400,Ada County,RUT,County Rural-Urban Transition,Agricultural / Rural,Low,Vacant Land,Meridian,Low Density Residential,Low-Density Residential (planned),single-family oriented,4.079,0.477,156,4.93,4,43.649016,-116.3817,13.8,LOT 2 BLK 1 LARKWOOD SUB
R1317000060,9850 W HIGHLANDER RD,CASTLE GATE SUB,4.0031,4.02,145400,Ada County,RSW,County Residential (subdivision),Single-Family Residential,Low,Vacant Land,Boise,Large Lot/Rural,Large Lot / Rural,low-density / rural,3.65,0.581,185,4.0,1,43.556966,-116.306214,13.7,PAR #0060 OF LOT 6 CASTLE GATE SUB #99083698 #99080196
R1966962790,E DUNWOODY CT,DUNWOODY SUB,2.8604,2.864,153700,Ada County,RUT,County Rural-Urban Transition,Agricultural / Rural,Low,Vacant Land,Meridian,Low Density Residential,Low-Density Residential (planned),single-family oriented,4.536,0.765,143,5.73,2,43.657153,-116.371259,13.7,PAR#2790 OF W'LY POR LOT 28 BLK 01 DUNWOODY SUB R/S 7837 #2800-S
R3719090481,6840 W ELDER ST,HOME ACRES SUB NO 09,1.8186,1.822,0,City of Boise,A-1,Boise Open Land/Airport-Ag,Agricultural / Rural,Low,Vacant Land,Boise,Large Lot/Rural,Large Lot / Rural,low-density / rural,4.847,0.777,129,6.37,4,43.574282,-116.267146,13.7,LOT 14 HOME ACRES SUB NO 9 #0480-S
R3719091525,3244 S BEVERLY ST,HOME ACRES SUB NO 09,1.3953,2,0,City of Boise,A-1,Boise Open Land/Airport-Ag,Agricultural / Rural,Low,Vacant Land,Boise,Large Lot/Rural,Large Lot / Rural,low-density / rural,4.82,0.719,129,6.37,4,43.57348,-116.268,13.7,PAR #1525 OF LOTS 21 & 22 HOME ACRES SUB NO 9 #96000857
R5147490040,N LARKWOOD PL,LARKWOOD SUB,1.0021,1.01,57200,Ada County,RUT,County Rural-Urban Transition,Agricultural / Rural,Low,Vacant Land,Meridian,Low Density Residential,Low-Density Residential (planned),single-family oriented,4.118,0.783,156,4.93,4,43.649626,-116.381567,13.7,LOT 4 BLK 1 LARKWOOD SUB
R9313390120,11660 W PRESIDENT DR,WEST BOISE INDUSTRIAL PARK NO 05,1.0306,1.032,539400,City of Boise,I-1,Boise Industrial (light),Industrial / Business Park,Low,Vacant Land,Boise,Industrial,Industrial,non-residential,2.157,0.664,519,1.03,1,43.611728,-116.327534,13.7,LOT 12 BLK 1 WEST BOISE INDUSTRIAL PARK #5 #97002297
R9313403070,10880 W EXECUTIVE DR,WEST BOISE INDUSTRIAL PARK NO 06,1.6587,1.66,867700,City of Boise,I-1,Boise Industrial (light),Industrial / Business Park,Low,Vacant Land,Boise,Industrial,Industrial,non-residential,2.5,0.714,361,1.66,1,43.610617,-116.318076,13.7,LOT 19 BLK 5 WEST BOISE INDUSTRIAL PARK #6
R1277000330,3100 S TERRA DR,CANONERO SUB,1.2553,1.257,336200,Ada County,R1,County Residential R1,Single-Family Residential,Low,Vacant Land,Boise,Suburban,Suburban Residential,single-family oriented,2.342,0.613,445,1.26,1,43.575281,-116.320116,13.6,PAR #0330 OF LOT 9 BLK 4 CANONERO SUB #850241
R5147490050,N LARKWOOD PL,LARKWOOD SUB,1.001,1.01,56700,Ada County,RUT,County Rural-Urban Transition,Agricultural / Rural,Low,Vacant Land,Meridian,Low Density Residential,Low-Density Residential (planned),single-family oriented,4.176,0.783,156,4.93,4,43.650482,-116.381566,13.6,LOT 5 BLK 1 LARKWOOD SUB
R9313390480,11477 W PRESIDENT DR,WEST BOISE INDUSTRIAL PARK NO 05,1.0046,1.002,523800,City of Boise,I-1,Boise Industrial (light),Industrial / Business Park,Low,Vacant Land,Boise,Industrial,Industrial,non-residential,2.209,0.749,534,1.0,1,43.610712,-116.325137,13.6,LOT 15 BLK 4 WEST BOISE INDUSTRIAL PARK #5
S1131110125,1385 E AMITY RD,3N 1E 31,1.414,1.45,37900,Ada County,RUT,County Rural-Urban Transition,Agricultural / Rural,Low,Vacant Land,Meridian,Low Density Residential,Low-Density Residential (planned),single-family oriented,2.423,0.754,409,1.41,1,43.559569,-116.379504,13.6,PAR #0125 OF N2NE4 SEC 31 3N 1E #S1131110050 S #8216642-44 #8216645
R1570370260,11202 W ARABIAN DR,CORNERSTONE SUB NO 01,1.2855,1.287,0,Ada County,R4,R4,Single-Family Residential,Low,Vacant Land,Boise,Suburban,Suburban Residential,single-family oriented,2.416,0.282,435,1.29,1,43.563764,-116.332289,13.5,LOT 01 BLK 02 CORNERSTONE SUB NO 01
R1573670200,9323 W EMERALD ST,CORPORATE CENTER NO 01,1.0213,1.03,538400,City of Boise,I-1,Boise Industrial (light),Industrial / Business Park,Low,Vacant Land,Boise,Industrial,Industrial,non-residential,3.398,0.707,221,3.15,3,43.610243,-116.29784,13.4,LOT 3 BLK 2 CORPORATE CENTER NO 01
R4882810570,3379 S KENTUCKY WAY,KENTUCKY RIDGE ESTATES SUB,1.4784,1.481,0,City of Meridian,R-4,Meridian Med-Low Density Res (4 du/ac),Single-Family Residential,Low,Vacant Land,Meridian,Low Density Residential,Low-Density Residential (planned),single-family oriented,2.538,0.705,394,1.48,1,43.573906,-116.405062,13.4,LOT 1 BLK 3 KENTUCKY RIDGE ESTATES SUB #98040234 #97009343
S1124336155,2680 S MAPLE GROVE RD,3N 1E 24,3.3978,3.42,,City of Boise,R-1C,Boise Single-Family (compact),Single-Family Residential,Low,Vacant Land,Boise,Industrial,Industrial,non-residential,3.511,0.514,205,3.4,1,43.578895,-116.293075,13.4,PAR #6155 POR SW4SW4 SEC 24 3N 1E PAR B ROS 15175 #336001-S #336051-S
S1212438750,W FRANKLIN RD,3N 1W 12,1.0102,1.01,528000,City of Meridian,I-L,Light Industrial,Industrial / Business Park,Low,Vacant Land,Meridian,General Industrial,General Industrial,non-residential,2.312,0.728,526,1.01,1,43.605153,-116.403327,13.4,PAR #8750 @ SW COR SW4SE4 SEC 12 3N 1W PARCEL A R/S 7414 #438401-S
R0476000280,5701 S SUBLIMITY AVE,APEX NORTHWEST SUB NO 06,1.0836,1.085,,City of Meridian,R-2,Two-Family / Low-Density,Single-Family Residential,Low,Vacant Land,Meridian,Low Density Residential,Low-Density Residential (planned),single-family oriented,2.957,0.725,311,2.2,2,43.552861,-116.38498,13.3,LOT 08 BLK 14 APEX NORTHWEST SUB NO 06
R1294360250,9800 W MOSSY CUP ST,CAROLINA PLACE SUB NO 02,2.1845,2.174,0,City of Boise,R-1B,Boise Single-Family (medium lot),Single-Family Residential,Low,Vacant Land,Boise,Suburban,Suburban Residential,single-family oriented,2.946,0.167,313,2.18,1,43.578606,-116.304953,13.3,LOT 7 BLK 7 CAROLINA PLACE #2 SUB #98059119
R1573670190,9249 W EMERALD ST,CORPORATE CENTER NO 01,1.1142,1.11,580200,City of Boise,I-1,Boise Industrial (light),Industrial / Business Park,Low,Vacant Land,Boise,Industrial,Industrial,non-residential,3.429,0.705,221,3.15,3,43.610354,-116.297247,13.3,LOT 2 BLK 2 CORPORATE CENTER NO 01
R7533620200,6020 S APSLEY WAY,ROCKHAMPTON SUB NO 16,2.6787,2.681,0,Ada County,R6,County Residential R6,Two-Family / Low-Density Residential,Low,Vacant Land,Boise,Suburban,Suburban Residential,single-family oriented,3.206,0.624,250,2.68,1,43.548507,-116.338294,13.3,LOT 01 BLK 34 ROCKHAMPTON SUB NO 16
S0434438850,3680 W USTICK RD,4N 1W 34,6.1269,6.388,0,City of Meridian,C-N,Neighborhood Business,Commercial,Low,Vacant Land,Meridian,MU-NR,Mixed Use – Non-Residential,non-residential,4.924,0.729,132,6.13,1,43.634603,-116.43971,13.3,PAR #8850 NEAR SE COR SW4 SEC 34  4N 1W PARCEL B R/S 6018 #438800-S #449603-B
R0476000260,5743 S SUBLIMITY AVE,APEX NORTHWEST SUB NO 06,1.112,1.113,,City of Meridian,R-2,Two-Family / Low-Density,Single-Family Residential,Low,Vacant Land,Meridian,Low Density Residential,Low-Density Residential (planned),single-family oriented,2.984,0.703,311,2.2,2,43.552411,-116.384884,13.2,LOT 07 BLK 14 APEX NORTHWEST SUB NO 06
R1171020093,W LYLE ST,HARVEY BURNETT ACREAGES SUB NO 03,1.6387,1.643,131600,Ada County,R2,R2,Single-Family Residential,Low,Vacant Land,Boise,Large Lot/Rural,Large Lot / Rural,low-density / rural,3.353,0.649,237,2.87,2,43.570434,-116.300821,13.2,PAR #0093 OF N'LY POR LOT 9 HARVEY BURNETT ACREAGES SUB NO 3 #0095-S
R1573670180,9195 W EMERALD ST,CORPORATE CENTER NO 01,1.0191,1.02,533200,City of Boise,I-1,Boise Industrial (light),Industrial / Business Park,Low,Vacant Land,Boise,Industrial,Industrial,non-residential,3.461,0.692,221,3.15,3,43.610578,-116.296674,13.2,LOT 1 BLK 2 CORPORATE CENTER NO 01
R8039170340,11681 W FENCHURCH ST,SONATA HILLS SUB,1.6817,1.683,0,Ada County,R6,County Residential R6,Two-Family / Low-Density Residential,Low,Vacant Land,Boise,Suburban,Suburban Residential,single-family oriented,2.753,0.541,358,1.68,1,43.560124,-116.327767,13.2,LOT 14 BLK 03 SONATA HILLS SUB
R0988260290,S GRAPHITE WAY,BLACKROCK SUB NO 01,1.7368,1.738,0,City of Meridian,R-4,Meridian Med-Low Density Res (4 du/ac),Single-Family Residential,Low,Vacant Land,Meridian,Low Density Residential,Low-Density Residential (planned),single-family oriented,2.797,0.189,354,1.74,1,43.551687,-116.366949,13.1,LOT 05 BLK 02 BLACKROCK SUB NO 01
R1171010207,9411 W WRIGHT ST,HARVEY BURNETT ACREAGES SUB NO 02,1.2298,1.239,115900,Ada County,R2,R2,Single-Family Residential,Low,Vacant Land,Boise,Large Lot/Rural,Large Lot / Rural,low-density / rural,3.369,0.437,237,2.87,2,43.571402,-116.299831,13.1,PAR#0097 OF S'LY POR LOT 8 BLK 2 HARVEY BURNETT ACREAGE SUB NO 02 #0200-B
R9525350200,E MCMILLAN RD,WOODLAND SPRINGS SUB NO 01,1.1833,1.184,0,City of Meridian,C-N,Neighborhood Business,Commercial,Low,Vacant Land,Meridian,Commercial,Commercial,non-residential (MF only if mixed),3.993,0.237,184,4.1,2,43.64901,-116.373423,13.1,LOT 02  BLK 01 WOODLAND SPRINGS SUB #1
R0843730140,1116 W TAYLOR AVE,BAYSIDE TAYLOR COMMERCE PARK SUB,1.1337,1.142,597000,City of Meridian,I-L,Light Industrial,Industrial / Business Park,Low,Vacant Land,Meridian,General Industrial,General Industrial,non-residential,2.575,0.778,472,1.13,1,43.608495,-116.406987,13.0,LOT 14 BLK 1 BAYSIDE TAYLOR COMMERCE PARK
R4882830480,W RIODOSA CT,KENTUCKY RIDGE ESTATES SUB NO 03,1.3317,1.332,0,City of Meridian,R-4,Meridian Med-Low Density Res (4 du/ac),Single-Family Residential,Low,Vacant Land,Meridian,Low Density Residential,Low-Density Residential (planned),single-family oriented,2.664,0.266,426,1.33,1,43.572759,-116.407057,13.0,LOT 23 BLK 05 KENTUCKY RIDGE ESTATES #3
R7533670020,6065 S CLOVERDALE RD,ROCKHAMPTON SUB NO 20,1.1082,1.106,433600,Ada County,LO,County Limited Office,Office,Low,Vacant Land,Boise,Commercial,Commercial,non-residential (MF only if mixed),3.304,0.801,256,2.6,2,43.547948,-116.334964,13.0,LOT 24  BLK 36 ROCKHAMPTON SUB NO 20
R9313404030,10830 W EXECUTIVE DR,WEST BOISE INDUSTRIAL PARK NO 06,1.0733,1.075,561900,City of Boise,I-1,Boise Industrial (light),Industrial / Business Park,Low,Vacant Land,Boise,Industrial,Industrial,non-residential,2.546,0.593,494,1.07,1,43.610576,-116.316975,13.0,LOT 21 BLK 5 WEST BOISE INDUSTRIAL PARK #6
S0529336230,N LOCUST GROVE RD,4N 1E 29,2.9119,2.918,1334600,City of Meridian,C-N,Neighborhood Business,Commercial,Low,Vacant Land,Meridian,Commercial,Commercial,non-residential (MF only if mixed),4.053,0.653,184,4.1,2,43.649881,-116.373469,13.0,PAR #6230 OF SW4SW4 SEC 29 4N 1E #336225-B
R1573670105,9352 W EMERALD ST,CORPORATE CENTER NO 01,2.5475,2.55,994100,City of Boise,I-1,Boise Industrial (light),Industrial / Business Park,Low,Vacant Land,Boise,Industrial,Industrial,non-residential,3.323,0.253,268,2.55,1,43.611033,-116.299916,12.9,PAR #0105 OF LOT 9 BLK 1 CORPORATE CENTER NO 01 LOT 9 R/S 2512 #0100-S
R2191000040,W EGGERS PL,EGGERS SUB,1.0152,1.015,269500,Ada County,R1,County Residential R1,Single-Family Residential,Low,Vacant Land,Meridian,Low Density Residential,Low-Density Residential (planned),single-family oriented,2.572,0.763,523,1.02,1,43.57972,-116.409417,12.9,LOT 8 BLK 1 EGGERS SUB
R5125250060,W LAKE HAZEL RD,LAKE HAZEL ESTATES,3.3989,3.4,108800,City of Meridian,R-4,Meridian Med-Low Density Res (4 du/ac),Single-Family Residential,Low,Vacant Land,Meridian,Low Density Residential,Low-Density Residential (planned),single-family oriented,3.759,0.541,204,3.4,1,43.545776,-116.400638,12.9,PAR #0060 OF LOT 3 LAKE HAZEL ESTATES #96002625 #96002624
R5710410200,10040 W QUAILSTONE ST,MILLCREEK SUB NO 01,1.2692,1.271,0,City of Boise,R-1B,Boise Single-Family (medium lot),Single-Family Residential,Low,Vacant Land,Boise,Suburban,Suburban Residential,single-family oriented,2.697,0.852,441,1.27,1,43.589313,-116.307102,12.9,LOT 1 BLK 2 MILLCREEK SUB NO 01 #95026551
R7533670030,12200 W LAKE HAZEL RD,ROCKHAMPTON SUB NO 20,1.4961,1.495,781500,Ada County,C1,County Neighborhood Commercial,Commercial,Low,Vacant Land,Boise,Commercial,Commercial,non-residential (MF only if mixed),3.348,0.74,256,2.6,2,43.547271,-116.334964,12.9,LOT 25  BLK 36 ROCKHAMPTON SUB NO 20
S1226110550,3525 S LINDER RD,3N 1W 26,1.9023,2,67500,Ada County,RUT,County Rural-Urban Transition,Agricultural / Rural,Low,Vacant Land,Meridian,Low Density Residential,Low-Density Residential (planned),single-family oriented,3.011,0.585,338,1.9,1,43.572641,-116.41481,12.9,PAR #0550 OF NE4NE4 SEC 26 3N 1W #8629099
R8039190150,4700 S WAKES PL,SONATA HILLS SUB NO 03,1.5869,1.589,0,Ada County,R6,County Residential R6,Two-Family / Low-Density Residential,Low,Vacant Land,Boise,Suburban,Suburban Residential,single-family oriented,2.886,0.585,371,1.59,1,43.560461,-116.32296,12.8,LOT 16  BLK 09 SONATA HILLS SUB #3
R0953780420,1012 W SMOKEY LAKE CT,BILTMORE ESTATES SUB NO 04,1.056,1.057,407900,City of Meridian,R-4,Meridian Med-Low Density Res (4 du/ac),Single-Family Residential,Low,Vacant Land,Meridian,Low Density Residential,Low-Density Residential (planned),single-family oriented,2.699,0.749,501,1.06,1,43.571771,-116.40706,12.7,LOT 11 BLK 07 BILTMORE ESTATES SUB NO 04
R1573680384,10096 W EMERALD ST,CORPORATE CENTER NO 02,1.567,1.545,807600,City of Boise,I-1,Boise Industrial (light),Industrial / Business Park,Low,Vacant Land,Boise,Industrial,Industrial,non-residential,2.943,0.787,379,1.57,1,43.610378,-116.307846,12.7,PAR #0384 LOTS 14-15 BLK 03 CORPORATE CENTER NO 02 PARCEL A R/S 8309 #0402-B #03
R5211710710,9705 W WICHITA ST,LEOS ROSECREEK SUB NO 02,1.549,1.551,0,City of Boise,R-1B,Boise Single-Family (medium lot),Single-Family Residential,Low,Vacant Land,Boise,Suburban,Suburban Residential,single-family oriented,2.97,0.36,385,1.55,1,43.585961,-116.302107,12.6,LOT 16 BLK 05 LEO'S ROSECREEK SUB NO 2 #99098308
R9318750010,13759 W WAINWRIGHT DR,WESTCHESTER PLACE SUB NO 01,1.2275,1.23,0,City of Boise,R-1C,Boise Single-Family (compact),Single-Family Residential,Low,Vacant Land,Boise,Suburban,Suburban Residential,single-family oriented,3.437,0.534,281,2.44,2,43.641378,-116.353357,12.6,LOT 1 BLK 1 WESTCHESTER PLACE SUB #1 #99032204
S1127141810,3551 S FIVE MILE RD,3N 1E 27,1.0665,1.075,104400,Ada County,R2,R2,Single-Family Residential,Low,Vacant Land,Boise,Suburban,Suburban Residential,single-family oriented,2.729,0.65,497,1.07,1,43.570671,-116.314928,12.6,PAR #1810 @ E SIDE SE4NE4 SEC 27 3N 1E #1418005-B
R1581200000,4915 W VALLE GRANDE DR,COUNTRY VILLA ESTATES SUB,5.0904,5.05,806800,Ada County,RUT,County Rural-Urban Transition,Agricultural / Rural,Low,Vacant Land,Meridian,Low Density Residential,Low-Density Residential (planned),single-family oriented,4.8,0.634,151,5.09,1,43.580013,-116.455365,12.5,LOT 1 COUNTRY VILLA EST SUB
R5199250580,13206 W REDWICK DR,LEGENDS SUB NO 01,1.6872,1.689,0,City of Boise,R-1C,Boise Single-Family (compact),Single-Family Residential,Low,Vacant Land,Boise,Suburban,Suburban Residential,single-family oriented,4.108,0.39,197,3.69,2,43.650508,-116.346773,12.5,LOT 23 BLK 3 LEGENDS SUB #1 THE #96038497
R9318750030,13758 W WAINWRIGHT DR,WESTCHESTER PLACE SUB NO 01,1.2075,1.215,0,City of Boise,R-1C,Boise Single-Family (compact),Single-Family Residential,Low,Vacant Land,Boise,Suburban,Suburban Residential,single-family oriented,3.466,0.324,281,2.44,2,43.641782,-116.353134,12.5,LOT 1 BLK 3 WESTCHESTER PLACE SUB #1 #99042204
S1125110310,3299 S MAVERICK LN,3N 1E 25,3.253,3.23,125800,Ada County,RUT,County Rural-Urban Transition,Agricultural / Rural,Low,Vacant Land,Boise,Suburban,Suburban Residential,single-family oriented,4.419,0.364,173,4.36,2,43.573049,-116.276524,12.5,PAR #0310 OF NE4 SEC 25 3N 1E #8966132
R5710411180,1730 S COTTERELL WAY,MILLCREEK SUB NO 01,1.3876,1.387,0,City of Boise,R-1A,Boise Single-Family (large lot),Single-Family Residential,Low,Vacant Land,Boise,Suburban,Suburban Residential,single-family oriented,2.995,0.922,413,1.39,1,43.588458,-116.30123,12.4,LOT 1 BLK 7 MILLCREEK SUB NO 01 #95026551
R1573670022,9704 W EMERALD ST,CORPORATE CENTER NO 01,1.6265,1.632,853100,City of Boise,I-1,Boise Industrial (light),Industrial / Business Park,Low,Vacant Land,Boise,Industrial,Industrial,non-residential,3.159,0.777,366,1.63,1,43.610131,-116.302948,12.3,LOT 2 & E'LY POR LOT 1 BLK 1 CORPORATE CENTER NO 01 PARCEL 2 R/S 3513 #0012C #00
R5199260105,13203 W PALA MESA DR,LEGENDS SUB NO 02,2.0039,2,0,City of Boise,R-1C,Boise Single-Family (compact),Single-Family Residential,Low,Vacant Land,Boise,Suburban,Suburban Residential,single-family oriented,4.2,0.398,197,3.69,2,43.651877,-116.346906,12.3,PAR #0105 OF LOT 24 BLK 3 LEGENDS SUB #2 THE #0100-B
S1125110115,3345 S COLE RD,3N 1E 25,1.1054,1.107,,Ada County,R6,County Residential R6,Two-Family / Low-Density Residential,Low,Vacant Land,Boise,Suburban,Suburban Residential,single-family oriented,4.517,0.638,173,4.36,2,43.572207,-116.274842,12.3,PAR #0115 POR SE4NE4NE4 SEC 25 3N 1E PAR A ROS 14611 #110100-C #110107-C
S1104212415,3955 E USTICK RD,3N 1E 04,1.2335,1.221,0,City of Meridian,R-4,Meridian Med-Low Density Res (4 du/ac),Single-Family Residential,Low,Vacant Land,Meridian,Low Density Residential,Low-Density Residential (planned),single-family oriented,2.973,0.771,452,1.23,1,43.633354,-116.344803,12.3,PAR #2415 @ NE COR NE4NW4 SEC 4 3N 1E #212410-B
R1386900153,1627 N LINDER RD,CHERRY CROSSING SUB,1.8082,1.81,1655700,City of Meridian,C-N,Neighborhood Business,Commercial,Low,Vacant Land,Meridian,Commercial,Commercial,non-residential (MF only if mixed),3.289,0.797,345,1.81,1,43.619678,-116.414291,12.2,PAR #0153 OF LOTS 13-15 BLK 01 CHERRY CROSSING SUB #0130-B #0140-B #0152-B
S1401223400,6514 S MAPLE GROVE RD,2N 1E 01,4.6955,4.68,0,Ada County,RSW,County Residential (subdivision),Single-Family Residential,Low,Vacant Land,Boise,Office,Office,non-residential (MF only if mixed),4.771,0.701,160,4.7,1,43.543505,-116.292947,12.2,PAR #3400 OF NW4NW4 SEC 1 2N 1E #897181
R0548010358,W ASPEN COVE DR,ASPEN COVE SUB BLOCKS 3 4 AND 5,1.3066,1.308,0,Ada County,R1,County Residential R1,Single-Family Residential,Low,Vacant Land,Meridian,Low Density Residential,Low-Density Residential (planned),single-family oriented,3.117,0.478,431,1.31,1,43.581226,-116.421383,12.1,"PAR #0358 OF LOT 01 BLK 05 ASPEN COVE BLKS 3, 4 & 5 #0356-C S1223428005-S"
R1573670065,9544 W EMERALD ST,CORPORATE CENTER NO 01,1.605,1.606,0,City of Boise,I-1,Boise Industrial (light),Industrial / Business Park,Low,Vacant Land,Boise,Industrial,Industrial,non-residential,3.248,0.678,368,1.6,1,43.610131,-116.301023,12.1,"PAR #0065 OF LOTS 5,6,&9 BLK 1 CORPORATE CENTER NO 01 PARCEL B ROS 11324 #0052-S"
R1573680450,9944 W EMERALD ST,CORPORATE CENTER NO 02,1.0578,1.06,554100,City of Boise,I-1,Boise Industrial (light),Industrial / Business Park,Low,Vacant Land,Boise,Industrial,Industrial,non-residential,3.02,0.693,500,1.06,1,43.610145,-116.306008,12.0,LOT 19 BLK 3 CORPORATE CENTER #2
R0607040160,14400 W TALON CREEK DR,AUSTIN CREEK SUB NO 04,3.6015,3.603,0,City of Boise,R-1B,Boise Single-Family (medium lot),Single-Family Residential,Low,Vacant Land,Boise,Suburban,Suburban Residential,single-family oriented,4.354,0.405,201,3.6,1,43.654941,-116.362654,11.9,LOT 05 BLK 11 AUSTIN CREEK SUB NO 04
R8222920120,W THUNDER MOUNTAIN DR,SUNSET RIM SUB NO 12,1.6623,1.663,0,Ada County,R6,County Residential R6,Two-Family / Low-Density Residential,Low,Vacant Land,Boise,Suburban,Suburban Residential,single-family oriented,3.982,0.243,243,2.77,2,43.565153,-116.290423,11.8,LOT 44 BLK 05 SUNSET RIM SUB #12 #99053453
R8222930010,S CHOCTAW WAY,SUNSET RIM SUB NO 13,1.1054,1.107,0,Ada County,R6,County Residential R6,Two-Family / Low-Density Residential,Low,Vacant Land,Boise,Suburban,Suburban Residential,single-family oriented,3.973,0.342,243,2.77,2,43.56441,-116.291197,11.8,LOT 45 BLK 05 SUNSET RIM SUB NO 13
S1124212521,8303 W VINCENT ST,3N 1E 24,2.4299,2.425,1056300,City of Boise,A-1,Boise Open Land/Airport-Ag,Agricultural / Rural,Low,Vacant Land,Boise,Commercial,Commercial,non-residential (MF only if mixed),3.813,0.778,283,2.43,1,43.586885,-116.28501,11.8,PAR #2521 @ SE COR OF NE4NW4 EXC R/W SEC 24 3N 1E #212520-B
S1126244295,9900 W SENECA DR,3N 1E 26,1.0365,1.05,47000,Ada County,RSW,County Residential (subdivision),Single-Family Residential,Low,Vacant Land,Boise,Large Lot/Rural,Large Lot / Rural,low-density / rural,3.139,0.785,515,1.04,1,43.56976,-116.306131,11.8,PAR #4295 OF SE4NW4 SEC 26 3N 1E #244300-S #9018729
R6744110150,2365 S KIMBALL ST,OVERLAND HEIGHTS ACRES UNIT NO 02,1.0063,1,45000,City of Boise,R-1A,Boise Single-Family (large lot),Single-Family Residential,Low,Vacant Land,Boise,Suburban,Suburban Residential,single-family oriented,3.175,0.706,533,1.01,1,43.58132,-116.299151,11.7,S150' OF LOTS 6 & 7 BLK 3 OVERLAND HEIGHTS ACRES #2 #0145 S
R6934730170,W JARVIS CT,PATRIOT RIDGE ESTATES,2.411,2.42,104000,Ada County,RUT,County Rural-Urban Transition,Agricultural / Rural,Low,Vacant Land,,,(no FLU),n/a,3.877,0.681,286,2.41,1,43.555236,-116.419476,11.7,LOT 15 BLK 1 PATRIOT RIDGE ESTATES #97024196
R2918430082,9320 W FRANKLIN RD,FRANKLIN BUSINESS PARK,1.0417,1.04,494100,City of Boise,I-1,Boise Industrial (light),Industrial / Business Park,Low,Vacant Land,Boise,Industrial,Industrial,non-residential,3.29,0.722,507,1.04,1,43.605441,-116.297833,11.5,LOT 8 EXC R/W FRANKLIN BUSINESS PARK #0080 B
S1201314801,NW 11TH AVE,3N 1W 01,1.1226,1.124,,City of Meridian,R-4,Meridian Med-Low Density Res (4 du/ac),Single-Family Residential,Low,Vacant Land,Meridian,Civic,Civic,institutional,3.301,0.236,475,1.12,1,43.626425,-116.406542,11.5,PAR #4801 POR FIVEMILE CREEK SEC 01 3N 1W
S1202438802,2150 W CHERRY LN,3N 1W 02,1.487,1.481,0,City of Meridian,L-O,Limited Office,Office,Low,Vacant Land,Meridian,Office,Office,non-residential (MF only if mixed),3.502,0.698,391,1.49,1,43.619557,-116.419576,11.5,PAR #8802 OF SW4SE4 SEC 2 3N 1W #438800-B
S1124131281,2101 S SATURN WAY,3N 1E 24,2.5578,2.562,1116000,City of Boise,I-1,Boise Industrial (light),Industrial / Business Park,Low,Vacant Land,Boise,Industrial,Industrial,non-residential,4.063,0.619,266,2.56,1,43.583937,-116.280445,11.4,PAR #1281 NEAR SE COR SW4NE4 SEC 24 3N 1E PARCEL 2 R/S 3575 EXC R/W #131280-B
R5120006837,12050 W LAKE HAZEL RD,LA GRANGE SUB,1.0936,1.096,262900,Ada County,C1,County Neighborhood Commercial,Commercial,Low,Vacant Land,Boise,Commercial,Commercial,non-residential (MF only if mixed),3.388,0.562,486,1.09,1,43.547218,-116.333108,11.3,PAR #6835 OF LOT 3 BLK 8 LA GRANGE SUB #6834-B
R0607030400,5251 N ICE SPRINGS WAY,AUSTIN CREEK SUB NO 03,2.6021,2.604,0,City of Boise,R-1B,Boise Single-Family (medium lot),Single-Family Residential,Low,Vacant Land,Boise,Suburban,Suburban Residential,single-family oriented,4.176,0.726,257,2.6,1,43.652334,-116.363752,11.2,LOT 08 BLK 09 AUSTIN CREEK SUB NO 03
R8954140010,2645 S SATURN WAY,VALA HALA INDUSTRIAL PARK NO 05,1.0634,1.06,507900,City of Boise,I-1,Boise Industrial (light),Industrial / Business Park,Low,Vacant Land,Boise,Industrial,Industrial,non-residential,3.961,0.29,321,2.12,2,43.579563,-116.283599,11.2,LOT 53 BLK 1 VALA HALA INDUSTRIAL PARK NO 5
R9473780380,9201 W SAGEBRUSH DR,WINTERS RUN SUB NO 01,2.8574,2.86,0,Ada County,R4,R4,Single-Family Residential,Low,Vacant Land,Boise,Suburban,Suburban Residential,single-family oriented,4.318,0.415,239,2.86,1,43.549774,-116.297206,11.2,LOT 01 BLK 08 WINTERS RUN SUB NO 01
R8954140020,2659 S SATURN WAY,VALA HALA INDUSTRIAL PARK NO 05,1.0536,1.05,503100,City of Boise,I-1,Boise Industrial (light),Industrial / Business Park,Low,Vacant Land,Boise,Industrial,Industrial,non-residential,3.99,0.349,321,2.12,2,43.579065,-116.28316,11.1,LOT 54 BLK 1 VALA HALA INDUSTRIAL PARK NO 5
R1079900010,W BELLTOWER DR,BRIDGETOWER CROSSING SUB NO 06,3.7282,3.731,0,City of Meridian,R-4,Meridian Med-Low Density Res (4 du/ac),Single-Family Residential,Low,Vacant Land,Meridian,Low Density Residential,Low-Density Residential (planned),single-family oriented,4.861,0.213,195,3.73,1,43.643681,-116.426718,11.0,LOT 02 BLK 13 BRIDGETOWER CROSSING SUB NO 06
R6934730020,S LINDER RD,PATRIOT RIDGE ESTATES,1.3483,1.35,63000,City of Kuna,A,Agricultural,Agricultural / Rural,Low,Vacant Land,Ada County,Incorporated Cities and Areas of City Impact,City Impact Area,see city plan,3.7,0.423,423,1.35,1,43.554883,-116.414241,10.9,LOT 2 BLK 1 PATRIOT RIDGE ESTATES
R8792620880,12565 W ORION GREENS ST,UMPQUA SUB NO 02,1.7803,1.782,0,Ada County,R4,R4,Single-Family Residential,Low,Vacant Land,Boise,Suburban,Suburban Residential,single-family oriented,3.935,0.25,352,1.78,1,43.537321,-116.338572,10.9,LOT 19 BLK 09 UMPQUA SUB NO 02
R2910520200,10400 W FOX RIDGE DR,FOX RIDGE ESTATES SUB NO 03,3.3625,3.368,0,Ada County,R2,R2,Single-Family Residential,Low,Vacant Land,Boise,Suburban,Suburban Residential,single-family oriented,4.763,0.289,208,3.36,1,43.532647,-116.312337,10.8,LOT C BLK 7 FOX RIDGE ESTATES SUB #3 #96057511
R5147490150,N LARKWOOD PL,LARKWOOD SUB,1.116,1.13,62800,Ada County,RUT,County Rural-Urban Transition,Agricultural / Rural,Low,Vacant Land,Meridian,Low Density Residential,Low-Density Residential (planned),single-family oriented,4.388,0.724,272,2.53,2,43.653672,-116.381457,10.8,LOT 15 BLK 1 LARKWOOD SUB #98043827 #94093640 #94093639
R5433780290,W HARTFORD DR,MADISON PARK SUB NO 03,1.1565,1.158,0,City of Boise,R-1B,Boise Single-Family (medium lot),Single-Family Residential,Low,Vacant Land,Boise,Suburban,Suburban Residential,single-family oriented,3.667,0.24,467,1.16,1,43.644967,-116.358173,10.8,LOT 06 BLK 08 MADISON PARK SUB NO 03 #98118796 #98118795
R9025670200,N DEBUSSY WAY,VIENNA WOODS SUB NO 03,2.4097,2.41,0,City of Meridian,R-4,Meridian Med-Low Density Res (4 du/ac),Single-Family Residential,Low,Vacant Land,Meridian,Low Density Residential,Low-Density Residential (planned),single-family oriented,4.298,0.774,287,2.41,1,43.653806,-116.36981,10.8,LOT 01 BLK 09 VIENNA WOODS SUB NO 03
R1171020156,3745 S MAPLE GROVE RD,HARVEY BURNETT ACREAGES SUB NO 03,1.0292,1.03,,Ada County,R1,County Residential R1,Single-Family Residential,Low,Vacant Land,Boise,Large Lot/Rural,Large Lot / Rural,low-density / rural,3.67,0.759,520,1.03,1,43.569085,-116.294693,10.7,LOT 15 EXC ROW HARVEY BURNETT ACREAGES SUB NO #0155-B
R1607690440,3520 S LOWER FORK WAY,CREEKWOOD SUB,2.6362,2.638,0,Ada County,R4,R4,Single-Family Residential,Low,Vacant Land,Boise,Suburban,Suburban Residential,single-family oriented,4.479,0.164,253,2.64,1,43.569888,-116.276718,10.7,LOT 23 BLK 03 CREEKWOOD SUB
R3610220090,6892 S CLOVERDALE RD,HIDDEN VALLEY ESTATES NO 03,1.3263,1.32,48800,Ada County,R1,County Residential R1,Single-Family Residential,Low,Vacant Land,Boise,Suburban,Suburban Residential,single-family oriented,3.805,0.782,427,1.33,1,43.540469,-116.333832,10.7,PAR #0090 OF LOT 18 BLK 4 HIDDEN VALLEY EST 3 #8053304
R5147490180,N LARKWOOD PL,LARKWOOD SUB,1.412,1.43,79100,Ada County,RUT,County Rural-Urban Transition,Agricultural / Rural,Low,Vacant Land,Meridian,Low Density Residential,Low-Density Residential (planned),single-family oriented,4.431,0.75,272,2.53,2,43.65433,-116.381353,10.7,LOT 18 BLK 1 LARKWOOD SUB #9362287 #96003106
R5147490315,4952 N LARKWOOD PL,LARKWOOD SUB,1.9005,1.9,,Ada County,RUT,County Rural-Urban Transition,Agricultural / Rural,Low,Vacant Land,Meridian,Low Density Residential,Low-Density Residential (planned),single-family oriented,4.111,0.694,339,1.9,1,43.649864,-116.379643,10.7,LOTS 9 & 10 BLK 2 LARKWOOD SUB ROS 15194 #0310-C #0320-C
R9023860070,2887 S VICTORY VIEW WAY,VIC PARK SUB NO 01,1.0081,1.009,527400,City of Boise,I-1,Boise Industrial (light),Industrial / Business Park,Low,Vacant Land,Boise,Industrial,Industrial,non-residential,3.663,0.771,529,1.01,1,43.576747,-116.29076,10.7,LOT 02 BLK 02 VIC PARK SUB NO 01
R1333210130,N SUMMIT WAY,CEDAR SPRINGS SUB NO 05,2.0457,2.048,0,City of Meridian,L-O,Limited Office,Office,Low,Vacant Land,Meridian,Office,Office,non-residential (MF only if mixed),4.339,0.162,328,2.05,1,43.64727,-116.401882,10.4,LOT 14 BLK 37 CEDAR SPRINGS SUB NO 05
R1487750310,E PEACH SPRINGS ST,COBRE BASIN SUB NO 04,1.3818,1.383,0,City of Meridian,R-4,Meridian Med-Low Density Res (4 du/ac),Single-Family Residential,Low,Vacant Land,Meridian,Low Density Residential,Low-Density Residential (planned),single-family oriented,4.023,0.38,418,1.38,1,43.647131,-116.38649,10.3,LOT 01 BLK 19 COBRE BASIN SUB NO 04
R3046500271,1630 N MAPLE GROVE RD,GARVERDALE SUB,1.0876,1.091,0,City of Boise,R-1C,Boise Single-Family (compact),Single-Family Residential,Low,Vacant Land,Boise,Suburban,Suburban Residential,single-family oriented,3.894,0.779,489,1.09,1,43.620228,-116.293568,10.3,PAR #0271 OF LOTS 1 & 2 GARVERDALE SUB EXC R/W #0270-B
R1293320110,7941 S RAFAEL WAY,CARMICHAEL SUB NO 02,2.3657,2.372,0,Ada County,R4,R4,Single-Family Residential,Low,Vacant Land,Boise,Suburban,Suburban Residential,single-family oriented,4.573,0.425,293,2.37,1,43.529936,-116.328915,10.2,LOT 16 BLK 03 CARMICHAEL SUB NO 02
R6052960080,S MAPLE GROVE RD,NEW YORK LANDING SUB,1.303,1.304,0,Ada County,R6,County Residential R6,Two-Family / Low-Density Residential,Low,Vacant Land,Boise,Suburban,Suburban Residential,single-family oriented,4.043,0.171,432,1.3,1,43.56137,-116.291993,10.2,LOT 08 BLK 01 NEW YORK LANDING SUB
R3610200070,7080 S CLOVERDALE RD,HIDDEN VALLEY ESTATES NO 01,1.0313,1.03,263400,Ada County,R1,County Residential R1,Single-Family Residential,Low,Vacant Land,Boise,Suburban,Suburban Residential,single-family oriented,3.954,0.698,518,1.03,1,43.53821,-116.333654,10.1,LOT 3 BLK 2 HIDDEN VALLEY ESTATES 1
R1016100200,8027 S CLOVERDALE RD,BOLD ESTATES SUB,1.9966,1.999,273600,Ada County,R1,County Residential R1,Single-Family Residential,Low,Vacant Land,,,(no FLU),n/a,4.488,0.623,335,2.0,1,43.529675,-116.335309,10.0,LOT 02 BLK 01 BOLD ESTATES SUB
S0434417426,3915 N TEN MILE RD,4N 1W 34,2.9009,2.904,616400,City of Meridian,I-L,Light Industrial,Industrial / Business Park,Low,Vacant Land,Meridian,MU-NR,Mixed Use – Non-Residential,non-residential,4.954,0.781,234,2.9,1,43.639858,-116.43455,10.0,PAR #7426 OF NE4SE4 SEC 34 4N 1W #417425-B
S1007336231,W BETHEL ST,3N 2E 07,2.3519,2.262,985300,City of Boise,I-1,Boise Industrial (light),Industrial / Business Park,Low,Vacant Land,Boise,Industrial,Industrial,non-residential,4.673,0.764,296,2.35,1,43.606166,-116.269582,10.0,PAR #6231 OF SW4SW4 SEC 7 3N 2E #336230-B
S1301449020,7651 S MERIDIAN RD,2N 1W 01,1.4919,1.5,0,Ada County,RR,County Rural Residential,Agricultural / Rural,Low,Vacant Land,Ada County,Rural,Rural (county),low-density / rural,4.267,0.789,390,1.49,1,43.535246,-116.394693,10.0,PAR #9020 @ NE COR SE4SE4 SEC 1 2N 1W R/S 7193 #449110-S
R1079940230,W MCMILLAN RD,BRIDGETOWER CROSSING SUB NO 09,2.7762,2.779,0,City of Meridian,R-4,Meridian Med-Low Density Res (4 du/ac),Single-Family Residential,Low,Vacant Land,Meridian,Low Density Residential,Low-Density Residential (planned),single-family oriented,4.959,0.167,242,2.78,1,43.64791,-116.422947,9.9,LOT 74 BLK 13 BRIDGETOWER CROSSING SUB NO 09
R5199260260,13120 W PALA MESA DR,LEGENDS SUB NO 02,1.4366,1.439,0,City of Boise,R-1C,Boise Single-Family (compact),Single-Family Residential,Low,Vacant Land,Boise,Suburban,Suburban Residential,single-family oriented,4.28,0.248,405,1.44,1,43.652888,-116.345661,9.9,LOT 10 BLK 8 LEGENDS SUB #2 THE #97030180
R5793840321,6200 S MAPLE GROVE RD,MOONRIDGE SUB NO 12,2.2209,2.223,677800,Ada County,C1,County Neighborhood Commercial,Commercial,Low,Vacant Land,Boise,Office,Office,non-residential (MF only if mixed),4.641,0.707,307,2.22,1,43.54604,-116.293191,9.9,LOT 32 BLK 10 EXC ROW MOONRIDGE SUB NO 12 #0320-B
R8043260070,7235 W SORENSEN DR,A T SORENSEN SUB NO 02,1.0004,1,0,City of Boise,A-1,Boise Open Land/Airport-Ag,Agricultural / Rural,Low,Vacant Land,Boise,Large Lot/Rural,Large Lot / Rural,low-density / rural,4.616,0.736,334,2.0,2,43.573693,-116.272164,9.8,LOT 9 BLK 3 A T SORENSEN SUB NO 2
R8043260110,7250 W SORENSEN DR,A T SORENSEN SUB NO 02,1.001,1,0,City of Boise,A-1,Boise Open Land/Airport-Ag,Agricultural / Rural,Low,Vacant Land,Boise,Large Lot/Rural,Large Lot / Rural,low-density / rural,4.603,0.765,334,2.0,2,43.574544,-116.27209,9.8,LOT 7 BLK 4 A T SORENSEN SUB NO 2
S1030325538,7130 W MCGLOCHLIN ST,3N 2E 30,2.5012,2.5,400000,Ada County,RSW,County Residential (subdivision),Single-Family Residential,Low,Vacant Land,Boise,Large Lot/Rural,Large Lot / Rural,low-density / rural,4.875,0.77,273,2.5,1,43.566311,-116.270126,9.8,PAR #5538 OF NW4SW4 SEC 30 3N 2E #325555-S #97061168 #94082685
R2733060263,8200 W FAIRVIEW AVE,FAIRMONT PARK SUB NO 06,1.1649,1.167,965900,City of Boise,R-1C,Boise Single-Family (compact),Single-Family Residential,Low,Vacant Land,Boise,Suburban,Suburban Residential,single-family oriented,4.273,0.357,464,1.16,1,43.621272,-116.285684,9.6,LOT 1 BLK 17 FAIRMONT PARK #5 LOTS 2 - 5 INC & OF 6 BLK 17 FAIRMONT PARK SUB #6 
R8954120160,2958 S JUPITER AVE,VALA HALA INDUSTRIAL PARK NO 03,1.0397,1.04,543600,City of Boise,I-1,Boise Industrial (light),Industrial / Business Park,Low,Vacant Land,Boise,Industrial,Industrial,non-residential,4.21,0.775,512,1.04,1,43.576059,-116.279662,9.6,LOT 35 BLK 6 VALA HALA INDUSTRIAL PARK NO 3
R8048070044,2807 S COLE RD,SOUTH COLE BUSINESS PARK CONDO NO 01,1.3415,3.238,0,City of Boise,I-1,Boise Industrial (light),Industrial / Business Park,Low,Vacant Land,Boise,Industrial,Industrial,non-residential,4.4,0.425,425,1.34,1,43.577189,-116.275348,9.5,PAR #0044 OF LOT A SOUTH COLE BUSINESS PARK NO 01 #0042-B
R3719090121,6755 W VICTORY RD,HOME ACRES SUB NO 09,2.4227,2.425,0,City of Boise,I-1,Boise Industrial (light),Industrial / Business Park,Low,Vacant Land,Boise,Large Lot/Rural,Large Lot / Rural,low-density / rural,4.941,0.474,284,2.42,1,43.574247,-116.265215,9.5,PAR #0121 OF LOT 16 & LOT 05 EXC R/W HOME ACRES SUB NO 09 #0120-B  BK 299 PG 510
S1124417605,2660 S VALA HALA AVE,3N 1E 24,1.0401,1.04,543600,City of Boise,I-1,Boise Industrial (light),Industrial / Business Park,Low,Vacant Land,Boise,Industrial,Industrial,non-residential,4.269,0.465,510,1.04,1,43.578914,-116.277487,9.5,PAR #7605 OF SE4 SEC 24 3N 1E ADJ S COLE BUSINESS PARK #3  #97021848 #96088424 #
S1125346617,W THUNDER MOUNTAIN DR,3N 1E 25,1.0093,0.927,0,Ada County,R6,County Residential R6,Two-Family / Low-Density Residential,Low,Vacant Land,Boise,Suburban,Suburban Residential,single-family oriented,4.24,0.228,527,1.01,1,43.564678,-116.284983,9.5,PAR #6617 OF E2SW4 SEC 25 3N 1E #6616-B #97105177
R8442300090,8459 W CORY CT,THREE TREES SUB,1.2335,1.24,0,City of Boise,R-1C,Boise Single-Family (compact),Single-Family Residential,Low,Vacant Land,Boise,Suburban,Suburban Residential,single-family oriented,4.403,0.327,451,1.23,1,43.628019,-116.288328,9.4,LOT 9 THREE TREES SUB
S0526438405,9480 W MCMILLAN RD,4N 1E 26,2.1851,2.19,0,City of Boise,R-1C,Boise Single-Family (compact),Single-Family Residential,Low,Vacant Land,Boise,Suburban,Suburban Residential,single-family oriented,4.905,0.227,312,2.19,1,43.648691,-116.301984,9.4,PAR #8405 @ S SIDE SW4SE4 SEC 26 4N 1E #438400-B
S1216449020,W OVERLAND RD,3N 1W 16,2.1426,2.25,84900,Ada County,RUT,County Rural-Urban Transition,Agricultural / Rural,Low,Vacant Land,Meridian,Low Density Residential,Low-Density Residential (planned),single-family oriented,4.85,0.523,317,2.14,1,43.591037,-116.45778,9.4,PAR #9020 OF SE4 SEC 16 3N 1W #95039666
R1079980340,W MCMILLAN RD,BRIDGETOWER CROSSING SUB NO 12,1.7913,1.793,0,City of Meridian,R-4,Meridian Med-Low Density Res (4 du/ac),Single-Family Residential,Low,Vacant Land,Meridian,Low Density Residential,Low-Density Residential (planned),single-family oriented,4.808,0.186,351,1.79,1,43.648207,-116.417411,9.2,LOT 46 BLK 32 BRIDGETOWER CROSSING SUB NO 12
R1080070010,N TOWERBRIDGE WAY,BRIDGETOWER CROSSING SUB NO 17,1.3876,1.389,0,City of Meridian,R-4,Meridian Med-Low Density Res (4 du/ac),Single-Family Residential,Low,Vacant Land,Meridian,Low Density Residential,Low-Density Residential (planned),single-family oriented,4.583,0.525,412,1.39,1,43.640179,-116.423763,9.2,LOT 46 BLK 15 BRIDGETOWER CROSSING SUB NO 17
S1136110010,4601 S COLE RD,3N 1E 36,1.816,1.78,697800,Ada County,C1,County Neighborhood Commercial,Commercial,Low,Vacant Land,Boise,Suburban,Suburban Residential,single-family oriented,4.831,0.738,344,1.82,1,43.560443,-116.274705,9.2,PAR #0010 OF NE4NE4 SEC 36 3N 1E
R1966962100,E DUNWOODY CT,DUNWOODY SUB,1.0126,1.01,74600,Ada County,RUT,County Rural-Urban Transition,Agricultural / Rural,Low,Vacant Land,Meridian,Low Density Residential,Low-Density Residential (planned),single-family oriented,4.467,0.779,524,1.01,1,43.65639,-116.367911,9.1,LOT 21 BLK 1 DUNWOODY SUB
S1216438612,W VIEW PL,3N 1W 16,2.0047,2,76500,Ada County,RUT,County Rural-Urban Transition,Agricultural / Rural,Low,Vacant Land,Meridian,Low Density Residential,Low-Density Residential (planned),single-family oriented,4.935,0.619,332,2.0,1,43.592503,-116.45949,9.1,PAR #8612 OF SE4 SEC 16 3N 1W #438610 8600 C
R1966961700,1906 E DUNWOODY CT,DUNWOODY SUB,1.0743,1.07,77900,Ada County,RUT,County Rural-Urban Transition,Agricultural / Rural,Low,Vacant Land,Meridian,Low Density Residential,Low-Density Residential (planned),single-family oriented,4.538,0.791,493,1.07,1,43.657411,-116.367908,9.0,LOT 17 BLK 1 DUNWOODY SUB
S1401233660,6810 S MAPLE GROVE RD,2N 1E 01,1.7379,1.74,64900,Ada County,RSW,County Residential (subdivision),Single-Family Residential,Low,Vacant Land,Boise,Large Lot/Rural,Large Lot / Rural,low-density / rural,4.853,0.784,353,1.74,1,43.541323,-116.293658,9.0,PAR #3660 NW4 SEC 1 2N 1E #233650-B #9255741
R5680520030,7150 W VICTORY RD,MESSMER SUB,1.183,1.182,561900,City of Boise,I-1,Boise Industrial (light),Industrial / Business Park,Low,Vacant Land,Boise,Industrial,Industrial,non-residential,4.629,0.706,458,1.18,1,43.57623,-116.270963,8.9,LOT 03 BLK 01 MESSMER SUB
R7135690172,641 W COLUMBIA RD,POPPY FIELD SUB,1.1248,1.12,201700,Ada County,RR,County Rural Residential,Agricultural / Rural,Low,Vacant Land,,,(no FLU),n/a,4.648,0.365,474,1.12,1,43.531487,-116.401614,8.8,PAR #0172 NE'LY POR LT 13 BL 2 POPPY FIELD SUB R/S 7590 #0170-B
R0539006750,7696 W NORTHVIEW ST,ASH PARK SUB AMD,1.1763,1.174,0,City of Boise,R-1C,Boise Single-Family (compact),Single-Family Residential,Low,Vacant Land,Boise,Office,Office,non-residential (MF only if mixed),4.812,0.546,460,1.18,1,43.627523,-116.278205,8.6,PAR #6750 @ SE COR OF LOT 51 ASH PARK SUB AMD PARCEL C R/S 5831 #6700-B
R1083910110,14350 W BATTENBERG DR,BRISTOL HEIGHTS NO 16,1.0407,1.042,0,City of Boise,R-1C,Boise Single-Family (compact),Single-Family Residential,Low,Vacant Land,Boise,Suburban,Suburban Residential,single-family oriented,4.732,0.243,509,1.04,1,43.660417,-116.361244,8.6,LOT 22 BLK 18 BRISTOL HEIGHTS #16
S1203244500,N BLACK CAT RD,3N 1W 03,1.4578,1.42,0,City of Meridian,R-4,Meridian Med-Low Density Res (4 du/ac),Single-Family Residential,Low,Vacant Land,Meridian,Civic,Civic,institutional,4.929,0.724,399,1.46,1,43.627131,-116.446574,8.6,PAR #4500 OF SE4NW4 SEC 3 3N 1W #233825-S #95016892
R2910520290,10140 W FOX RIDGE DR,FOX RIDGE ESTATES SUB NO 03,1.0678,0.95,0,Ada County,R2,R2,Single-Family Residential,Low,Vacant Land,Boise,Suburban,Suburban Residential,single-family oriented,4.79,0.22,496,1.07,1,43.533466,-116.30947,8.5,LOT A BLK 9 FOX RIDGE ESTATES SUB #3 #96050090
R9323810210,W WESTVIEW DR,WESTVIEW SUB NO 02,1.0414,1.042,0,City of Boise,R-1C,Boise Single-Family (compact),Single-Family Residential,Low,Vacant Land,Boise,Suburban,Suburban Residential,single-family oriented,4.961,0.58,508,1.04,1,43.651623,-116.305737,8.1,LOT A BLK 1 WESTVIEW SUB #2
