{"type":"FeatureCollection","crs":{"type":"name","properties":{"name":"EPSG:4326"}},"features":[{"type":"Feature","geometry":{"type":"Polygon","coordinates":[[[-116.208489972264,43.5641911963609],[-116.207776038042,43.5641871995251],[-116.207153587584,43.5641838611135],[-116.20698382388,43.5641823106074],[-116.206995546175,43.5631131514615],[-116.206996126343,43.5630651454596],[-116.207003537168,43.5622989413653],[-116.208481356994,43.5628064930645],[-116.208484362452,43.563327150876],[-116.208489972264,43.5641911963609]]]},"properties":{"ACRES":5.412}},{"type":"Feature","geometry":{"type":"Polygon","coordinates":[[[-116.205366375003,43.5625430920412],[-116.205374467983,43.5617395109518],[-116.207003537168,43.5622989413653],[-116.206996126343,43.5630651454596],[-116.206995546175,43.5631131514615],[-116.20698382388,43.5641823106074],[-116.206814069253,43.5641819603548],[-116.20610390985,43.5641781098857],[-116.206116584379,43.5629831078959],[-116.205362114568,43.5629790866958],[-116.205365418691,43.5626665348037],[-116.205366375003,43.5625430920412]]]},"properties":{"ACRES":5.83}},{"type":"Feature","geometry":{"type":"Polygon","coordinates":[[[-116.203826321917,43.5625346434871],[-116.203827178421,43.5623974857896],[-116.203844467069,43.5623880360131],[-116.203859962174,43.5623770652275],[-116.203873413837,43.562364750817],[-116.203884602025,43.5623512916464],[-116.203893347705,43.5623369080164],[-116.203899506585,43.5623218317895],[-116.203902979033,43.5623063090497],[-116.203903710008,43.5622905911036],[-116.203901685336,43.5622749326955],[-116.203896940352,43.5622595892725],[-116.203889551176,43.5622448089202],[-116.20387963718,43.5622308314526],[-116.203867359723,43.5622178848174],[-116.203852918388,43.5622061779117],[-116.203836547266,43.5621959005961],[-116.203818511229,43.5621872219103],[-116.203799104621,43.5621802801784],[-116.203778642642,43.5621751893433],[-116.203757456341,43.5621720317864],[-116.203735888915,43.5621708592427],[-116.203745728479,43.5612198241429],[-116.204065936029,43.561289878955],[-116.2053744998,43.5617394631273],[-116.205366375003,43.5625430920412],[-116.203826321917,43.5625346434871]]]},"properties":{"ACRES":2.95}},{"type":"Feature","geometry":{"type":"Polygon","coordinates":[[[-116.202446594715,43.5644302267227],[-116.20244929515,43.564835689568],[-116.201545276836,43.564830883185],[-116.20154169012,43.5643506887372],[-116.202366911475,43.5643551409875],[-116.202381555037,43.5643566291714],[-116.20239563164,43.5643599195097],[-116.202408725959,43.5643649155508],[-116.202420448262,43.5643714676445],[-116.202430455527,43.5643793836581],[-116.202438448968,43.5643884289858],[-116.202444192674,43.5643983363747],[-116.202447518611,43.5644088131042],[-116.202448326685,43.5644195490858],[-116.202446594715,43.5644302267227]]]},"properties":{"ACRES":0.95}},{"type":"Feature","geometry":{"type":"Polygon","coordinates":[[[-116.253263232435,43.5797263129447],[-116.253548122679,43.579727630568],[-116.253547371983,43.5798639300504],[-116.253263232435,43.5797263129447]]]},"properties":{"ACRES":0.045}},{"type":"Feature","geometry":{"type":"Polygon","coordinates":[[[-116.253263232435,43.5797263129447],[-116.252507427157,43.5793603532192],[-116.252504544269,43.5790137109157],[-116.253548806345,43.5790173454086],[-116.253548122679,43.579727630568],[-116.253263232435,43.5797263129447]]]},"properties":{"ACRES":1.336}},{"type":"Feature","geometry":{"type":"Polygon","coordinates":[[[-116.252507427157,43.5793603532192],[-116.251785726756,43.5790110391219],[-116.252504544269,43.5790137109157],[-116.252507427157,43.5793603532192]]]},"properties":{"ACRES":0.276}},{"type":"Feature","geometry":{"type":"Polygon","coordinates":[[[-116.249887234219,43.577459409215],[-116.249887107254,43.5767599276702],[-116.25105678423,43.5767634207873],[-116.251056924393,43.5774628608682],[-116.249887234219,43.577459409215]]]},"properties":{"ACRES":1.84}},{"type":"Feature","geometry":{"type":"Polygon","coordinates":[[[-116.249886918037,43.5754121552445],[-116.250189163433,43.5754130075837],[-116.250541012937,43.5754390854682],[-116.250957692992,43.5754399629774],[-116.251057095345,43.5755113842243],[-116.251056783887,43.5767633793909],[-116.249887107254,43.5767599276702],[-116.249886918037,43.5754121552445]]]},"properties":{"ACRES":3.451}},{"type":"Feature","geometry":{"type":"Polygon","coordinates":[[[-116.248608895551,43.5767559546344],[-116.248604914468,43.5754648463555],[-116.248717385709,43.5754651603463],[-116.248804450689,43.575409163339],[-116.249886918045,43.5754121561445],[-116.249887107254,43.5767599276702],[-116.248608895551,43.5767559546344]]]},"properties":{"ACRES":3.753}},{"type":"Feature","geometry":{"type":"Polygon","coordinates":[[[-116.249887107254,43.5767599276702],[-116.249887234219,43.577459409215],[-116.24871642976,43.5774557704636],[-116.248622193473,43.577403348803],[-116.248610892652,43.5774034844854],[-116.248608895551,43.5767559546344],[-116.249887107254,43.5767599276702]]]},"properties":{"ACRES":1.954}},{"type":"Feature","geometry":{"type":"Polygon","coordinates":[[[-116.252298955801,43.5781614428476],[-116.252298601259,43.5788709545061],[-116.251839752311,43.5788706476868],[-116.251212445483,43.5785670444856],[-116.251212543989,43.5783777495618],[-116.251057215391,43.5783784304263],[-116.251057064969,43.57816234136],[-116.251057064192,43.5781595605058],[-116.252298955801,43.5781614428476]]]},"properties":{"ACRES":1.59}},{"type":"Feature","geometry":{"type":"Polygon","coordinates":[[[-116.253540982074,43.5760679913081],[-116.253540965633,43.5761138521467],[-116.253552284682,43.5761138544898],[-116.253549893398,43.5767707703526],[-116.253549631053,43.5770075656249],[-116.253023196673,43.5770074001167],[-116.253023757098,43.5760671039709],[-116.253540982074,43.5760679913081]]]},"properties":{"ACRES":1.1}},{"type":"Feature","geometry":{"type":"Polygon","coordinates":[[[-116.253540982074,43.5760679913081],[-116.253023757098,43.5760671039709],[-116.253023196673,43.5770074001167],[-116.25195933206,43.5770054604907],[-116.251569239888,43.576764961613],[-116.251132715275,43.5767636765501],[-116.251056783887,43.5767633793909],[-116.251057095345,43.5755113842243],[-116.251133056627,43.5755115948575],[-116.251211851412,43.575511812817],[-116.251315905825,43.5754160892275],[-116.253373176166,43.575421723457],[-116.253541176307,43.5755492298264],[-116.253540982074,43.5760679913081]]]},"properties":{"ACRES":7.2}},{"type":"Feature","geometry":{"type":"Polygon","coordinates":[[[-116.253549119519,43.5774702549396],[-116.252379429295,43.5774668287863],[-116.251056924393,43.5774628608682],[-116.251056783887,43.5767633793909],[-116.251132715275,43.5767636765501],[-116.251569239888,43.576764961613],[-116.25195933206,43.5770054604907],[-116.253023196673,43.5770074001167],[-116.253549631053,43.5770075656249],[-116.253549119519,43.5774702549396]]]},"properties":{"ACRES":2.913}},{"type":"Feature","geometry":{"type":"Polygon","coordinates":[[[-116.253549119519,43.5774702549396],[-116.253549204227,43.5778199955738],[-116.252379508662,43.5778167413395],[-116.25237958485,43.5781616537415],[-116.252298955801,43.5781614428476],[-116.251057064192,43.5781595605058],[-116.251056995152,43.5778126591697],[-116.251056939425,43.5775342406538],[-116.251056924393,43.5774628608682],[-116.252379429295,43.5774668287863],[-116.253549119519,43.5774702549396]]]},"properties":{"ACRES":2.958}},{"type":"Feature","geometry":{"type":"MultiPolygon","coordinates":[[[[-116.252375312814,43.5751152441064],[-116.252303571964,43.5751201121973],[-116.25223162489,43.5751229562518],[-116.252159580505,43.5751237730912],[-116.251366619464,43.575121590768],[-116.249963221495,43.5751657254688],[-116.24935008908,43.5751639917435],[-116.249130925368,43.5751348156123],[-116.249045145291,43.5751315227672],[-116.248959543848,43.5751263265744],[-116.248874200306,43.5751192311885],[-116.248789193949,43.5751102434635],[-116.248704606549,43.5750993711431],[-116.248620514944,43.5750866246927],[-116.248599379392,43.572212842285],[-116.248598261407,43.5720861794147],[-116.251511184014,43.5723001318393],[-116.252093524238,43.5723469509655],[-116.252329133919,43.5723622195711],[-116.25250077285,43.5723684633462],[-116.252744915941,43.5723651221206],[-116.252804258823,43.57235868206],[-116.252862633337,43.5723507055052],[-116.252921017063,43.5723410117663],[-116.252978424808,43.5723296114773],[-116.253034897353,43.5723164972607],[-116.253091332331,43.5723018469586],[-116.2531468051,43.5722856592406],[-116.253201317963,43.5722677649066],[-116.253254903169,43.5722483213079],[-116.253307512602,43.5722273475569],[-116.253358219348,43.5722050151274],[-116.253407982377,43.5721811380084],[-116.253456782167,43.5721558989781],[-116.253522459376,43.5721198500351],[-116.253548067163,43.5746421318786],[-116.253491895044,43.5746836772815],[-116.253433707591,43.5747237295071],[-116.253373578636,43.5747622360299],[-116.253311585757,43.5747991479078],[-116.253247810252,43.5748344170824],[-116.253182332198,43.5748679973006],[-116.253115239144,43.5748998476762],[-116.253046614903,43.5749299246399],[-116.252976549523,43.5749581899947],[-116.252905131837,43.5749846082489],[-116.252832456877,43.5750091447838],[-116.252758615975,43.5750317667972],[-116.252683704222,43.5750524468698],[-116.252607820424,43.5750711575668],[-116.252531060933,43.5750878741638],[-116.252453524616,43.5751025764257],[-116.252375312814,43.5751152441064]]],[[[-116.252828016114,43.5720559803667],[-116.252742323127,43.5720690537878],[-116.252698057963,43.5720737113068],[-116.252573610596,43.5720759926483],[-116.252368006207,43.5720695607523],[-116.252132597565,43.5720548142162],[-116.251551204711,43.5720081630206],[-116.248596781843,43.5717925062885],[-116.248596992387,43.5717036987189],[-116.248596585686,43.5716544000616],[-116.253518668735,43.5716648603517],[-116.253519465703,43.5717605211464],[-116.253475843977,43.5717897844991],[-116.253430524725,43.5718176513803],[-116.253387818246,43.5718417872258],[-116.253326156658,43.5718742752921],[-116.253257624797,43.5719071445498],[-116.253110151473,43.5719727757584],[-116.253072579365,43.5719880252358],[-116.252993620756,43.5720154612899],[-116.25290988065,43.5720383006542],[-116.252828016114,43.5720559803667]]]]},"properties":{"ACRES":34.23}},{"type":"Feature","geometry":{"type":"MultiPolygon","coordinates":[[[[-116.248620514944,43.5750866246927],[-116.248534242482,43.5750715001112],[-116.248448669276,43.5750544042156],[-116.248363882107,43.5750353519284],[-116.248279964084,43.5750143635881],[-116.248196999556,43.5749914595278],[-116.248115070416,43.5749666627918],[-116.248034259812,43.5749399982187],[-116.247954645953,43.5749114924687],[-116.247876309538,43.5748811739916],[-116.247799330036,43.5748490721424],[-116.247723781986,43.5748152189975],[-116.247649741195,43.5747796502282],[-116.247577282207,43.5747423988111],[-116.247506475898,43.5747035031387],[-116.247437394381,43.5746630015985],[-116.247370106079,43.5746209352938],[-116.247304678172,43.5745773453333],[-116.247241175391,43.5745322755365],[-116.247179659994,43.5744857706335],[-116.247120195502,43.5744378780488],[-116.247062840467,43.5743886434288],[-116.246822749961,43.5741844757939],[-116.246527942644,43.5737890529584],[-116.246248494014,43.5735236961135],[-116.246212415371,43.573419354475],[-116.246295571041,43.5733267661696],[-116.247312158809,43.5728380901933],[-116.247382031307,43.5726562662561],[-116.24745673566,43.5726109794883],[-116.247529662397,43.5725641848833],[-116.247600753663,43.5725159213944],[-116.247669954054,43.5724662252642],[-116.247737206959,43.5724151363409],[-116.247802461966,43.5723626953451],[-116.247865666186,43.5723089430085],[-116.247926769221,43.5722539218519],[-116.247985725633,43.5721976752744],[-116.248599379392,43.572212842285],[-116.248620514944,43.5750866246927]]],[[[-116.245229858406,43.5728353414271],[-116.245159090551,43.5728472123683],[-116.245088978224,43.5728609892311],[-116.245019620311,43.5728766562891],[-116.244951113155,43.5728941888279],[-116.244893898046,43.5728809938878],[-116.244836195001,43.572868975472],[-116.244447350823,43.5727924283547],[-116.244373693855,43.5727891686656],[-116.244299926817,43.5727877354133],[-116.244226135106,43.5727881282282],[-116.244152405373,43.5727903485358],[-116.244078821748,43.5727943923727],[-116.244005469594,43.5728002548707],[-116.243932435509,43.5728079311563],[-116.243859803567,43.5728174100674],[-116.24386069598,43.5726498751272],[-116.24601099862,43.5724210402408],[-116.246165495373,43.5723968810282],[-116.247334231785,43.5721815923378],[-116.246543529503,43.5725300683156],[-116.246410017973,43.5726717583147],[-116.245594987838,43.572779234557],[-116.245229858406,43.5728353414271]]],[[[-116.245397090261,43.573920810916],[-116.245442505536,43.5738760807618],[-116.24548971754,43.5738323444518],[-116.245621604127,43.5737670948449],[-116.245781689984,43.5737995766681],[-116.246226540125,43.5740929146014],[-116.246762289237,43.5745678131585],[-116.246821930425,43.5746191492862],[-116.24688358509,43.5746692103955],[-116.246947203397,43.5747179571018],[-116.247012731765,43.5747653464368],[-116.247080115421,43.5748113408374],[-116.247149298331,43.5748559000462],[-116.247220223259,43.5748989883106],[-116.247292830485,43.574940568989],[-116.247367059067,43.5749806072452],[-116.247442846845,43.5750190709481],[-116.247520131645,43.5750559261669],[-116.247598848854,43.5750911434815],[-116.247678932612,43.5751246925771],[-116.247589973169,43.5751115462801],[-116.247501618664,43.5750963957828],[-116.247413955852,43.5750792533085],[-116.247327067838,43.5750601382962],[-116.247241040171,43.5750390665748],[-116.247155955983,43.5750160611836],[-116.247071895909,43.574991142473],[-116.246988944325,43.5749643343771],[-116.24690717821,43.5749356644624],[-116.246826678249,43.5749051593793],[-116.246747522672,43.5748728484892],[-116.246669787257,43.574838763864],[-116.246593547779,43.5748029375756],[-116.24651887756,43.574765404407],[-116.246445848707,43.574726201846],[-116.246374533316,43.5746853664809],[-116.246304998565,43.5746429385213],[-116.246237312864,43.5745989581712],[-116.246171540944,43.5745534692509],[-116.24610774753,43.5745065155805],[-116.24550363484,43.5740478394588],[-116.24547554177,43.5740115193524],[-116.245450756452,43.5739806665277],[-116.24542459596,43.5739504199264],[-116.245397090261,43.573920810916]]]]},"properties":{"ACRES":12.879}},{"type":"Feature","geometry":{"type":"Polygon","coordinates":[[[-116.246410017973,43.5726717583147],[-116.246365257108,43.5727192596813],[-116.246316034084,43.5727417607585],[-116.246267289568,43.5727648060099],[-116.245869874644,43.5729558403873],[-116.245657404703,43.5729939721621],[-116.245520891299,43.5730149407001],[-116.244951113155,43.5728941888279],[-116.245019620311,43.5728766562891],[-116.245088978224,43.5728609892311],[-116.245159090551,43.5728472123683],[-116.245229858406,43.5728353414271],[-116.245594987838,43.572779234557],[-116.246410017973,43.5726717583147]]]},"properties":{"ACRES":0.46}},{"type":"Feature","geometry":{"type":"Polygon","coordinates":[[[-116.244270401985,43.5731251283073],[-116.24434168998,43.5731259396295],[-116.244412868221,43.5731289193728],[-116.244483812906,43.5731340635732],[-116.244554398939,43.5731413619727],[-116.244624503679,43.5731508016032],[-116.244694001987,43.5731623668079],[-116.244762774875,43.5731760374039],[-116.244871886795,43.5732955462207],[-116.244880671864,43.5733070780112],[-116.244886810225,43.5733194825146],[-116.244890147009,43.5733324400177],[-116.24489059408,43.5733456179189],[-116.244888142493,43.5733586796741],[-116.244882853853,43.5733712884333],[-116.244874862919,43.5733831223289],[-116.244864376382,43.5733938762812],[-116.244635020565,43.5735930748338],[-116.244580916742,43.573652482719],[-116.244529142617,43.5737129784454],[-116.2444797374,43.5737745123492],[-116.244432741544,43.5738370356607],[-116.244388190536,43.5739004978322],[-116.244346122357,43.5739648501044],[-116.24430656876,43.5740300392457],[-116.24426956276,43.5740960147184],[-116.244235132406,43.5741627242063],[-116.244225198401,43.5739519761874],[-116.243471275406,43.5739284393929],[-116.243521858702,43.5733460628792],[-116.243457756025,43.573344959946],[-116.243393640572,43.5733456272429],[-116.243329607643,43.5733480643587],[-116.243265747569,43.5733522682038],[-116.243202153117,43.5733582311788],[-116.243100057012,43.5733713699322],[-116.242987481319,43.5733847805721],[-116.242874468741,43.5733960798911],[-116.24276109351,43.573405262168],[-116.24264743109,43.573412320777],[-116.242533556961,43.5734172508922],[-116.24241954537,43.5734200485935],[-116.242305473072,43.5734207135498],[-116.24219141433,43.5734192436413],[-116.242077445919,43.5734156412376],[-116.242177063104,43.5734005404686],[-116.242269777163,43.5733965549785],[-116.242362303866,43.5733906929146],[-116.242454568974,43.5733829590968],[-116.242546501971,43.5733733592294],[-116.242638032363,43.5733619017165],[-116.242729087171,43.5733485940731],[-116.242819597153,43.5733334464985],[-116.242909490622,43.5733164728022],[-116.242998699581,43.5732976840785],[-116.243087153594,43.5732770959318],[-116.243321543144,43.5732199078079],[-116.243394702864,43.5732061719755],[-116.243468222722,43.5731934937885],[-116.243542074285,43.5731818769689],[-116.243645004405,43.5731675444793],[-116.24374843779,43.5731552751196],[-116.243852296528,43.5731450764248],[-116.243956500242,43.5731369568404],[-116.244060972253,43.5731309229967],[-116.244165632154,43.5731269797401],[-116.244270401985,43.5731251283073]]]},"properties":{"ACRES":2.312}},{"type":"Feature","geometry":{"type":"Polygon","coordinates":[[[-116.243447097879,43.5742896415254],[-116.243471275406,43.5739284393929],[-116.244225198401,43.5739519761874],[-116.244235132406,43.5741627242063],[-116.244205907478,43.5742243417374],[-116.244178880251,43.5742864888337],[-116.243591568231,43.5742890196849],[-116.243447097879,43.5742896415254]]]},"properties":{"ACRES":0.588}},{"type":"Feature","geometry":{"type":"Polygon","coordinates":[[[-116.245397090261,43.573920810916],[-116.24542459596,43.5739504199264],[-116.245450756452,43.5739806665277],[-116.24547554177,43.5740115193524],[-116.24550363484,43.5740478394588],[-116.24610774753,43.5745065155805],[-116.246171540944,43.5745534692509],[-116.246237312864,43.5745989581712],[-116.246304998565,43.5746429385213],[-116.246374533316,43.5746853664809],[-116.246445848707,43.574726201846],[-116.24651887756,43.574765404407],[-116.246593547779,43.5748029375756],[-116.246669787257,43.574838763864],[-116.246747522672,43.5748728484892],[-116.246826678249,43.5749051593793],[-116.24690717821,43.5749356644624],[-116.246988944325,43.5749643343771],[-116.247071895909,43.574991142473],[-116.247155955983,43.5750160611836],[-116.247241040171,43.5750390665748],[-116.247327067838,43.5750601382962],[-116.247413955852,43.5750792533085],[-116.247501618664,43.5750963957828],[-116.247589973169,43.5751115462801],[-116.247678932612,43.5751246925771],[-116.247713919777,43.5751292920273],[-116.247793799052,43.5751597928869],[-116.247874834531,43.5751886381391],[-116.247956959183,43.5752158055745],[-116.248040109674,43.5752412711679],[-116.248124216533,43.5752650172207],[-116.24820921521,43.5752870224133],[-116.24829503624,43.5753072699473],[-116.248381610174,43.5753257448244],[-116.248468868785,43.5753424302412],[-116.24844636798,43.5754084095016],[-116.248204245326,43.575407748649],[-116.248116368849,43.5754066619313],[-116.248028564832,43.5754038532177],[-116.247940896412,43.5753993222334],[-116.247853429251,43.5753930749924],[-116.246190775771,43.5753885272829],[-116.246190748439,43.5752374583601],[-116.245929135565,43.5749775356143],[-116.245638423543,43.5748110483925],[-116.245574452965,43.5747868514431],[-116.245509271523,43.5747644281165],[-116.245442972313,43.5747438104054],[-116.245375649645,43.5747250275978],[-116.245307399045,43.5747081062766],[-116.245238317263,43.5746930712199],[-116.24502980734,43.5744585074528],[-116.2450556382,43.574401216993],[-116.245083979542,43.5743445573229],[-116.245114803371,43.5742885870591],[-116.245148076726,43.5742333630393],[-116.245183766645,43.5741789421015],[-116.245221836454,43.5741253810993],[-116.245262245738,43.5740727333029],[-116.245304954095,43.574021053782],[-116.245349918633,43.5739703958172],[-116.245397090261,43.573920810916]]]},"properties":{"ACRES":3.408}},{"type":"Feature","geometry":{"type":"Polygon","coordinates":[[[-116.24618980378,43.575388342511],[-116.247853429251,43.5753930749924],[-116.247871335615,43.5753942326523],[-116.247954356877,43.5753999340726],[-116.248037552329,43.5754040894521],[-116.248120866225,43.5754066945336],[-116.248204245326,43.575407748649],[-116.248442241461,43.5754081665058],[-116.248528732894,43.5754646332031],[-116.248604914468,43.5754648463555],[-116.248608895551,43.5767559546344],[-116.248610892652,43.5774034844854],[-116.248527873272,43.5774028538781],[-116.247616773494,43.576894030228],[-116.247534074541,43.5768465341929],[-116.247453182088,43.5767974211191],[-116.247374154626,43.5767467285541],[-116.247297050645,43.5766944940453],[-116.247221928629,43.5766407542404],[-116.247148843389,43.5765855512027],[-116.247077848471,43.5765289234013],[-116.247008996225,43.5764709147103],[-116.246942337748,43.5764115672091],[-116.246877922908,43.5763509238828],[-116.246815799115,43.5762890304266],[-116.246756011314,43.5762259334466],[-116.246698603193,43.5761616777544],[-116.24664361971,43.5760963117556],[-116.24618961521,43.5754012567746],[-116.24618980378,43.575388342511]]]},"properties":{"ACRES":6.879}},{"type":"Feature","geometry":{"type":"Polygon","coordinates":[[[-116.239829685239,43.5761582521999],[-116.239830916803,43.5760316413527],[-116.240998500341,43.5760355325445],[-116.241000231613,43.5763646923841],[-116.239831057624,43.5763626808323],[-116.239829685239,43.5761582521999]]]},"properties":{"ACRES":0.85}},{"type":"Feature","geometry":{"type":"Polygon","coordinates":[[[-116.239830916803,43.5760316413527],[-116.239828321544,43.5758519657922],[-116.240997975382,43.5758548347724],[-116.240998500341,43.5760355325445],[-116.239830916803,43.5760316413527]]]},"properties":{"ACRES":0.46}},{"type":"Feature","geometry":{"type":"Polygon","coordinates":[[[-116.238704699798,43.5753219116939],[-116.240484361686,43.5753301989425],[-116.240485988316,43.5755306073084],[-116.240996294301,43.5755318456751],[-116.240997975382,43.5758548347724],[-116.239828321544,43.5758519657922],[-116.239830916803,43.5760316413527],[-116.239491395759,43.5760305576501],[-116.239190726,43.5760309689212],[-116.238978611031,43.5760308404925],[-116.238708844803,43.5760306764392],[-116.238704699798,43.5753219116939]]]},"properties":{"ACRES":2.876}},{"type":"Feature","geometry":{"type":"Polygon","coordinates":[[[-116.240615341177,43.5734065051347],[-116.240878098112,43.5732300156784],[-116.240932523491,43.5732516931812],[-116.240987372533,43.5732727973674],[-116.240988473668,43.5736038085788],[-116.240615341177,43.5734065051347]]]},"properties":{"ACRES":0.18}},{"type":"Feature","geometry":{"type":"MultiPolygon","coordinates":[[[[-116.243521858702,43.5733460628792],[-116.243471275406,43.5739284393929],[-116.243447097879,43.5742896415254],[-116.243022688651,43.5742973177371],[-116.241891033054,43.5740393020451],[-116.241152382727,43.57368031165],[-116.241150264216,43.5734156782757],[-116.241241543599,43.5734320801571],[-116.241333401244,43.5734466741714],[-116.241425770216,43.5734594498052],[-116.241518582357,43.573470398351],[-116.241611769508,43.5734795111012],[-116.241705262288,43.5734867811536],[-116.241859933988,43.5734315569737],[-116.242077445919,43.5734156412376],[-116.24219141433,43.5734192436413],[-116.242305473072,43.5734207135498],[-116.24241954537,43.5734200485935],[-116.242533556961,43.5734172508922],[-116.24264743109,43.573412320777],[-116.24276109351,43.573405262168],[-116.242874468741,43.5733960798911],[-116.242987481319,43.5733847805721],[-116.243100057012,43.5733713699322],[-116.243202153117,43.5733582311788],[-116.243265747569,43.5733522682038],[-116.243329607643,43.5733480643587],[-116.243393640572,43.5733456272429],[-116.243457756025,43.573344959946],[-116.243521858702,43.5733460628792]]],[[[-116.243578612103,43.5726885881172],[-116.24386069598,43.5726498751272],[-116.243859803567,43.5728174100674],[-116.243788977878,43.5728284443525],[-116.243718698424,43.5728411933485],[-116.243649045542,43.5728556432102],[-116.243580095837,43.5728717774089],[-116.243578612103,43.5726885881172]]]]},"properties":{"ACRES":3.511}},{"type":"Feature","geometry":{"type":"Polygon","coordinates":[[[-116.257362787609,43.5752346588284],[-116.257354175663,43.5745353245111],[-116.257755101446,43.574541602789],[-116.257764553217,43.5752410413377],[-116.257362787609,43.5752346588284]]]},"properties":{"ACRES":0.625}},{"type":"Feature","geometry":{"type":"Polygon","coordinates":[[[-116.257764553217,43.5752410413377],[-116.257755101446,43.574541602789],[-116.258157915121,43.5745480422608],[-116.258166383277,43.5752474239483],[-116.257764553217,43.5752410413377]]]},"properties":{"ACRES":0.625}},{"type":"Feature","geometry":{"type":"Polygon","coordinates":[[[-116.258166383277,43.5752474239483],[-116.258157915121,43.5745480422608],[-116.258559784439,43.5745544845141],[-116.258572108188,43.5752538661167],[-116.258166383277,43.5752474239483]]]},"properties":{"ACRES":0.625}},{"type":"Feature","geometry":{"type":"Polygon","coordinates":[[[-116.257345144374,43.5737966225578],[-116.257344207443,43.573685017953],[-116.258548856072,43.573704182343],[-116.258552183938,43.5739875605179],[-116.258556457921,43.5742712773528],[-116.258559784439,43.5745544845141],[-116.258157915121,43.5745480422608],[-116.257755101446,43.574541602789],[-116.257354175663,43.5745353245111],[-116.257350853361,43.574251946301],[-116.257347529666,43.5739683970916],[-116.257345144374,43.5737966225578]]]},"properties":{"ACRES":2.26}},{"type":"Feature","geometry":{"type":"Polygon","coordinates":[[[-116.259363150671,43.5752665499714],[-116.259353149198,43.5745672391097],[-116.259555027149,43.5745704541077],[-116.259717283792,43.5745729886483],[-116.25995784115,43.5745768872357],[-116.259968152724,43.5752763244503],[-116.259363150671,43.5752665499714]]]},"properties":{"ACRES":0.939}},{"type":"Feature","geometry":{"type":"Polygon","coordinates":[[[-116.25875930179,43.5752568400552],[-116.25874845741,43.5745575877842],[-116.259152213221,43.57456401956],[-116.259353149198,43.5745672391097],[-116.259363150671,43.5752665499714],[-116.25875930179,43.5752568400552]]]},"properties":{"ACRES":0.939}},{"type":"Feature","geometry":{"type":"Polygon","coordinates":[[[-116.260571716777,43.5752859743557],[-116.260558759048,43.574586378026],[-116.260683282248,43.5745883939336],[-116.260762523492,43.574589582467],[-116.260962515183,43.5745928034065],[-116.260974676541,43.5752923807478],[-116.260571716777,43.5752859743557]]]},"properties":{"ACRES":0.625}},{"type":"Feature","geometry":{"type":"Polygon","coordinates":[[[-116.261980266563,43.5753083207706],[-116.261970021929,43.5746088690537],[-116.26237189317,43.5746152978971],[-116.262614335971,43.5746191833444],[-116.262774706438,43.5746217211026],[-116.263177521016,43.5746281428828],[-116.263580334429,43.5746345632489],[-116.263589828272,43.5752781454222],[-116.263501982852,43.57533258227],[-116.261980266563,43.5753083207706]]]},"properties":{"ACRES":2.488}},{"type":"Feature","geometry":{"type":"Polygon","coordinates":[[[-116.262614335971,43.5746191833444],[-116.262601464178,43.5737688903119],[-116.26356744904,43.573784270395],[-116.263580334429,43.5746345632489],[-116.263177521016,43.5746281428828],[-116.262774706438,43.5746217211026],[-116.262614335971,43.5746191833444]]]},"properties":{"ACRES":1.82}},{"type":"Feature","geometry":{"type":"Polygon","coordinates":[[[-116.260683282248,43.5745883939336],[-116.260670437634,43.5737381005444],[-116.261107205199,43.573745063724],[-116.261636421666,43.5737534969488],[-116.262601464178,43.5737688903119],[-116.262614335971,43.5746191833444],[-116.26237189317,43.5746152978971],[-116.261970021929,43.5746088690537],[-116.261567207568,43.5746024430176],[-116.261165337709,43.5745960113392],[-116.260962515183,43.5745928034065],[-116.260762523492,43.574589582467],[-116.260683282248,43.5745883939336]]]},"properties":{"ACRES":3.64}},{"type":"Feature","geometry":{"type":"Polygon","coordinates":[[[-116.259717283792,43.5745729886483],[-116.259704452773,43.5737226950811],[-116.260670437634,43.5737381005444],[-116.260683282248,43.5745883939336],[-116.260558759048,43.574586378026],[-116.2603597108,43.5745833240599],[-116.25995784115,43.5745768872357],[-116.259717283792,43.5745729886483]]]},"properties":{"ACRES":1.82}},{"type":"Feature","geometry":{"type":"Polygon","coordinates":[[[-116.25874845741,43.5745575877842],[-116.258737526395,43.5737072865446],[-116.259704452773,43.5737226950811],[-116.259717283792,43.5745729886483],[-116.259555027149,43.5745704541077],[-116.259353149198,43.5745672391097],[-116.259152213221,43.57456401956],[-116.25874845741,43.5745575877842]]]},"properties":{"ACRES":1.82}},{"type":"Feature","geometry":{"type":"Polygon","coordinates":[[[-116.263777582398,43.5752803283649],[-116.263772524968,43.5749404086617],[-116.264176304125,43.5749492227646],[-116.264183820564,43.5753456881137],[-116.263863139764,43.5753389772414],[-116.263777582398,43.5752803283649]]]},"properties":{"ACRES":0.346}},{"type":"Feature","geometry":{"type":"Polygon","coordinates":[[[-116.264988571494,43.5753622239858],[-116.264975614411,43.5746627514818],[-116.265377501032,43.5746710505944],[-116.265391338547,43.5753705955766],[-116.264988571494,43.5753622239858]]]},"properties":{"ACRES":0.621}},{"type":"Feature","geometry":{"type":"Polygon","coordinates":[[[-116.265391338547,43.5753705955766],[-116.265377501032,43.5746710505944],[-116.264975614411,43.5746627514818],[-116.264743537884,43.5746579631134],[-116.264721281703,43.5738167985321],[-116.265686362334,43.5738364512641],[-116.26570957661,43.5746777823177],[-116.265780330761,43.5746791775478],[-116.265793297832,43.5753787282049],[-116.265391338547,43.5753705955766]]]},"properties":{"ACRES":2.425}},{"type":"Feature","geometry":{"type":"Polygon","coordinates":[[[-116.264572783371,43.5746544453076],[-116.264170898046,43.5746462729535],[-116.26376806756,43.5746380062389],[-116.263756122708,43.5737877091815],[-116.264721202856,43.5738075410554],[-116.264721281703,43.5738167985321],[-116.264743537884,43.5746579631134],[-116.264572783371,43.5746544453076]]]},"properties":{"ACRES":1.82}},{"type":"Feature","geometry":{"type":"Polygon","coordinates":[[[-116.265793297832,43.5753787282049],[-116.265780330761,43.5746791775478],[-116.266183162053,43.5746874749658],[-116.266218067622,43.5746881840183],[-116.26623103967,43.5753877238003],[-116.265793297832,43.5753787282049]]]},"properties":{"ACRES":0.677}},{"type":"Feature","geometry":{"type":"Polygon","coordinates":[[[-116.267402975058,43.5747124775681],[-116.266674671467,43.5746975985237],[-116.266652306315,43.5738468341155],[-116.267387203382,43.5738618553623],[-116.267617387899,43.573866470541],[-116.267639766646,43.5747172346892],[-116.267402975058,43.5747124775681]]]},"properties":{"ACRES":1.822}},{"type":"Feature","geometry":{"type":"Polygon","coordinates":[[[-116.267805642326,43.5754202828578],[-116.267792596377,43.5747203143239],[-116.26819448495,43.5747286080239],[-116.26862561853,43.5747374543142],[-116.268624705313,43.5753794777229],[-116.268535962709,43.5754350195499],[-116.267805642326,43.5754202828578]]]},"properties":{"ACRES":1.265}},{"type":"Feature","geometry":{"type":"Polygon","coordinates":[[[-116.267792596377,43.5747203143239],[-116.267639766646,43.5747172346892],[-116.267617387899,43.573866470541],[-116.268627753015,43.5738870939444],[-116.26862561853,43.5747374543142],[-116.26819448495,43.5747286080239],[-116.267792596377,43.5747203143239]]]},"properties":{"ACRES":1.86}},{"type":"Feature","geometry":{"type":"Polygon","coordinates":[[[-116.267382255036,43.5737245528046],[-116.267363918747,43.5732353413149],[-116.268626875352,43.573235277088],[-116.268628462395,43.5737499376683],[-116.267635081196,43.573729752147],[-116.267382255036,43.5737245528046]]]},"properties":{"ACRES":2}},{"type":"Feature","geometry":{"type":"Polygon","coordinates":[[[-116.254869958537,43.5784037583698],[-116.254868414391,43.5788963170985],[-116.253737252925,43.5788785046322],[-116.253737853039,43.5783847504339],[-116.254869958537,43.5784037583698]]]},"properties":{"ACRES":1.37}},{"type":"Feature","geometry":{"type":"Polygon","coordinates":[[[-116.254870091058,43.5778551450036],[-116.254869304638,43.5782126038612],[-116.254869958537,43.5784037583698],[-116.253737853039,43.5783847504339],[-116.253737066888,43.5778378555224],[-116.254870091058,43.5778551450036]]]},"properties":{"ACRES":1.37}},{"type":"Feature","geometry":{"type":"Polygon","coordinates":[[[-116.254869685711,43.5775808399335],[-116.254870091058,43.5778551450036],[-116.253737066888,43.5778378555224],[-116.253737595634,43.5775618319169],[-116.254869685711,43.5775808399335]]]},"properties":{"ACRES":0.68}},{"type":"Feature","geometry":{"type":"Polygon","coordinates":[[[-116.253737595634,43.5775618319169],[-116.253738324455,43.5770835067504],[-116.254870398411,43.5771016580806],[-116.254870177755,43.5775268342232],[-116.254869685711,43.5775808399335],[-116.253737595634,43.5775618319169]]]},"properties":{"ACRES":1.9}},{"type":"Feature","geometry":{"type":"Polygon","coordinates":[[[-116.253738424499,43.5761902955506],[-116.253738038661,43.5759177047214],[-116.254871028259,43.5759351662599],[-116.254869545658,43.5762093078547],[-116.253738424499,43.5761902955506]]]},"properties":{"ACRES":0.68}},{"type":"Feature","geometry":{"type":"Polygon","coordinates":[[[-116.254871028259,43.5759351662599],[-116.253738038661,43.5759177047214],[-116.253738567474,43.5756416819232],[-116.254870623001,43.5756608610977],[-116.254871028259,43.5759351662599]]]},"properties":{"ACRES":0.68}},{"type":"Feature","geometry":{"type":"Polygon","coordinates":[[[-116.254872821236,43.5754420023089],[-116.254872736659,43.575450399256],[-116.254870623001,43.5756608610977],[-116.253738567474,43.5756416819232],[-116.2537413488,43.575480252068],[-116.253829837314,43.5754254059045],[-116.254872821236,43.5754420023089]]]},"properties":{"ACRES":0.546}},{"type":"Feature","geometry":{"type":"Polygon","coordinates":[[[-116.255627124661,43.5754626597545],[-116.255627146297,43.5754540020986],[-116.255919179294,43.5754586498624],[-116.256004295942,43.5755162518261],[-116.256001613321,43.5762284766686],[-116.255625204276,43.5762224267047],[-116.255627124661,43.5754626597545]]]},"properties":{"ACRES":0.638}},{"type":"Feature","geometry":{"type":"Polygon","coordinates":[[[-116.255625204276,43.5762224267047],[-116.256001613321,43.5762284766686],[-116.256002180007,43.5768593788923],[-116.254871052345,43.5768412345881],[-116.254870902755,43.5764846374349],[-116.254869545658,43.5762093078547],[-116.255625204276,43.5762224267047]]]},"properties":{"ACRES":1.58}},{"type":"Feature","geometry":{"type":"Polygon","coordinates":[[[-116.254870177755,43.5775268342232],[-116.254870398411,43.5771016580806],[-116.254871052345,43.5768412345881],[-116.256002180007,43.5768593788923],[-116.256002262924,43.5775451452811],[-116.254870177755,43.5775268342232]]]},"properties":{"ACRES":1.58}},{"type":"Feature","geometry":{"type":"Polygon","coordinates":[[[-116.254869304638,43.5782126038612],[-116.254870091058,43.5778551450036],[-116.254869685711,43.5775808399335],[-116.254870177755,43.5775268342232],[-116.256002262924,43.5775451452811],[-116.256001402658,43.5782309148625],[-116.254869304638,43.5782126038612]]]},"properties":{"ACRES":1.58}},{"type":"Feature","geometry":{"type":"Polygon","coordinates":[[[-116.254869958537,43.5784037583698],[-116.254869304638,43.5782126038612],[-116.256001402658,43.5782309148625],[-116.256001472788,43.5789151377233],[-116.254868414391,43.5788963170985],[-116.254869958537,43.5784037583698]]]},"properties":{"ACRES":1.58}},{"type":"Feature","geometry":{"type":"Polygon","coordinates":[[[-116.257382561164,43.5782530818303],[-116.257381713749,43.5789385083906],[-116.256192996455,43.5789192621322],[-116.256192915539,43.5782340106735],[-116.257382561164,43.5782530818303]]]},"properties":{"ACRES":1.8}},{"type":"Feature","geometry":{"type":"Polygon","coordinates":[[[-116.257383399988,43.5775666256789],[-116.257382561164,43.5782530818303],[-116.256192915539,43.5782340106735],[-116.256193773624,43.5775482402017],[-116.257383399988,43.5775666256789]]]},"properties":{"ACRES":1.8}},{"type":"Feature","geometry":{"type":"Polygon","coordinates":[[[-116.256193562748,43.5770726622482],[-116.257383304281,43.5768812031405],[-116.257383399988,43.5775666256789],[-116.256193773624,43.5775482402017],[-116.256193562748,43.5770726622482]]]},"properties":{"ACRES":1.5}},{"type":"Feature","geometry":{"type":"Polygon","coordinates":[[[-116.256591228578,43.5762380374281],[-116.256987449508,43.5762443392385],[-116.257383663505,43.5762499530413],[-116.257383750559,43.5764849990752],[-116.257383304281,43.5768812031405],[-116.256193562748,43.5770726622482],[-116.256194049943,43.5762298530808],[-116.256591228578,43.5762380374281]]]},"properties":{"ACRES":2}},{"type":"Feature","geometry":{"type":"Polygon","coordinates":[[[-116.256194049943,43.5762298530808],[-116.256194617342,43.5755217728904],[-116.25628396232,43.5754664314614],[-116.256589941072,43.5754693094401],[-116.256589943145,43.5754717717058],[-116.256591228578,43.5762380374281],[-116.256194049943,43.5762298530808]]]},"properties":{"ACRES":0.666}},{"type":"Feature","geometry":{"type":"Polygon","coordinates":[[[-116.256589941072,43.5754693094401],[-116.256975464967,43.5754755309007],[-116.256984947761,43.5754757804345],[-116.256987449508,43.5762443392385],[-116.256591228578,43.5762380374281],[-116.256589943145,43.5754717717058],[-116.256589941072,43.5754693094401]]]},"properties":{"ACRES":0.675}},{"type":"Feature","geometry":{"type":"Polygon","coordinates":[[[-116.256984947761,43.5754757804345],[-116.25738338216,43.5754826956284],[-116.257383663505,43.5762499530413],[-116.256987449508,43.5762443392385],[-116.256984947761,43.5754757804345]]]},"properties":{"ACRES":0.672}},{"type":"Feature","geometry":{"type":"Polygon","coordinates":[[[-116.25738338216,43.5754826956284],[-116.257767499288,43.5754888297657],[-116.25777894855,43.5762571130182],[-116.257383663505,43.5762499530413],[-116.25738338216,43.5754826956284]]]},"properties":{"ACRES":0.672}},{"type":"Feature","geometry":{"type":"Polygon","coordinates":[[[-116.257767499288,43.5754888297657],[-116.258174872789,43.5754953515165],[-116.258175171129,43.5762635816958],[-116.25777894855,43.5762571130182],[-116.257767499288,43.5754888297657]]]},"properties":{"ACRES":0.672}},{"type":"Feature","geometry":{"type":"Polygon","coordinates":[[[-116.258174872789,43.5754953515165],[-116.258494025892,43.5755005435179],[-116.258572869762,43.575558072472],[-116.258572327104,43.5762690162004],[-116.258175171129,43.5762635816958],[-116.258174872789,43.5754953515165]]]},"properties":{"ACRES":0.673}},{"type":"Feature","geometry":{"type":"Polygon","coordinates":[[[-116.257383663505,43.5762499530413],[-116.25777894855,43.5762571130182],[-116.258175171129,43.5762635816958],[-116.258572327104,43.5762690162004],[-116.258572045482,43.5765717836162],[-116.258209795462,43.5765672225989],[-116.258209191342,43.5764953909481],[-116.257383750559,43.5764849990752],[-116.257383663505,43.5762499530413]]]},"properties":{"ACRES":0.66}},{"type":"Feature","geometry":{"type":"Polygon","coordinates":[[[-116.258572045482,43.5765717836162],[-116.258571984624,43.5769007800945],[-116.257383304281,43.5768812031405],[-116.257383750559,43.5764849990752],[-116.258209191342,43.5764953909481],[-116.258209795462,43.5765672225989],[-116.258572045482,43.5765717836162]]]},"properties":{"ACRES":1}},{"type":"Feature","geometry":{"type":"Polygon","coordinates":[[[-116.257383304281,43.5768812031405],[-116.258571984624,43.5769007800945],[-116.25857115347,43.5775865505287],[-116.257383399988,43.5775666256789],[-116.257383304281,43.5768812031405]]]},"properties":{"ACRES":1.8}},{"type":"Feature","geometry":{"type":"Polygon","coordinates":[[[-116.25857115347,43.5775865505287],[-116.258569377673,43.5782721531919],[-116.257382561164,43.5782530818303],[-116.257383399988,43.5775666256789],[-116.25857115347,43.5775865505287]]]},"properties":{"ACRES":1.81}},{"type":"Feature","geometry":{"type":"Polygon","coordinates":[[[-116.258569377673,43.5782721531919],[-116.258568543723,43.5789575796923],[-116.257381713749,43.5789385083906],[-116.257382561164,43.5782530818303],[-116.258569377673,43.5782721531919]]]},"properties":{"ACRES":1.8}},{"type":"Feature","geometry":{"type":"Polygon","coordinates":[[[-116.256190762237,43.5793281596918],[-116.256191301271,43.5790547081742],[-116.25738003131,43.5790751549302],[-116.257378561592,43.5793494682361],[-116.256202140525,43.5793283639995],[-116.256190762237,43.5793281596918]]]},"properties":{"ACRES":0.72}},{"type":"Feature","geometry":{"type":"Polygon","coordinates":[[[-116.25738003131,43.5790751549302],[-116.258564981774,43.579094749382],[-116.258564150736,43.5797805186536],[-116.258549061878,43.5797802698898],[-116.257378243547,43.5797609284479],[-116.257378978407,43.5796237722564],[-116.257378561592,43.5793494682361],[-116.25738003131,43.5790751549302]]]},"properties":{"ACRES":1.8}},{"type":"Feature","geometry":{"type":"Polygon","coordinates":[[[-116.262356998812,43.5790886185002],[-116.262355267547,43.5797743927136],[-116.261204275034,43.5797562291421],[-116.2612050703,43.5790697733582],[-116.261212890114,43.5790699012834],[-116.262356998812,43.5790886185002]]]},"properties":{"ACRES":1.75}},{"type":"Feature","geometry":{"type":"Polygon","coordinates":[[[-116.26357968702,43.5791086776069],[-116.263577026353,43.5797944551048],[-116.262355267547,43.5797743927136],[-116.262356998812,43.5790886185002],[-116.26357968702,43.5791086776069]]]},"properties":{"ACRES":1.75}},{"type":"Feature","geometry":{"type":"Polygon","coordinates":[[[-116.259895907254,43.5782894039555],[-116.259896315864,43.5789737431702],[-116.25989630893,43.5789792293189],[-116.258772334185,43.5789619880937],[-116.258772130734,43.5782721276378],[-116.259895907254,43.5782894039555]]]},"properties":{"ACRES":1.7}},{"type":"Feature","geometry":{"type":"Polygon","coordinates":[[[-116.25877391113,43.5775863152628],[-116.259896876815,43.577604368248],[-116.259895907254,43.5782894039555],[-116.258772130734,43.5782721276378],[-116.25877391113,43.5775863152628]]]},"properties":{"ACRES":1.7}},{"type":"Feature","geometry":{"type":"Polygon","coordinates":[[[-116.261021439794,43.5755959557899],[-116.261020817097,43.5764181557955],[-116.261005510989,43.5764180280204],[-116.258775622719,43.5763812764063],[-116.258776803837,43.5755606110297],[-116.258852936754,43.5755053407894],[-116.260945805217,43.5755385077784],[-116.261021439794,43.5755959557899]]]},"properties":{"ACRES":4.358}},{"type":"Feature","geometry":{"type":"Polygon","coordinates":[[[-116.272502607379,43.5733542679924],[-116.272479660732,43.5740821435164],[-116.272431592081,43.5740690789563],[-116.272382616633,43.5740579345223],[-116.272332879492,43.5740487428484],[-116.272282529442,43.5740415329526],[-116.272231713944,43.5740363239593],[-116.272180584151,43.5740331322769],[-116.272129291157,43.5740319680142],[-116.27183311258,43.5740310919899],[-116.271837626952,43.573352333841],[-116.272252649279,43.5733535246872],[-116.272502607379,43.5733542679924]]]},"properties":{"ACRES":1}},{"type":"Feature","geometry":{"type":"Polygon","coordinates":[[[-116.272128589732,43.574169125165],[-116.272169755384,43.5741700512979],[-116.272210791546,43.5741726087248],[-116.272251574374,43.5741767899119],[-116.27229198123,43.5741825837204],[-116.272331894365,43.5741899717896],[-116.272371193523,43.5741989321705],[-116.272409760879,43.5742094375037],[-116.272406031905,43.5748908126487],[-116.271769679959,43.5748776175574],[-116.271772986877,43.5741681765774],[-116.272128589732,43.574169125165]]]},"properties":{"ACRES":1}},{"type":"Feature","geometry":{"type":"Polygon","coordinates":[[[-116.271718737021,43.5748766495033],[-116.271769679959,43.5748776175574],[-116.272406031905,43.5748908126487],[-116.272402621018,43.575514621592],[-116.271715172231,43.5755003727378],[-116.271718737021,43.5748766495033]]]},"properties":{"ACRES":0.959}},{"type":"Feature","geometry":{"type":"Polygon","coordinates":[[[-116.271029256496,43.5754865861388],[-116.27103194013,43.5748626374481],[-116.27112911122,43.574864594737],[-116.271718737021,43.5748766495033],[-116.271715172231,43.5755003727378],[-116.271029256496,43.5754865861388]]]},"properties":{"ACRES":0.95}},{"type":"Feature","geometry":{"type":"Polygon","coordinates":[[[-116.269655683523,43.5754584910358],[-116.269658391232,43.574949123536],[-116.269659294335,43.5748347685412],[-116.270346089432,43.5748487888514],[-116.270342500562,43.5754725112628],[-116.269655683523,43.5754584910358]]]},"properties":{"ACRES":0.95}},{"type":"Feature","geometry":{"type":"Polygon","coordinates":[[[-116.268800571013,43.5753789938832],[-116.268811345795,43.5749467986626],[-116.269658391232,43.574949123536],[-116.269655683523,43.5754584910358],[-116.268885229089,43.5754369879119],[-116.268800571013,43.5753789938832]]]},"properties":{"ACRES":0.935}},{"type":"Feature","geometry":{"type":"Polygon","coordinates":[[[-116.268811345795,43.5749467986626],[-116.268812440932,43.5744151537821],[-116.269661366765,43.5744176410955],[-116.269659294335,43.5748347685412],[-116.269658391232,43.574949123536],[-116.268811345795,43.5749467986626]]]},"properties":{"ACRES":1}},{"type":"Feature","geometry":{"type":"Polygon","coordinates":[[[-116.268812440932,43.5744151537821],[-116.268812604679,43.5738848837096],[-116.269664352613,43.573887359098],[-116.269661366765,43.5744176410955],[-116.268812440932,43.5744151537821]]]},"properties":{"ACRES":1}},{"type":"Feature","geometry":{"type":"Polygon","coordinates":[[[-116.268827359063,43.580107631136],[-116.27141091389,43.5801537326705],[-116.271411683925,43.5811608894594],[-116.270362565953,43.5811417603739],[-116.269496285986,43.5811261836595],[-116.268830762404,43.5811167946163],[-116.268827359063,43.580107631136]]]},"properties":{"ACRES":5.79}},{"type":"Feature","geometry":{"type":"Polygon","coordinates":[[[-116.273937773292,43.5793267091015],[-116.273949408851,43.5793268816651],[-116.273952845784,43.5801974539105],[-116.273939964255,43.5801972321602],[-116.27141091389,43.5801537326705],[-116.271410215964,43.5792808619501],[-116.273937773292,43.5793267091015]]]},"properties":{"ACRES":4.913}},{"type":"Feature","geometry":{"type":"Polygon","coordinates":[[[-116.271410215964,43.5792808619501],[-116.27141091389,43.5801537326705],[-116.268827359063,43.580107631136],[-116.268824586908,43.5792355212488],[-116.271410215964,43.5792808619501]]]},"properties":{"ACRES":5}},{"type":"Feature","geometry":{"type":"Polygon","coordinates":[[[-116.271406823373,43.5784095837052],[-116.271410215964,43.5792808619501],[-116.268824586908,43.5792355212488],[-116.268821814945,43.5783634103281],[-116.270001132884,43.5783873692795],[-116.271406823373,43.5784095837052]]]},"properties":{"ACRES":5}},{"type":"Feature","geometry":{"type":"Polygon","coordinates":[[[-116.208481356994,43.5628064930645],[-116.207003537168,43.5622989413653],[-116.205374467983,43.5617395109518],[-116.204065936029,43.561289878955],[-116.203745726051,43.5612198304522],[-116.202416715238,43.5609286739219],[-116.202176796323,43.5608763051082],[-116.201322901702,43.5606877092671],[-116.203474015554,43.5606867984466],[-116.213461108605,43.5607107592404],[-116.213492349308,43.5644179921068],[-116.208490527052,43.5643886949592],[-116.208490700374,43.5642872007864],[-116.208489972264,43.5641911963609],[-116.208484362452,43.563327150876],[-116.208481356994,43.5628064930645]]]},"properties":{"ACRES":51.55}},{"type":"Feature","geometry":{"type":"MultiPolygon","coordinates":[[[[-116.216829497858,43.569495996881],[-116.216783254991,43.5694741898803],[-116.21661026055,43.5694787289678],[-116.21657104432,43.5694346292039],[-116.216545404801,43.5694076910724],[-116.216517401186,43.5693820279193],[-116.216487149443,43.5693577508641],[-116.216454781559,43.5693349619614],[-116.216420435687,43.5693137605409],[-116.216384257324,43.569294235103],[-116.216346401839,43.5692764705078],[-116.216307031949,43.5692605416864],[-116.216266314037,43.5692465172553],[-116.216224423085,43.5692344576963],[-116.216181537712,43.5692244135774],[-116.216137841439,43.569216429147],[-116.216093521401,43.5692105360397],[-116.216048765944,43.5692067622855],[-116.21600376826,43.5692051223957],[-116.21595871901,43.5692056236926],[-116.215913810017,43.5692082635945],[-116.214052245695,43.5693581312099],[-116.214006256277,43.5692871286866],[-116.213962915162,43.5692152505394],[-116.213922252455,43.5691425497464],[-116.213884299498,43.5690690792807],[-116.213849082674,43.5689948912354],[-116.213816627149,43.5689200404082],[-116.213786956844,43.5688445807016],[-116.213760094457,43.5687685678231],[-116.213736057718,43.5686920556999],[-116.213714865617,43.5686151009542],[-116.213696532181,43.5685377584277],[-116.213681071447,43.5684600847622],[-116.21366849374,43.5683821366142],[-116.213658810625,43.5683039706349],[-116.213652026238,43.5682256435054],[-116.213648147183,43.5681472109968],[-116.213647175136,43.5680687315998],[-116.213640971493,43.5673829031516],[-116.213516987715,43.5673834058803],[-116.213505516749,43.5660028308614],[-116.215914044442,43.5658775064179],[-116.21590947799,43.5653179386194],[-116.213492962152,43.5644917914389],[-116.213492349308,43.5644179921068],[-116.213490174402,43.5641599825445],[-116.213461108605,43.5607107592404],[-116.223435480232,43.5607041647852],[-116.22343556372,43.5607723550677],[-116.23340527839,43.5607654860308],[-116.233497381808,43.567969940563],[-116.233529489413,43.5715817638023],[-116.223539469332,43.5716564960991],[-116.222298820638,43.5716103666272],[-116.220465617173,43.5715337468655],[-116.220385445341,43.5715335628749],[-116.220304313013,43.5715311535903],[-116.220238024424,43.5715278399379],[-116.220148609184,43.5715211646251],[-116.220010789176,43.5715063015664],[-116.219946582952,43.5714973076667],[-116.219957587487,43.5714569732393],[-116.219094516008,43.5713276501547],[-116.21901233984,43.5713123865762],[-116.218922590502,43.5712933813884],[-116.218802575413,43.5712635288854],[-116.218723175568,43.5712412241644],[-116.218629574083,43.5712119480513],[-116.21857566988,43.5711934823218],[-116.218491488038,43.5711626249651],[-116.218413954795,43.5711377403078],[-116.218347742104,43.5711133239977],[-116.218275831989,43.5710837877412],[-116.218203890072,43.5710501369743],[-116.218159620325,43.571027606092],[-116.218078858708,43.5709813865881],[-116.21801534689,43.5709401577622],[-116.217964134486,43.5709038499106],[-116.21792048453,43.5708697402736],[-116.217878710286,43.5708342514117],[-116.217845464161,43.5708038708808],[-116.217796033433,43.570754012235],[-116.217074801373,43.5699378117654],[-116.217043937772,43.5698494740327],[-116.216750855455,43.5695332359438],[-116.216829497858,43.569495996881]]],[[[-116.213559442073,43.5701841926342],[-116.21355057134,43.5696737468758],[-116.21424863259,43.5696176559473],[-116.214227318801,43.5695915420894],[-116.214204886246,43.5695659277453],[-116.215944729449,43.5694259664211],[-116.215977861092,43.5694242204679],[-116.216011075554,43.569424547665],[-116.216044128994,43.5694269463065],[-116.216076778674,43.569431397583],[-116.216108780531,43.5694378709914],[-116.216139901486,43.5694463161852],[-116.216169912091,43.5694566720036],[-116.216198587736,43.5694688628673],[-116.216225719776,43.5694827969326],[-116.216251108161,43.5694983733216],[-116.216274563859,43.569515475812],[-116.216295913852,43.569533978217],[-116.216315002381,43.5695537452799],[-116.216343966868,43.5695914918644],[-116.216355100734,43.5696247601008],[-116.215731176493,43.5700751878665],[-116.215016079534,43.5699429883686],[-116.213579426713,43.5701856505257],[-116.213559442073,43.5701841926342]]]]},"properties":{"ACRES":463.952}},{"type":"Feature","geometry":{"type":"MultiPolygon","coordinates":[[[[-116.245811697053,43.5668674762228],[-116.245860724478,43.5669692483726],[-116.245912264111,43.5670703625344],[-116.245966297132,43.567170786388],[-116.246022807182,43.5672704858027],[-116.246081776692,43.5673694302524],[-116.246143185597,43.5674675865223],[-116.246207013853,43.5675649240968],[-116.246273242631,43.5676614097553],[-116.246341848172,43.5677570129985],[-116.246412807957,43.5678517033212],[-116.246486101931,43.5679454493079],[-116.246561703867,43.5680382213694],[-116.246639590005,43.568129989006],[-116.246719735348,43.5682207217231],[-116.247297204605,43.5688275153672],[-116.248075110419,43.5696062558985],[-116.248114305897,43.5696457866606],[-116.248151142156,43.5696865003303],[-116.24818554926,43.5697283216184],[-116.248217467165,43.5697711742925],[-116.248246837045,43.569814979415],[-116.248273603783,43.569859658032],[-116.24829771966,43.5699051275574],[-116.248319139424,43.5699513044942],[-116.248337825257,43.5699981062129],[-116.24835374177,43.5700454446736],[-116.248366861029,43.5700932354033],[-116.248377157549,43.5701413903184],[-116.248384614496,43.5701898203977],[-116.2483892163,43.5702384393137],[-116.248390956017,43.5702871562017],[-116.248389830428,43.5703358819801],[-116.248385840038,43.5703845284513],[-116.248378992776,43.5704330073846],[-116.248374241258,43.5706574427032],[-116.248377013983,43.570765088643],[-116.24835776799,43.5710622926986],[-116.248346706154,43.5711235432584],[-116.248332875427,43.571184494501],[-116.248316290127,43.5712450824665],[-116.248296969493,43.5713052395731],[-116.248274934025,43.5713649009333],[-116.248250206713,43.5714240034486],[-116.248222815468,43.5714824803989],[-116.248192790721,43.5715402704528],[-116.248160162883,43.5715973095789],[-116.248124968575,43.5716535364186],[-116.248087245656,43.5717088896076],[-116.248047035715,43.5717633095652],[-116.248004381578,43.5718167367053],[-116.2479593298,43.5718691132253],[-116.247911929418,43.5719203822116],[-116.247862233201,43.5719704885344],[-116.247810292677,43.572019377069],[-116.247756165581,43.5720669944637],[-116.247699909678,43.5721132909665],[-116.24764158766,43.572158214104],[-116.247581261021,43.5722017159078],[-116.247334231785,43.5721815923378],[-116.246165495373,43.5723968810282],[-116.24601099862,43.5724210402408],[-116.24386069598,43.5726498751272],[-116.243578612103,43.5726885881172],[-116.241831169199,43.5728497114857],[-116.241458315522,43.572928629995],[-116.241088127393,43.573106294174],[-116.240995267816,43.5730847053164],[-116.240903146561,43.5730615049938],[-116.240811816968,43.5730367064783],[-116.240721329909,43.5730103239528],[-116.240631739981,43.5729823733841],[-116.240543095582,43.5729528689659],[-116.237270460202,43.5717891515188],[-116.23718315001,43.5717615152073],[-116.23709471449,43.5717358419255],[-116.237005236753,43.5717121547156],[-116.236914799906,43.5716904766202],[-116.23682348952,43.5716708288713],[-116.23673139361,43.5716532290916],[-116.236638597707,43.5716376940141],[-116.23654518856,43.5716242376672],[-116.236451255393,43.5716128740691],[-116.236356887399,43.5716036136385],[-116.236262171274,43.5715964641053],[-116.236167198667,43.5715914331785],[-116.236072058719,43.5715885249781],[-116.235976840574,43.5715877436247],[-116.233529489413,43.5715817638023],[-116.233497381808,43.567969940563],[-116.233404399279,43.5606967051533],[-116.243485679115,43.5607054170615],[-116.243665827602,43.5607058434784],[-116.243642440217,43.5631579398227],[-116.243656346442,43.56347523046],[-116.243661810333,43.5635605425185],[-116.243670224907,43.5636457284401],[-116.243681587247,43.5637307324393],[-116.243695888276,43.5638155023571],[-116.243713120123,43.563899982429],[-116.243733271245,43.5639841214061],[-116.243756328829,43.5640678644448],[-116.24378227884,43.5641511585067],[-116.243811104766,43.5642339505636],[-116.243842787636,43.5643161893979],[-116.243877308464,43.5643978219918],[-116.243914643327,43.5644787971486],[-116.243954772006,43.5645590627555],[-116.243997665635,43.5646385685367],[-116.244043297816,43.5647172633057],[-116.244091642162,43.5647950976758],[-116.24414266487,43.564872023192],[-116.244196334597,43.5649479895886],[-116.244252618781,43.5650229493052],[-116.244311479912,43.5650968548024],[-116.244372880494,43.5651696603406],[-116.244436783006,43.5652413174804],[-116.24450314749,43.5653117822927],[-116.245161276613,43.5659849293805],[-116.24523714674,43.5660686881325],[-116.245310686853,43.5661535395742],[-116.245381864489,43.5662394496524],[-116.245450652119,43.5663263824924],[-116.245517022228,43.5664143040195],[-116.245580947279,43.5665031774589],[-116.245642400994,43.5665929687305],[-116.245701360769,43.566683639238],[-116.245757800318,43.5667751540009],[-116.245811697053,43.5668674762228]]],[[[-116.248576527801,43.5680795072448],[-116.248586492259,43.5698592019992],[-116.248564618515,43.5698124781189],[-116.24854041425,43.5697663664666],[-116.248513909671,43.5697209272061],[-116.248485142425,43.5696762222686],[-116.248454148899,43.5696323108909],[-116.24842097166,43.5695892513826],[-116.248385653275,43.5695471020534],[-116.248348243707,43.5695059175808],[-116.248308790451,43.5694657535531],[-116.247517437394,43.5686575941728],[-116.247506046124,43.5686423319019],[-116.247497332003,43.5686261643245],[-116.247491427021,43.5686093383546],[-116.247488421177,43.5685921118883],[-116.247488359941,43.568574746615],[-116.247491244265,43.5685575089172],[-116.247497030517,43.5685406617717],[-116.247505631694,43.5685244620439],[-116.247516913679,43.5685091569045],[-116.247530706354,43.5684949801816],[-116.247546797381,43.5684821487877],[-116.24756494331,43.5684708590717],[-116.248232056595,43.5681660448347],[-116.248271878947,43.5681494452978],[-116.248312870291,43.5681344227735],[-116.248354909694,43.5681210209856],[-116.248397878663,43.5681092791477],[-116.248441651229,43.5680992302062],[-116.248486102627,43.5680909035028],[-116.248531104339,43.568084322996],[-116.248576527801,43.5680795072448]]],[[[-116.248593239075,43.5711359019987],[-116.248595860946,43.5715665496211],[-116.248438336926,43.5715650082058],[-116.248468338786,43.57150537058],[-116.24849575816,43.5714450791393],[-116.24852056584,43.57138419341],[-116.248542737561,43.5713227719966],[-116.248562252788,43.5712608752871],[-116.248579092236,43.5711985654639],[-116.248593239075,43.5711359019987]]],[[[-116.248596781843,43.5717925062885],[-116.248598261407,43.5720861794147],[-116.248599379392,43.572212842285],[-116.247985725633,43.5721976752744],[-116.247915164403,43.5721958578092],[-116.247916981586,43.5721943694693],[-116.247975916035,43.5721443263808],[-116.24803258638,43.5720929188933],[-116.248086931182,43.5720402012753],[-116.248138895205,43.5719862295677],[-116.248188421976,43.5719310598171],[-116.24823545999,43.5718747498482],[-116.248279960238,43.5718173601746],[-116.248321876189,43.5717589512991],[-116.24836116255,43.5716995837188],[-116.24845550862,43.5717029441297],[-116.248596992387,43.5717036987189],[-116.248596781843,43.5717925062885]]],[[[-116.236604860347,43.5719965875712],[-116.236446907303,43.5719641450048],[-116.236288177648,43.57193377002],[-116.23612872344,43.5719054731915],[-116.23596859672,43.5718792632948],[-116.235807848291,43.5718551491107],[-116.23564653018,43.5718331376153],[-116.235484694414,43.571813235785],[-116.235322393026,43.5717954514962],[-116.234627949316,43.5717632513701],[-116.233530847817,43.5717462950366],[-116.235974743171,43.5717537627427],[-116.236061989045,43.5717542333092],[-116.236149176141,43.5717566290628],[-116.23623622276,43.5717609485512],[-116.23632304966,43.571767187612],[-116.236409575109,43.5717753402938],[-116.236495721073,43.5717853988297],[-116.236581407025,43.5717973536636],[-116.236666553681,43.5718111952348],[-116.236751084192,43.5718269094722],[-116.236834919234,43.5718444823156],[-116.236917980707,43.5718638979001],[-116.237000195439,43.57188513764],[-116.237081484063,43.5719081820761],[-116.23716177339,43.5719330108234],[-116.240425471014,43.573094548602],[-116.240514248982,43.5731246303085],[-116.240603948328,43.5731532320662],[-116.240694520658,43.5731803396814],[-116.240785920051,43.57320593895],[-116.240878098112,43.5732300156784],[-116.240615341177,43.5734065051347],[-116.240514115402,43.573474338891],[-116.239846787416,43.573182834783],[-116.239962609687,43.5730997406238],[-116.239652068216,43.5729359221616],[-116.239368755368,43.5728062394841],[-116.239014702029,43.572670216136],[-116.238397746382,43.5724478556739],[-116.237117665364,43.5720666458852],[-116.236618465501,43.5719932943256],[-116.236604860347,43.5719965875712]]]]},"properties":{"ACRES":319.301}},{"type":"Feature","geometry":{"type":"Polygon","coordinates":[[[-116.246086048133,43.5667990891126],[-116.246029656896,43.5667025147516],[-116.245970595708,43.5666067871027],[-116.245908888428,43.5665119465561],[-116.245844561364,43.5664180307918],[-116.245777638366,43.5663250793],[-116.245708149447,43.5662331288442],[-116.245636122154,43.5661422170985],[-116.245561584023,43.566052380837],[-116.24548456755,43.5659636577121],[-116.245405103976,43.5658760835818],[-116.244745070412,43.5652008888275],[-116.244681419711,43.5651316093538],[-116.244620197909,43.5650611817912],[-116.244561443742,43.5649896518739],[-116.244505194701,43.5649170644411],[-116.24445148829,43.5648434661322],[-116.244400355832,43.5647689045128],[-116.244351833601,43.5646934271272],[-116.244305949205,43.564617081557],[-116.244262733982,43.5645399171675],[-116.244222215546,43.5644619824399],[-116.24418441906,43.5643833285657],[-116.244149368433,43.564304004942],[-116.244117086343,43.5642240618707],[-116.244087594247,43.5641435514588],[-116.24406090988,43.5640625249295],[-116.244037050975,43.5639810335055],[-116.244016032799,43.56389912932],[-116.243997866914,43.5638168654221],[-116.243982568578,43.5637342930447],[-116.243970144415,43.5636514670576],[-116.243960603497,43.5635684387201],[-116.243953951195,43.5634852611072],[-116.243940064667,43.5631707242885],[-116.243963437033,43.5607220540945],[-116.244086031005,43.5607223442189],[-116.24849282021,43.5607326884945],[-116.248515348034,43.5625496195486],[-116.248519108866,43.562880836579],[-116.248520666738,43.5630179831261],[-116.248522236935,43.563156322958],[-116.248523577085,43.5632922780057],[-116.248524927076,43.5634294254493],[-116.248528234164,43.5637653322788],[-116.248535073694,43.5643699046781],[-116.248550754306,43.5658892040441],[-116.248571033378,43.5679295680198],[-116.248516775332,43.5679342315009],[-116.24846291887,43.5679409163055],[-116.248409606175,43.5679496047149],[-116.248356978151,43.567960273617],[-116.248305173185,43.5679728954107],[-116.248254328373,43.5679874353015],[-116.248204579554,43.5680038567005],[-116.248156056315,43.5680221149465],[-116.248108886976,43.5680421617844],[-116.247404992391,43.5683471362385],[-116.247388364362,43.5683560758418],[-116.247370215787,43.5683632833436],[-116.247350884691,43.5683686240793],[-116.247330731659,43.5683719974849],[-116.247310134913,43.5683733407175],[-116.247289479182,43.5683726296047],[-116.247269149501,43.568369876871],[-116.247249525024,43.5683651330649],[-116.247230975324,43.5683584874749],[-116.247213844278,43.5683500654998],[-116.24719845373,43.5683400223328],[-116.24718508991,43.5683285475204],[-116.246963558193,43.5681117799642],[-116.246880466745,43.5680168115305],[-116.246799875064,43.5679207108277],[-116.246721811897,43.5678235128344],[-116.246646307229,43.5677252525237],[-116.246573387328,43.5676259648848],[-116.246503078481,43.5675256867067],[-116.246435406972,43.5674244547782],[-116.246370395355,43.5673223041042],[-116.246308069921,43.5672192723732],[-116.24624845078,43.5671153982005],[-116.246191560485,43.5670107165905],[-116.246137420397,43.5669052679527],[-116.246086048133,43.5667990891126]]]},"properties":{"ACRES":61.32}},{"type":"Feature","geometry":{"type":"Polygon","coordinates":[[[-116.255660769593,43.5731455772737],[-116.257345144374,43.5737966225578],[-116.257347529666,43.5739683970916],[-116.257350853361,43.574251946301],[-116.257354175663,43.5745353245111],[-116.257362787609,43.5752346588284],[-116.256631752038,43.5752230415618],[-116.256626627669,43.5752227834843],[-116.255225853988,43.5751522890787],[-116.254432571762,43.5751395639777],[-116.254393130186,43.5751379146876],[-116.254353947764,43.5751342420433],[-116.254315221468,43.5751285640752],[-116.254277143408,43.5751209096347],[-116.254239904532,43.5751113165785],[-116.254203693401,43.5750998335732],[-116.254168688748,43.5750865183286],[-116.254135066899,43.5750714366649],[-116.254102995589,43.5750546634399],[-116.254072636454,43.5750362843379],[-116.254044140033,43.5750163904917],[-116.254049003904,43.5749964026602],[-116.25402767622,43.5749783347095],[-116.25399976429,43.5749787970432],[-116.253977575622,43.574955894724],[-116.253957612454,43.5749319350433],[-116.253939969802,43.5749070309779],[-116.253924731587,43.5748813009528],[-116.253911969397,43.5748548688472],[-116.253901746169,43.574827860378],[-116.253894108763,43.574800403133],[-116.253889092923,43.5747726274486],[-116.253886724519,43.5747446673042],[-116.253887014552,43.5747166549447],[-116.253889960416,43.5746887235751],[-116.253895548364,43.5746610064488],[-116.253903752265,43.574633635974],[-116.255660769593,43.5731455772737]]]},"properties":{"ACRES":11.1}},{"type":"Feature","geometry":{"type":"Polygon","coordinates":[[[-116.257311993554,43.5726584548594],[-116.257508600815,43.5727003040204],[-116.257933211567,43.572869565428],[-116.258156337181,43.5729585081755],[-116.258400266304,43.5729889320209],[-116.260123678116,43.572655532805],[-116.260320358155,43.5725099297399],[-116.26034305718,43.5724083990193],[-116.260703986329,43.5724067927028],[-116.260707674534,43.5726898857788],[-116.260717389461,43.5736017654899],[-116.258735428685,43.5735701419058],[-116.258728911346,43.5730200151583],[-116.258539284136,43.5730150297924],[-116.258546758798,43.5735670385985],[-116.257343056081,43.5735478699869],[-116.257344207443,43.573685017953],[-116.257345144374,43.5737966225578],[-116.255660769593,43.5731455772737],[-116.25639840732,43.5725181766926],[-116.257041920697,43.5727564205845],[-116.257311993554,43.5726584548594]]]},"properties":{"ACRES":4.13}},{"type":"Feature","geometry":{"type":"Polygon","coordinates":[[[-116.253726898296,43.5737891348743],[-116.25372461913,43.5735156955161],[-116.254196204858,43.5735132738541],[-116.254198493305,43.5737875699177],[-116.253726898296,43.5737891348743]]]},"properties":{"ACRES":0.29}},{"type":"Feature","geometry":{"type":"Polygon","coordinates":[[[-116.253726898296,43.5737891348743],[-116.254198493305,43.5737875699177],[-116.254196204858,43.5735132738541],[-116.25372461913,43.5735156955161],[-116.253711493208,43.5721671928134],[-116.253771012625,43.572132666583],[-116.253828760112,43.5720965840086],[-116.253884658095,43.5720589940324],[-116.253938632722,43.5720199464802],[-116.253990612633,43.5719794929666],[-116.254040527727,43.5719376878006],[-116.254088311626,43.5718945861749],[-116.254133901687,43.5718502459655],[-116.254177236515,43.5718047259427],[-116.254218257202,43.5717580866659],[-116.254256912287,43.5717103904613],[-116.254293146601,43.5716617005717],[-116.255595047122,43.5716550289739],[-116.257036434445,43.5716476241223],[-116.253733268745,43.5744402418934],[-116.253726898296,43.5737891348743]]]},"properties":{"ACRES":9.58}},{"type":"Feature","geometry":{"type":"Polygon","coordinates":[[[-116.259778852834,43.55357827321],[-116.259767079178,43.5572151300645],[-116.258523137422,43.5571939247799],[-116.258524988801,43.5567413091879],[-116.258534988781,43.5535574105416],[-116.259778852834,43.55357827321]]]},"properties":{"ACRES":10}},{"type":"Feature","geometry":{"type":"Polygon","coordinates":[[[-116.263543414415,43.5555240971844],[-116.263542682184,43.5557709767696],[-116.263541007062,43.5560178614794],[-116.263540274835,43.5562647410433],[-116.263539542619,43.5565116214965],[-116.263537867484,43.5567585052745],[-116.263537135271,43.5570053857065],[-116.263535460139,43.5572522703631],[-116.263535687265,43.5572790142675],[-116.259767079178,43.5572151300645],[-116.259778852834,43.55357827321],[-116.26355948714,43.5536415892814],[-116.263551724876,43.553726830338],[-116.263550515629,43.554028574458],[-116.263548962801,43.5542898589142],[-116.263548229109,43.5545365675671],[-116.26353691378,43.5545365274969],[-116.263535238613,43.5547834113599],[-116.263546553996,43.55478345233],[-116.263545821766,43.555030332847],[-116.263545089532,43.5552772124534],[-116.263543414415,43.5555240971844]]]},"properties":{"ACRES":30}},{"type":"Feature","geometry":{"type":"Polygon","coordinates":[[[-116.256049386913,43.5566991465625],[-116.25603431466,43.5571516487524],[-116.253507442953,43.5571081811763],[-116.253513146759,43.5534773289663],[-116.258534988781,43.5535574105416],[-116.258524988801,43.5567413091879],[-116.256049386913,43.5566991465625]],[[-116.256017992985,43.5560735407218],[-116.257973469082,43.5561065129127],[-116.257974919853,43.5549544431078],[-116.256019481016,43.554921470752],[-116.256017992985,43.5560735407218]]]},"properties":{"ACRES":32.5}},{"type":"Feature","geometry":{"type":"Polygon","coordinates":[[[-116.256017992985,43.5560735407218],[-116.256019481016,43.554921470752],[-116.257974919853,43.5549544431078],[-116.257973469082,43.5561065129127],[-116.256017992985,43.5560735407218]]]},"properties":{"ACRES":5}},{"type":"Feature","geometry":{"type":"MultiPolygon","coordinates":[[[[-116.233500759215,43.5606967917633],[-116.233526516714,43.5572522404024],[-116.241092207185,43.557269440432],[-116.241088225588,43.557127503677],[-116.242582797523,43.5571253597939],[-116.24264921549,43.5571859872243],[-116.242713399062,43.5572478733853],[-116.242775303352,43.5573109770761],[-116.242834885895,43.5573752507858],[-116.242892103031,43.557440652408],[-116.242946914762,43.5575071335212],[-116.242999283593,43.5575746492925],[-116.243049173229,43.5576431503841],[-116.243096546159,43.5577125901633],[-116.243141371031,43.5577829183708],[-116.243183615266,43.5578540865525],[-116.243223249992,43.5579260453379],[-116.243260246308,43.5579987417572],[-116.24329457906,43.5580721273236],[-116.243326224286,43.5581461481456],[-116.243355158057,43.5582207539308],[-116.243381362604,43.5582958916607],[-116.243404816448,43.5583715083324],[-116.243425505527,43.5584475500107],[-116.243443414556,43.5585239645656],[-116.243458530701,43.5586006971565],[-116.243470843619,43.5586776947315],[-116.24348034419,43.5587549024336],[-116.243487025774,43.5588322662948],[-116.243490884209,43.5589097323361],[-116.243491916552,43.558987244773],[-116.243485679115,43.5607054170615],[-116.233500759215,43.5606967917633]]],[[[-116.243388188617,43.5571895196779],[-116.243330554932,43.557124364887],[-116.243498398024,43.5571239834106],[-116.243497188035,43.5573223464071],[-116.243497186765,43.5573224940056],[-116.243497186732,43.5573226415987],[-116.243443741312,43.5572556238758],[-116.243388188617,43.5571895196779]]]]},"properties":{"ACRES":75}},{"type":"Feature","geometry":{"type":"Polygon","coordinates":[[[-116.233543607814,43.5549371606978],[-116.23847301927,43.5557959714721],[-116.23846716243,43.556821906546],[-116.233529800538,43.556813453217],[-116.233543607814,43.5549371606978]]]},"properties":{"ACRES":18.4}},{"type":"Feature","geometry":{"type":"Polygon","coordinates":[[[-116.233607448047,43.554497236145],[-116.233613983482,43.5534279227248],[-116.238486042214,43.5534392695603],[-116.238475034626,43.5553450697411],[-116.233607448047,43.554497236145]]]},"properties":{"ACRES":17.6}},{"type":"Feature","geometry":{"type":"Polygon","coordinates":[[[-116.253130586968,43.5571069522597],[-116.250480824506,43.5571023740951],[-116.248502469153,43.5570988453228],[-116.248506947097,43.5553359191348],[-116.248527803649,43.5534655308272],[-116.253513146759,43.5534773289663],[-116.253507442953,43.5571081811763],[-116.253130586968,43.5571069522597]]]},"properties":{"ACRES":40.3}},{"type":"Feature","geometry":{"type":"Polygon","coordinates":[[[-116.243509562943,43.5546791684337],[-116.243512739275,43.5534507709217],[-116.246011474051,43.5534565871675],[-116.24807528056,43.5534645314521],[-116.24805439584,43.5553330487952],[-116.248050347271,43.5571259695763],[-116.248019855494,43.5571206639605],[-116.247923881933,43.5571042914775],[-116.247749721446,43.557076238608],[-116.2475749557,43.5570502553089],[-116.247399630508,43.5570263467778],[-116.247223792942,43.5570045209072],[-116.247047490043,43.5569847819899],[-116.246870767636,43.5569671370244],[-116.24669367275,43.5569515885042],[-116.246516253676,43.5569381425178],[-116.246338556204,43.5569268015646],[-116.246160628611,43.5569175699336],[-116.245982516671,43.5569104483253],[-116.245804269885,43.5569054392239],[-116.245625934042,43.5569025451303],[-116.245447557374,43.5569017649349],[-116.243499435908,43.556904532451],[-116.243502059011,43.556327996765],[-116.243509562943,43.5546791684337]]]},"properties":{"ACRES":35.25}},{"type":"Feature","geometry":{"type":"Polygon","coordinates":[[[-116.243498398024,43.5571239834106],[-116.245448412398,43.557121206806],[-116.245616708609,43.5571219101042],[-116.245784968722,43.5571245491193],[-116.245953150678,43.5571291240337],[-116.2461212124,43.5571356323305],[-116.246289110586,43.5571440732983],[-116.246456804403,43.5571544453151],[-116.246624251763,43.5571667449649],[-116.246791410581,43.5571809688318],[-116.246958240014,43.5571971143945],[-116.247124696724,43.5572151764434],[-116.247290739862,43.5572351515577],[-116.247456327326,43.5572570345228],[-116.247621419481,43.5572808192133],[-116.247785972988,43.5573065004204],[-116.247949946966,43.5573340711248],[-116.24850142798,43.5574300755067],[-116.24849282021,43.5607326884945],[-116.244086031005,43.5607223442189],[-116.244095442075,43.5589889237242],[-116.244094452526,43.5589059906673],[-116.244090650471,43.5588231003623],[-116.244084037576,43.5587403040995],[-116.24407461797,43.5586576513579],[-116.244062398264,43.558575192506],[-116.244047385075,43.5584929788118],[-116.244029587474,43.5584110588328],[-116.244009017021,43.5583294829151],[-116.243985685268,43.5582483005052],[-116.243959606249,43.5581675619383],[-116.243930797697,43.5580873157336],[-116.243899276111,43.5580076113153],[-116.24386505921,43.5579284954026],[-116.243828170924,43.5578500182872],[-116.243788630208,43.5577722266825],[-116.243746464683,43.5576951681643],[-116.243701697013,43.5576188894294],[-116.243654356051,43.5575434371482],[-116.243604470639,43.5574688570907],[-116.243552069613,43.5573951941269],[-116.243497186765,43.5573224940056],[-116.243498398024,43.5571239834106]]]},"properties":{"ACRES":35.51}},{"type":"Feature","geometry":{"type":"Polygon","coordinates":[[[-116.236007793713,43.5462342352631],[-116.236000073806,43.5479817092213],[-116.233791021396,43.5479771908114],[-116.233799714729,43.5462292808717],[-116.236007793713,43.5462342352631]]]},"properties":{"ACRES":9.4}},{"type":"Feature","geometry":{"type":"MultiPolygon","coordinates":[[[[-116.213461108605,43.5607107592404],[-116.213478940186,43.5534142818216],[-116.213483712871,43.5514615538938],[-116.233355109137,43.5549288474963],[-116.233312681762,43.5606283920138],[-116.223435395704,43.560635209543],[-116.223435480232,43.5607041647852],[-116.213461108605,43.5607107592404]]],[[[-116.213481247539,43.5509971070679],[-116.213490807058,43.5461173891141],[-116.21849365832,43.5461281993735],[-116.223495917901,43.5461389281546],[-116.223480358465,43.5497798696134],[-116.226591777253,43.5497842572094],[-116.228480313581,43.5497868276676],[-116.228462890284,43.5534243931092],[-116.233310367535,43.5534272896907],[-116.233366938685,43.5534272530245],[-116.233359251828,43.5544710260004],[-116.213481219002,43.5510108216498],[-116.213481247539,43.5509971070679]]]]},"properties":{"ACRES":520}},{"type":"Feature","geometry":{"type":"Polygon","coordinates":[[[-116.228462890284,43.5534243931092],[-116.228480313581,43.5497868276676],[-116.231613416525,43.5497909878462],[-116.233253982517,43.5497931521984],[-116.233241890234,43.5520559000471],[-116.233317321973,43.5520560950723],[-116.233310367535,43.5534272896907],[-116.228462890284,43.5534243931092]]]},"properties":{"ACRES":38.74}},{"type":"Feature","geometry":{"type":"Polygon","coordinates":[[[-116.233253982517,43.5497931521984],[-116.231613416525,43.5497909878462],[-116.23163161181,43.5461556555543],[-116.233347986317,43.546159588937],[-116.233329417404,43.5497936297906],[-116.233253982517,43.5497931521984]]]},"properties":{"ACRES":15}},{"type":"Feature","geometry":{"type":"Polygon","coordinates":[[[-116.226607417931,43.5461453633841],[-116.23163161181,43.5461556555543],[-116.231613416525,43.5497909878462],[-116.228480313581,43.5497868276676],[-116.226591777253,43.5497842572094],[-116.22660091619,43.5475936989649],[-116.226607417931,43.5461453633841]]]},"properties":{"ACRES":40}},{"type":"Feature","geometry":{"type":"Polygon","coordinates":[[[-116.225051794556,43.5461421324296],[-116.225045256386,43.5475905724865],[-116.22660091619,43.5475936989649],[-116.226591777253,43.5497842572094],[-116.223480358465,43.5497798696134],[-116.223495917901,43.5461389281546],[-116.225051794556,43.5461421324296]]]},"properties":{"ACRES":20}},{"type":"Feature","geometry":{"type":"Polygon","coordinates":[[[-116.225045256386,43.5475905724865],[-116.225051794556,43.5461421324296],[-116.226607417931,43.5461453633841],[-116.22660091619,43.5475936989649],[-116.225045256386,43.5475905724865]]]},"properties":{"ACRES":5}},{"type":"Feature","geometry":{"type":"Polygon","coordinates":[[[-116.193787853164,43.5581964491388],[-116.19353473107,43.558141369435],[-116.193484595258,43.5581305880405],[-116.193482608151,43.5570133056957],[-116.198480864819,43.5570287835346],[-116.198481629359,43.5592141119789],[-116.198481292296,43.5592183880979],[-116.197075058054,43.5589118012801],[-116.196061238954,43.5586906098827],[-116.195350977261,43.5585361661213],[-116.193787853164,43.5581964491388]]]},"properties":{"ACRES":20}},{"type":"Feature","geometry":{"type":"Polygon","coordinates":[[[-116.199427878266,43.5592133021902],[-116.198481629359,43.5592141119789],[-116.198480864819,43.5570287835346],[-116.200963729171,43.5570365042103],[-116.200980713866,43.5592119572829],[-116.199427878266,43.5592133021902]]]},"properties":{"ACRES":12.33}},{"type":"Feature","geometry":{"type":"Polygon","coordinates":[[[-116.199430608285,43.5603349476266],[-116.199427878266,43.5592133021902],[-116.200980713866,43.5592119572829],[-116.200984793813,43.5597344077224],[-116.200324674359,43.5597318664568],[-116.200324410704,43.5600741445805],[-116.200324252271,43.5602972904572],[-116.200267561236,43.5603382646928],[-116.199430608285,43.5603349476266]]]},"properties":{"ACRES":3}},{"type":"Feature","geometry":{"type":"Polygon","coordinates":[[[-116.200323847868,43.5606813154061],[-116.200324045136,43.5604947886422],[-116.200324252271,43.5602972904572],[-116.200324410704,43.5600741445805],[-116.201371993514,43.5600772717075],[-116.201025362539,43.5606219752275],[-116.201322901709,43.560687710167],[-116.200323847868,43.5606813154061]]]},"properties":{"ACRES":1.16}},{"type":"Feature","geometry":{"type":"Polygon","coordinates":[[[-116.200324410704,43.5600741445805],[-116.200324674359,43.5597318664568],[-116.200984793813,43.5597344077224],[-116.200980713866,43.5592119572829],[-116.201923160902,43.5592111301382],[-116.201371993514,43.5600772717075],[-116.200324410704,43.5600741445805]]]},"properties":{"ACRES":1.74}},{"type":"Feature","geometry":{"type":"Polygon","coordinates":[[[-116.200980713866,43.5592119572829],[-116.200963729171,43.5570365042103],[-116.203302315667,43.5570437153414],[-116.201923160902,43.5592111301382],[-116.200980713866,43.5592119572829]]]},"properties":{"ACRES":8}},{"type":"Feature","geometry":{"type":"Polygon","coordinates":[[[-116.201923160902,43.5592111301382],[-116.203302315667,43.5570437153414],[-116.203474157514,43.557044211932],[-116.203474015554,43.5606867984466],[-116.201322901702,43.5606877092671],[-116.201025362539,43.5606219752275],[-116.201371993514,43.5600772717075],[-116.201923160902,43.5592111301382]]]},"properties":{"ACRES":10}},{"type":"Feature","geometry":{"type":"Polygon","coordinates":[[[-116.203474302589,43.5533899155346],[-116.203474157514,43.557044211932],[-116.203302315667,43.5570437153414],[-116.200963729171,43.5570365042103],[-116.198480864819,43.5570287835346],[-116.193482608151,43.5570133056957],[-116.193476572968,43.5533646595417],[-116.203474302589,43.5533899155346]]]},"properties":{"ACRES":80}},{"type":"Feature","geometry":{"type":"Polygon","coordinates":[[[-116.213461108605,43.5607107592404],[-116.203474015554,43.5606867984466],[-116.203474157514,43.557044211932],[-116.203474302589,43.5533899155346],[-116.193476572968,43.5533646595417],[-116.193471412092,43.5497159392753],[-116.194375261522,43.5497183218827],[-116.195846124547,43.5497221846721],[-116.198473518447,43.5497290367907],[-116.198994646397,43.5489236648523],[-116.213483738191,43.5514506489959],[-116.213483712871,43.5514615538938],[-116.213478940186,43.5534142818216],[-116.213461108605,43.5607107592404]]]},"properties":{"ACRES":310.183}},{"type":"Feature","geometry":{"type":"Polygon","coordinates":[[[-116.213490807058,43.5461173891141],[-116.213481247539,43.5509971070679],[-116.203473979236,43.5492532074939],[-116.203472053718,43.546092776001],[-116.213490807058,43.5461173891141]]]},"properties":{"ACRES":89.338}},{"type":"Feature","geometry":{"type":"Polygon","coordinates":[[[-116.203472053718,43.546092776001],[-116.203473979236,43.5492532074939],[-116.199261224179,43.5485188313184],[-116.200831575277,43.5460864574618],[-116.203472053718,43.546092776001]]]},"properties":{"ACRES":21.92}},{"type":"Feature","geometry":{"type":"Polygon","coordinates":[[[-116.182101836169,43.5570474566436],[-116.183446468892,43.5570440812559],[-116.183449751732,43.5577651544391],[-116.183451392337,43.5579940236177],[-116.182101836169,43.5570474566436]]]},"properties":{"ACRES":2.5}},{"type":"Feature","geometry":{"type":"Polygon","coordinates":[[[-116.183441242883,43.5533784427569],[-116.183451183541,43.5570440633818],[-116.183446468892,43.5570440812559],[-116.182101836169,43.5570474566436],[-116.178443843226,43.5544818736186],[-116.1784398465,43.5533849952689],[-116.183441242883,43.5533784427569]]]},"properties":{"ACRES":30.04}},{"type":"Feature","geometry":{"type":"Polygon","coordinates":[[[-116.1784398465,43.5533849952689],[-116.178443843226,43.5544818736186],[-116.176910424761,43.5533869553802],[-116.1784398465,43.5533849952689]]]},"properties":{"ACRES":1.9}},{"type":"Feature","geometry":{"type":"Polygon","coordinates":[[[-116.193482608151,43.5570133056957],[-116.193484595258,43.5581305880405],[-116.190330173445,43.5574486108053],[-116.188383675213,43.5570278281008],[-116.193482608151,43.5570133056957]]]},"properties":{"ACRES":6.05}},{"type":"Feature","geometry":{"type":"Polygon","coordinates":[[[-116.193476572968,43.5533646595417],[-116.193482608151,43.5570133056957],[-116.188383675213,43.5570278281008],[-116.185323852796,43.5570379770349],[-116.183451183541,43.5570440633818],[-116.183441242883,43.5533784427569],[-116.193476572968,43.5533646595417]]]},"properties":{"ACRES":80}},{"type":"Feature","geometry":{"type":"Polygon","coordinates":[[[-116.183425390329,43.5462088271953],[-116.184529837838,43.5464016226048],[-116.188243137321,43.5476725077035],[-116.18849025416,43.547757077937],[-116.193470202254,43.5494614869263],[-116.193471412092,43.5497159392753],[-116.193476572968,43.5533646595417],[-116.183441242883,43.5533784427569],[-116.183425390329,43.5462088271953]]]},"properties":{"ACRES":125}},{"type":"Feature","geometry":{"type":"Polygon","coordinates":[[[-116.173420829604,43.5509348477585],[-116.173404333941,43.5482353336559],[-116.183312612312,43.5482492038928],[-116.183308062214,43.5461883487597],[-116.183425390329,43.5462088271953],[-116.183441242883,43.5533784427569],[-116.1784398465,43.5533849952689],[-116.176910424761,43.5533869553802],[-116.173420829604,43.5509348477585]]]},"properties":{"ACRES":105.4}},{"type":"Feature","geometry":{"type":"Polygon","coordinates":[[[-116.173390927682,43.5460412303862],[-116.175903184237,43.5460447131805],[-116.17840861977,43.5460481519295],[-116.182538901697,43.5460540101924],[-116.183308062214,43.5461883487597],[-116.183312612312,43.5482492038928],[-116.173404333941,43.5482353336559],[-116.173390927682,43.5460412303862]]]},"properties":{"ACRES":48.16}},{"type":"Feature","geometry":{"type":"Polygon","coordinates":[[[-116.169916050373,43.5460261161773],[-116.170126429547,43.5460269839416],[-116.170514157368,43.5460285833104],[-116.172260096965,43.5460357675472],[-116.173390927682,43.5460412303862],[-116.173420829604,43.5509348477585],[-116.167051904544,43.5464706563128],[-116.166723581286,43.5461634283615],[-116.166523417725,43.5460123489805],[-116.166715225341,43.5460128046997],[-116.167094204233,43.5460143791573],[-116.168051188245,43.5460184031791],[-116.169916050373,43.5460261161773]]]},"properties":{"ACRES":37.6}},{"type":"Feature","geometry":{"type":"Polygon","coordinates":[[[-116.188778484161,43.5404814254558],[-116.193013178462,43.5404937260152],[-116.193396503364,43.5406265393504],[-116.193393047154,43.5420849722309],[-116.188778484161,43.5404814254558]]]},"properties":{"ACRES":8.19}},{"type":"Feature","geometry":{"type":"Polygon","coordinates":[[[-116.193013178462,43.5404937260152],[-116.193396815001,43.5404948469678],[-116.193396503364,43.5406265393504],[-116.193013178462,43.5404937260152]]]},"properties":{"ACRES":0.06}},{"type":"Feature","geometry":{"type":"Polygon","coordinates":[[[-116.183420472856,43.5372319331625],[-116.183420033857,43.5350648963747],[-116.193369226308,43.5350621877623],[-116.193400558431,43.5386783597025],[-116.187682342343,43.5386870200466],[-116.183420472856,43.5372319331625]]]},"properties":{"ACRES":73.09}},{"type":"Feature","geometry":{"type":"Polygon","coordinates":[[[-116.183420472856,43.5372319331625],[-116.187682342343,43.5386870200466],[-116.193400558431,43.5386783597025],[-116.193400450258,43.5386806487215],[-116.193396815001,43.5404948469678],[-116.193013178462,43.5404937260152],[-116.188778484161,43.5404814254558],[-116.18874515046,43.5404702912731],[-116.183445127828,43.5386999050184],[-116.183420536709,43.5372408479318],[-116.183420472856,43.5372319331625]]]},"properties":{"ACRES":36.26}},{"type":"Feature","geometry":{"type":"Polygon","coordinates":[[[-116.193338108127,43.5314454241251],[-116.193369226308,43.5350621877623],[-116.183420033857,43.5350648963747],[-116.1834185552,43.5314362279262],[-116.18581926636,43.531438532633],[-116.188314234804,43.5314408747071],[-116.193338108127,43.5314454241251]]]},"properties":{"ACRES":80}},{"type":"Feature","geometry":{"type":"Polygon","coordinates":[[[-116.17347072196,43.5387078004922],[-116.173472151659,43.5383218668789],[-116.173497712408,43.5314262082599],[-116.178339838255,43.5314312060107],[-116.183327125366,43.531436138896],[-116.1834185552,43.5314362279262],[-116.183420033857,43.5350648963747],[-116.183420472856,43.5372319331625],[-116.183420536709,43.5372408479318],[-116.183445127828,43.5386999050184],[-116.180198176234,43.5375840738322],[-116.179471792349,43.5387032409228],[-116.179279489239,43.5387034483274],[-116.178871314454,43.5387037804825],[-116.178458426423,43.5387041279429],[-116.178054966066,43.5387044395165],[-116.177606256298,43.5387047470137],[-116.17347072196,43.5387078004922]]]},"properties":{"ACRES":155.09}},{"type":"Feature","geometry":{"type":"Polygon","coordinates":[[[-116.195881498458,43.5429470048998],[-116.193990535542,43.5423016732188],[-116.198464327228,43.5423365714166],[-116.198465995713,43.5438290869317],[-116.195881498458,43.5429470048998]]]},"properties":{"ACRES":7.44}},{"type":"Feature","geometry":{"type":"MultiPolygon","coordinates":[[[[-116.198464327228,43.5423365714166],[-116.204868771405,43.5424023065349],[-116.21342991471,43.5424231205242],[-116.213490807058,43.5461173891141],[-116.203472053718,43.546092776001],[-116.200831575277,43.5460864574618],[-116.199168191349,43.546082403718],[-116.198468335703,43.546080690833],[-116.198461239551,43.5453538026067],[-116.198451896332,43.5445221984116],[-116.198465995713,43.5438290869317],[-116.198464327228,43.5423365714166]]],[[[-116.198464327228,43.5423365714166],[-116.193990535542,43.5423016732188],[-116.193393275226,43.5420976922802],[-116.193393047154,43.5420849722309],[-116.193396503364,43.5406265393504],[-116.193396815001,43.5404948469678],[-116.193400450258,43.5386806487215],[-116.193400558431,43.5386783597025],[-116.193369226308,43.5350621877623],[-116.198358238443,43.53505977863],[-116.198394882511,43.5386912851677],[-116.198464327228,43.5423365714166]]]]},"properties":{"ACRES":205.04}},{"type":"Feature","geometry":{"type":"Polygon","coordinates":[[[-116.203389256437,43.5387041632548],[-116.213368761593,43.5387292771557],[-116.21342991471,43.5424231205242],[-116.204868771405,43.5424023065349],[-116.198464327228,43.5423365714166],[-116.198394888696,43.5386912851434],[-116.203389256437,43.5387041632548]]]},"properties":{"ACRES":120}},{"type":"Feature","geometry":{"type":"Polygon","coordinates":[[[-116.213322477155,43.5350501556771],[-116.213368761593,43.5387292771557],[-116.203389256437,43.5387041632548],[-116.203347791917,43.5350570524488],[-116.20833514399,43.5350543126298],[-116.213322477155,43.5350501556771]]]},"properties":{"ACRES":80}},{"type":"Feature","geometry":{"type":"Polygon","coordinates":[[[-116.2132761888,43.5313735760228],[-116.213322477155,43.5350501556771],[-116.20833514399,43.5350543126298],[-116.208292327054,43.5313918625034],[-116.2132761888,43.5313735760228]]]},"properties":{"ACRES":40}},{"type":"Feature","geometry":{"type":"Polygon","coordinates":[[[-116.203308219281,43.5314099318038],[-116.208292327054,43.5313918625034],[-116.20833514399,43.5350543126298],[-116.203347791917,43.5350570524488],[-116.203308219281,43.5314099318038]]]},"properties":{"ACRES":40}},{"type":"Feature","geometry":{"type":"Polygon","coordinates":[[[-116.198394882511,43.5386912851677],[-116.198358238443,43.53505977863],[-116.203347791917,43.5350570524488],[-116.203389256437,43.5387041632548],[-116.198394882511,43.5386912851677]]]},"properties":{"ACRES":40}},{"type":"Feature","geometry":{"type":"Polygon","coordinates":[[[-116.198323164205,43.531427786642],[-116.203308219281,43.5314099318038],[-116.203347791917,43.5350570524488],[-116.198358238443,43.53505977863],[-116.198323164205,43.531427786642]]]},"properties":{"ACRES":40}},{"type":"Feature","geometry":{"type":"Polygon","coordinates":[[[-116.198323164205,43.531427786642],[-116.198358238443,43.53505977863],[-116.193369226308,43.5350621877623],[-116.193338108127,43.5314454241251],[-116.198323164205,43.531427786642]]]},"properties":{"ACRES":40}},{"type":"Feature","geometry":{"type":"Polygon","coordinates":[[[-116.218410248598,43.5387520365336],[-116.21845190179,43.5424402107061],[-116.21849365832,43.5461281993735],[-116.213490807058,43.5461173891141],[-116.21342991471,43.5424231205242],[-116.213368761593,43.5387292771557],[-116.218410248598,43.5387520365336]]]},"properties":{"ACRES":81.7}},{"type":"Feature","geometry":{"type":"Polygon","coordinates":[[[-116.223495917901,43.5461389281546],[-116.21849365832,43.5461281993735],[-116.21845190179,43.5424402107061],[-116.223473950124,43.5424567272506],[-116.223495917901,43.5461389281546]]]},"properties":{"ACRES":41.27}},{"type":"Feature","geometry":{"type":"Polygon","coordinates":[[[-116.21845190179,43.5424402107061],[-116.218410248598,43.5387520365336],[-116.223451734983,43.5387745726989],[-116.223473950124,43.5424567272506],[-116.21845190179,43.5424402107061]]]},"properties":{"ACRES":40}},{"type":"Feature","geometry":{"type":"Polygon","coordinates":[[[-116.233369938037,43.538818278062],[-116.233427449363,43.5388185550833],[-116.233405028052,43.5461595277666],[-116.233347986317,43.546159588937],[-116.23163161181,43.5461556555543],[-116.226607417931,43.5461453633841],[-116.225051794556,43.5461421324296],[-116.223495917901,43.5461389281546],[-116.223473950124,43.5424567272506],[-116.223451734983,43.5387745726989],[-116.233369938037,43.538818278062]]]},"properties":{"ACRES":161.27}},{"type":"Feature","geometry":{"type":"Polygon","coordinates":[[[-116.213322477155,43.5350501556771],[-116.214585644357,43.5350575447798],[-116.215849737673,43.5350637165049],[-116.217112888545,43.5350698781036],[-116.218376040878,43.5350761967329],[-116.219008559021,43.5350792619038],[-116.219640134609,43.5350823265468],[-116.220903285893,43.5350884462655],[-116.222166437312,43.5350945520276],[-116.223430531447,43.5351006399302],[-116.223441163505,43.5369415501111],[-116.223451734983,43.5387745726989],[-116.218410248598,43.5387520365336],[-116.213368761593,43.5387292771557],[-116.213322477155,43.5350501556771]]]},"properties":{"ACRES":80}},{"type":"Feature","geometry":{"type":"Polygon","coordinates":[[[-116.203378235332,43.524147151505],[-116.203308219281,43.5314099318038],[-116.198323164205,43.531427786642],[-116.193338108127,43.5314454241251],[-116.193372224179,43.5277548081404],[-116.193405415203,43.5241644879083],[-116.203378235332,43.524147151505]]]},"properties":{"ACRES":160}},{"type":"Feature","geometry":{"type":"Polygon","coordinates":[[[-116.213431013747,43.5168841387492],[-116.213393374051,43.5205061799579],[-116.213354283461,43.5241282265476],[-116.208365582889,43.5241380669356],[-116.203378235332,43.524147151505],[-116.203414181494,43.5205156682241],[-116.203450126393,43.5168843473311],[-116.213431013747,43.5168841387492]]]},"properties":{"ACRES":160}},{"type":"Feature","geometry":{"type":"Polygon","coordinates":[[[-116.168569778428,43.5277977213543],[-116.173541765961,43.5277656915965],[-116.173541721955,43.5277693015084],[-116.178375342006,43.5277662045294],[-116.178339838255,43.5314312060107],[-116.173497712408,43.5314262082599],[-116.173224374979,43.5314264077039],[-116.168507100765,43.5314293751062],[-116.168569778428,43.5277977213543]]]},"properties":{"ACRES":80}},{"type":"Feature","geometry":{"type":"Polygon","coordinates":[[[-116.178339838255,43.5314312060107],[-116.178375342006,43.5277662045294],[-116.183364917061,43.5277626604797],[-116.183346566399,43.5295438522642],[-116.183327125366,43.531436138896],[-116.178339838255,43.5314312060107]]]},"properties":{"ACRES":40}},{"type":"Feature","geometry":{"type":"Polygon","coordinates":[[[-116.183327125366,43.531436138896],[-116.183346566399,43.5295438522642],[-116.185839533446,43.5295408912887],[-116.18581926636,43.531438532633],[-116.1834185552,43.5314362279262],[-116.183327125366,43.531436138896]]]},"properties":{"ACRES":10}},{"type":"Feature","geometry":{"type":"Polygon","coordinates":[[[-116.18581926636,43.531438532633],[-116.185839533446,43.5295408912887],[-116.188335327313,43.5295378651172],[-116.188314234804,43.5314408747071],[-116.18581926636,43.531438532633]]]},"properties":{"ACRES":10}},{"type":"Feature","geometry":{"type":"Polygon","coordinates":[[[-116.183346566399,43.5295438522642],[-116.183364917061,43.5277626604797],[-116.188353547301,43.5277589014003],[-116.188335327313,43.5295378651172],[-116.185839533446,43.5295408912887],[-116.183346566399,43.5295438522642]]]},"properties":{"ACRES":20}},{"type":"Feature","geometry":{"type":"Polygon","coordinates":[[[-116.188353547301,43.5277589014003],[-116.193372224179,43.5277548081404],[-116.193338108127,43.5314454241251],[-116.188314234804,43.5314408747071],[-116.188335327313,43.5295378651172],[-116.188353547301,43.5277589014003]]]},"properties":{"ACRES":40}},{"type":"Feature","geometry":{"type":"Polygon","coordinates":[[[-116.24906049661,43.5098666356415],[-116.249103200594,43.5080740056281],[-116.24910693942,43.5077273300172],[-116.252612570837,43.5092865125664],[-116.253646737512,43.5099204175022],[-116.24906049661,43.5098666356415]]]},"properties":{"ACRES":10.9}},{"type":"Feature","geometry":{"type":"Polygon","coordinates":[[[-116.26354788294,43.5724807155597],[-116.263565340373,43.5736471268012],[-116.262191832465,43.5736251720799],[-116.262178779311,43.5726152978996],[-116.262274344075,43.5726104518572],[-116.262871961272,43.5725709211591],[-116.263198539905,43.5725493182722],[-116.26354788294,43.5724807155597]]]},"properties":{"ACRES":3.25}},{"type":"Feature","geometry":{"type":"Polygon","coordinates":[[[-116.263671185896,43.5791108737005],[-116.26366862779,43.5797959244764],[-116.263577026353,43.5797944551048],[-116.26357968702,43.5791086776069],[-116.263671185896,43.5791108737005]]]},"properties":{"ACRES":0.144}},{"type":"Feature","geometry":{"type":"Polygon","coordinates":[[[-116.264938973374,43.5810486578134],[-116.263694531457,43.58102771297],[-116.263690436922,43.5810276440723],[-116.263694450175,43.5799546592514],[-116.263693439662,43.5799377275666],[-116.263690287463,43.5799209359979],[-116.263685019547,43.5799044266214],[-116.263677684149,43.5798883396127],[-116.26366834186,43.5798728123921],[-116.26366862779,43.5797959244764],[-116.263671035284,43.5791511122049],[-116.263671185896,43.5791108737005],[-116.263671673068,43.5789803359321],[-116.264929550116,43.5789773186712],[-116.264938973374,43.5810486578134]]]},"properties":{"ACRES":5.686}},{"type":"Feature","geometry":{"type":"Polygon","coordinates":[[[-116.266888702078,43.5809406340596],[-116.265278829688,43.5809119499509],[-116.265258808718,43.5809105678624],[-116.265239249592,43.5809071632937],[-116.265220537879,43.5809018020039],[-116.265203042172,43.5808945912267],[-116.265187105354,43.5808856725101],[-116.265173040893,43.580875221733],[-116.265161127822,43.5808634419281],[-116.265151597168,43.580850567843],[-116.265144636762,43.5808368506187],[-116.265140385085,43.5808225605178],[-116.265138924992,43.5808079779527],[-116.265134915181,43.5796295456472],[-116.266883134073,43.5796607463424],[-116.266888702078,43.5809406340596]]]},"properties":{"ACRES":4.954}},{"type":"Feature","geometry":{"type":"Polygon","coordinates":[[[-116.265126028652,43.5770615154215],[-116.266873428234,43.5770925967132],[-116.26862060543,43.5771212143279],[-116.268625977158,43.5784064842224],[-116.266877829128,43.578376676865],[-116.265129630565,43.5783468412019],[-116.265126028652,43.5770615154215]]]},"properties":{"ACRES":9.986}},{"type":"Feature","geometry":{"type":"Polygon","coordinates":[[[-116.262449095807,43.5755637079928],[-116.263686995122,43.5755840442988],[-116.263679969537,43.5767518266298],[-116.263679675863,43.5768305712261],[-116.262446146782,43.5768090750272],[-116.262449095807,43.5755637079928]]]},"properties":{"ACRES":3.419}},{"type":"Feature","geometry":{"type":"Polygon","coordinates":[[[-116.262121340919,43.5726475944927],[-116.26167508672,43.5726779897618],[-116.26167558891,43.5726408130862],[-116.262178779311,43.5726152978996],[-116.262191832465,43.5736251720799],[-116.262135254352,43.5736242771977],[-116.262121340919,43.5726475944927]]]},"properties":{"ACRES":0.01}},{"type":"Feature","geometry":{"type":"MultiPolygon","coordinates":[[[[-116.260707674534,43.5726898857788],[-116.261215890317,43.572664120193],[-116.261227199229,43.5736098823218],[-116.260717389461,43.5736017654899],[-116.260707674534,43.5726898857788]]],[[[-116.26167508672,43.5726779897618],[-116.262121340919,43.5726475944927],[-116.262135254352,43.5736242771977],[-116.261688321696,43.5736172041494],[-116.26167508672,43.5726779897618]]]]},"properties":{"ACRES":2.18}},{"type":"Feature","geometry":{"type":"Polygon","coordinates":[[[-116.26167558891,43.5726408130862],[-116.26167508672,43.5726779897618],[-116.261688321696,43.5736172041494],[-116.261227199229,43.5736098823218],[-116.261215890317,43.572664120193],[-116.26167558891,43.5726408130862]]]},"properties":{"ACRES":1}},{"type":"Feature","geometry":{"type":"Polygon","coordinates":[[[-116.264929550116,43.5789773186712],[-116.263671673068,43.5789803359321],[-116.263673021148,43.5786183351968],[-116.2612137773,43.5785775020384],[-116.261206564234,43.5785773866993],[-116.261207155545,43.578089804388],[-116.261222242652,43.5780900411097],[-116.263674838305,43.5781300742126],[-116.263677259152,43.5774799843642],[-116.263677701247,43.5773611803607],[-116.263679675863,43.5768305712261],[-116.263679969537,43.5767518266298],[-116.264920324944,43.5769489713903],[-116.264929550116,43.5789773186712]]]},"properties":{"ACRES":8.56}},{"type":"Feature","geometry":{"type":"Polygon","coordinates":[[[-116.233431706826,43.5572520221632],[-116.233434964538,43.5568132881882],[-116.233529800538,43.556813453217],[-116.23846716243,43.556821906546],[-116.241082006279,43.5568261346951],[-116.241087386379,43.5569080607981],[-116.242310383792,43.5569062299023],[-116.242582797523,43.5571253597939],[-116.241088225588,43.557127503677],[-116.241092207185,43.557269440432],[-116.233526516714,43.5572522404024],[-116.233431706826,43.5572520221632]]]},"properties":{"ACRES":8.156}},{"type":"Feature","geometry":{"type":"Polygon","coordinates":[[[-116.233781984401,43.5497944497722],[-116.238502661557,43.5498054537437],[-116.238486042214,43.5534392695603],[-116.233613983482,43.5534279227248],[-116.233631127115,43.5497941286531],[-116.233781984401,43.5497944497722]]]},"properties":{"ACRES":37.5}},{"type":"Feature","geometry":{"type":"Polygon","coordinates":[[[-116.243525791767,43.5498161041616],[-116.243512739275,43.5534507709217],[-116.238486042214,43.5534392695603],[-116.238502661557,43.5498054537437],[-116.240912261255,43.5498105905812],[-116.241116119124,43.5498110227224],[-116.243525791767,43.5498161041616]]]},"properties":{"ACRES":40}},{"type":"Feature","geometry":{"type":"Polygon","coordinates":[[[-116.233781984401,43.5497944497722],[-116.233791021396,43.5479771908114],[-116.236000073806,43.5479817092213],[-116.236007793713,43.5462342352631],[-116.238518689636,43.5462396813499],[-116.238518797666,43.5462415681023],[-116.238510826176,43.5479888938754],[-116.238510227117,43.5481226140995],[-116.238506020306,43.5490583748507],[-116.238502661557,43.5498054537437],[-116.233781984401,43.5497944497722]]]},"properties":{"ACRES":29.4}}]}