account,situs,subdivision,acres,assessor_acres,total_value,jurisdiction,zone_code,zone_plain,zone_category,mf_threat,bucket,flu_source,flu_designation,flu_plain,flu_intent,dist_mi,compactness,contig_group,contig_group_acres,contig_group_parcels,lat,lon,interest,legal
S1036212450,4800 S FEDERAL WAY,3N 2E 36,13.0342,13.063,3414100,City of Boise,MX-3,Boise Mixed-Use Regional,Mixed Use,High,Vacant Land,Boise,Industrial,Industrial,non-residential,1.349,0.493,13,108.78,8,43.55879,-116.164329,158.1,PAR #2450 OF NE4NW4 SEC 36 3N 2E #212410-B
S1609234000,E COLUMBIA RD,2N 3E 09,27.9843,28,5040000,City of Boise,R-2,Two-Family / Low-Density,Two-Family / Low-Density Residential,Medium,Vacant Land,Boise,PC,Planned Community,master-plan (use TBD),2.282,0.572,3,1305.42,35,43.524861,-116.112032,155.4,PAR #4000 OF SW4NW4 SEC 9 2N 3E #231175-B
S1608233600,E COLUMBIA RD,2N 3E 08,59.5919,59.785,15625400,City of Boise,I-3,Boise Industrial (heavy),Industrial / Business Park,Low,Vacant Land,Boise,PC,Planned Community,master-plan (use TBD),1.473,0.753,3,1305.42,35,43.525676,-116.131864,142.1,PAR #3600 SW4NW4 N2NW4SW4 SEC 8 2N 3E #233300-B
S1608325400,E COLUMBIA RD,2N 3E 08,19.8394,19.785,5171000,City of Boise,I-3,Boise Industrial (heavy),Industrial / Business Park,Low,Vacant Land,Boise,PC,Planned Community,master-plan (use TBD),1.72,0.699,3,1305.42,35,43.521159,-116.131859,141.6,PAR #5400 S2NW4SW4 SEC 8 2N 3E #233300-S #96038595
S1608314800,E COLUMBIA RD,2N 3E 08,119.2027,119.22,15579700,City of Boise,I-3,Boise Industrial (heavy),Industrial / Business Park,Low,Vacant Land,Boise,PC,Planned Community,master-plan (use TBD),1.871,0.588,3,1305.42,35,43.521165,-116.126908,141.3,PAR #4800 SE4NW4 E2SE4 SEC 8 2N 3E #243800-S
S1608336000,E COLUMBIA RD,2N 3E 08,39.8014,39.77,10394300,City of Boise,I-3,Boise Industrial (heavy),Industrial / Business Park,Low,Vacant Land,Boise,PC,Planned Community,master-plan (use TBD),1.879,0.785,3,1305.42,35,43.51844,-116.131857,141.2,SW4SW4 SEC 8 2N 3E #95075533 #330000 R
S1608427800,5051 E COLUMBIA RD,2N 3E 08,119.4069,119.51,15617600,City of Boise,I-3,Boise Industrial (heavy),Industrial / Business Park,Low,Vacant Land,Boise,PC,Planned Community,master-plan (use TBD),1.998,0.588,3,1305.42,35,43.522068,-116.121954,141.0,W2SE4 & SW4NE4 SEC 08 2N 3E PAR B ROS 13736 #131200-S #417800-C #438400-C
S1608141800,S AMBER RIDGE AVE,2N 3E 08,39.8101,39.85,5207600,Ada County,RUT,County Rural-Urban Transition,Agricultural / Rural,Low,Vacant Land,Boise,PC,Planned Community,master-plan (use TBD),2.057,0.785,3,1305.42,35,43.525243,-116.117,140.9,SE4NE4 SEC 08 2N 3E PAR A ROS 13736 #131200-S
S1604223300,5901 E LAKE FOREST DR,2N 3E 04,24.9252,24.94,0,Ada County,RUT,County Rural-Urban Transition,Agricultural / Rural,Low,Vacant Land,Boise,PC,Planned Community,master-plan (use TBD),2.092,0.304,2,1678.71,21,43.542077,-116.109426,140.8,PAR #3300 OF N2 SEC 04 & OF GOV LOT 01 SEC 05 2N 3E R/S 8229
S1608417250,E COLUMBIA RD,2N 3E 08,39.7905,39.815,5203000,Ada County,RUT,County Rural-Urban Transition,Agricultural / Rural,Low,Vacant Land,Boise,PC,Planned Community,master-plan (use TBD),2.186,0.785,3,1305.42,35,43.522074,-116.116996,140.6,NE4SE4 SEC 8 2N 3E #417200-B
S1609233900,E COLUMBIA RD,2N 3E 09,1.9956,2,360000,City of Boise,R-1C,Boise Single-Family (compact),Single-Family Residential,Low,Vacant Land,Boise,PC,Planned Community,master-plan (use TBD),2.199,0.783,3,1305.42,35,43.526219,-116.112867,140.6,PAR #3900 OF SW4NW4 SEC 9 2N 3E #231175-S
R5350490060,6001 E COLUMBIA RD,LUCKY PEAK SUB,9.6943,9.71,336800,Ada County,RUT,County Rural-Urban Transition,Agricultural / Rural,Low,Vacant Land,Boise,PC,Planned Community,master-plan (use TBD),2.287,0.512,3,1305.42,35,43.529234,-116.108921,140.4,LOT 4 EXC R/W LUCKY PEAK SUB #9231184
R5350490040,E COLUMBIA RD,LUCKY PEAK SUB,9.7382,9.75,295000,Ada County,RUT,County Rural-Urban Transition,Agricultural / Rural,Low,Vacant Land,Boise,PC,Planned Community,master-plan (use TBD),2.344,0.51,3,1305.42,35,43.529263,-116.107676,140.3,LOT 3 LUCKY PEAK SUB
R5350490020,6225 E COLUMBIA RD,LUCKY PEAK SUB,9.7635,9.75,164700,Ada County,RUT,County Rural-Urban Transition,Agricultural / Rural,Low,Vacant Land,Boise,PC,Planned Community,master-plan (use TBD),2.402,0.511,3,1305.42,35,43.529273,-116.10643,140.2,LOT 2 LUCKY PEAK SUB #9233038
R5350490000,E COLUMBIA RD,LUCKY PEAK SUB,9.729,9.75,164700,Ada County,RUT,County Rural-Urban Transition,Agricultural / Rural,Low,Vacant Land,Boise,PC,Planned Community,master-plan (use TBD),2.442,0.51,3,1305.42,35,43.530038,-116.105184,140.1,LOT 1 LUCKY PEAK SUB #95095793
S1609244200,E COLUMBIA RD,2N 3E 09,39.8354,39.871,7176800,City of Boise,R-1C,Boise Single-Family (compact),Single-Family Residential,Low,Vacant Land,Boise,PC,Planned Community,master-plan (use TBD),2.487,0.783,3,1305.42,35,43.525246,-116.107056,140.0,PAR #4200 POR NW4 SEC 9 2N 3E #241250-B
S1604131350,E HWY 21,2N 3E 04,100.9448,90.57,0,City of Boise,A-1,Boise Open Land/Airport-Ag,Agricultural / Rural,Low,Vacant Land,Boise,PC,Planned Community,master-plan (use TBD),2.544,0.564,2,1678.71,21,43.539732,-116.100479,139.9,PAR #1350 OF E2 SEC 4 2N 3E
S1609131525,E COLUMBIA RD,2N 3E 09,18.2287,18.202,3276400,City of Boise,R-1C,Boise Single-Family (compact),Single-Family Residential,Low,Vacant Land,Boise,PC,Planned Community,master-plan (use TBD),2.676,0.47,3,1305.42,35,43.525419,-116.102755,139.6,PAR #1525 OF SW4 NE4 SEC 09 2N 3E #131517-B
S1604449060,7198 E COLUMBIA RD,2N 3E 04,13.6104,13.623,0,City of Boise,A-1,Boise Open Land/Airport-Ag,Agricultural / Rural,Low,Vacant Land,Boise,PC,Planned Community,master-plan (use TBD),2.825,0.73,2,1678.71,21,43.533523,-116.095952,139.3,PAR #9060 OF NE'LY COR SE4SE4 SEC 4  2N 3E PARCEL A  R/S 8752 #449050-S
S1606233800,2525 E GOWEN RD,2N 3E 06,17.2052,16.9,0,Ada County,M3,County Manufacturing M3,Industrial / Business Park,Low,Vacant Land,Boise,Industrial,Industrial,non-residential,0.172,0.737,3,1305.42,35,43.539246,-116.151373,136.7,S 1/2 OF LOT 5 SEC 6 2N 3E #233100 R #96080772 #96080771
S1501142005,6950 S FEDERAL WAY,2N 2E 01,2.9194,2.96,0,Ada County,M3,County Manufacturing M3,Industrial / Business Park,Low,Vacant Land,Boise,Industrial,Industrial,non-residential,0.225,0.753,3,1305.42,35,43.539235,-116.154073,136.6,PAR #2005 OF SE4NE4 SEC 1 2N 2E #142000-B #96080772 #96080771
S1501142105,6850 S FEDERAL WAY,2N 2E 01,2.4914,2.54,0,Ada County,M3,County Manufacturing M3,Industrial / Business Park,Low,Vacant Land,Boise,Industrial,Industrial,non-residential,0.181,0.776,3,1305.42,35,43.540315,-116.154233,136.6,PAR #2105 OF SE4NE4 SEC 1 2N 2E #142100 B #9229363
S1606420200,2821 E GOWEN RD,2N 3E 06,7.6902,7.76,0,Ada County,C2,County Commercial,Commercial,Low,Vacant Land,Boise,Commercial,Commercial,non-residential (MF only if mixed),0.215,0.676,3,1305.42,35,43.539383,-116.148397,136.6,PAR #0200 OF SE4NW4 SEC 6 2N 3E #0425-B #96104492
S1606314800,S FEDERAL WAY,2N 3E 06,81.1944,81.263,21238900,City of Boise,I-3,Boise Industrial (heavy),Industrial / Business Park,Low,Vacant Land,Boise,Industrial,Industrial,non-residential,0.469,0.713,3,1305.42,35,43.535272,-116.148359,136.1,PAR #4800 OF S2 SEC 6 2N 3E #3255550-B
S1606438415,2805 E COLUMBIA RD,2N 3E 06,20.6174,20.467,5349300,City of Boise,I-3,Boise Industrial (heavy),Industrial / Business Park,Low,Vacant Land,Boise,Industrial,Industrial,non-residential,0.719,0.617,3,1305.42,35,43.533171,-116.143046,135.6,PAR #8415 OF SW4SE4 SEC 6 2N 3E #438413 & VAC R/W S & ADJ #96007345
R3220250660,7563 S EISENMAN RD,GOWEN BUSINESS PARK SUB NO 03,2.4633,2.465,1073800,City of Boise,I-1,Boise Industrial (light),Industrial / Business Park,Low,Vacant Land,Boise,Industrial,Industrial,non-residential,0.744,0.758,6,449.78,25,43.533186,-116.160218,135.5,PAR #0660 OF LTS 13-14 & OF LOTS 16-17 BLK 03 GOWEN BUSINESS PARK SUB NO 03 PARC
R3220250680,7651 S EISENMAN RD,GOWEN BUSINESS PARK SUB NO 03,2.535,2.537,1105100,City of Boise,I-1,Boise Industrial (light),Industrial / Business Park,Low,Vacant Land,Boise,Industrial,Industrial,non-residential,0.769,0.757,6,449.78,25,43.532507,-116.159771,135.5,PAR #0680 OF LOT 17 BLK 03 GOWEN BUSINESS PARK SUB NO 03 PARCEL 4 R/S 4715 #0721
R3220250732,7719 S EISENMAN RD,GOWEN BUSINESS PARK SUB NO 03,2.7797,2.78,836400,City of Boise,I-1,Boise Industrial (light),Industrial / Business Park,Low,Vacant Land,Boise,Industrial,Industrial,non-residential,0.772,0.715,6,449.78,25,43.532159,-116.159132,135.5,PAR #0732 OF LT 17 BL 3 GOWEN BUSINESS PARK SUB NO 03 TRACT ADJ E'LY PARC 5 R/S 
S1512112030,7800 S EISENMAN RD,2N 2E 12,5.2109,5.221,1819400,City of Boise,I-1,Boise Industrial (light),Industrial / Business Park,Low,Vacant Land,Boise,Industrial,Industrial,non-residential,0.816,0.543,6,449.78,25,43.530636,-116.156792,135.4,PAR #2030 @ NE COR OF W2NE4NE4 E OF R/W SEC 12 2N 2E PARCEL 1 R/S 5522 #112025-B
S1512110002,8054 S EISENMAN RD,2N 2E 12,3.6697,3.67,1278900,City of Boise,I-1,Boise Industrial (light),Industrial / Business Park,Low,Vacant Land,Boise,Industrial,Industrial,non-residential,0.864,0.538,6,449.78,25,43.529443,-116.1544,135.3,PAR #0002 @ E SIDE NE4NE4 SEC 12 2N 2E PARCEL 3 R/S 6149 #110000-B
S1512111270,8014 S EISENMAN RD,2N 2E 12,1.8053,1.808,630000,City of Boise,I-1,Boise Industrial (light),Industrial / Business Park,Low,Vacant Land,Boise,Industrial,Industrial,non-residential,0.871,0.782,6,449.78,25,43.529539,-116.155613,135.3,PAR #1270 @ CTR NE4NE4 SEC 12 2N 2E PARCEL 2 R/S 6149 #111251-S
S1512111280,7828 S EISENMAN RD,2N 2E 12,5.5899,5.588,1947300,City of Boise,I-1,Boise Industrial (light),Industrial / Business Park,Low,Vacant Land,Boise,Industrial,Industrial,non-residential,0.863,0.274,6,449.78,25,43.529539,-116.154952,135.3,PAR #1280 @ W SIDE E2NE4NE4 SEC 12 2N 2E PARCEL 1 R/S 6149 #110040-C #111253-C #
S1512112050,7901 S EISENMAN RD,2N 2E 12,13.081,13.257,0,City of Boise,I-1,Boise Industrial (light),Industrial / Business Park,Low,Vacant Land,Boise,Industrial,Industrial,non-residential,0.887,0.534,6,449.78,25,43.529835,-116.157852,135.2,PAR #2050 @ W SIDE OF NE4NE4 SEC 12 2N 2E PARCEL 2 R/S 5522 #112025-S
S1512120850,S EISENMAN RD,2N 2E 12,11.47,11.465,2996500,City of Boise,I-1,Boise Industrial (light),Industrial / Business Park,Low,Vacant Land,Boise,Industrial,Industrial,non-residential,0.898,0.577,6,449.78,25,43.530173,-116.159395,135.2,PAR #0850 OF NW4NE4 SEC 12 2N 2E #0800-B
S1512122325,8355 S EISENMAN RD,2N 2E 12,4.9938,5,1089000,City of Boise,I-1,Boise Industrial (light),Industrial / Business Park,Low,Vacant Land,Boise,Industrial,Industrial,non-residential,0.925,0.698,6,449.78,25,43.530982,-116.162215,135.2,PAR #2325 OF NW4NE4 SEC 12 2N 2E #97090501
R3219900017,1062 E EXCHANGE ST,GOWEN BUSINESS PARK SUB NO 01,1.1589,1.156,453200,City of Boise,I-1,Boise Industrial (light),Industrial / Business Park,Low,Vacant Land,Boise,Industrial,Industrial,non-residential,0.971,0.51,4,595.95,24,43.54541,-116.169909,135.1,PAR LOTS 2 & 3 BLK 1 GOWEN BUSINESS PARK SUB NO 01 #0018-B #0020-C
S1036346600,5040 S APPLE ST,3N 2E 36,64.67,60,0,City of Boise,A-1,Boise Open Land/Airport-Ag,Agricultural / Rural,Low,Vacant Land,Boise,Industrial,Industrial,non-residential,0.932,0.269,11,194.49,4,43.550439,-116.165427,135.1,PAR #6600 OF SW4 SEC 36 3N2E
S1512114875,8170 S EISENMAN RD,2N 2E 12,1.7238,1.721,599700,City of Boise,I-1,Boise Industrial (light),Industrial / Business Park,Low,Vacant Land,Boise,Industrial,Industrial,non-residential,0.942,0.779,6,449.78,25,43.528291,-116.154312,135.1,PAR #4875 NE4 SEC 12 2N 2E
R3219900011,1030 E EXCHANGE ST,GOWEN BUSINESS PARK SUB NO 01,1.3379,1.338,524500,City of Boise,I-1,Boise Industrial (light),Industrial / Business Park,Low,Vacant Land,Boise,Industrial,Industrial,non-residential,1.003,0.653,4,595.95,24,43.545583,-116.1705,135.0,LOT 1 BLK 1 EXC R/W GOWEN BUSINESS PARK SUB NO 01 #0010-B
S1607120701,8000 S FEDERAL WAY,2N 3E 07,55.2872,55.757,14572700,City of Boise,I-3,Boise Industrial (heavy),Industrial / Business Park,Low,Vacant Land,Boise,Industrial,Industrial,non-residential,0.982,0.765,3,1305.42,35,43.529257,-116.141801,135.0,PAR #0701 OF W2NE4 SEC 7 2N 3E #120700 & VAC R/W N & ADJ #98097527 #96007345
S1512147900,8355 S EISENMAN RD,2N 2E 12,37.824,37.844,6888600,City of Boise,I-1,Boise Industrial (light),Industrial / Business Park,Low,Vacant Land,Boise,Industrial,Industrial,non-residential,1.022,0.222,6,449.78,25,43.52825,-116.159577,135.0,PAR #7900 OF NE4 SEC 12 2N 2E #0800-S #97090501
R3219910010,924 E CITATION CT,GOWEN BUSINESS PARK SUB NO 01A,2.2605,2.26,0,City of Boise,I-1,Boise Industrial (light),Industrial / Business Park,Low,Vacant Land,Boise,Industrial,Industrial,non-residential,1.053,0.638,4,595.95,24,43.545737,-116.171486,134.9,LOT 15 BLK 1 GOWEN BUSINESS PARK SUB NO 01A
R3219910040,951 E CITATION CT,GOWEN BUSINESS PARK SUB NO 01A,2.1573,2.16,1129100,City of Boise,I-1,Boise Industrial (light),Industrial / Business Park,Low,Vacant Land,Boise,Industrial,Industrial,non-residential,1.06,0.841,4,595.95,24,43.544564,-116.171995,134.9,LOT 18 BLK 1 GOWEN BUSINESS PARK SUB NO 01A
S1036325400,5040 S APPLE ST,3N 2E 36,39.7232,40,0,City of Boise,A-1,Boise Open Land/Airport-Ag,Agricultural / Rural,Low,Vacant Land,Boise,Industrial,Industrial,non-residential,1.071,0.609,11,194.49,4,43.550379,-116.168942,134.9,PAR #5400 OF SW4 SEC 36 3N2E
S1607244220,8000 S FEDERAL WAY,2N 3E 07,14.5488,14.562,3805900,City of Boise,I-3,Boise Industrial (heavy),Industrial / Business Park,Low,Vacant Land,Boise,Industrial,Industrial,non-residential,1.055,0.616,3,1305.42,35,43.526814,-116.146735,134.9,PAR #4220 OF NW4 SEC 7 2N 3E #244210-S #98097527 #9231640
S1512212500,7851 S EISENMAN RD,2N 2E 12,10.8597,10.87,0,City of Boise,I-1,Boise Industrial (light),Industrial / Business Park,Low,Vacant Land,Boise,Industrial,Industrial,non-residential,1.123,0.178,6,449.78,25,43.528327,-116.163861,134.8,PAR #2500 @ E SIDE NW4 SEC 12 2N 2E R/S 5880 #122000-S
S1036336000,S FEDERAL WAY,3N 2E 36,37.8699,37.6,0,City of Boise,I-1,Boise Industrial (light),Industrial / Business Park,Low,Vacant Land,Boise,Industrial,Industrial,non-residential,1.14,0.545,4,595.95,24,43.548703,-116.171822,134.7,PAR #6000 OF SW4 SEC 36 3N 2E
S1607244240,8000 S FEDERAL WAY,2N 3E 07,11.734,11.61,3034400,City of Boise,I-3,Boise Industrial (heavy),Industrial / Business Park,Low,Vacant Land,Boise,Industrial,Industrial,non-residential,1.147,0.626,3,1305.42,35,43.525495,-116.146438,134.7,PAR #4240 OF SE4NW4 R S #1346 SEC 7 2N 3E #244230-S #8834518
S1607131310,8000 S FEDERAL WAY,2N 3E 07,13.4242,13.39,3499600,City of Boise,I-3,Boise Industrial (heavy),Industrial / Business Park,Low,Vacant Land,Boise,Industrial,Industrial,non-residential,1.217,0.591,3,1305.42,35,43.525495,-116.141802,134.6,PAR #1310 OF SW4NE4 SEC 7 2N 3E #131300-S #8834518
S1512121020,1900 E BLUE VALLEY LN,2N 2E 12,35.3938,36.75,0,City of Boise,I-1,Boise Industrial (light),Industrial / Business Park,Low,Vacant Land,Boise,Industrial,Industrial,non-residential,1.189,0.634,6,449.78,25,43.526337,-116.161808,134.6,PAR #1020 OF W2NE4 SEC 12 2N 2E
S1036233600,5040 S APPLE ST,3N 2E 36,79.3431,77.5,0,City of Boise,A-1,Boise Open Land/Airport-Ag,Agricultural / Rural,Low,Vacant Land,Boise,Industrial,Industrial,non-residential,1.229,0.722,11,194.49,4,43.554428,-116.16838,134.5,S2NW4 EXC RW SEC 36 3N 2E
S1607141800,3999 E COLUMBIA WAY,2N 3E 07,66.3547,66.201,17302300,City of Boise,I-3,Boise Industrial (heavy),Industrial / Business Park,Low,Vacant Land,Boise,Industrial,Industrial,non-residential,1.259,0.458,3,1305.42,35,43.526789,-116.136828,134.5,PAR #1800 SW'LY POR E2NE4 SEC 7 2N 3E & PART VAC R/W N & ADJ PARCEL A R/S 7369 #
S1607244305,8000 S FEDERAL WAY,2N 3E 07,13.0954,13.46,3517900,City of Boise,I-3,Boise Industrial (heavy),Industrial / Business Park,Low,Vacant Land,Boise,Industrial,Industrial,non-residential,1.227,0.23,3,1305.42,35,43.524354,-116.14618,134.5,PAR #4305 OF SE4NW4 & OF NE4SW4 & OF NW4SE4 SEC 7 2N 3E #244300 S #8936861
S1607131340,S FEDERAL WAY,2N 3E 07,11.402,11.58,3026600,City of Boise,I-3,Boise Industrial (heavy),Industrial / Business Park,Low,Vacant Land,Boise,Industrial,Industrial,non-residential,1.29,0.543,3,1305.42,35,43.524354,-116.1418,134.4,PAR #1340 OF SW4NE4 SEC 7 2N 3E #131300-B #8936861
S1607325601,8813 S EISENMAN RD,2N 3E 07,13.0191,16.199,0,City of Boise,I-1,Boise Industrial (light),Industrial / Business Park,Low,Vacant Land,Boise,Industrial,Industrial,non-residential,1.319,0.598,6,449.78,25,43.522691,-116.152926,134.4,PAR #5601 @ W SIDE W2W2 SEC 07 2N 3E #325508-B
S1512131400,S EISENMAN RD,2N 2E 12,1.4876,1.5,0,City of Boise,I-1,Boise Industrial (light),Industrial / Business Park,Low,Vacant Land,Boise,Industrial,Industrial,non-residential,1.33,0.785,6,449.78,25,43.524522,-116.163087,134.3,S 254.6' OF W 254.6' OF NE4 SEC 12 2N 2E
S1035438400,150 W GOWEN RD,3N 2E 35,48.1096,48.16,0,City of Boise,I-1,Boise Industrial (light),Industrial / Business Park,Low,Vacant Land,Boise,Industrial,Industrial,non-residential,1.412,0.568,4,595.95,24,43.547212,-116.178354,134.2,PAR #8400 OF SE4 SEC 35 3N 2E PARCEL B ROS 11779 #411500-S
S1502417205,S SUPPLY WAY,2N 2E 02,155.3523,155.09,0,City of Boise,I-1,Boise Industrial (light),Industrial / Business Park,Low,Vacant Land,Boise,Airport,Airport,airport — residential restricted,1.418,0.713,1,4570.3,77,43.536148,-116.17845,134.2,PAR #7205 OF SE4 SEC 2 2N 2E #8247022 #7200-B
S1511110000,S EISENMAN RD,2N 2E 11,79.5578,80,0,City of Boise,I-1,Boise Industrial (light),Industrial / Business Park,Low,Vacant Land,Boise,Industrial,Industrial,non-residential,1.394,0.704,1,4570.3,77,43.529612,-116.173448,134.2,NE4NE4  SEC 11 NW4NW4 SEC 12 2N 2E
S1512417225,2000 E WINCO CT,2N 2E 12,43.5917,43.632,10453400,City of Boise,I-1,Boise Industrial (light),Industrial / Business Park,Low,Vacant Land,Boise,Industrial,Industrial,non-residential,1.392,0.734,6,449.78,25,43.521927,-116.156286,134.2,PAR #7225 POR N2SE4 SEC 12 2N 2E PAR A ROS 14315 #417220-S
S1512427825,E WINCO CT,2N 2E 12,21.8824,21.903,5247500,City of Boise,I-1,Boise Industrial (light),Industrial / Business Park,Low,Vacant Land,Boise,Industrial,Industrial,non-residential,1.423,0.561,6,449.78,25,43.522296,-116.160608,134.2,PAR #7825 POR N2SE4 SEC 12 2N 2E PAR B ROS 14315 #417220-S
S1035427800,150 W GOWEN RD,3N 2E 35,105.2595,105.4,0,City of Boise,I-1,Boise Industrial (light),Industrial / Business Park,Low,Vacant Land,Boise,Industrial,Industrial,non-residential,1.468,0.574,4,595.95,24,43.549592,-116.178423,134.1,PAR #7800 OF SE4 SEC 35 3N 2E PARCEL A ROS 11779 #411500-S
S1512428001,8675 S WAREHOUSE WAY,2N 2E 12,12.6532,12.76,2779100,City of Boise,I-1,Boise Industrial (light),Industrial / Business Park,Low,Vacant Land,Boise,Industrial,Industrial,non-residential,1.451,0.557,6,449.78,25,43.522473,-116.162745,134.1,PAR #8001 @ NW COR NW4SE4 SEC 12 2N 2E PARCEL A R/S 8276 #417201-B
R3466000040,9090 S FEDERAL WAY,HARLAN SUB,1.7457,2,522700,City of Boise,I-3,Boise Industrial (heavy),Industrial / Business Park,Low,Vacant Land,Boise,Industrial,Industrial,non-residential,1.573,0.657,3,1305.42,35,43.519408,-116.145073,133.9,LOTS 7/8 HARLAN SUB #9131892
R3466000060,S FEDERAL WAY,HARLAN SUB,2.5667,2.9,757900,City of Boise,I-3,Boise Industrial (heavy),Industrial / Business Park,Low,Vacant Land,Boise,Industrial,Industrial,non-residential,1.533,0.676,3,1305.42,35,43.519982,-116.145202,133.9,LOTS 9 TO 11 INC HARLAN SUB #9131892
S1607336210,2425 E WINCO CT,2N 3E 07,11.4537,11.46,0,City of Boise,I-1,Boise Industrial (light),Industrial / Business Park,Low,Vacant Land,Boise,Industrial,Industrial,non-residential,1.552,0.757,6,449.78,25,43.519292,-116.152638,133.9,PAR #6210 POR GOV LOTS 3 & 4 SEC 07 2N 3E #336206-S
S1035142150,W I-84 RD,3N 2E 35,1.8595,1.9,0,City of Boise,I-1,Boise Industrial (light),Industrial / Business Park,Low,Vacant Land,Boise,Industrial,Industrial,non-residential,1.587,0.539,4,595.95,24,43.553934,-116.178059,133.8,PAR #2150 OF SE4NE4 SEC 35 3N 2E 541/694
S1036223165,4620 S APPLE ST,3N 2E 36,10.756,10.766,,City of Boise,I-1,Boise Industrial (light),Industrial / Business Park,Low,Vacant Land,Boise,Industrial,Industrial,non-residential,1.608,0.513,11,194.49,4,43.559021,-116.172695,133.8,PAR #3165 POR W2NW4NW4 SEC 36 3N 2E PAR A ROS 14934 #223150-S
S1607314875,9000 S GIGABIT LN,2N 3E 07,96.5237,96.73,25281400,City of Boise,I-3,Boise Industrial (heavy),Industrial / Business Park,Low,Vacant Land,Boise,Industrial,Industrial,non-residential,1.576,0.626,3,1305.42,35,43.519969,-116.141805,133.8,PAR #4875 OF NE4SW4 & OF W2SE4 SEC 7 2N 3E #244300 B #9128146
R3466000020,S FEDERAL WAY,HARLAN SUB,4.1311,5,1097700,City of Boise,I-3,Boise Industrial (heavy),Industrial / Business Park,Low,Vacant Land,Boise,Industrial,Industrial,non-residential,1.653,0.629,3,1305.42,35,43.518255,-116.144814,133.7,LOTS 2-6 HARLAN SUB #8463731
S1607336220,2500 E FREIGHT ST,2N 3E 07,6.0791,6.086,0,City of Boise,I-1,Boise Industrial (light),Industrial / Business Park,Low,Vacant Land,Boise,Industrial,Industrial,non-residential,1.675,0.764,6,449.78,25,43.517516,-116.152656,133.7,PAR #6220 POR GOV LOT 4 SEC 07 2N 3E #336206-B
S1502244550,6801 S SUPPLY WAY,2N 2E 02,10.5106,10.49,3198600,City of Boise,I-1,Boise Industrial (light),Industrial / Business Park,Low,Vacant Land,Boise,Industrial,Industrial,non-residential,1.688,0.443,1,4570.3,77,43.539585,-116.184769,133.6,PAR #4550 @ SE COR SE4NW4 SEC 2  2N 2E PARCEL C  R/S 10332 #244510S
S1511110600,S EISENMEN RD,2N 2E 11,40.5936,40,0,City of Boise,I-1,Boise Industrial (light),Industrial / Business Park,Low,Vacant Land,Boise,Airport,Airport,airport — residential restricted,1.676,0.785,1,4570.3,77,43.530488,-116.180843,133.6,NW4NE4 SEC 11 2N 2E #8247022
S1607417200,S FEDERAL WAY,2N 3E 07,79.414,79.86,20872200,City of Boise,I-3,Boise Industrial (heavy),Industrial / Business Park,Low,Vacant Land,Boise,Industrial,Industrial,non-residential,1.762,0.7,3,1305.42,35,43.518457,-116.136824,133.5,E2SE4 SEC 7 2N 3E #95014683
S1035131500,5001 S MARKET ST,3N 2E 35,30.2489,30.04,0,City of Boise,I-1,Boise Industrial (light),Industrial / Business Park,Low,Vacant Land,Boise,Industrial,Industrial,non-residential,1.816,0.729,4,595.95,24,43.555763,-116.181859,133.4,PAR  #1500 OF SW4NE4 SEC 35 3N 2E
S1035346222,W GOWEN RD,3N 2E 35,2.6721,2.67,465200,City of Boise,I-1,Boise Industrial (light),Industrial / Business Park,Low,Vacant Land,Boise,Industrial,Industrial,non-residential,1.776,0.262,4,595.95,24,43.546739,-116.185989,133.4,PAR #6222 @ CTR W POR OF SE4SW4 SEC 35 3N 2E #346220-S
S1513110100,2201 E FREIGHT ST,2N 2E 13,32.5958,32.57,0,City of Boise,I-1,Boise Industrial (light),Industrial / Business Park,Low,Vacant Land,Boise,Industrial,Industrial,non-residential,1.82,0.775,6,449.78,25,43.515625,-116.155944,133.4,PAR #0100 OF NE4NE4 SEC 13 2N 2E & OF NW4NW4 SEC 18 2N 3E & OF SW4SW4 SEC 7 2N 3
S1618223250,2499 E FREIGHT ST,2N 3E 18,9.5601,9.622,0,City of Boise,I-1,Boise Industrial (light),Industrial / Business Park,Low,Vacant Land,Boise,Industrial,Industrial,non-residential,1.81,0.776,6,449.78,25,43.515564,-116.152639,133.4,PAR #3250 POR GOV LOT 1 SEC 18 2N 3E PARCEL B ROS 12035 #223320-S
S1511131200,S EISENMAN RD,2N 2E 11,40.2139,40,0,City of Boise,I-1,Boise Industrial (light),Industrial / Business Park,Low,Vacant Land,Boise,Industrial,Industrial,non-residential,1.844,0.785,1,4570.3,77,43.525947,-116.180889,133.3,SW4NE4 SEC 11 2N 2E
S1511211000,W GOWEN RD,2N 2E 11,10.4751,10,0,City of Boise,I-1,Boise Industrial (light),Industrial / Business Park,Low,Vacant Land,Boise,Airport,Airport,airport — residential restricted,1.844,0.785,1,4570.3,77,43.53049,-116.184583,133.3,NE4NE4NW4 SEC 11 2N 2E #8963327
S1502314900,S SUPPLY WAY,2N 2E 02,73.1349,73.09,0,City of Boise,I-1,Boise Industrial (light),Industrial / Business Park,Low,Vacant Land,Boise,Airport,Airport,airport — residential restricted,1.903,0.71,1,4570.3,77,43.536148,-116.188399,133.2,PAR #4900 OF N2 SW4 SEC 2 2N 2E #400000-B #8678426
S1035120700,S MARKET ST,3N 2E 35,1.4153,2.5,0,City of Boise,I-1,Boise Industrial (light),Industrial / Business Park,Low,Vacant Land,Boise,Industrial,Industrial,non-residential,1.927,0.539,4,595.95,24,43.557406,-116.183031,133.1,PAR #0700 OF NW4NE4 SEC 35 3N 2E
S1502315005,S SUPPLY WAY,2N 2E 02,36.0301,36.26,0,City of Boise,I-1,Boise Industrial (light),Industrial / Business Park,Low,Vacant Land,Boise,Airport,Airport,airport — residential restricted,1.936,0.434,1,4570.3,77,43.539585,-116.189747,133.1,PAR #5005 SEC 2 2N 2E #243000 314800 230500-C #315000-B
S1502331100,S SUPPLY WAY,2N 2E 02,79.8116,80,0,City of Boise,I-1,Boise Industrial (light),Industrial / Business Park,Low,Vacant Land,Boise,Airport,Airport,airport — residential restricted,1.953,0.699,1,4570.3,77,43.533254,-116.188386,133.1,S2SW4 SEC 2 2N 2E #8965893
S1511212000,W COLUMBIA RD,2N 2E 11,10.5166,10,0,City of Boise,I-1,Boise Industrial (light),Industrial / Business Park,Low,Vacant Land,Boise,Airport,Airport,airport — residential restricted,1.958,0.785,1,4570.3,77,43.53049,-116.187077,133.1,NW4NE4NW4 SEC 11 2N 2E #8739694
S1511213000,W COLUMBIA RD,2N 2E 11,19.6946,20,0,City of Boise,I-1,Boise Industrial (light),Industrial / Business Park,Low,Vacant Land,Boise,Airport,Airport,airport — residential restricted,1.957,0.694,1,4570.3,77,43.52865,-116.18585,133.1,S2NE4NW4 SEC 11 2N 2E #8739697 98
S1035314800,220 W GOWEN RD,3N 2E 35,125.0351,125,0,City of Boise,I-2,Boise Industrial (general),Industrial / Business Park,Low,Vacant Land,Boise,Airport,Airport,airport — residential restricted,1.985,0.74,4,595.95,24,43.55154,-116.188456,133.0,PAR #4800 OF SW4 SEC 35 3N 2E
S1502230135,W GOWEN RD,2N 2E 02,8.086,8.19,0,City of Boise,I-1,Boise Industrial (light),Industrial / Business Park,Low,Vacant Land,Boise,Airport,Airport,airport — residential restricted,2.061,0.454,1,4570.3,77,43.541356,-116.192345,132.9,PAR #0135 OF SW4NW4 SEC 2 2N 2E #0100-S #0110-S #9121507
S1513110500,9605 S EISENMAN RD,2N 2E 13,155.1398,155.03,0,City of Boise,I-1,Boise Industrial (light),Industrial / Business Park,Low,Vacant Land,Boise,Industrial,Industrial,non-residential,2.035,0.457,6,449.78,25,43.512671,-116.157773,132.9,PAR #0500 OF NE4 SEC 13 2N 2E & OF NW4NW4 SEC 18 2N 3E PARCEL E R/S 12661 #11001
S1035233600,4815 S MARKET ST,3N 2E 35,81.3308,80,0,City of Boise,I-1,Boise Industrial (light),Industrial / Business Park,Low,Vacant Land,Boise,Airport,Airport,airport — residential restricted,2.085,0.699,4,595.95,24,43.555196,-116.188463,132.8,S2NW4 SEC 35 3N 2E
S1511223000,W COLUMBIA RD,2N 2E 11,41.0477,40,0,City of Boise,I-1,Boise Industrial (light),Industrial / Business Park,Low,Vacant Land,Boise,Industrial,Industrial,non-residential,2.132,0.785,1,4570.3,77,43.530489,-116.190836,132.7,NW4NW4 SEC 11 2N 2E #220000-S
R1013770250,W GOWEN RD,BOISE STORAGE TERMINAL SUB,5.2408,5.25,1715200,City of Boise,I-1,Boise Industrial (light),Industrial / Business Park,Low,Vacant Land,Boise,Industrial,Industrial,non-residential,2.207,0.513,4,595.95,24,43.54892,-116.194144,132.6,LOT 1 BOISE STORAGE TERMINAL SUB
S1618244250,S FEDERAL WAY,2N 3E 18,1.8762,1.867,0,Ada County,M3,County Manufacturing M3,Industrial / Business Park,Low,Vacant Land,Boise,Industrial,Industrial,non-residential,2.179,0.294,7,338.2,5,43.51045,-116.145712,132.6,PAR #4250 OF SE4NW4 SEC 18 2N 3E #241000-S #96093853
S1618244300,11049 S EISENMAN RD,2N 3E 18,2.9153,2.967,29700,City of Boise,I-1,Boise Industrial (light),Industrial / Business Park,Low,Vacant Land,Boise,Industrial,Industrial,non-residential,2.177,0.55,6,449.78,25,43.510276,-116.148862,132.6,PAR #4300 OF SE4NW4 SEC 18 2N 3E #241000-B
S1503120005,W LAKE HAZEL RD,2N 2E 03,80.5105,205.04,0,City of Boise,I-1,Boise Industrial (light),Industrial / Business Park,Low,Vacant Land,Boise,Airport,Airport,airport — residential restricted,2.244,0.706,1,4570.3,77,43.539593,-116.195905,132.5,"PAR #0005 OF LOTS 2, 3 & 4 SE4NE4 NE4SE4 SEC 3 2N 2E #120000-B"
S1617212400,E COLUMBIA RD,2N 3E 17,159.0591,160,20908800,City of Boise,I-3,Boise Industrial (heavy),Industrial / Business Park,Low,Vacant Land,Ada County,Rural,Rural (county),low-density / rural,2.265,0.785,3,1305.42,35,43.513016,-116.129377,132.5,PAR #2400 NW4 SEC 17 2N 3E #210000-S 220000-S
S1503110300,1200 W LAKE HAZEL LN,2N 2E 03,8.1376,8.129,2478700,City of Boise,I-1,Boise Industrial (light),Industrial / Business Park,Low,Vacant Land,Boise,Industrial,Industrial,non-residential,2.3,0.349,1,4570.3,77,43.544172,-116.196993,132.4,PAR #0300 @ CTR GOV LOT 01 SEC 3 2N 2E PARCEL 7 R/S 8286 #111105-S
S1503111017,1333 W LAKE HAZEL LN,2N 2E 03,7.7619,7.77,,City of Boise,I-1,Boise Industrial (light),Industrial / Business Park,Low,Vacant Land,Boise,Industrial,Industrial,non-residential,2.306,0.439,1,4570.3,77,43.54518,-116.196989,132.4,PAR #1017 POR GOV LOT 01 SEC 03 2N 2E #111016-B
S1503449000,W COLUMBIA RD,2N 2E 03,40.0843,40,0,City of Boise,I-1,Boise Industrial (light),Industrial / Business Park,Low,Vacant Land,Boise,Airport,Airport,airport — residential restricted,2.312,0.785,1,4570.3,77,43.533253,-116.195847,132.4,SE4SE4 SEC 3 #8965893 #441150-S
S1618314900,S EISENMAN RD,2N 3E 18,3.0935,3.097,1079200,City of Boise,I-1,Boise Industrial (light),Industrial / Business Park,Low,Vacant Land,,,(no FLU),n/a,2.293,0.749,7,338.2,5,43.508716,-116.146532,132.4,PAR #4900 OF NE4SW4 SEC 18 2N 3E #310001-B
R1013770750,W GOWEN RD,BOISE STORAGE TERMINAL SUB,6.4239,6.432,2941900,City of Boise,I-1,Boise Industrial (light),Industrial / Business Park,Low,Vacant Land,Boise,Industrial,Industrial,non-residential,2.37,0.7,4,595.95,24,43.549323,-116.197357,132.3,LOT 3 BOISE STORAGE TERMINAL SUB
S1035223399,COMMERCE AVE,3N 2E 35,6.3141,6.05,0,City of Boise,I-1,Boise Industrial (light),Industrial / Business Park,Low,Vacant Land,Boise,Industrial,Industrial,non-residential,2.356,0.344,4,595.95,24,43.55779,-116.192696,132.3,PAR #3399 OF NW4NW4 SEC 35 3N 2E
S1503111120,W AIRPORT WAY,2N 2E 03,7.4024,7.44,0,City of Boise,I-1,Boise Industrial (light),Industrial / Business Park,Low,Vacant Land,Boise,Airport,Airport,airport — residential restricted,2.338,0.438,1,4570.3,77,43.543388,-116.19782,132.3,PAR #1120 OF LOT 1 SEC 3 2N 2E #111100-S #9121507
R1013690110,4801 S PRODUCTION AVE,BOISE IND FOUNDATION SUB NO 04,2.6167,2.63,1374800,City of Boise,I-2,Boise Industrial (general),Industrial / Business Park,Low,Vacant Land,Boise,Industrial,Industrial,non-residential,2.459,0.725,4,595.95,24,43.558763,-116.194305,132.1,PAR #0110 OF LOT 2 BOISE INDUSTRIAL FOUNDATION SUB #4
S1034110010,W GOWEN RD,3N 2E 34,18.311,20,0,City of Boise,I-1,Boise Industrial (light),Industrial / Business Park,Low,Vacant Land,Boise,Airport,Airport,airport — residential restricted,2.496,0.655,4,595.95,24,43.55758,-116.195982,132.0,PAR #0010 OF NE4NE4 SEC 34 3N 2E
S1503420500,W LAKE HAZEL RD,2N 2E 03,40.2856,40,0,City of Boise,I-1,Boise Industrial (light),Industrial / Business Park,Low,Vacant Land,Boise,Airport,Airport,airport — residential restricted,2.511,0.785,1,4570.3,77,43.536876,-116.200873,132.0,NW4SE4 SEC 3 2N 2E #8730899
S1510100000,S PLEASANT VALLEY RD,2N 2E 10,160.8137,160,0,City of Boise,I-1,Boise Industrial (light),Industrial / Business Park,Low,Vacant Land,Boise,Industrial,Industrial,non-residential,2.506,0.785,1,4570.3,77,43.529582,-116.198341,132.0,NE4 SEC 10 2N 2E #98080094
S1618315010,S FEDERAL WAY,2N 3E 18,40.4824,39.434,0,Ada County,RP,County Rural Preservation/Foothills,Agricultural / Rural,Low,Vacant Land,Ada County,Rural,Rural (county),low-density / rural,2.51,0.31,7,338.2,5,43.50572,-116.144655,132.0,PAR #5010 @ CTR OF S2 SEC 18 2N 3E #315010-B
S1034131200,W GOWEN RD,3N 2E 34,80.9029,80,0,City of Boise,I-1,Boise Industrial (light),Industrial / Business Park,Low,Vacant Land,Boise,Airport,Airport,airport — residential restricted,2.544,0.699,4,595.95,24,43.555202,-116.198477,131.9,S2NE4 SEC 34 3N 2E
S1034438500,W GOWEN RD,3N 2E 34,21.8888,21.92,0,City of Boise,I-1,Boise Industrial (light),Industrial / Business Park,Low,Vacant Land,Boise,Airport,Airport,airport — residential restricted,2.561,0.757,1,4570.3,77,43.547306,-116.201759,131.9,PAR #8500 OF SW4SE4 SO GOWEN FIELD RD SEC 34 3N 2E
S1503430000,W LAKE HAZEL RD,2N 2E 03,40.2545,40,0,City of Boise,I-1,Boise Industrial (light),Industrial / Business Park,Low,Vacant Land,Boise,Airport,Airport,airport — residential restricted,2.554,0.785,1,4570.3,77,43.533242,-116.200834,131.9,SW4SE4 SEC 3 2N 2E #8730899
S1617120000,E COLUMBIA RD,2N 3E 17,79.6032,80,10454400,City of Boise,I-3,Boise Industrial (heavy),Industrial / Business Park,Low,Vacant Land,Ada County,Rural,Rural (county),low-density / rural,2.568,0.698,3,1305.42,35,43.511218,-116.121942,131.9,W2NE4 SEC 17 2N 3E
S1034120600,W GOWEN RD,3N 2E 34,12.0397,12.33,0,City of Boise,I-1,Boise Industrial (light),Industrial / Business Park,Low,Vacant Land,Boise,Airport,Airport,airport — residential restricted,2.681,0.779,4,595.95,24,43.558124,-116.199727,131.6,PAR #0600 OF NW4NE4 SEC 34 3N 2E
S1034120605,4661 S ENTERPRISE ST,3N 2E 34,2.9876,3,0,City of Boise,I-1,Boise Industrial (light),Industrial / Business Park,Low,Vacant Land,Boise,Industrial,Industrial,non-residential,2.742,0.612,4,595.95,24,43.559904,-116.199877,131.5,PAR #0605 OF NW4NE4 SEC 34 3N 2E #96022494
S1503130000,W AIRPORT WAY,2N 2E 03,122.2687,120,0,City of Boise,I-1,Boise Industrial (light),Industrial / Business Park,Low,Vacant Land,Boise,Airport,Airport,airport — residential restricted,2.742,0.594,1,4570.3,77,43.540533,-116.205914,131.5,SW4NE4 S2NW4 SEC 3 2N 2E
S1034120810,4659 S ENTERPRISE ST,3N 2E 34,1.7741,1.74,0,City of Boise,I-1,Boise Industrial (light),Industrial / Business Park,Low,Vacant Land,Boise,Industrial,Industrial,non-residential,2.795,0.521,4,595.95,24,43.559472,-116.20137,131.4,PAR #0810 OF NW4NE4 SEC 34 3N 2E #96022494
S1034120900,W GOWEN RD,3N 2E 34,7.9015,8,0,City of Boise,I-1,Boise Industrial (light),Industrial / Business Park,Low,Vacant Land,Boise,Airport,Airport,airport — residential restricted,2.775,0.674,4,595.95,24,43.558127,-116.201792,131.4,PAR #0900 OF W2NW4NE4 SEC 34 3N 2E
S1503340000,W LAKE HAZEL RD,2N 2E 03,40.4102,40,0,City of Boise,I-1,Boise Industrial (light),Industrial / Business Park,Low,Vacant Land,Boise,Airport,Airport,airport — residential restricted,2.798,0.785,1,4570.3,77,43.533232,-116.205821,131.4,SE4SW4 SEC 3 2N 2E #8761585
S1034120999,4953 S INDUSTRIAL ST,3N 2E 34,10.7254,10,0,City of Boise,I-1,Boise Industrial (light),Industrial / Business Park,Low,Vacant Land,Boise,Airport,Airport,airport — residential restricted,2.833,0.49,4,595.95,24,43.558128,-116.203043,131.3,PAR #0999 OF NW4NE4 SEC 34 3N 2E
S1619120600,S HOLCOMB RD,2N 3E 19,56.4538,0,,Ada County,RP,County Rural Preservation/Foothills,Agricultural / Rural,Low,Vacant Land,Ada County,Rural,Rural (county),low-density / rural,2.857,0.669,7,338.2,5,43.501041,-116.141083,131.3,PAR #0600 POR N2 NE4 SEC 19 2N 3E #110000-S PARCEL 4
S1034336500,2501 W GOWEN RD,3N 2E 34,89.2524,89.338,0,City of Boise,I-1,Boise Industrial (light),Industrial / Business Park,Low,Vacant Land,Boise,Airport,Airport,airport — residential restricted,2.898,0.707,1,4570.3,77,43.547685,-116.20848,131.2,POR #6500 POR SW4 SEC 34 3N 2E #200000-B
S1503314800,W LAKE HAZEL RD,2N 2E 03,81.0361,80,0,City of Boise,I-1,Boise Industrial (light),Industrial / Business Park,Low,Vacant Land,Boise,Airport,Airport,airport — residential restricted,2.882,0.7,1,4570.3,77,43.536881,-116.208357,131.2,N2SW4 SEC 3  2N 2E #8965893 #331000 S
S1510210000,S PLEASANT VALLEY RD,2N 2E 10,80.2564,80,104000,Ada County,RP,County Rural Preservation/Foothills,Agricultural / Rural,Low,Vacant Land,Boise,Industrial,Industrial,non-residential,2.902,0.698,1,4570.3,77,43.52777,-116.205836,131.2,E2NW4 SEC 10 2N 2E
S0919110520,S TRENT POINT WAY,3N 3E 19,53.1439,53.21,0,City of Boise,A-1,Boise Open Land/Airport-Ag,Agricultural / Rural,Low,Vacant Land,Boise,Suburban,Suburban Residential,single-family oriented,3.011,0.306,12,159.34,6,43.583857,-116.135807,131.0,PAR #0520 OF N2 SEC 19 3N 3E #110500-S
S1603233000,E HWY 21,2N 3E 03,96.2847,218.94,0,Ada County,RP,County Rural Preservation/Foothills,Agricultural / Rural,Low,Vacant Land,Ada County,Rural,Rural (county),low-density / rural,2.988,0.362,2,1678.71,21,43.534735,-116.092329,131.0,LOTS 5 6 7 8 9 10 11 12 SEC 3 2N 3E
S1503336000,W LAKE HAZEL RD,2N 2E 03,40.5721,40,0,City of Boise,I-1,Boise Industrial (light),Industrial / Business Park,Low,Vacant Land,Boise,Industrial,Industrial,non-residential,3.043,0.785,1,4570.3,77,43.533221,-116.210807,130.9,SW4SW4 SEC 3  2N 2E #S1503310000-B #9005165
S1510220000,S PLEASANT VALLEY RD,2N 2E 10,80.1687,80,104000,Ada County,RP,County Rural Preservation/Foothills,Agricultural / Rural,Low,Vacant Land,Boise,Industrial,Industrial,non-residential,3.139,0.698,1,4570.3,77,43.527756,-116.210822,130.7,W2NW4 SEC 10 2N 2E
S1510300000,S PLEASANT VALLEY RD,2N 2E 10,160.5491,160,0,City of Boise,A-2,Boise Open Land/Ag,Agricultural / Rural,Low,Vacant Land,Boise,Industrial,Industrial,non-residential,3.219,0.785,1,4570.3,77,43.520511,-116.208404,130.6,SW4 SEC 10 2N 2E #9054442-39
S0919110300,1622 S STONE RIDGE WAY,3N 3E 19,20.4808,20.49,,City of Boise,A-1,Boise Open Land/Airport-Ag,Agricultural / Rural,Low,Vacant Land,Boise,Suburban,Suburban Residential,single-family oriented,3.231,0.608,12,159.34,6,43.587647,-116.138947,130.5,PAR #0300 OF NE4 IN TCA 01-6 SEC 19 3N 3E #110585-S
S0919110590,S STONE RIDGE WAY,3N 3E 19,24.5322,24.545,0,City of Boise,A-1,Boise Open Land/Airport-Ag,Agricultural / Rural,Low,Vacant Land,Boise,Suburban,Suburban Residential,single-family oriented,3.252,0.756,12,159.34,6,43.587459,-116.135831,130.5,PAR #0590 OF NE4 NE4 SEC 19 3N 3E #110575-S
S1504110000,W LAKE HAZEL RD,2N 2E 04,82.1994,81.7,0,City of Boise,I-1,Boise Industrial (light),Industrial / Business Park,Low,Vacant Land,Boise,Airport,Airport,airport — residential restricted,3.243,0.696,1,4570.3,77,43.542432,-116.215941,130.5,GOV'T LOT 1 & SE4NE4 SEC 4 2N 2E
S1504449345,W COLUMBIA RD,2N 2E 04,10.3185,10,43300,Ada County,RP,County Rural Preservation/Foothills,Agricultural / Rural,Low,Vacant Land,Boise,Industrial,Industrial,non-residential,3.259,0.503,1,4570.3,77,43.533222,-116.215197,130.5,W2E2SE4SE4 SEC 4 2N 2E #438750-S
S1616110000,E COLUMBIA RD,2N 3E 16,558.2457,560,0,Ada County,RP,County Rural Preservation/Foothills,Agricultural / Rural,Low,Vacant Land,Ada County,Rural,Rural (county),low-density / rural,3.231,0.543,5,558.25,1,43.509425,-116.104569,130.5,E2N4E SW4NE4 NW4NW4 S2NW4 S2 SEC 16 2N 3E
S1610212455,E COLUMBIA RD,2N 3E 10,23.9312,23.886,149400,Ada County,RP,County Rural Preservation/Foothills,Agricultural / Rural,Low,Vacant Land,Ada County,Rural,Rural (county),low-density / rural,3.336,0.423,2,1678.71,21,43.528532,-116.087129,130.3,PAR #2455 @ S SIDE NE4NW4 SEC 10 2N 3E #212452-B
S0918438860,S STONE RIDGE WAY,3N 3E 18,7.6909,7.696,,City of Boise,A-1,Boise Open Land/Airport-Ag,Agricultural / Rural,Low,Vacant Land,Boise,Suburban,Suburban Residential,single-family oriented,3.4,0.605,12,159.34,6,43.590293,-116.140218,130.2,PAR #8860 OF SW4SE4 IN TCA 01-5 SEC 18 3N 3E #438850-R
S1504417200,W GOWEN RD,2N 2E 04,82.2899,80,0,City of Boise,I-1,Boise Industrial (light),Industrial / Business Park,Low,Vacant Land,Boise,Airport,Airport,airport — residential restricted,3.388,0.698,1,4570.3,77,43.536021,-116.218385,130.2,N2SE4 SEC 4 2N 2E #400000-B #8855617-20
S1610244250,E COLUMBIA RD,2N 3E 10,40.0149,40.06,316500,Ada County,RP,County Rural Preservation/Foothills,Agricultural / Rural,Low,Vacant Land,Ada County,Rural,Rural (county),low-density / rural,3.412,0.804,2,1678.71,21,43.524869,-116.087186,130.2,PAR #4250 OF SE4NW4 & OF SW4NE4 SEC 10 2N 3E PAR B R/S 8925 #131300-C #241251-C
S0918449050,S TRENT POINT WAY,3N 3E 18,28.7408,29.57,0,City of Boise,A-1,Boise Open Land/Airport-Ag,Agricultural / Rural,Low,Vacant Land,Boise,Suburban,Suburban Residential,single-family oriented,3.432,0.585,12,159.34,6,43.59028,-116.136707,130.1,PAR #9050 @ SE COR SE4SE4 SEC 18 3N 3E #449100-B
S1504120000,W LAKE HAZEL RD,2N 2E 04,40.9518,41.27,0,City of Boise,I-1,Boise Industrial (light),Industrial / Business Park,Low,Vacant Land,Boise,Airport,Airport,airport — residential restricted,3.499,0.785,1,4570.3,77,43.544292,-116.220979,130.0,GOV'T LOT 2 SEC 4 2N 2E
S1504123000,W LAKE HAZEL RD,2N 2E 04,41.1149,40,0,City of Boise,I-1,Boise Industrial (light),Industrial / Business Park,Low,Vacant Land,Boise,Airport,Airport,airport — residential restricted,3.494,0.785,1,4570.3,77,43.540607,-116.220947,130.0,SW4NE4 SEC 4 2N 2E
R1035190140,3291 E BIRDSONG CT,BOULDER HEIGHTS ESTATES SUB NO 05,24.7468,24.798,0,City of Boise,A-1,Boise Open Land/Airport-Ag,Agricultural / Rural,Low,Vacant Land,Boise,Suburban,Suburban Residential,single-family oriented,3.531,0.211,12,159.34,6,43.592112,-116.139339,129.9,LOT 05 BLK 07 BOULDER HEIGHTS EST SUB NO 05
S1033200000,4466 W GOWEN RD,3N 2E 33,171.9329,520,0,City of Boise,I-1,Boise Industrial (light),Industrial / Business Park,Low,Vacant Land,Boise,Airport,Airport,airport — residential restricted,3.546,0.391,1,4570.3,77,43.550392,-116.22098,129.9,N2 NE4SW4 SE4 SEC 33 3N 2E
S1610131400,E COLUMBIA RD,2N 3E 10,17.4758,17.498,0,Ada County,RP,County Rural Preservation/Foothills,Agricultural / Rural,Low,Vacant Land,Ada County,Rural,Rural (county),low-density / rural,3.574,0.566,2,1678.71,21,43.524869,-116.083744,129.9,PAR #1400 OF W2SW4NE4 & OF NW4NW4SE4  SEC 10  2N 3E #131200-S
S1619417300,S HOLCOMB RD,2N 3E 19,236.2908,0,,Ada County,RP,County Rural Preservation/Foothills,Agricultural / Rural,Low,Vacant Land,Ada County,Rural,Rural (county),low-density / rural,3.533,0.762,7,338.2,5,43.491333,-116.139344,129.9,PAR #7300 OF E2 SEC 19 2N 3E #130000-C #417200-C PARCEL 3
S1504438550,S PLEASANT VALLEY RD,2N 2E 04,10.3115,10,43300,Ada County,RP,County Rural Preservation/Foothills,Agricultural / Rural,Low,Vacant Land,Boise,Industrial,Industrial,non-residential,3.633,0.503,1,4570.3,77,43.533261,-116.222787,129.7,PAR #8550 OF SW4SE4 SEC 4 2N 2E #400000-S
S1610131251,8726 E PLEXI DR,2N 3E 10,61.8514,61.92,357600,Ada County,RP,County Rural Preservation/Foothills,Agricultural / Rural,Low,Vacant Land,Ada County,Rural,Rural (county),low-density / rural,3.692,0.418,2,1678.71,21,43.524873,-116.08126,129.6,PAR #1251 OF SW4NE4 & N2N2SE4 SEC 10 2N 3E #0010 THROUGH 0120-C
S1033341000,S PLEASANT VALLEY RD,3N 2E 33,20.1131,20,0,City of Boise,I-1,Boise Industrial (light),Industrial / Business Park,Low,Vacant Land,Boise,Airport,Airport,airport — residential restricted,3.729,0.595,1,4570.3,77,43.548687,-116.225041,129.5,E 25A OF SE4SW4 EXC 5A IN SW COR SEC 33  3N 2E #8725994
S1033343075,W GOWEN RD,3N 2E 33,4.9956,5,0,City of Boise,I-1,Boise Industrial (light),Industrial / Business Park,Low,Vacant Land,Boise,Airport,Airport,airport — residential restricted,3.754,0.774,1,4570.3,77,43.546868,-116.225826,129.5,SW 5A OF E 25A OF SE4SW4 SEC 33  3N 2E
S1610110000,E HWY 21,2N 3E 10,103.4367,98.88,0,Ada County,RP,County Rural Preservation/Foothills,Agricultural / Rural,Low,Vacant Land,Ada County,Rural,Rural (county),low-density / rural,3.816,0.584,2,1678.71,21,43.52751,-116.077583,129.4,NE4 EXC SW4NE4 SEC 10 2N 3E
S1504212405,S PLEASANT VALLEY RD,2N 2E 04,162.0866,161.27,0,City of Boise,I-1,Boise Industrial (light),Industrial / Business Park,Low,Vacant Land,Boise,Airport,Airport,airport — residential restricted,3.873,0.785,1,4570.3,77,43.544298,-116.228448,129.3,GOVERNMENT LOTS 3-4 S2 NW4 SEC 4 04 2N 2E #8939635
S1610427900,E COLUMBIA RD,2N 3E 10,39.8111,50,0,Ada County,RP,County Rural Preservation/Foothills,Agricultural / Rural,Low,Vacant Land,Ada County,Rural,Rural (county),low-density / rural,3.867,0.502,2,1678.71,21,43.518474,-116.080988,129.3,NE4NE4SW4 S2NW4SE4 E2SW4SE4 SEC 10 2N 3E #310000-S #8424554
S1509438400,S PLEASANT VALLEY RD,2N 2E 09,40.7423,40,880000,Ada County,RP,County Rural Preservation/Foothills,Agricultural / Rural,Low,Vacant Land,Ada County,Rural,Rural (county),low-density / rural,3.841,0.785,1,4570.3,77,43.518714,-116.221001,129.3,SW4SE4 SEC 9  2N 2E 200000-S
S1504311000,S PLEASANT VALLEY RD,2N 2E 04,40.369,40,0,City of Boise,I-1,Boise Industrial (light),Industrial / Business Park,Low,Vacant Land,Boise,Industrial,Industrial,non-residential,3.876,0.507,1,4570.3,77,43.537879,-116.22841,129.2,N2N2SW4 SEC 4 2N 2E #94088985
S1033331000,S PLEASANT VALLEY RD,3N 2E 33,40.5053,40,0,City of Boise,I-1,Boise Industrial (light),Industrial / Business Park,Low,Vacant Land,Boise,Airport,Airport,airport — residential restricted,3.931,0.785,1,4570.3,77,43.548689,-116.229108,129.1,E 25A OF SW4SW4 W 15A OF SE4SW4 SEC 33 3N 2E #8965893
S1033320000,W GOWEN RD,3N 2E 33,38.7001,38.74,0,City of Boise,A-1,Boise Open Land/Airport-Ag,Agricultural / Rural,Low,Vacant Land,Boise,Airport,Airport,airport — residential restricted,4.04,0.778,1,4570.3,77,43.550925,-116.230861,128.9,NW4SW4 NW4 SEC 33 3N 2E
S1610440000,E COLUMBIA RD,2N 3E 10,39.8779,40,168000,Ada County,RP,County Rural Preservation/Foothills,Agricultural / Rural,Low,Vacant Land,Ada County,Rural,Rural (county),low-density / rural,4.037,0.785,2,1678.71,21,43.518471,-116.077264,128.9,SE4SE4 SEC 10 2N 3E
S1522210000,W AMYX LN,2N 2E 22,80.1505,80,1874600,Ada County,RP,County Rural Preservation/Foothills,Agricultural / Rural,Low,Vacant Land,,,(no FLU),n/a,4.05,0.699,1,4570.3,77,43.500551,-116.208731,128.9,N2NW4 SEC 22 2N 2E
S1033322125,S PLEASANT VALLEY RD,3N 2E 33,13.8292,15,0,City of Boise,I-1,Boise Industrial (light),Industrial / Business Park,Low,Vacant Land,Boise,Airport,Airport,airport — residential restricted,4.094,0.598,1,4570.3,77,43.547975,-116.232481,128.8,W 15A OF SW4SW4 EXC R/W SEC 33 3N 2E #99053488
S1615110010,E COLUMBIA RD,2N 3E 15,29.9644,30,0,Ada County,RP,County Rural Preservation/Foothills,Agricultural / Rural,Low,Vacant Land,Ada County,Rural,Rural (county),low-density / rural,4.171,0.589,2,1678.71,21,43.514849,-116.076639,128.7,N2NE4NE4 SE4NE4NE4 SEC 15 2N 3E #110050-S #8424554
S1032449500,S PLEASANT VALLEY RD,3N 2E 32,8.5579,9.4,0,City of Boise,I-1,Boise Industrial (light),Industrial / Business Park,Low,Vacant Land,Boise,Industrial,Industrial,non-residential,4.208,0.784,1,4570.3,77,43.547106,-116.2349,128.6,SE4SE4SE4 SEC 32 3N 2E #444000 R
S1509336000,9400 S PLEASANT VALLEY RD,2N 2E 09,82.1748,82.26,1809700,Ada County,RP,County Rural Preservation/Foothills,Agricultural / Rural,Low,Vacant Land,,,(no FLU),n/a,4.191,0.693,1,4570.3,77,43.518746,-116.22863,128.6,PAR #6000 OF S2SW4 SEC 9 2N 2E    R/ 929 #330000 & 331000-C
S1611330000,E HWY 21,2N 3E 11,39.7949,40,296800,Ada County,RP,County Rural Preservation/Foothills,Agricultural / Rural,Low,Vacant Land,Ada County,Rural,Rural (county),low-density / rural,4.267,0.785,2,1678.71,21,43.518474,-116.072298,128.5,SW4SW4 SEC 11 2N 3E
S1516110000,9501 S PLEASANT VALLEY RD,2N 2E 16,652.8902,640,0,Ada County,RP,County Rural Preservation/Foothills,Agricultural / Rural,Low,Vacant Land,,,(no FLU),n/a,4.254,0.784,1,4570.3,77,43.509663,-116.223672,128.5,SEC 16 2N 2E
S1522230000,W AMYX LN,2N 2E 22,79.9563,80,1760000,Ada County,RP,County Rural Preservation/Foothills,Agricultural / Rural,Low,Vacant Land,,,(no FLU),n/a,4.232,0.7,1,4570.3,77,43.496918,-116.208772,128.5,S2NW4 SEC 22 2N 2E
S1032417200,S PLEASANT VALLEY RD,3N 2E 32,39.2476,37.5,0,City of Boise,A-1,Boise Open Land/Airport-Ag,Agricultural / Rural,Low,Vacant Land,Boise,Industrial,Industrial,non-residential,4.304,0.785,1,4570.3,77,43.551617,-116.236058,128.4,NE4SE4 EXC E 40' FOR ROAD SEC 32 3N 2E #410000 R
S1032449000,S PLEASANT VALLEY RD,3N 2E 32,28.7523,29.4,0,City of Boise,I-1,Boise Industrial (light),Industrial / Business Park,Low,Vacant Land,Boise,Industrial,Industrial,non-residential,4.277,0.605,1,4570.3,77,43.548056,-116.236151,128.4,N2SE4SE4  SW4SE4SE4 SEC 32  3N 2E #441000 R #8965893
S1615141900,E COLUMBIA RD,2N 3E 15,159.6715,160,0,Ada County,RP,County Rural Preservation/Foothills,Agricultural / Rural,Low,Vacant Land,Ada County,Rural,Rural (county),low-density / rural,4.287,0.502,2,1678.71,21,43.507606,-116.07973,128.4,SE4NE4 N2SE4 SE4SE4 SEC 15 2N 3E #9252563
S1032142000,W GOWEN RD,3N 2E 32,16.0676,17.6,0,City of Boise,I-1,Boise Industrial (light),Industrial / Business Park,Low,Vacant Land,Boise,Industrial,Industrial,non-residential,4.332,0.642,1,4570.3,77,43.553968,-116.236047,128.3,SE4NE4 S OF GOWEN RD EXC RD SEC 32 3N 2E #140000-B #7755962
S1508110000,S PLEASANT VALLEY RD,2N 2E 08,24.3506,24.324,85100,Ada County,RP,County Rural Preservation/Foothills,Agricultural / Rural,Low,Vacant Land,Ada County,Rural,Rural (county),low-density / rural,4.338,0.708,1,4570.3,77,43.530494,-116.236397,128.3,E 1467' OF N 742.5' OF N2NE4 SEC 8 2N 2E #98043891 #98043890 #8769072
S1505110000,S PLEASANT VALLEY RD,2N 2E 05,321.5016,317.98,0,City of Boise,I-1,Boise Industrial (light),Industrial / Business Park,Low,Vacant Land,Boise,Industrial,Industrial,non-residential,4.404,0.696,1,4570.3,77,43.535216,-116.238659,128.2,E2 EXCEPT RW SEC 5 2N 2E #S1505100000 400000 C
R9041360700,5948 S VISIONARY AVE,VISIONARY SUB NO 01,4.9963,5,,City of Boise,I-1,Boise Industrial (light),Industrial / Business Park,Low,Vacant Land,Boise,Industrial,Industrial,non-residential,4.458,0.713,1,4570.3,77,43.548593,-116.239713,128.1,LOT 01 BLK 02 VISIONARY SUB NO 01
R9041360800,5850 S VISIONARY AVE,VISIONARY SUB NO 01,3.9931,3.995,,City of Boise,I-1,Boise Industrial (light),Industrial / Business Park,Low,Vacant Land,Boise,Industrial,Industrial,non-residential,4.465,0.658,1,4570.3,77,43.549434,-116.239709,128.1,LOT 02 BLK 02 VISIONARY SUB NO 01
S1032438440,6100 S VISIONARY AVE,3N 2E 32,9.9936,10,,City of Boise,I-1,Boise Industrial (light),Industrial / Business Park,Low,Vacant Land,Boise,Industrial,Industrial,non-residential,4.449,0.8,1,4570.3,77,43.547187,-116.239719,128.1,PAR #8440 OF SW4SE4 SEC 32 3N 2E PARCEL B ROS 14775 #T438421-C #T438413-C
S1508113200,S PLEASANT VALLEY RD,2N 2E 08,35.2543,34.47,267900,Ada County,RP,County Rural Preservation/Foothills,Agricultural / Rural,Low,Vacant Land,Ada County,Rural,Rural (county),low-density / rural,4.476,0.463,1,4570.3,77,43.528703,-116.238726,128.0,S2N2NE4 EXC N 82.5' & EXC R/W SEC 8 2N 2E #98043891 #98043890 #8402897-98
S1521141900,S PLEASANT VALLEY RD,2N 2E 21,40.1052,40,880000,Ada County,RP,County Rural Preservation/Foothills,Agricultural / Rural,Low,Vacant Land,Ada County,Rural,Rural (county),low-density / rural,4.494,0.785,1,4570.3,77,43.496921,-116.216222,128.0,SE4 NE4 SEC 21 2N 2E IN MER SCH DIST #141800-S
S1032427800,W GOWEN RD,3N 2E 32,40.4857,40,0,City of Boise,I-1,Boise Industrial (light),Industrial / Business Park,Low,Vacant Land,Boise,Industrial,Industrial,non-residential,4.549,0.785,1,4570.3,77,43.551628,-116.241007,127.9,NW4SE4 SEC 32 3N 2E
S1611110000,9723 E HWY 21,2N 3E 11,389.1299,242.1,0,Ada County,RP,County Rural Preservation/Foothills,Agricultural / Rural,Low,Vacant Land,Ada County,Rural,Rural (county),low-density / rural,4.538,0.491,2,1678.71,21,43.521919,-116.06483,127.9,LOTS 4/6 TO 8 INC NE4SE4 S2SE4 SEC 11 2N 3E
R9041360100,6159 S VISIONARY AVE,VISIONARY SUB NO 01,4.997,5,,City of Boise,I-1,Boise Industrial (light),Industrial / Business Park,Low,Vacant Land,Boise,Industrial,Industrial,non-residential,4.577,0.727,1,4570.3,77,43.546763,-116.242333,127.8,LOT 01 BLK 01 VISIONARY SUB NO 01
R9041360200,6047 S VISIONARY AVE,VISIONARY SUB NO 01,4.0411,4.044,,City of Boise,I-1,Boise Industrial (light),Industrial / Business Park,Low,Vacant Land,Boise,Industrial,Industrial,non-residential,4.582,0.662,1,4570.3,77,43.547564,-116.24233,127.8,LOT 02 BLK 01 VISIONARY SUB NO 01
R9041360300,5975 S VISIONARY AVE,VISIONARY SUB NO 01,2.9983,3,,City of Boise,I-1,Boise Industrial (light),Industrial / Business Park,Low,Vacant Land,Boise,Industrial,Industrial,non-residential,4.586,0.577,1,4570.3,77,43.548223,-116.242327,127.8,LOT 03 BLK 01 VISIONARY SUB NO 01
R9041360400,5941 S VISIONARY AVE,VISIONARY SUB NO 01,1.381,1.382,,City of Boise,I-1,Boise Industrial (light),Industrial / Business Park,Low,Vacant Land,Boise,Industrial,Industrial,non-residential,4.589,0.352,1,4570.3,77,43.548633,-116.242326,127.8,LOT 04 BLK 01 VISIONARY SUB NO 01
R9041360500,5893 S VISIONARY AVE,VISIONARY SUB NO 01,2.1169,2.118,,City of Boise,I-1,Boise Industrial (light),Industrial / Business Park,Low,Vacant Land,Boise,Industrial,Industrial,non-residential,4.591,0.473,1,4570.3,77,43.54896,-116.242324,127.8,LOT 05 BLK 01 VISIONARY SUB NO 01
R9041360600,5835 S VISIONARY AVE,VISIONARY SUB NO 01,3.4989,3.5,,City of Boise,I-1,Boise Industrial (light),Industrial / Business Park,Low,Vacant Land,Boise,Industrial,Industrial,non-residential,4.595,0.622,1,4570.3,77,43.549486,-116.242322,127.8,LOT 06 BLK 01 VISIONARY SUB NO 01
S1032131500,4751 W GOWEN RD,3N 2E 32,27.9725,27.5,0,City of Boise,I-1,Boise Industrial (light),Industrial / Business Park,Low,Vacant Land,Boise,Industrial,Industrial,non-residential,4.589,0.671,1,4570.3,77,43.555012,-116.240993,127.8,PAR #1500 OF SW4NE4 SEC 32 3N 2E
S1508121200,S PLEASANT VALLEY RD,2N 2E 08,20.8907,19.99,70000,Ada County,RP,County Rural Preservation/Foothills,Agricultural / Rural,Low,Vacant Land,Ada County,Rural,Rural (county),low-density / rural,4.584,0.74,1,4570.3,77,43.530511,-116.241387,127.8,N 742.5' OF N2NE4 EXC E 1467' SEC 8 2N 2E #98043891 #98043890 #8769072
S1602110000,E HWY 21,2N 3E 02,118.7859,80,0,Ada County,RP,County Rural Preservation/Foothills,Agricultural / Rural,Low,Vacant Land,Ada County,Rural,Rural (county),low-density / rural,4.711,0.595,10,217.79,2,43.544076,-116.057199,127.6,N2NE4 SEC 2 2N 3E
S1505212450,W LAKE HAZEL RD,2N 2E 05,24.9763,25,,City of Boise,I-1,Boise Industrial (light),Industrial / Business Park,Low,Vacant Land,Boise,Industrial,Industrial,non-residential,4.695,0.676,1,4570.3,77,43.543932,-116.244889,127.6,PAR #2450 POR GOV LOT 03 & POR SE4NW4 SEC 05 2N 2E PAR B ROS 15361 #233800-B
S1614222400,E BLACKS CREEK RD,2N 3E 14,437.8811,440,0,Ada County,RP,County Rural Preservation/Foothills,Agricultural / Rural,Low,Vacant Land,Ada County,Rural,Rural (county),low-density / rural,4.702,0.427,2,1678.71,21,43.50944,-116.068591,127.6,N2 NE4SW4 E2SE4 SEC 14 2N 3E
S1029120615,4560 S ORCHARD ST,3N 2E 29,319.0259,319.301,0,City of Boise,I-1,Boise Industrial (light),Industrial / Business Park,Low,Vacant Land,Boise,Airport,Airport,airport — residential restricted,4.759,0.362,8,319.03,1,43.566918,-116.23966,127.5,PAR #0615 @ E SIDE OF SEC 29 3N 2E #120610-B #9034300-01
S1032314800,W GOWEN RD,3N 2E 32,20.1561,20,0,City of Boise,I-1,Boise Industrial (light),Industrial / Business Park,Low,Vacant Land,Boise,Industrial,Industrial,non-residential,4.736,0.698,1,4570.3,77,43.551636,-116.24477,127.5,E2NE4SW4 SEC 32 3N 2E #300000-S
S1505244250,W LAKE HAZEL RD,2N 2E 05,50.5616,51.266,,City of Boise,I-1,Boise Industrial (light),Industrial / Business Park,Low,Vacant Land,Boise,Industrial,Industrial,non-residential,4.804,0.296,1,4570.3,77,43.54394,-116.247077,127.4,PAR #4250 POR OF GOV LOT 03 & POR S2NW4 SEC 05 2N 2E PAR B ROS 15445 #233700-B
S1521314800,S PLEASANT VALLEY RD,2N 2E 21,163.2038,160,0,Ada County,RP,County Rural Preservation/Foothills,Agricultural / Rural,Low,Vacant Land,Ada County,Rural,Rural (county),low-density / rural,4.806,0.5,1,4570.3,77,43.491504,-116.217565,127.4,NE4SW4 N2SE4 SE4SE4 SEC 21 2N 2E
S1623223335,E BLACKS CREEK RD,2N 3E 23,10.0934,10,0,Ada County,RP,County Rural Preservation/Foothills,Agricultural / Rural,Low,Vacant Land,Ada County,Rural,Rural (county),low-density / rural,4.805,0.504,2,1678.71,21,43.50035,-116.074127,127.4,W2W2NW4NW4 SEC 23 2N 3E #223000 B #9202788
S1527212405,W KUNA MORA RD,2N 2E 27,80.5201,80,0,Ada County,RP,County Rural Preservation/Foothills,Agricultural / Rural,Low,Vacant Land,Ada County,Rural,Rural (county),low-density / rural,4.814,0.7,1,4570.3,77,43.485997,-116.208856,127.4,N2NW4 SEC 27 2N 2E
S1032212402,5121 W GOWEN RD,3N 2E 32,35.1984,35.25,0,City of Boise,I-1,Boise Industrial (light),Industrial / Business Park,Low,Vacant Land,Boise,Industrial,Industrial,non-residential,4.825,0.766,1,4570.3,77,43.555006,-116.245783,127.3,PAR #2402 S2NW4 SEC 32 3N 2E #212400-B
S1623223275,E BLACKS CREEK RD,2N 3E 23,10.009,10,13000,Ada County,RP,County Rural Preservation/Foothills,Agricultural / Rural,Low,Vacant Land,Ada County,Rural,Rural (county),low-density / rural,4.855,0.502,2,1678.71,21,43.500354,-116.072879,127.3,E2W2NW4NW4 SEC 23 2N 3E #223000 S #95021848
S1622141800,E BLACKS CREEK RD,2N 3E 22,19.9698,20,0,Ada County,RP,County Rural Preservation/Foothills,Agricultural / Rural,Low,Vacant Land,Ada County,Rural,Rural (county),low-density / rural,4.886,0.697,2,1678.71,21,43.496722,-116.075997,127.2,E2SE4NE4 SEC 22  2N 3E #9202780
S1623223150,E BLACKS CREEK RD,2N 3E 23,10.0147,10,0,Ada County,RP,County Rural Preservation/Foothills,Agricultural / Rural,Low,Vacant Land,Ada County,Rural,Rural (county),low-density / rural,4.905,0.502,2,1678.71,21,43.500357,-116.071636,127.2,W2E2NW4NW4 SEC 23 2N 3E #223000 B #9202786
S0915120600,E SHAW MOUNTAIN RD,3N 3E 15,235.5824,240,0,Ada County,RP,County Rural Preservation/Foothills,Agricultural / Rural,Low,Vacant Land,Ada County,Rural,Rural (county),low-density / rural,4.963,0.522,9,235.58,1,43.598115,-116.089763,127.1,NW4NE4 NW4 NW4SW4 SEC 15 3N 3E
S1032315005,W GOWEN RD,3N 2E 32,107.639,133.93,0,City of Boise,I-1,Boise Industrial (light),Industrial / Business Park,Low,Vacant Land,Boise,Industrial,Industrial,non-residential,4.945,0.607,1,4570.3,77,43.54985,-116.249292,127.1,PAR #5005 SW4 SEC 32 3N 2E #315000-B
S1623223025,E BLACKS CREEK RD,2N 3E 23,10.0129,10,13000,Ada County,RP,County Rural Preservation/Foothills,Agricultural / Rural,Low,Vacant Land,Ada County,Rural,Rural (county),low-density / rural,4.956,0.502,2,1678.71,21,43.50036,-116.070393,127.1,E2E2NW4NW4 SEC 23 2N 3E #223000 S #95011540
S1601231050,9916 E LUCKY PEAK LN,2N 3E 01,99.0,92.591,,Ada County,RP,County Rural Preservation/Foothills,Agricultural / Rural,Low,Vacant Land,Ada County,Rural,Rural (county),low-density / rural,4.979,0.55,10,217.79,2,43.538095,-116.05192,127.0,GOV LOTS 05-06 & POR OF 07 & POR SE4NW4 SEC 01 2N 3E #242300-C #231000-C #321300
S1505233625,W LAKE HAZEL RD,2N 2E 05,44.5377,44.681,,City of Boise,I-1,Boise Industrial (light),Industrial / Business Park,Low,Vacant Land,Boise,Industrial,Industrial,non-residential,4.986,0.33,1,4570.3,77,43.54218,-116.250751,127.0,PAR #3625 POR OF GOV LOT 03 & POR OF S2NW4 SEC 05 2N 2E PAR A ROS 15445 #233700-
S1036142110,2171 E DANZEE DR,3N 2E 36,6.0825,6.082,1854500,City of Boise,I-1,Boise Industrial (light),Industrial / Business Park,Low,Vacant Land,Boise,Industrial,Industrial,non-residential,0.909,0.774,13,108.78,8,43.55408,-116.157492,124.0,PAR #2110 POR SE4NE4 SEC 36 3N 2E PARCEL A ROS 12611 #142100-S
R3220000050,5200 S FEDERAL WAY,GOWEN INDUSTRIAL PARK NO 01,4.8187,4.8,1463600,City of Boise,I-2,Boise Industrial (general),Industrial / Business Park,Low,Vacant Land,Boise,Industrial,Industrial,non-residential,1.099,0.691,13,108.78,8,43.556422,-116.159629,123.6,PAR #0050 OF LOT 2 BLK 1 GOWEN INDUSTRIAL PARK NO 01 #9289664
S1036110300,4965 S HOLCOMB RD,3N 2E 36,45.539,42.89,0,City of Boise,I-1,Boise Industrial (light),Industrial / Business Park,Low,Vacant Land,Boise,Industrial,Industrial,non-residential,1.106,0.571,13,108.78,8,43.557368,-116.155919,123.6,PAR #0300 OF NE4NE4 & OF SE4NE4 SEC 36 3N 2E #120450-B
S1036120660,1825 E AMITY RD,3N 2E 36,5.0993,5,0,City of Boise,I-1,Boise Industrial (light),Industrial / Business Park,Low,Vacant Land,Boise,Industrial,Industrial,non-residential,1.22,0.699,13,108.78,8,43.558297,-116.159642,123.3,N2SE4NW4NE4 SEC 36 3N 2E #120450-S
S1036120605,2001 E AMITY RD,3N 2E 36,9.7937,10,0,City of Boise,I-1,Boise Industrial (light),Industrial / Business Park,Low,Vacant Land,Boise,Industrial,Industrial,non-residential,1.294,0.785,13,108.78,8,43.55944,-116.159639,123.2,NE4NW4NE4 SEC 36 3N 2E #120450-S
S1036120630,2001 E AMITY RD,3N 2E 36,22.1174,21.71,0,City of Boise,A-1,Boise Open Land/Airport-Ag,Agricultural / Rural,Low,Vacant Land,Boise,Industrial,Industrial,non-residential,1.27,0.522,13,108.78,8,43.558311,-116.162156,123.2,PAR #0630 OF NW4NE4 SEC 36 3N 2E #120450-B
S1036120615,2001 E AMITY RD,3N 2E 36,2.2976,2.65,0,City of Boise,A-1,Boise Open Land/Airport-Ag,Agricultural / Rural,Low,Vacant Land,Boise,Industrial,Industrial,non-residential,1.397,0.471,13,108.78,8,43.560334,-116.162156,123.0,PAR #0615 OF NW4NW4NE4 SEC 36 3N 2E #120450-S
S1013449500,2472 E WARM SPRINGS AVE,3N 2E 13,40.4111,40,0,City of Boise,A-2,Boise Open Land/Ag,Agricultural / Rural,Low,Vacant Land,Boise,Buildable,Buildable (future growth),"development-ready, use TBD",3.464,0.785,14,78.6,6,43.591755,-116.15577,96.7,SE4SE4 SEC 13 3N 2E #440000-R
S1013417612,2468 E WARM SPRINGS AVE,3N 2E 13,7.0895,7.11,0,City of Boise,A-2,Boise Open Land/Ag,Agricultural / Rural,Low,Vacant Land,Boise,Buildable,Buildable (future growth),"development-ready, use TBD",3.618,0.781,14,78.6,6,43.594057,-116.154241,96.4,PAR #7612 @ SE COR NE4 SE4 SEC 13 3N 2E #417600-B #417610-EDIT CORRECTING #83473
S1013417515,2462 E WARM SPRINGS AVE,3N 2E 13,11.154,11.163,0,City of Boise,A-2,Boise Open Land/Ag,Agricultural / Rural,Low,Vacant Land,Boise,Buildable,Buildable (future growth),"development-ready, use TBD",3.627,0.767,14,78.6,6,43.594073,-116.156757,96.3,PAR #7515 @ SW COR NE4 SE4 SEC 13 3N 2E #417510-C #417520-C
S0908346720,E WILDHORSE LN,3N 3E 08,29.3419,28.84,162900,Ada County,RP,County Rural Preservation/Foothills,Agricultural / Rural,Low,Vacant Land,Boise,Buildable,Buildable (future growth),"development-ready, use TBD",4.572,0.565,15,76.6,3,43.605478,-116.126709,92.5,PAR #6720 @ SE COR SW4 SEC 08 3N 3E S0908346710-B
S0908346605,E WILDHORSE LN,3N 3E 08,7.1421,7.101,40100,Ada County,RP,County Rural Preservation/Foothills,Agricultural / Rural,Low,Vacant Land,Boise,Buildable,Buildable (future growth),"development-ready, use TBD",4.686,0.326,15,76.6,3,43.607416,-116.127849,92.2,PAR #6605 OF N'LY POR SE4SW4 SEC 8 3N 3E R/S 4731 #344306-S
R9404671025,4692 E WILDHORSE LN,WILDHORSE RANCH SUB,40.1188,39.979,819200,Ada County,RP,County Rural Preservation/Foothills,Agricultural / Rural,Low,Vacant Land,Boise,Buildable,Buildable (future growth),"development-ready, use TBD",4.77,0.272,15,76.6,3,43.609363,-116.13202,92.1,PAR #1025 W'LY POR LOT 1 BLK 1 WILDHORSE RANCH SUB LOT 1 BLK 1 R/S 4972
R1035170010,2711 E RHYOLITE WAY,BOULDER HEIGHTS ESTATES SUB NO 03,7.4454,7.473,0,City of Boise,R-1A,Boise Single-Family (large lot),Single-Family Residential,Low,Vacant Land,Boise,Suburban,Suburban Residential,single-family oriented,3.089,0.218,14,78.6,6,43.586182,-116.157746,89.4,LOT 13  BLK 02 BOULDER HEIGHTS EST SUB NO 03
R1035150270,2501 E WINDSONG DR,BOULDER HEIGHTS ESTATES SUB NO 01,9.2638,9.299,0,City of Boise,R-1A,Boise Single-Family (large lot),Single-Family Residential,Low,Vacant Land,Boise,Suburban,Suburban Residential,single-family oriented,3.19,0.228,14,78.6,6,43.587506,-116.159507,89.2,LOT 08 BLK 02 BOULDER HEIGHTS ESTATES SUB NO 01
R1035150050,2688 E WINDSONG DR,BOULDER HEIGHTS ESTATES SUB NO 01,3.2324,3.241,0,City of Boise,A-1,Boise Open Land/Airport-Ag,Agricultural / Rural,Low,Vacant Land,Boise,Suburban,Suburban Residential,single-family oriented,3.253,0.258,14,78.6,6,43.588728,-116.155008,89.1,LOT 04 BLK 01 BOULDER HEIGHTS ESTATES SUB NO 01
R5577760530,1507 S OAKLAND AVE,MCDONALD TRACT,7.6063,7.609,0,City of Boise,R-3,Boise Multifamily,Multifamily Residential,High,Vacant Land,Boise,Mixed Use,Mixed Use,supports multifamily,4.473,0.353,57,10.25,2,43.59377,-116.204365,88.3,PAR #0530 OF MCDONALD TRACT R/S 4577 #0509C #0515C #0550C
R5577760451,PROTEST AVE,MCDONALD TRACT,2.6446,2.642,0,City of Boise,R-3,Boise Multifamily,Multifamily Residential,High,Vacant Land,Boise,Mixed Use,Mixed Use,supports multifamily,4.584,0.486,57,10.25,2,43.595254,-116.2053,88.1,PAR #0451 OF MCDONALD TRACT #0459-B
S1014449000,1550 S LOGGERS POND PL,3N 2E 14,7.5603,7.583,0,City of Boise,R-3,Boise Multifamily,Multifamily Residential,High,Vacant Land,Boise,High Density,High-Density Residential (planned),supports multifamily,3.764,0.443,66,7.56,1,43.593573,-116.174333,87.0,PAR #9000 S'LY POR LOT 4 REGENT CENTER SUB & N'LY POR LOT 5 REGENT CENTER SUB NO
R5125630141,281 E FAIRBROOK DR,LAKEWOOD UNIT NO 11B,3.2522,3.49,0,City of Boise,R-3,Boise Multifamily,Multifamily Residential,High,Vacant Land,Boise,High Density,High-Density Residential (planned),supports multifamily,2.552,0.377,106,3.25,1,43.572131,-116.180158,85.1,LOT 81 R/S #1988 BLK 9 LAKEWOOD UNIT NO 11-B 0150-S 0140-C S1026121055-C
R8499350101,3534 S FEDERAL WAY,TOMLINSON SUB,1.2445,1.246,0,City of Boise,R-3,Boise Multifamily,Multifamily Residential,High,Vacant Land,Boise,High Density,High-Density Residential (planned),supports multifamily,2.604,0.333,166,1.24,1,43.570223,-116.185236,83.0,LOT 1 BLK 1 EXC R/W TOMLINSON SUB
S0929244200,4747 E WARM SPRINGS AVE,3N 3E 29,6.4692,6.48,29200,City of Boise,A-1,Boise Open Land/Airport-Ag,Agricultural / Rural,Low,Vacant Land,Boise,Public/Quasi-Public,Public / Quasi-Public,institutional,2.351,0.603,16,67.92,3,43.570257,-116.125611,80.2,E2E2NW4 S OF HWY 21 & NW OF ECKERT RD SEC 29 3N 3E #S0929211100 R
S0929212400,4775 E ARROW JUNCTION DR,3N 3E 29,58.3938,62.93,346100,City of Boise,A-1,Boise Open Land/Airport-Ag,Agricultural / Rural,Low,Vacant Land,Boise,Public/Quasi-Public,Public / Quasi-Public,institutional,2.508,0.279,16,67.92,3,43.572807,-116.125311,79.9,E2E2NW4 EXC S OF HWY 21 & NW OF ECKERT RD E2E2SW4 N OF RIVER SEC 29 3N 3E #S0929
R3482170150,4800 E WARM SPRINGS AVE,HARRIS RANCH SUB NO 03,3.0589,3.062,0,City of Boise,R-1C,Boise Single-Family (compact),Single-Family Residential,Low,Vacant Land,Boise,Suburban,Suburban Residential,single-family oriented,2.54,0.258,16,67.92,3,43.571765,-116.121925,79.8,LOT 16 BLK 21 HARRIS RANCH SUB NO 03
S1618131250,10143 S FEDERAL WAY,2N 3E 18,6.7122,6.756,67600,Ada County,M2,County Manufacturing M2,Industrial / Business Park,Low,Vacant Land,Ada County,Rural,Rural (county),low-density / rural,2.186,0.542,17,56.93,7,43.510883,-116.141522,69.6,PAR #1250 OF SW4NE4 SEC 18  2N 3E #131000-B
S1618141900,S FEDERAL WAY,2N 3E 18,1.5159,1.56,0,Ada County,RP,County Rural Preservation/Foothills,Agricultural / Rural,Low,Vacant Land,Ada County,Rural,Rural (county),low-density / rural,2.281,0.597,17,56.93,7,43.50995,-116.138918,69.4,PAR #141900 OF SE4NE4 SEC 18 2N 3E #111000-S #96093853
S1618417250,S FEDERAL WAY,2N 3E 18,3.1133,3.024,30200,Ada County,RP,County Rural Preservation/Foothills,Agricultural / Rural,Low,Vacant Land,Ada County,Rural,Rural (county),low-density / rural,2.372,0.698,17,56.93,7,43.508604,-116.138819,69.2,PAR #417250 OF NE4SE4 SEC 18 2N 3E #411000-B
S1618427810,10206 S FEDERAL WAY,2N 3E 18,5.7602,5.795,,Ada County,M2,County Manufacturing M2,Industrial / Business Park,Low,Vacant Land,Ada County,Rural,Rural (county),low-density / rural,2.352,0.754,17,56.93,7,43.508643,-116.140156,69.2,PAR #7810 OF NW4SE4 SEC 18 2N 3E #427800-S
S1618427900,S FEDERAL WAY,2N 3E 18,4.0838,4.08,0,Ada County,RP,County Rural Preservation/Foothills,Agricultural / Rural,Low,Vacant Land,Ada County,Rural,Rural (county),low-density / rural,2.482,0.539,17,56.93,7,43.506794,-116.139734,69.0,PAR #7900 OF NW4SE4 SEC 18 2N 33 #310001-S #96093853
S1618417300,S FEDERAL WAY,2N 3E 18,28.3025,28.449,0,Ada County,RP,County Rural Preservation/Foothills,Agricultural / Rural,Low,Vacant Land,Ada County,Rural,Rural (county),low-density / rural,2.521,0.335,17,56.93,7,43.506514,-116.138016,68.9,PAR #417300 OF E32SE4 SEC 18 2N 3E #411000-S #96093853
S0919448585,3453 E PARKCENTER BLVD,3N 3E 19,11.4687,11.48,8501200,City of Boise,SP-02,Specific Plan SP-02,Planned / Overlay,Unknown,Vacant Land,Boise,High Density,High-Density Residential (planned),supports multifamily,2.41,0.689,51,11.47,1,43.575891,-116.141415,68.7,PAR #8585 POR SW4SE4 SEC 19 & OF GOV LOT 9 & ADJ ACRETED LANDS SEC 30 3N 3E #448
S1619110100,S HOLCOMB RD,2N 3E 19,7.4466,7.473,,Ada County,RP,County Rural Preservation/Foothills,Agricultural / Rural,Low,Vacant Land,Ada County,Rural,Rural (county),low-density / rural,2.95,0.55,17,56.93,7,43.500713,-116.134869,68.0,PAR #0100 OF NE4NE4 SEC 19 2N 3E #110000-B
S1606223219,2500 E RED CEDAR LN,2N 3E 06,17.1425,17.136,5971600,City of Boise,R-2,Two-Family / Low-Density,Two-Family / Low-Density Residential,Medium,Vacant Land,Boise,Compact,Compact / walkable neighborhood,supports attached/medium,0.105,0.529,42,17.14,1,43.543253,-116.151327,63.9,PAR #3219 OF NW4NW4 SEC 6 2N 3E #223218-S #223213-C #96018820
R1719910020,4247 E BRIGHTSIDE ST,DALLAS HARRIS SOUTH SUB NO 02,6.0105,6.017,3494400,City of Boise,SP-01,Specific Plan SP-01,Planned / Overlay,Unknown,Vacant Land,Boise,Mixed Use,Mixed Use,supports multifamily,2.213,0.547,81,6.01,1,43.570439,-116.131579,63.6,LOT 01 BLK 02 DALLAS HARRIS SOUTH SUB NO 02
S0929223405,E PARKCENTER BLVD,3N 3E 29,3.0509,3.055,1863100,City of Boise,SP-01,Specific Plan SP-01,Planned / Overlay,Unknown,Vacant Land,Boise,Mixed Use,Mixed Use,supports multifamily,2.342,0.663,79,6.16,2,43.57288,-116.132719,63.5,PAR #3405 POR NW4NW4 SEC 29 3N 3E #223390-S
S0929223100,3003 S BARNSIDE WAY,3N 3E 29,3.1062,3.109,1896000,City of Boise,SP-01,Specific Plan SP-01,Planned / Overlay,Unknown,Vacant Land,Boise,High Density,High-Density Residential (planned),supports multifamily,2.476,0.667,79,6.16,2,43.574624,-116.131547,63.2,PAR #3100 OF NW4NW4 SEC 29 & OF SW4SW4 SEC 20 3N 3E #336210-S
S0929223395,4055 E PARKCENTER BLVD,3N 3E 29,3.0484,3.049,1859400,City of Boise,SP-01,Specific Plan SP-01,Planned / Overlay,Unknown,Vacant Land,Boise,Mixed Use,Mixed Use,supports multifamily,2.356,0.659,82,5.87,3,43.573375,-116.133672,63.2,PAR#3395 POR NW4 SEC 29 3N3E & POR GOV LOT 09 SEC 30 3N 3E #223390-S
S0929223150,S OLD HICKORY WAY,3N 3E 29,1.0004,1.001,610500,City of Boise,SP-01,Specific Plan SP-01,Planned / Overlay,Unknown,Vacant Land,Boise,High Density,High-Density Residential (planned),supports multifamily,2.438,0.745,82,5.87,3,43.574442,-116.132932,63.0,PAR #6235 POR NW4NW4 SEC 29 3N 3E & POR SW4SW4 SEC 20 3N 3E #336227-B
S0920336227,3122 S OLD HICKORY WAY,3N 3E 20,1.8186,1.82,1109900,City of Boise,SP-01,Specific Plan SP-01,Planned / Overlay,Unknown,Vacant Land,Boise,High Density,High-Density Residential (planned),supports multifamily,2.488,0.759,82,5.87,3,43.575106,-116.132513,62.9,PAR #6227 POR SW4SW4 SEC 20 3N 3E & POR NW4NW4 SEC 29 3N 3E #336227-S
S1607223301,7983 S FEDERAL WAY,2N 3E 07,5.4293,5.433,,City of Boise,MX-2,Boise Mixed-Use Community,Mixed Use,High,Vacant Land,Boise,Industrial,Industrial,non-residential,0.84,0.72,49,12.6,3,43.529589,-116.15182,62.9,PAR #3301 POR OF GOV LOT 01 SEC 07 2N 3E #223300-B
S1607223575,8005 S FEDERAL WAY,2N 3E 07,2.3949,2.35,1228400,City of Boise,MX-2,Boise Mixed-Use Community,Mixed Use,High,Vacant Land,Boise,Industrial,Industrial,non-residential,0.914,0.604,49,12.6,3,43.528502,-116.15133,62.8,PAR #3575 OF NW4NW4 SEC 7 2N 3E #8922797-98 8926137
S1607223595,8837 S FEDERAL WAY,2N 3E 07,4.7806,4.75,2482900,City of Boise,MX-2,Boise Mixed-Use Community,Mixed Use,High,Vacant Land,Boise,Industrial,Industrial,non-residential,0.97,0.735,49,12.6,3,43.527692,-116.15096,62.7,PAR #3595 OF LOTS 1 & 2 W OF HWY #30 SEC 7 2N 3E #223740 R #8926137 8922797 98
S1013244540,2310 E WARM SPRINGS AVE,3N 2E 13,1.8822,1.866,569000,City of Boise,MX-1,Boise Mixed-Use Neighborhood,Mixed Use,High,Vacant Land,Boise,Compact,Compact / walkable neighborhood,supports attached/medium,3.961,0.681,141,1.88,1,43.598349,-116.163661,61.0,PAR #4540 @ E SIDE SE4NW4 SEC 13 3N 2E PARCEL A R/S 9823 #244532B
R2322810012,2900 E HEARTLEAF LN,ELEVATION RIDGE SUB,2.7196,2.724,0,City of Boise,R-2,Two-Family / Low-Density,Two-Family / Low-Density Residential,Medium,Vacant Land,Boise,Compact,Compact / walkable neighborhood,supports attached/medium,0.218,0.16,45,14.08,3,43.541596,-116.146854,60.6,PAR #0012 E'LY POR LOT 1 BLK 1 ELEVATION RIDGE SUB #0010-S
R0805500010,3655 S MILLBROOK WAY,BARBER JUNCTION SUB,2.4465,2.452,1495300,City of Boise,SP-01,Specific Plan SP-01,Planned / Overlay,Unknown,Vacant Land,Boise,Mixed Use,Mixed Use,supports multifamily,2.12,0.743,123,2.45,1,43.568714,-116.131051,60.2,LOT 01 BLK 01 BARBER JUNCTION SUB
R3219920100,6880 S EISENMAN RD,GOWEN BUSINESS PARK SUB NO 02,2.1749,2.172,615000,City of Boise,MX-2,Boise Mixed-Use Community,Mixed Use,High,Vacant Land,Boise,Commercial,Commercial,non-residential (MF only if mixed),0.613,0.751,68,7.01,2,43.540539,-116.163325,57.8,PAR #0100 OF LOT 1 BLK 1 GOWEN BUSINESS PARK SUB NO 02 PARCEL C ROS 13965 #0050-
R3219920066,6650 S EISENMAN RD,GOWEN BUSINESS PARK SUB NO 02,4.8386,4.83,,City of Boise,MX-2,Boise Mixed-Use Community,Mixed Use,High,Vacant Land,Boise,Commercial,Commercial,non-residential (MF only if mixed),0.638,0.616,68,7.01,2,43.54146,-116.163929,57.7,PAR #0066 POR LOT 01 BLK 01 GOWEN BUSINESS PARK SUB NO 2 & POR GOV LOT 03 & POR 
S1035141920,201 E AMITY RD,3N 2E 35,10.1714,10.158,406300,City of Boise,I-2,Boise Industrial (general),Industrial / Business Park,Low,Vacant Land,Boise,Industrial,Industrial,non-residential,1.577,0.72,18,43.53,7,43.556128,-116.175648,57.4,PAR #1920 @ N SIDE SE4NE4 SEC 35 3N 2E PARCEL B R/S 8025 #141855-B
S1035141950,S APPLE ST,3N 2E 35,8.5041,8.572,342900,City of Boise,I-2,Boise Industrial (general),Industrial / Business Park,Low,Vacant Land,Boise,Industrial,Industrial,non-residential,1.661,0.714,18,43.53,7,43.556365,-116.177509,57.2,PAR #1950 @ NW COR SE4NE4 SEC 35 3N 2E PARCEL A R/S 7632 #141855-S
S1035110225,657 E AMITY RD,3N 2E 35,2.7528,2.78,847700,City of Boise,I-1,Boise Industrial (light),Industrial / Business Park,Low,Vacant Land,Boise,Industrial,Industrial,non-residential,1.695,0.476,18,43.53,7,43.559145,-116.175037,57.1,PAR #0225 OF NE4NE4 SEC 35 3N 2E #110150 B
S1035110250,629 E AMITY RD,3N 2E 35,2.7413,2.78,847700,City of Boise,I-1,Boise Industrial (light),Industrial / Business Park,Low,Vacant Land,Boise,Industrial,Industrial,non-residential,1.716,0.474,18,43.53,7,43.559116,-116.175661,57.1,PAR #0250 OF NE4NE4 SEC 35 3N 2E
S1035110400,443 E AMITY RD,3N 2E 35,9.5037,9.7,388000,City of Boise,I-2,Boise Industrial (general),Industrial / Business Park,Low,Vacant Land,Boise,Industrial,Industrial,non-residential,1.713,0.786,18,43.53,7,43.557827,-116.17721,57.1,PAR #0400 OF NE4NE4 SEC 35 3N 2E #98001217
S1035131200,E AMITY RD,3N 2E 35,3.276,3.28,0,City of Boise,I-2,Boise Industrial (general),Industrial / Business Park,Low,Vacant Land,Boise,Industrial,Industrial,non-residential,1.718,0.539,18,43.53,7,43.556364,-116.17895,57.1,PAR #1200 OF SW4NE4 SEC 35 3N 2E
S1035110305,505 E AMITY RD,3N 2E 35,6.5848,6.6,1725000,City of Boise,I-2,Boise Industrial (general),Industrial / Business Park,Low,Vacant Land,Boise,Industrial,Industrial,non-residential,1.82,0.638,18,43.53,7,43.559831,-116.177599,56.9,PAR #0305 OF NE4NE4 SEC 35 3N 2E #110300-B #98001217
S1028110110,W SUNRISE RIM RD,3N 2E 28,1.6782,1.68,,City of Boise,R-3,Boise Multifamily,Multifamily Residential,High,Vacant Land,Boise,Commercial,Commercial,non-residential (MF only if mixed),3.93,0.363,56,10.49,3,43.574723,-116.215138,54.6,PAR#0110 OF NEW YORK CANAL NE4 SEC 28 3N 2E
R3936960200,7050 S EISENMAN RD,ICE WORLD SUB,3.2937,3.301,862800,City of Boise,MX-2,Boise Mixed-Use Community,Mixed Use,High,Vacant Land,Boise,Commercial,Commercial,non-residential (MF only if mixed),0.592,0.753,104,3.29,1,43.536962,-116.161015,54.1,LOT 02  BLK 01 ICE WORLD SUB
R2929910032,2149 E HOSPITALITY LN,FREEWAY SUB,2.1731,2.18,,City of Boise,MX-2,Boise Mixed-Use Community,Mixed Use,High,Vacant Land,Boise,Commercial,Commercial,non-residential (MF only if mixed),0.335,0.463,129,2.17,1,43.539046,-116.156775,53.5,PAR #0032 OF LOTS 2-3 BLK 1 FREEWAY SUB PARCEL O ROS 15353 #0027-C #0035-C
S1514141800,S EISENMAN RD,2N 2E 14,40.2482,40,0,Ada County,RP,County Rural Preservation/Foothills,Agricultural / Rural,Low,Vacant Land,Ada County,Rural,Rural (county),low-density / rural,2.439,0.785,19,40.25,1,43.511436,-116.176163,52.4,PAR #1800 SE4NE4 SEC 14 2N 2E #110000-B
R3219900065,6400 S EISENMAN RD,GOWEN BUSINESS PARK SUB NO 01,1.3371,1.34,0,City of Boise,MX-2,Boise Mixed-Use Community,Mixed Use,High,Vacant Land,Boise,Commercial,Commercial,non-residential (MF only if mixed),0.711,0.659,160,1.34,1,43.544396,-116.164915,51.9,LOT 12 BLK 1 GOWEN BUSINESS PARK SUB NO 01
S1027233830,2421 W AIRPORT WAY,3N 2E 27,1.856,2.26,0,City of Boise,MX-2,Boise Mixed-Use Community,Mixed Use,High,Vacant Land,Boise,Commercial,Commercial,non-residential (MF only if mixed),3.572,0.787,67,7.07,3,43.569242,-116.211609,51.9,PAR #3830 OF SW4NW4 SEC 27 3N 2E SL 24864-B #233800-S #8674450 53 8339203 05
S1027233850,3700 S VISTA AVE,3N 2E 27,3.1074,3.11,0,City of Boise,MX-2,Boise Mixed-Use Community,Mixed Use,High,Vacant Land,Boise,Commercial,Commercial,non-residential (MF only if mixed),3.565,0.65,67,7.07,3,43.56844,-116.212121,51.9,PAR #3850 OF SW4NW4 SEC 27 3N 2E SL 24864-D #233800-S #8674450 53 8339203 05
S1027233840,2561 W AIRPORT WAY,3N 2E 27,2.1061,2.96,0,City of Boise,MX-2,Boise Mixed-Use Community,Mixed Use,High,Vacant Land,Boise,Commercial,Commercial,non-residential (MF only if mixed),3.615,0.743,67,7.07,3,43.569071,-116.21275,51.8,PAR #3840 OF SW4NW4 SEC 27 3N 2E SL 24864-C #233800-S #8674450 53 8339203 05
R9322560100,3530 W ELDER ST,WESTMONT HOTELS SUB,3.1289,3.131,,City of Boise,MX-1,Boise Mixed-Use Neighborhood,Mixed Use,High,Vacant Land,Boise,Office,Office,non-residential (MF only if mixed),4.361,0.594,63,8.28,3,43.57393,-116.226101,51.6,LOT 01 BLK 01 WESTMONT HOTELS SUB
R9322560200,3635 W ELDER ST,WESTMONT HOTELS SUB,3.4693,3.474,,City of Boise,MX-1,Boise Mixed-Use Neighborhood,Mixed Use,High,Vacant Land,Boise,Office,Office,non-residential (MF only if mixed),4.35,0.561,63,8.28,3,43.572882,-116.226689,51.6,LOT 01 BLK 02 WESTMONT HOTELS SUB
R9322560300,3699 W ELDER ST,WESTMONT HOTELS SUB,1.6778,1.679,,City of Boise,MX-1,Boise Mixed-Use Neighborhood,Mixed Use,High,Vacant Land,Boise,Office,Office,non-residential (MF only if mixed),4.467,0.295,63,8.28,3,43.572468,-116.229676,51.3,LOT 02 BLK 02 WESTMONT HOTELS SUB
R6907010160,300 E PARKCENTER BLVD,PARKCENTER SUB NO 01,6.3541,5.912,4682000,City of Boise,MX-3,Boise Mixed-Use Regional,Mixed Use,High,Vacant Land,Boise,Office,Office,non-residential (MF only if mixed),4.189,0.735,77,6.35,1,43.598991,-116.178691,50.0,PAR #0160 OF LOT 8 BLK 1 PARKCENTER SUB NO 01
S0920211000,E BARBER RD,3N 3E 20,39.4312,40,188000,City of Boise,A-1,Boise Open Land/Airport-Ag,Agricultural / Rural,Low,Vacant Land,Boise,Public/Quasi-Public,Public / Quasi-Public,institutional,3.375,0.507,22,39.43,1,43.586869,-116.125431,49.7,E2E2NW4 SEC 20 3N 3E
R5336000010,1225 S FEDERAL WAY,LOVELAND SUB,3.4811,3.496,0,City of Boise,A-1,Boise Open Land/Airport-Ag,Agricultural / Rural,Low,Vacant Land,Boise,Mixed Use,Mixed Use,supports multifamily,4.408,0.295,76,6.42,3,43.59137,-116.206521,49.6,PAR #0010 OF TRACT A LOVELAND SUB & POR LOT 03 UPLAND PARK SUB ADJ NL'Y R/S 2481
R3638510025,1225 S FEDERAL WAY,HILLCREST SUB AMD,1.173,1.191,0,City of Boise,A-1,Boise Open Land/Airport-Ag,Agricultural / Rural,Low,Vacant Land,Boise,Mixed Use,Mixed Use,supports multifamily,4.454,0.715,76,6.42,3,43.592728,-116.205615,49.5,PAR #0025 OF TR 02 HILLCREST SUB AMD & LOTS 19 & 20 & 27 & 28 BLK 19 HILLCREST S
R7476730410,3140 S ABIGAIL WAY,RIVERWALK SUB NO 02,1.819,1.821,0,City of Boise,R-1C,Boise Single-Family (compact),Single-Family Residential,Low,Vacant Land,Boise,Mixed Use,Mixed Use,supports multifamily,2.178,0.161,145,1.82,1,43.573241,-116.15242,49.5,LOT 04 BLK 06 RIVERWALK SUB NO 02
R8843000302,1225 S FEDERAL WAY,UPLAND PARK,1.7699,1.772,0,City of Boise,A-1,Boise Open Land/Airport-Ag,Agricultural / Rural,Low,Vacant Land,Boise,Mixed Use,Mixed Use,supports multifamily,4.475,0.364,76,6.42,3,43.592743,-116.206292,49.5,PAR #0302 @ SE COR BLK 03 UPLAND PARK  RS7772 #0300-B
R7475320350,6060 E GRAND PRAIRIE DR,RIVERHEIGHTS SUB NO 01,1.4456,1.447,0,City of Boise,SP-02,Specific Plan SP-02,Planned / Overlay,Unknown,Vacant Land,Boise,Suburban,Suburban Residential,single-family oriented,2.731,0.285,29,27.84,3,43.565782,-116.107927,49.4,LOT 01  BLK 04 RIVERHEIGHTS SUB #1
R7475330140,E PENS EDGE ST,RIVERHEIGHTS SUB NO 02,1.0636,1.063,0,City of Boise,SP-02,Specific Plan SP-02,Planned / Overlay,Unknown,Vacant Land,Boise,Suburban,Suburban Residential,single-family oriented,2.75,0.224,29,27.84,3,43.567263,-116.109054,49.3,LOT 16 BLK 4 RIVERHEIGHTS SUB #2
S1021449110,W HILLCREST LN,3N 2E 21,2.7976,2.8,,City of Boise,R-2,Two-Family / Low-Density,Two-Family / Low-Density Residential,Medium,Vacant Land,Boise,Compact,Compact / walkable neighborhood,supports attached/medium,4.083,0.367,56,10.49,3,43.575883,-116.217743,49.3,PAR#9110 OF NEW YORK CANAL POR OF SE4SE4 SEC 21 3N 2E & POR OF HOME ACRES SUB #1
S0928333120,E WARM SPRINGS AVE,3N 3E 28,1.6504,1.654,0,Ada County,RP,County Rural Preservation/Foothills,Agricultural / Rural,Low,Vacant Land,Boise,Large Lot/Rural,Large Lot / Rural,low-density / rural,2.333,0.746,23,36.85,3,43.561527,-116.113462,49.2,PAR #3120 OF SW4 SEC 28 3N 3E #333101-S
S0928336350,E WARM SPRINGS AVE,3N 3E 28,7.1943,7.201,0,Ada County,M2,County Manufacturing M2,Industrial / Business Park,Low,Vacant Land,Boise,Large Lot/Rural,Large Lot / Rural,low-density / rural,2.462,0.559,23,36.85,3,43.56223,-116.110984,48.9,PAR #6350 OF SW4SW4 SEC 28 3N 3E #336320-B
S1021438510,W HILLCREST LN,3N 2E 21,6.018,6.02,,City of Boise,R-2,Two-Family / Low-Density,Two-Family / Low-Density Residential,Medium,Vacant Land,Boise,Compact,Compact / walkable neighborhood,supports attached/medium,4.313,0.253,56,10.49,3,43.577284,-116.222003,48.9,PAR#8510 OF NEW YORK CANAL POR OF SW4SE4 SEC 21 3N 2E & POR OF HOME ADD NO 01
S0928333150,E WARM SPRINGS AVE,3N 3E 28,28.0102,28.036,0,Ada County,M2,County Manufacturing M2,Industrial / Business Park,Low,Vacant Land,Boise,Large Lot/Rural,Large Lot / Rural,low-density / rural,2.514,0.337,23,36.85,3,43.561516,-116.109067,48.8,PAR #3150 OF SW4SW4 SEC 28 3N 3E #333101-B
S1622212500,E BLACKS CREEK RD,2N 3E 22,29.9863,30,39000,Ada County,RP,County Rural Preservation/Foothills,Agricultural / Rural,Low,Vacant Land,Ada County,Rural,Rural (county),low-density / rural,4.273,0.769,20,39.99,2,43.500372,-116.087797,48.4,W2E2NE4NW4 W2NE4NW4 SEC 22 2N 3E #120000-S
S1622212400,E BLACKS CREEK RD,2N 3E 22,10.0042,10,13000,Ada County,RP,County Rural Preservation/Foothills,Agricultural / Rural,Low,Vacant Land,Ada County,Rural,Rural (county),low-density / rural,4.366,0.502,20,39.99,2,43.500368,-116.085313,48.3,E2E2NE4NW4 SEC 22  2N 3E #120000-S
S0926325400,E HIGHLAND VALLEY RD,3N 3E 26,39.777,40,0,Ada County,RP,County Rural Preservation/Foothills,Agricultural / Rural,Low,Vacant Land,Ada County,Rural,Rural (county),low-density / rural,4.279,0.785,21,39.78,1,43.565551,-116.072315,48.2,NW4SW4 SEC 26 3N 3E
R7198560010,1001 E INSIGNIA DR,PROMONTORY RIDGE SUB,1.3282,1.328,0,City of Boise,R-2,Two-Family / Low-Density,Two-Family / Low-Density Residential,Medium,Vacant Land,Boise,Compact,Compact / walkable neighborhood,supports attached/medium,1.757,0.163,96,4.23,3,43.562619,-116.171209,47.7,LOT 01 BLK 01 PROMONTORY RIDGE SUB
R8184740900,1915 W AIRPORT WAY,STOUT SUB AMD,2.0892,2.086,1272100,City of Boise,MX-2,Boise Mixed-Use Community,Mixed Use,High,Vacant Land,Boise,Commercial,Commercial,non-residential (MF only if mixed),3.209,0.806,131,2.09,1,43.567083,-116.204892,47.7,LOT 01 BLK 03 STOUT SUB REPLAT
R7198560440,951 E RUBICON DR,PROMONTORY RIDGE SUB,1.8361,1.869,0,City of Boise,R-2,Two-Family / Low-Density,Two-Family / Low-Density Residential,Medium,Vacant Land,Boise,Compact,Compact / walkable neighborhood,supports attached/medium,1.829,0.584,96,4.23,3,43.56355,-116.171899,47.6,LOT 44 BLK 01 PROMONTORY RIDGE SUB
R6907010090,198 W PARKCENTER BLVD,PARKCENTER SUB NO 01,1.1742,1.18,0,City of Boise,MX-3,Boise Mixed-Use Regional,Mixed Use,High,Vacant Land,Boise,Office,Office,non-residential (MF only if mixed),4.272,0.677,97,4.01,2,43.599044,-116.183223,47.5,LOT 7 BLK 1 PARKCENTER SUB NO 01
R6907010050,292 W PARKCENTER BLVD,PARKCENTER SUB NO 01,2.8378,2.47,0,City of Boise,MX-3,Boise Mixed-Use Regional,Mixed Use,High,Vacant Land,Boise,Office,Office,non-residential (MF only if mixed),4.31,0.678,97,4.01,2,43.599225,-116.184609,47.4,LOT 5 BLK 1 PARKCENTER SUB NO 01
S1027141831,1085 W WRIGHT ST,3N 2E 27,1.1312,1.15,500900,City of Boise,MX-2,Boise Mixed-Use Community,Mixed Use,High,Vacant Land,Boise,Commercial,Commercial,non-residential (MF only if mixed),2.979,0.625,174,1.13,1,43.571264,-116.194542,47.2,PAR #1831 POR SE4NE4 SEC 27 3N 2E PAR B ROS 10424 #141900-B #141830-S
R7024760010,1850 W AIRPORT WAY,PETROL SUB,1.3737,1.37,1074200,City of Boise,MX-2,Boise Mixed-Use Community,Mixed Use,High,Vacant Land,Boise,Commercial,Commercial,non-residential (MF only if mixed),3.189,0.575,159,1.37,1,43.567668,-116.203871,47.0,LOT 1 BLK 1 PETROL SUB #95000273
R6907070090,449 E PARKCENTER BLVD,PARKCENTER SUB NO 03,1.7399,1.738,0,City of Boise,MX-1,Boise Mixed-Use Neighborhood,Mixed Use,High,Vacant Land,Boise,Office,Office,non-residential (MF only if mixed),3.85,0.696,150,1.74,1,43.593794,-116.178629,46.0,PAR#0090 OF S'LY POR LT 6 BL 4 PARKCENTER SUB NO 3 #0085-B
R7909020254,S HONEY LOCUST PL,SILVERADO RANCH SUB NO 03,2.5963,2.581,0,City of Boise,R-2,Two-Family / Low-Density,Two-Family / Low-Density Residential,Medium,Vacant Land,Boise,Suburban,Suburban Residential,single-family oriented,0.13,0.197,45,14.08,3,43.542704,-116.148971,45.8,PAR#0254 W'LY POR LOT 122 BLK 01 SILVERADO RANCH SUB NO 03 PARCEL 5 R/S 4293 #02
R2320000092,3177 W PASADENA DR,ELDER SUB,1.8238,1.833,1117800,City of Boise,MX-1,Boise Mixed-Use Neighborhood,Mixed Use,High,Vacant Land,Boise,Office,Office,non-residential (MF only if mixed),4.154,0.766,143,1.82,1,43.574827,-116.220471,45.5,PAR #0092 N'LY POR OF BLK 8 ELDER SUB PARCEL A R/S 4172 #0090-B
R2320000190,2807 W ELDER ST,ELDER SUB,1.3248,1.33,0,City of Boise,MX-3,Boise Mixed-Use Regional,Mixed Use,High,Vacant Land,Boise,Commercial,Commercial,non-residential (MF only if mixed),3.918,0.744,161,1.32,1,43.573033,-116.21644,45.5,BLK 18 EXC W 140 FT ELDER SUB
R6907010020,444 W PARKCENTER BLVD,PARKCENTER SUB NO 01,1.9989,2.01,1704800,City of Boise,MX-3,Boise Mixed-Use Regional,Mixed Use,High,Vacant Land,Boise,Office,Office,non-residential (MF only if mixed),4.369,0.405,136,2.0,1,43.599369,-116.187081,45.3,LOT 2 BLK 1 PARKCENTER SUB NO 01
S1015325410,2350 W KOOTENAI ST,3N 2E 15,6.7614,6.823,2229000,City of Boise,R-2,Two-Family / Low-Density,Two-Family / Low-Density Residential,Medium,Vacant Land,Boise,Compact,Compact / walkable neighborhood,supports attached/medium,4.729,0.298,71,6.76,1,43.595298,-116.210006,44.3,"PAR #5410 OF NW4SW4 SEC 15 3N 2E PAR 2  R/S #4667, R/S 4783 #5400-B #99069458"
S1026417510,4125 S FEDERAL WAY,3N 2E 26,2.3446,2.349,818600,City of Boise,I-2,Boise Industrial (general),Industrial / Business Park,Low,Vacant Land,Boise,Industrial,Industrial,non-residential,2.076,0.425,26,31.04,3,43.564838,-116.177689,43.9,PAR #7510 OF NE4SE4 SEC 26 3N 2E #417505-B #95020953-56-55-54
R5125680080,494 E LAKE RIM LN,LAKEWOOD UNIT NO 17,1.1615,1.16,0,City of Boise,R-2,Two-Family / Low-Density,Two-Family / Low-Density Residential,Medium,Vacant Land,Boise,Compact,Compact / walkable neighborhood,supports attached/medium,2.216,0.303,171,1.16,1,43.567365,-116.177805,43.7,LOT 8 BLK 1 LAKEWOOD UNIT NO 17 #8934564
S1026428005,4001 S FEDERAL WAY,3N 2E 26,11.056,11.069,0,City of Boise,I-1,Boise Industrial (light),Industrial / Business Park,Low,Vacant Land,Boise,Industrial,Industrial,non-residential,2.185,0.715,26,31.04,3,43.565609,-116.179813,43.7,PAR #8005 OF E2NW4SE4 SEC 26 3N 2E #428000 B
S1610233600,E COLUMBIA RD,2N 3E 10,14.9911,15,,Ada County,RP,County Rural Preservation/Foothills,Agricultural / Rural,Low,Vacant Land,Ada County,Rural,Rural (county),low-density / rural,3.167,0.296,25,32.95,2,43.525366,-116.092138,43.6,PAR #3600 POR SW4NW4 SEC 10 2N 3E PAR A ROS 15186 #234000-S
S1026427910,3904 S GEKELER LN,3N 2E 26,17.6418,18.69,0,City of Boise,I-1,Boise Industrial (light),Industrial / Business Park,Low,Vacant Land,Boise,Industrial,Industrial,non-residential,2.254,0.743,26,31.04,3,43.565422,-116.182152,43.5,PAR #7910 POR W2NW4SE4 SEC 26 3N 2E #427900-B 85-213 #9031602
S1610233700,E COLUMBIA RD,2N 3E 10,17.9547,17.96,,Ada County,RP,County Rural Preservation/Foothills,Agricultural / Rural,Low,Vacant Land,Ada County,Rural,Rural (county),low-density / rural,3.212,0.673,25,32.95,2,43.525701,-116.091011,43.5,PAR #3700 POR SW4NW4 SEC 10 2N 3E PAR B ROS 15186 #234000-B
S1032212403,5110 W GOWEN RD,3N 2E 32,35.4738,35.51,0,City of Boise,I-1,Boise Industrial (light),Industrial / Business Park,Low,Vacant Land,Boise,Industrial,Industrial,non-residential,4.908,0.763,24,35.47,1,43.558947,-116.246296,42.7,PAR #2403 S2NW4 SEC 32 3N 2E #212400-B
R5125560040,2931 S FALLING BROOK WAY,LAKEWOOD UNIT NO 07,1.11,1.111,0,City of Boise,R-2,Two-Family / Low-Density,Two-Family / Low-Density Residential,Medium,Vacant Land,Boise,Compact,Compact / walkable neighborhood,supports attached/medium,2.808,0.404,177,1.11,1,43.576026,-116.181281,42.5,LOT 17 BLK 8 LAKEWOOD UNIT NO 7
R5125550215,2750 S GEKELER LN,LAKEWOOD UNIT NO 06,1.1269,1.128,0,City of Boise,R-2,Two-Family / Low-Density,Two-Family / Low-Density Residential,Medium,Vacant Land,Boise,Compact,Compact / walkable neighborhood,supports attached/medium,2.92,0.493,176,1.13,1,43.577195,-116.182932,42.3,LOT 3 BLK 10 LAKEWOOD UNIT NO 6
R8226680010,5750 S SURPRISE WAY,SURPRISE VALLEY SUB NO 02,4.9647,4.966,0,City of Boise,R-1B,Boise Single-Family (medium lot),Single-Family Residential,Low,Vacant Land,Boise,Suburban,Suburban Residential,single-family oriented,1.988,0.263,28,28.61,6,43.551044,-116.11364,41.6,LOT 82 BLK 1 SURPRISE VALLEY SUB - PHASE 2 #97043328
R8226690140,S SCHOONER WAY,SURPRISE VALLEY SUB NO 03,3.5289,3.53,0,City of Boise,R-1B,Boise Single-Family (medium lot),Single-Family Residential,Low,Vacant Land,Boise,Suburban,Suburban Residential,single-family oriented,2.028,0.692,28,28.61,6,43.550666,-116.112625,41.6,LOT 111 BLK 1 SURPRISE VALLEY SUB - PHASE 3 #97102617
R5983350330,2691 E EASTDALE DR,NATIVA TERRA SUB,1.905,1.905,0,City of Boise,A-1,Boise Open Land/Airport-Ag,Agricultural / Rural,Low,Vacant Land,Boise,Buildable,Buildable (future growth),"development-ready, use TBD",4.404,0.229,30,25.2,8,43.605382,-116.155907,41.4,LOT 01 BLK 05 NATIVA TERRA SUB
R5983350415,192 N CASTELLO PL,NATIVA TERRA SUB,1.2381,1.24,5800,City of Boise,A-1,Boise Open Land/Airport-Ag,Agricultural / Rural,Low,Vacant Land,Boise,Buildable,Buildable (future growth),"development-ready, use TBD",4.424,0.811,30,25.2,8,43.605761,-116.152438,41.4,PAR #0415 OF LOT 03 BLK 06 NATIVA TERRA SUB & POR ADJ SEC 7 3N 3E PARCEL A R/S 6
R5983350430,118 N CASTELLO PL,NATIVA TERRA SUB,1.0433,1.047,698500,City of Boise,A-1,Boise Open Land/Airport-Ag,Agricultural / Rural,Low,Vacant Land,Boise,Buildable,Buildable (future growth),"development-ready, use TBD",4.397,0.727,30,25.2,8,43.605374,-116.152118,41.4,LOT 05 BLK 06 NATIVA TERRA SUB
R5983350480,233 N CASTELLO PL,NATIVA TERRA SUB,4.8479,4.849,0,City of Boise,A-1,Boise Open Land/Airport-Ag,Agricultural / Rural,Low,Vacant Land,Boise,Buildable,Buildable (future growth),"development-ready, use TBD",4.399,0.588,30,25.2,8,43.605385,-116.153573,41.4,LOT 10 BLK 06 NATIVA TERRA SUB
R8226700015,S SURPRISE WAY,SURPRISE VALLEY SUB NO 04,13.1742,13.19,0,City of Boise,A-1,Boise Open Land/Airport-Ag,Agricultural / Rural,Low,Vacant Land,Boise,Suburban,Suburban Residential,single-family oriented,2.12,0.469,28,28.61,6,43.549227,-116.110148,41.4,PAR #0015 OF LOT 112 BLK 1 SURPRISE VALLEY SUB NO 4 PAR C   R/S #4160 #0010-B #9
R1005710140,E CHESTER LN,BOARDWALK TOWNHOUSES,1.0054,1.01,0,City of Boise,R-2,Two-Family / Low-Density,Two-Family / Low-Density Residential,Medium,Vacant Land,Boise,Compact,Compact / walkable neighborhood,supports attached/medium,3.361,0.235,190,1.01,1,43.586501,-116.177455,41.3,LOT 14 BLK 1 BOARDWALK TOWNHOUSES #9389954 #9386572
R1160210100,258 N BURGUNDY ROSE LN,BURGUNDY VIEW SUB,1.0424,1.043,1070700,City of Boise,A-1,Boise Open Land/Airport-Ag,Agricultural / Rural,Low,Vacant Land,Boise,Buildable,Buildable (future growth),"development-ready, use TBD",4.452,0.623,30,25.2,8,43.606061,-116.156303,41.3,LOT 01 BLK 01 BURGUNDY VIEW SUB
R8226720010,6191 S SURPRISE WAY,SURPRISE VALLEY SUB NO 06,1.6091,1.61,0,City of Boise,R-1B,Boise Single-Family (medium lot),Single-Family Residential,Low,Vacant Land,Boise,Suburban,Suburban Residential,single-family oriented,2.168,0.163,28,28.61,6,43.54528,-116.108192,41.3,LOT 128 BLK 2 SURPRISE VALLEY SUB - PHASE 6 #99090600
R8226710020,6075 S SCHOONER PL,SURPRISE VALLEY SUB NO 05,1.6515,1.655,0,City of Boise,R-1B,Boise Single-Family (medium lot),Single-Family Residential,Low,Vacant Land,Boise,Suburban,Suburban Residential,single-family oriented,2.202,0.178,28,28.61,6,43.546566,-116.107738,41.2,LOT 138 BLK 01 SURPRISE VALLEY SUB PHASE 5 #99090601
R5983350100,2511 E EASTDALE DR,NATIVA TERRA SUB,4.1367,4.141,0,City of Boise,A-1,Boise Open Land/Airport-Ag,Agricultural / Rural,Low,Vacant Land,Boise,Buildable,Buildable (future growth),"development-ready, use TBD",4.535,0.292,30,25.2,8,43.607205,-116.157633,41.1,LOT 09 BLK 02 NATIVA TERRA SUB
R5983360032,2700 E EASTDALE DR,NATIVA TERRA SUB NO 02,8.0145,8.032,0,City of Boise,A-1,Boise Open Land/Airport-Ag,Agricultural / Rural,Low,Vacant Land,Boise,Buildable,Buildable (future growth),"development-ready, use TBD",4.533,0.21,30,25.2,8,43.607306,-116.154006,41.1,PAR#0032 OF WLY POR LT 17 BL 3 NATIVA TERRA SUB NO 02 PARCEL C R/S 6748 #0030-B
R5983390030,140 N ALTO VIA CT,NATIVA TERRA SUB NO 04,4.3981,4.402,20700,City of Boise,A-1,Boise Open Land/Airport-Ag,Agricultural / Rural,Low,Vacant Land,Boise,Buildable,Buildable (future growth),"development-ready, use TBD",4.354,0.741,31,24.69,6,43.604733,-116.148949,41.0,LOT 18 BLK 06 NATIVA TERRA SUB NO 04
R5983390040,143 N ALTO VIA CT,NATIVA TERRA SUB NO 04,1.1772,1.178,5500,City of Boise,A-1,Boise Open Land/Airport-Ag,Agricultural / Rural,Low,Vacant Land,Boise,Buildable,Buildable (future growth),"development-ready, use TBD",4.339,0.548,31,24.69,6,43.604525,-116.15024,41.0,LOT 19 BLK 06 NATIVA TERRA SUB NO 04
R8226710010,S SURPRISE WAY,SURPRISE VALLEY SUB NO 05,3.68,3.684,0,City of Boise,R-1B,Boise Single-Family (medium lot),Single-Family Residential,Low,Vacant Land,Boise,Suburban,Suburban Residential,single-family oriented,2.288,0.333,28,28.61,6,43.546875,-116.106071,41.0,LOT 137 BLK 01 SURPRISE VALLEY SUB PHASE 5 #99090601
R5983390028,186 N ALTO VIA CT,NATIVA TERRA SUB NO 04,1.0176,1.016,4800,City of Boise,A-1,Boise Open Land/Airport-Ag,Agricultural / Rural,Low,Vacant Land,Boise,Buildable,Buildable (future growth),"development-ready, use TBD",4.413,0.688,31,24.69,6,43.605585,-116.149092,40.9,PAR#0028 OF SLY POR LT 17 BL 6 NATIVA TERRA SUB NO 04 PARCEL D  R/S 9122 #0022-S
S0907346600,E TABLE ROCK RD,3N 3E 07,2.4939,2.5,484300,Ada County,RP,County Rural Preservation/Foothills,Agricultural / Rural,Low,Vacant Land,Boise,Buildable,Buildable (future growth),"development-ready, use TBD",4.408,0.753,31,24.69,6,43.605423,-116.145995,40.9,PAR #6600 NEAR SE COR SE4SW4 SEC 7 3N 3E PARCEL 2 R/S 5814 #314802-S
R5983390014,238 N ALTO VIA CT,NATIVA TERRA SUB NO 04,1.2072,1.208,5700,City of Boise,A-1,Boise Open Land/Airport-Ag,Agricultural / Rural,Low,Vacant Land,Boise,Buildable,Buildable (future growth),"development-ready, use TBD",4.498,0.595,31,24.69,6,43.606831,-116.149785,40.7,PAR #0014 OF LOT 16 BLK 6 NATIVA TERRA SUB NO 04 PARCEL A  R/S 9074 #0010-S
S0907346700,E TABLE ROCK RD,3N 3E 07,14.4002,14.43,72500,Ada County,RP,County Rural Preservation/Foothills,Agricultural / Rural,Low,Vacant Land,Boise,Buildable,Buildable (future growth),"development-ready, use TBD",4.478,0.23,31,24.69,6,43.60652,-116.148425,40.7,PAR #6700 POR SW4 SEC 07 3N 3E #314808-S
S1501141950,E GOWEN RD,2N 2E 01,2.8334,2.836,0,City of Boise,I-1,Boise Industrial (light),Industrial / Business Park,Low,Vacant Land,Boise,Commercial,Commercial,non-residential (MF only if mixed),0.31,0.631,32,24.33,2,43.541915,-116.157385,40.7,PAR #1950 POR NW4SE4NE4 SEC 01 2N 2E
S1501120610,6225 S FEDERAL WAY,2N 2E 01,21.5009,21.52,3280900,City of Boise,I-1,Boise Industrial (light),Industrial / Business Park,Low,Vacant Land,Boise,Industrial,Industrial,non-residential,0.501,0.519,32,24.33,2,43.544293,-116.16056,40.3,PAR #0610 OF GOV LOTS 1 & 2 SEC 1 2N 2E R/S 3355 #110400C #1210650C #121005C #10
S0928314810,6312 E GRAND PRAIRIE DR,3N 3E 28,25.3351,25.349,0,City of Boise,A-2,Boise Open Land/Ag,Agricultural / Rural,Low,Vacant Land,Boise,Large Lot/Rural,Large Lot / Rural,low-density / rural,2.807,0.63,29,27.84,3,43.565643,-116.105884,39.2,PAR #4810 @ NE COR E2SW4 SEC 28 3N 3E #314800-B
R1719470200,2750 S PALMATIER WAY,DALLAS HARRIS ESTATES SUB NO 07,1.6138,1.616,0,City of Boise,SP-01,Specific Plan SP-01,Planned / Overlay,Unknown,Vacant Land,Boise,Compact,Compact / walkable neighborhood,supports attached/medium,2.539,0.782,152,1.61,1,43.576621,-116.13529,38.5,LOT 1 BLK 21 DALLAS HARRIS ESTATES #7
S0920417550,5759 E BARBER DR,3N 3E 20,14.1545,14.17,0,City of Boise,SP-01,Specific Plan SP-01,Planned / Overlay,Unknown,Vacant Land,Boise,Suburban,Suburban Residential,single-family oriented,3.007,0.238,41,17.22,2,43.57812,-116.118238,38.2,PAR #7550 @ CTR SE4 IN TCA 01-104 SEC 20 3N 3E #417500-B
S0921336315,5759 E BARBER DR,3N 3E 21,3.0642,3.07,0,City of Boise,SP-01,Specific Plan SP-01,Planned / Overlay,Unknown,Vacant Land,Boise,Suburban,Suburban Residential,single-family oriented,3.164,0.313,41,17.22,2,43.578111,-116.112827,37.9,PAR #6300 POR W2SW4 IN TCA 01-6 SEC 21 3N 3E #336300-R
S1032141900,4553 W HARVARD ST,3N 2E 32,15.8792,18.4,0,City of Boise,I-1,Boise Industrial (light),Industrial / Business Park,Low,Vacant Land,Boise,Airport,Airport,airport — residential restricted,4.364,0.632,27,29.58,3,43.556305,-116.236002,37.9,SE4NE4 N OF GOWEN RD EXC RD SEC 32 3N 2E #140000_S #7755962
S1032110025,W HARVARD ST,3N 2E 32,8.1435,8.156,,City of Boise,I-1,Boise Industrial (light),Industrial / Business Park,Low,Vacant Land,Boise,Airport,Airport,airport — residential restricted,4.47,0.17,27,29.58,3,43.557017,-116.237941,37.6,PAR #0025 POR NE4 SEC 32 3N 2E
S1032131200,W GOWEN RD,3N 2E 32,5.5555,5.3,0,City of Boise,I-1,Boise Industrial (light),Industrial / Business Park,Low,Vacant Land,Boise,Airport,Airport,airport — residential restricted,4.553,0.474,27,29.58,3,43.556353,-116.239858,37.5,PAR #1200 OF SW4NE4 SEC 32 3N 2E
R1525640070,E LAKE FOREST DR,COLUMBIA VILLAGE NO 09,2.162,2.16,0,City of Boise,R-1C,Boise Single-Family (compact),Single-Family Residential,Low,Vacant Land,Boise,Suburban,Suburban Residential,single-family oriented,0.822,0.197,37,19.7,4,43.550058,-116.139467,35.1,LOT 163 BLK 4 COLUMBIA VILLAGE #9 #96027948
R7909030330,E GRAND FOREST DR,SILVERADO RANCH SUB NO 04,1.2131,1.213,0,City of Boise,R-1C,Boise Single-Family (compact),Single-Family Residential,Low,Vacant Land,Boise,Suburban,Suburban Residential,single-family oriented,0.82,0.402,37,19.7,4,43.546499,-116.1362,35.1,POR LOT 152 BLK 01 IN TCA 01-6 SILVERADO RANCH #4 SUB
R1525690400,3655 E LAKE FOREST DR,COLUMBIA VILLAGE NO 14,9.6527,9.66,0,City of Boise,R-1C,Boise Single-Family (compact),Single-Family Residential,Low,Vacant Land,Boise,Suburban,Suburban Residential,single-family oriented,0.848,0.26,37,19.7,4,43.548883,-116.137446,35.0,LOT 25 BLK 8 COLUMBIA VILLAGE #14 #97043801
S0931447200,4150 E GRAND FOREST DR,3N 3E 31,6.6737,6.725,0,City of Boise,R-1C,Boise Single-Family (compact),Single-Family Residential,Low,Vacant Land,Boise,School,School,institutional,0.929,0.513,37,19.7,4,43.547849,-116.134679,34.8,PAR #7200 OF SE4SE4 SEC 31 3N 3E #417893-S #96001591
S0929438572,E SAWMILL WAY,3N 3E 29,5.2627,5.262,0,City of Boise,R-1C,Boise Single-Family (compact),Single-Family Residential,Low,Vacant Land,Boise,Suburban,Suburban Residential,single-family oriented,2.084,0.499,33,21.41,4,43.562406,-116.120901,34.2,PAR #8572 POR GOVT LOT 2 SEC 29 3N 3E #438565-C #438590-C
S0929449100,5237 E SAWMILL WAY,3N 3E 29,5.0461,5,0,City of Boise,A-2,Boise Open Land/Ag,Agricultural / Rural,Low,Vacant Land,Boise,Large Lot/Rural,Large Lot / Rural,low-density / rural,2.207,0.773,33,21.41,4,43.562904,-116.11819,34.0,PAR #9100 OF S2SE4 SEC 29 3N 3E #S0929442200 R
S0929449200,E SAWMILL WAY,3N 3E 29,6.5105,6.56,0,City of Boise,A-2,Boise Open Land/Ag,Agricultural / Rural,Low,Vacant Land,Boise,Large Lot/Rural,Large Lot / Rural,low-density / rural,2.245,0.347,33,21.41,4,43.562645,-116.116879,33.9,PAR #9200 OF S2SE4 SEC 29 3N 3E #S0929431200 R
S0928336050,5657 E WARM SPRINGS AVE,3N 3E 28,4.5923,4.43,0,Ada County,M2,County Manufacturing M2,Industrial / Business Park,Low,Vacant Land,Boise,Public/Quasi-Public,Public / Quasi-Public,institutional,2.372,0.412,33,21.41,4,43.563562,-116.114631,33.7,PAR #6050 OF SEC 28 & 29 3N 3E ROS 2492 #332700-B
R3466000251,S EISENMAN RD,HARLAN SUB,1.8948,1.89,247000,Ada County,M3,County Manufacturing M3,Industrial / Business Park,Low,Vacant Land,Boise,Industrial,Industrial,non-residential,1.664,0.361,35,19.89,2,43.517694,-116.14906,33.6,LOTS 25-28 INC EXC INT 80N & LOTS 29-32 INC W OF INT 80N HARLAN SUB         R/S 
R1179380090,2286 E SUMMERSWEET DR,BUSINESS PARK SUB NO 04,4.8136,4.806,0,City of Boise,I-1,Boise Industrial (light),Industrial / Business Park,Low,Vacant Land,Boise,Industrial,Industrial,non-residential,0.489,0.171,40,17.4,2,43.54794,-116.15591,33.4,LOT 12 BLK 02 BUSINESS PARK SUB NO 04
R1179380105,2051 E YAMHILL RD,BUSINESS PARK SUB NO 04,12.582,12.534,4367800,City of Boise,I-1,Boise Industrial (light),Industrial / Business Park,Low,Vacant Land,Boise,Industrial,Industrial,non-residential,0.52,0.68,40,17.4,2,43.548631,-116.155375,33.4,LOTS 13-20 BLK 02 BUSINESS PARK SUB NO 04 #0100-C #0110-C #0120-C #0130-C #0140-
S1618223150,2649 E FREIGHT ST,2N 3E 18,17.9967,17.919,0,City of Boise,I-1,Boise Industrial (light),Industrial / Business Park,Low,Vacant Land,Boise,Industrial,Industrial,non-residential,1.906,0.564,35,19.89,2,43.514151,-116.150242,33.1,PAR #3150 OF GOVT LOTS 1 & 2 SEC 18 2N 3E #223100-B
R5983350010,2450 E EASTDALE DR,NATIVA TERRA SUB,2.9731,2.987,0,City of Boise,A-1,Boise Open Land/Airport-Ag,Agricultural / Rural,Low,Vacant Land,Boise,Suburban,Suburban Residential,single-family oriented,4.641,0.28,30,25.2,8,43.608557,-116.160609,32.9,LOT 01 BLK 01 NATIVA TERRA SUB
R7198560430,4250 S FEDERAL WAY,PROMONTORY RIDGE SUB,1.0631,1.063,138900,City of Boise,I-1,Boise Industrial (light),Industrial / Business Park,Low,Vacant Land,Boise,Compact,Compact / walkable neighborhood,supports attached/medium,1.88,0.592,96,4.23,3,43.563836,-116.173099,32.5,LOT 43 BLK 01 PROMONTORY RIDGE SUB
S1604336300,5800 E COLUMBIA RD,2N 3E 04,11.3304,11.347,0,Ada County,RUT,County Rural-Urban Transition,Agricultural / Rural,Low,Vacant Land,Boise,PC,Planned Community,master-plan (use TBD),2.084,0.44,52,11.33,1,43.532702,-116.111491,32.2,PAR #6300 @ CTR S POR SW4 SEC 4  2N 3E R/S 5671 EXC R/W #336100-B
S1618212442,9587 S FEDERAL WAY,2N 3E 18,14.0408,14.05,4284100,Ada County,M2,County Manufacturing M2,Industrial / Business Park,Low,Vacant Land,Boise,Industrial,Industrial,non-residential,1.937,0.603,38,18.84,3,43.514052,-116.145058,32.0,PAR #2442 OF NE4NW4 SEC 18 2N 3E #211000-B
S1618120900,S FEDERAL WAY,2N 3E 18,1.999,2,609800,Ada County,M2,County Manufacturing M2,Industrial / Business Park,Low,Vacant Land,Boise,Industrial,Industrial,non-residential,1.946,0.363,38,18.84,3,43.514052,-116.144066,31.9,PAR #0900 OF NW4NE4 SEC 18 2N 3E #121000-S #8923840
S1501417450,7090 S EISENMAN RD,2N 2E 01,3.3011,2.95,432100,City of Boise,I-1,Boise Industrial (light),Industrial / Business Park,Low,Vacant Land,Boise,Industrial,Industrial,non-residential,0.469,0.472,43,15.73,3,43.53718,-116.158128,31.8,PAR #7450 OF NE4SE4 SEC 1 2N 2E
S1501417500,7342 S EISENMAN RD,2N 2E 01,4.4699,4.14,1623000,City of Boise,I-1,Boise Industrial (light),Industrial / Business Park,Low,Vacant Land,Boise,Industrial,Industrial,non-residential,0.535,0.753,43,15.73,3,43.535557,-116.157637,31.7,PAR #7500 OF NE4SE4 SEC 1 2N 2E #94097203
S1618241150,S FEDERAL WAY,2N 3E 18,2.8006,2.803,854700,Ada County,M2,County Manufacturing M2,Industrial / Business Park,Low,Vacant Land,Boise,Industrial,Industrial,non-residential,2.081,0.393,38,18.84,3,43.511996,-116.144589,31.7,PAR #1150 OF SE4NW4 SEC 18 2N 3E
S1501449003,7368 S EISENMAN RD,2N 2E 01,7.9552,8.395,3291200,City of Boise,I-1,Boise Industrial (light),Industrial / Business Park,Low,Vacant Land,Boise,Industrial,Industrial,non-residential,0.604,0.759,43,15.73,3,43.534189,-116.157305,31.5,PAR #9003 OF SE4SE4 SEC 1 2N 2E #449010-S #96068785
R5121650080,E FOTHERGILL ST,LAHONTAN RIDGE SUB,1.0278,1.03,0,City of Boise,R-1C,Boise Single-Family (compact),Single-Family Residential,Low,Vacant Land,Boise,Suburban,Suburban Residential,single-family oriented,1.654,0.263,39,17.65,3,43.564905,-116.159483,31.3,LOT 08 BLK 01 LAHONTAN RIDGE SUB
S1025427910,S TABLERIDGE WAY,3N 2E 25,10.0951,10.13,,City of Boise,R-1C,Boise Single-Family (compact),Single-Family Residential,Low,Vacant Land,Boise,Suburban,Suburban Residential,single-family oriented,1.684,0.167,39,17.65,3,43.564818,-116.162007,31.3,PAR#7910 OF NEW YORK CANAL SEC 25 3N 2E
R7909990140,S REDHAWK PL,SILVERWOOD SUB NO 04,1.9549,1.957,0,City of Boise,R-2,Two-Family / Low-Density,Two-Family / Low-Density Residential,Medium,Vacant Land,Boise,Suburban,Suburban Residential,single-family oriented,1.545,0.437,138,1.95,1,43.563886,-116.155423,30.9,LOT 15 BLK 6 SILVERWOOD SUB #4 #97006047
S1025325450,S APPLE ST,3N 2E 25,6.5253,6.576,0,City of Boise,R-1C,Boise Single-Family (compact),Single-Family Residential,Low,Vacant Land,Boise,Suburban,Suburban Residential,single-family oriented,1.908,0.357,39,17.65,3,43.565222,-116.171218,30.8,PAR #5450 NW4SW4 CANAL R/W SEC 25 3N 2E BLK 464 PG 84 #325400-B
R7909020015,6400 S HONEYLOCUST PL,SILVERADO RANCH SUB NO 03,8.7641,8.778,0,City of Boise,R-1C,Boise Single-Family (compact),Single-Family Residential,Low,Vacant Land,Boise,Suburban,Suburban Residential,single-family oriented,0.266,0.71,45,14.08,3,43.543146,-116.146257,30.5,LOT 103 BLK 1 SILVERADO RANCH #03 SUB #0010-C #0020-C
S1025121000,E BOISE AVE,3N 2E 25,3.0354,3.039,0,City of Boise,R-1C,Boise Single-Family (compact),Single-Family Residential,Low,Vacant Land,Boise,Compact,Compact / walkable neighborhood,supports attached/medium,2.279,0.205,110,3.04,1,43.57412,-116.1598,30.5,PAR #100 POR RIDENBAUGH CANAL NW4NE4 SEC 25 3N 2E
R3719160500,2825 W MALAD ST,HOME ACRES SUB NO 16,5.7124,4.95,0,City of Boise,A-1,Boise Open Land/Airport-Ag,Agricultural / Rural,Low,Vacant Land,Boise,Compact,Compact / walkable neighborhood,supports attached/medium,4.144,0.556,83,5.71,1,43.57804,-116.217068,29.4,"S 2 OF LOT 11 & ALL OF LOTS 12,13 & 16-21 INC BLK 1 HOME ACRES SUB NO 16"
S0917311000,E HWY 21,3N 3E 17,19.8774,20,94000,Ada County,RP,County Rural Preservation/Foothills,Agricultural / Rural,Low,Vacant Land,Boise,Public/Quasi-Public,Public / Quasi-Public,institutional,3.862,0.701,36,19.88,1,43.594422,-116.125445,29.2,E2NE4SW4 SEC 17 3N 3E
S1611221110,STAGECOACH RD,2N 3E 11,5.1799,5.15,28800,Ada County,RP,County Rural Preservation/Foothills,Agricultural / Rural,Low,Vacant Land,Ada County,Rural,Rural (county),low-density / rural,3.986,0.764,34,19.94,5,43.531033,-116.072992,29.0,PAR #1110 OF NW4NW4 SEC 11 2N 3E #749169
R5125520210,3100 S SNOWFLAKE WAY,LAKEWOOD UNIT NO 03,2.679,2.681,0,City of Boise,R-1C,Boise Single-Family (compact),Single-Family Residential,Low,Vacant Land,Boise,Compact,Compact / walkable neighborhood,supports attached/medium,2.889,0.696,118,2.68,1,43.574427,-116.187181,28.9,BLK 3 LAKEWOOD UNIT NO 3
S1611221150,S STAGECOACH RD,2N 3E 11,2.0081,2.45,13700,Ada County,RP,County Rural Preservation/Foothills,Agricultural / Rural,Low,Vacant Land,Ada County,Rural,Rural (county),low-density / rural,4.015,0.546,34,19.94,5,43.530051,-116.072672,28.9,PAR #1150 OF NW4NW4 SEC 11 2N 3E   #8050843
S1611223200,STAGECOACH RD,2N 3E 11,8.7391,8.59,17600,Ada County,RP,County Rural Preservation/Foothills,Agricultural / Rural,Low,Vacant Land,Ada County,Rural,Rural (county),low-density / rural,4.036,0.388,34,19.94,5,43.528812,-116.072619,28.9,PAR #3200 OF NW4NW4 SEC 11 2N 3E #8557352
S1611221200,S STAGECOACH RD,2N 3E 11,2.006,2,10300,Ada County,RP,County Rural Preservation/Foothills,Agricultural / Rural,Low,Vacant Land,Ada County,Rural,Rural (county),low-density / rural,4.049,0.548,34,19.94,5,43.529764,-116.072075,28.8,PAR #1200 OF NW4NW4 SEC 11 2N 3E   #8050843
S1611221250,STAGECOACH RD,2N 3E 11,2.0028,1.94,10900,Ada County,RP,County Rural Preservation/Foothills,Agricultural / Rural,Low,Vacant Land,Ada County,Rural,Rural (county),low-density / rural,4.069,0.555,34,19.94,5,43.529386,-116.071774,28.8,PAR #1250 OF NW4NW4 SEC 11 2N 3E #98113076-75
R3482151700,4057 S MILL SITE AVE,HARRIS RANCH SUB NO 01,1.161,1.162,0,City of Boise,R-1C,Boise Single-Family (compact),Single-Family Residential,Low,Vacant Land,Boise,Compact,Compact / walkable neighborhood,supports attached/medium,2.253,0.999,172,1.16,1,43.565339,-116.120146,28.7,LOT 01 BLK 13 HARRIS RANCH SUB NO 01
R5125500225,311 W FALL DR,LAKEWOOD UNIT NO 01,2.7517,2.74,0,City of Boise,R-1C,Boise Single-Family (compact),Single-Family Residential,Low,Vacant Land,Boise,Compact,Compact / walkable neighborhood,supports attached/medium,3.014,0.781,116,2.75,1,43.577544,-116.185568,28.7,BLK 2 LAKEWOOD UNIT #1
R1525760430,S ADONIS WAY,COLUMBIA VILLAGE NO 20,4.0921,4.093,0,City of Boise,A-1,Boise Open Land/Airport-Ag,Agricultural / Rural,Low,Vacant Land,Boise,Suburban,Suburban Residential,single-family oriented,1.297,0.325,44,14.11,4,43.55608,-116.134509,28.5,LOT 354 BLK 04 COLUMBIA VILLAGE SUB NO 20
R0541500060,E TREKKER RIM DR,ASIN MOODY SUB,5.2284,5.232,0,City of Boise,A-1,Boise Open Land/Airport-Ag,Agricultural / Rural,Low,Vacant Land,Boise,Suburban,Suburban Residential,single-family oriented,1.363,0.233,44,14.11,4,43.555798,-116.132119,28.4,LOT 06 BLK 01 ASIN-MOODY SUB
R1525770290,5372 S PEGASUS WAY,COLUMBIA VILLAGE NO 21,2.7538,2.757,0,City of Boise,A-1,Boise Open Land/Airport-Ag,Agricultural / Rural,Low,Vacant Land,Boise,Suburban,Suburban Residential,single-family oriented,1.369,0.36,44,14.11,4,43.553675,-116.129395,28.4,LOT 383 BLK 04 COLUMBIA VILLAGE NO 21
R7284000800,W SUNRISE RD,QUAST SUB,2.2897,2.29,,City of Boise,R-2,Two-Family / Low-Density,Two-Family / Low-Density Residential,Medium,Vacant Land,Boise,Suburban,Suburban Residential,single-family oriented,2.976,0.46,127,2.29,1,43.568873,-116.197355,28.3,PAR#0800 OF NEW YORK CANAL ADJ TO LOTS 13 & 14 QUAST SUB
R0541500320,S OREGON TRAIL WAY,ASIN MOODY SUB,2.0354,2.035,0,City of Boise,A-1,Boise Open Land/Airport-Ag,Agricultural / Rural,Low,Vacant Land,Boise,Suburban,Suburban Residential,single-family oriented,1.488,0.433,44,14.11,4,43.556363,-116.12938,28.1,LOT 32 BLK 01 ASIN-MOODY SUB
S0930347000,E AMITY RD,3N 3E 30,13.8206,13.821,6020400,City of Boise,I-1,Boise Industrial (light),Industrial / Business Park,Low,Vacant Land,Boise,Industrial,Industrial,non-residential,1.392,0.707,46,13.82,1,43.561403,-116.145179,28.0,PAR #7000 @ SE COR OF SE4 SW4 SEC 30 3N 3E PARCEL C R/S 4698
R7475360220,6390 E WARM SPRINGS AVE,RIVERHEIGHTS SUB NO 05,6.054,6.073,0,City of Boise,SP-02,Specific Plan SP-02,Planned / Overlay,Unknown,Vacant Land,Boise,Suburban,Suburban Residential,single-family oriented,2.796,0.587,80,6.05,1,43.562095,-116.10295,27.5,LOT 66 BLK 04 RIVERHEIGHTS SUB #5
S1027131235,3412 S LINDSAY AVE,3N 2E 27,1.797,1.87,814600,City of Boise,R-2,Two-Family / Low-Density,Two-Family / Low-Density Residential,Medium,Vacant Land,Boise,Industrial,Industrial,non-residential,3.147,0.782,147,1.8,1,43.571226,-116.199085,27.5,PAR #1235 OF SW4NE4 SEC 27 3N 2E #131350 S
R0619790190,1250 E BRIGHTWATER LN,AVERY SPRINGS,1.592,1.41,0,City of Boise,R-2,Two-Family / Low-Density,Two-Family / Low-Density Residential,Medium,Vacant Land,Boise,Suburban,Suburban Residential,single-family oriented,3.116,0.371,155,1.59,1,43.585305,-116.167277,27.4,LOT 19 BLK 1 AVERY SPRINGS #9398882
R5125510275,2969 S GEKELER LN,LAKEWOOD UNIT NO 02,1.1292,3,0,City of Boise,R-1C,Boise Single-Family (compact),Single-Family Residential,Low,Vacant Land,Boise,Compact,Compact / walkable neighborhood,supports attached/medium,2.89,0.367,175,1.13,1,43.575782,-116.184729,27.3,LOT A LAKEWOOD UNIT #2
R5125550325,180 E TWIN WILLOW DR,LAKEWOOD UNIT NO 06,1.0093,1.012,0,City of Boise,R-1C,Boise Single-Family (compact),Single-Family Residential,Low,Vacant Land,Boise,Compact,Compact / walkable neighborhood,supports attached/medium,2.881,0.806,189,1.01,1,43.577194,-116.181457,27.2,LOT 14 BLK 11 LAKEWOOD UNIT NO 6
S1501346900,7451 S EISENMAN RD,2N 2E 01,5.5886,5.59,547900,City of Boise,I-1,Boise Industrial (light),Industrial / Business Park,Low,Vacant Land,Boise,Industrial,Industrial,non-residential,0.818,0.524,53,11.18,2,43.534336,-116.163954,26.5,PAR #6900 OF E2SW4 SEC 1 2N 2E #438805-S
S1013244710,2290 E WARM SPRINGS AVE,3N 2E 13,1.2261,1.23,0,City of Boise,R-1C,Boise Single-Family (compact),Single-Family Residential,Low,Vacant Land,Boise,Compact,Compact / walkable neighborhood,supports attached/medium,4.06,0.386,120,2.55,2,43.599657,-116.164826,26.4,PAR #4710 IN NW4 SEC 13 3N 2E
S1013244762,2290 E WARM SPRINGS AVE,3N 2E 13,1.3264,1.32,0,City of Boise,R-1C,Boise Single-Family (compact),Single-Family Residential,Low,Vacant Land,Boise,Compact,Compact / walkable neighborhood,supports attached/medium,4.07,0.784,120,2.55,2,43.599897,-116.164049,26.4,PAR #4762 OF SE4NW4 SEC 13 3N 2E #244761-B
S1501346800,7519 S EISENMAN RD,2N 2E 01,5.5886,5.59,547900,City of Boise,I-1,Boise Industrial (light),Industrial / Business Park,Low,Vacant Land,Boise,Industrial,Industrial,non-residential,0.867,0.524,53,11.18,2,43.533941,-116.164765,26.4,PAR #6800 OF E2SW4 & OF W2SE4 SEC 1 2N 2E #438805-S
R5471000075,252 E SCHMEIZER LN,MARTIN SUB,1.0697,1.074,255700,City of Boise,R-1B,Boise Single-Family (medium lot),Single-Family Residential,Low,Vacant Land,Boise,Compact,Compact / walkable neighborhood,supports attached/medium,3.731,0.738,183,1.07,1,43.591376,-116.180542,25.6,PAR #0075 OF LOT 7 MARTIN SUB
R5983920020,S HABITAT LN,NATURES WOOD DUCK ISLAND NO 06,1.0943,1.095,0,City of Boise,R-1A,Boise Single-Family (large lot),Single-Family Residential,Low,Vacant Land,Boise,Suburban,Suburban Residential,single-family oriented,2.036,0.188,48,12.68,4,43.571079,-116.147608,25.6,LOT 80 BLK 4 NATURES WOOD DUCK ISLAND #6
R1955021145,1022 W CHAMBERLIN ST,DUNDEE 03RD SUB AND AMD BLK 13,1.2764,1.278,0,City of Boise,R-1C,Boise Single-Family (compact),Single-Family Residential,Low,Vacant Land,Boise,Compact,Compact / walkable neighborhood,supports attached/medium,3.885,0.704,164,1.28,1,43.588352,-116.1946,25.5,PAR #1145 OF BLK 34 DUNDEE 3RD SUB PARCEL C  R/S 10354 #1144C  #1151C
R5983920012,E WILDERNEST LN,NATURES WOOD DUCK ISLAND NO 06,5.0016,5.021,0,City of Boise,R-1A,Boise Single-Family (large lot),Single-Family Residential,Low,Vacant Land,Boise,Suburban,Suburban Residential,single-family oriented,2.095,0.446,48,12.68,4,43.571857,-116.146486,25.5,PAR #0012 OF LOT 79 BLK 4 NATURES WOOD DUCK ISLAND #6 #0010-B
R5983920011,E WILDERNEST LN,NATURES WOOD DUCK ISLAND NO 06,2.543,2.546,0,City of Boise,R-1A,Boise Single-Family (large lot),Single-Family Residential,Low,Vacant Land,Boise,Suburban,Suburban Residential,single-family oriented,2.193,0.653,48,12.68,4,43.573401,-116.148198,25.3,PAR #0011 OF LOT 79 BLK 4 NATURES WOOD DUCK ISLAND #6 #0010-S
R5983920013,E WILDERNEST LN,NATURES WOOD DUCK ISLAND NO 06,4.0436,4.048,0,City of Boise,R-1A,Boise Single-Family (large lot),Single-Family Residential,Low,Vacant Land,Boise,Suburban,Suburban Residential,single-family oriented,2.23,0.621,48,12.68,4,43.573981,-116.149528,25.2,PAR #0013 OF LOT 79 BLK 4 NATURES WOOD DUCK ISLAND #6 #0010-B #96065985
S1605223000,E GOWEN RD,2N 3E 05,2.3281,43.81,0,Ada County,RUT,County Rural-Urban Transition,Agricultural / Rural,Low,Vacant Land,Boise,PC,Planned Community,master-plan (use TBD),1.053,0.33,126,2.33,1,43.542285,-116.130195,25.2,GOVT LOT 4 SEC 5 2N3E
S1022325410,2291 S COLUMBUS ST,3N 2E 22,1.0568,1.13,433900,City of Boise,R-1C,Boise Single-Family (compact),Single-Family Residential,Low,Vacant Land,Boise,Compact,Compact / walkable neighborhood,supports attached/medium,4.022,0.535,185,1.06,1,43.581608,-116.20971,25.0,PAR #5410 OF NW4SW4 SEC 22 3N 2E #9276294
S1011449710,352 N COSTON ST,3N 2E 11,2.0126,2.01,822700,City of Boise,R-1C,Boise Single-Family (compact),Single-Family Residential,Low,Vacant Land,Boise,Compact,Compact / walkable neighborhood,supports attached/medium,4.638,0.614,134,2.01,1,43.606621,-116.174939,24.7,PAR #9710 POR SE4SE4 SEC 11 3N 2E #8446091
S1502212620,301 W GOWEN RD,2N 2E 02,4.9952,5,1960200,City of Boise,I-1,Boise Industrial (light),Industrial / Business Park,Low,Vacant Land,Boise,Industrial,Industrial,non-residential,1.712,0.687,54,11.05,2,43.544125,-116.185213,24.6,PAR #2620 OF NE4NW4 SEC 02 2N 2E #212600-B
S1502244507,333 W GOWEN RD,2N 2E 02,6.0509,6,2613600,City of Boise,I-1,Boise Industrial (light),Industrial / Business Park,Low,Vacant Land,Boise,Industrial,Industrial,non-residential,1.721,0.658,54,11.05,2,43.543217,-116.1855,24.6,PAR #4507 POR NW4 SEC 02 2N 2E #244505-S
S1605336000,E COLUMBIA RD,2N 3E 05,1.8458,1.84,331200,Ada County,RUT,County Rural-Urban Transition,Agricultural / Rural,Low,Vacant Land,Boise,PC,Planned Community,master-plan (use TBD),1.116,0.781,142,1.85,1,43.531593,-116.133848,24.6,PAR #6000 OF SW4SW4 SEC 5 2N3E
R0805810210,3111 E BARBER VALLEY DR,BARBERVALLEY SUB NO 01,1.6092,1.61,0,City of Boise,SP-02,Specific Plan SP-02,Planned / Overlay,Unknown,Vacant Land,Boise,Office,Office,non-residential (MF only if mixed),2.363,0.638,153,1.61,1,43.575828,-116.147377,23.9,LOT 04 BLK 02 BARBERVALLEY NO 1
S0920438560,5300 E BARBER DR,3N 3E 20,2.0786,2.08,1248000,City of Boise,SP-01,Specific Plan SP-01,Planned / Overlay,Unknown,Vacant Land,Boise,Suburban,Suburban Residential,single-family oriented,2.774,0.427,132,2.08,1,43.576242,-116.122876,23.5,PAR #8560 POR SW4SE4 SEC 20 3N 3E PAR B ROS 12024 #438550-B
S0918131500,E TABLE ROCK RD,3N 3E 18,2.4946,2.5,402200,Ada County,RP,County Rural Preservation/Foothills,Agricultural / Rural,Low,Vacant Land,Boise,Buildable,Buildable (future growth),"development-ready, use TBD",4.01,0.315,78,6.35,3,43.599429,-116.142458,23.3,PAR #1500 NR CTR SW4NE4 SEC 18 3N 3E PARCEL 7  R/S 9568 #131400-S
R0805810115,3244 E BARBER VALLEY DR,BARBERVALLEY SUB NO 01,1.0506,1.052,687400,City of Boise,SP-02,Specific Plan SP-02,Planned / Overlay,Unknown,Vacant Land,Boise,Office,Office,non-residential (MF only if mixed),2.443,0.777,187,1.05,1,43.576732,-116.144306,23.2,PAR #0115 OF LOTS 11&13 BLK 1 BARBERVALLEY SUB NO 01 PARCEL A ROS 11253 #0110-C 
S0981120650,E TABLE ROCK RD,3N 3E 18,1.4453,1.45,,Ada County,RP,County Rural Preservation/Foothills,Agricultural / Rural,Low,Vacant Land,Boise,Buildable,Buildable (future growth),"development-ready, use TBD",4.118,0.16,78,6.35,3,43.60093,-116.14167,23.1,PAR #0650 OF VAC TABLE ROCK RD SEC 18 3N 3E
S1026335235,S GEKELER LN,3N 2E 26,10.5506,10.3,2805700,City of Boise,I-1,Boise Industrial (light),Industrial / Business Park,Low,Vacant Land,Boise,Industrial,Industrial,non-residential,2.238,0.522,55,10.55,1,43.561696,-116.186389,23.1,PAR #5235 OF S2SW4 SEC 26 3N 2E #8208674
S0918121000,E TABLE ROCK RD,3N 3E 18,2.4114,2.495,402200,Ada County,RP,County Rural Preservation/Foothills,Agricultural / Rural,Low,Vacant Land,Boise,Buildable,Buildable (future growth),"development-ready, use TBD",4.162,0.787,78,6.35,3,43.601592,-116.141839,23.0,PAR #1000 NR CTR NW4NE4 SEC 18 3N 3E PARCEL 3  R/S 9541 #120800-B
S1620231125,E I-84,2N 3E 20,11.8641,12.1,15700,Ada County,RP,County Rural Preservation/Foothills,Agricultural / Rural,Low,Vacant Land,Ada County,Rural,Rural (county),low-density / rural,3.276,0.498,50,11.86,1,43.496849,-116.13014,22.3,SW4NW4 N & E OF INT 84N SEC 20 2N 3E
R1525600130,2625 E EASTGATE DR,COLUMBIA VILLAGE NO 05,1.7284,1.73,0,City of Boise,R-1C,Boise Single-Family (compact),Single-Family Residential,Low,Vacant Land,Boise,Suburban,Suburban Residential,single-family oriented,0.902,0.186,74,6.58,3,43.554735,-116.152813,21.8,LOT 1 BLK 5 COLUMBIA VILLAGE NO 5 SUB #96027948
R1582210240,2600 E EASTGATE DR,COVE EAST SUB NO 02,3.6272,3.63,0,City of Boise,R-1C,Boise Single-Family (compact),Single-Family Residential,Low,Vacant Land,Boise,Suburban,Suburban Residential,single-family oriented,0.918,0.228,74,6.58,3,43.55501,-116.151916,21.7,LOT 8 BLK 4 COVE EAST SUB NO 2
R1582200320,5100 S HOLCOMB RD,COVE EAST SUB NO 01,1.2212,1.22,0,City of Boise,R-1C,Boise Single-Family (compact),Single-Family Residential,Low,Vacant Land,Boise,Suburban,Suburban Residential,single-family oriented,0.999,0.64,74,6.58,3,43.556145,-116.1529,21.6,LOT 1 BLK 4 COVE EAST NO 1 SUB #9225590
R8221590460,8021 S SNOW BIRD AVE,SUNNYRIDGE SUB NO 01,1.5941,1.597,0,City of Boise,R-1C,Boise Single-Family (compact),Single-Family Residential,Low,Vacant Land,Boise,PC,Planned Community,master-plan (use TBD),2.597,0.824,154,1.59,1,43.529213,-116.102313,21.4,LOT 01  BLK 06 SUNNYRIDGE SUB PHASE #1
S1618428000,W MEMORY RD,2N 3E 18,9.0682,9.01,0,Ada County,RP,County Rural Preservation/Foothills,Agricultural / Rural,Low,Vacant Land,Ada County,Rural,Rural (county),low-density / rural,2.402,0.428,61,9.07,1,43.507666,-116.141629,21.3,PAR #8000 OF NW4SE4 SEC 18 2N 3E #310001-S #96093853
S1514110050,S EISENMAN RD,2N 2E 14,6.9559,6.96,,Ada County,M3,County Manufacturing M3,Industrial / Business Park,Low,Vacant Land,Boise,Industrial,Industrial,non-residential,2.251,0.712,62,8.36,2,43.515681,-116.178186,20.9,PAR #0050 POR N2NE4 SEC 14 2N 2E EISENMAN ROAD SUBSTATION #0025-S
S1611121375,E HWY 21,2N 3E 11,12.7192,37,0,Ada County,RP,County Rural Preservation/Foothills,Agricultural / Rural,Low,Vacant Land,Ada County,Rural,Rural (county),low-density / rural,4.519,0.513,47,12.72,1,43.529404,-116.062601,20.7,GOV LOT 1 EXC W 200' N & EXC HWY 21 SEC 11 2N 3E 352-73  211-46
S1514110075,S EISENMAN RD,2N 2E 14,1.401,1.403,,Ada County,M3,County Manufacturing M3,Industrial / Business Park,Low,Vacant Land,Boise,Industrial,Industrial,non-residential,2.319,0.551,62,8.36,2,43.514464,-116.178196,20.7,PAR #0075 POR N2NE4 SEC 14 2N 2E #0025-S
R8224270250,E ALTA RIDGE,SUPERIOR RIDGE SUB,5.0784,5.084,0,City of Boise,R-1C,Boise Single-Family (compact),Single-Family Residential,Low,Vacant Land,Boise,Suburban,Suburban Residential,single-family oriented,0.722,0.163,88,5.08,1,43.54319,-116.136918,20.6,LOT 25 BLK 1 SUPERIOR RIDGE SUB
S0932438612,4863 E GRAND FOREST DR,3N 3E 32,6.4868,6.497,0,City of Boise,R-1C,Boise Single-Family (compact),Single-Family Residential,Low,Vacant Land,Boise,Suburban,Suburban Residential,single-family oriented,1.451,0.73,75,6.49,1,43.546451,-116.122965,20.6,PAR #8612 @ S SIDE S2S2 SEC 32 3N 3E IN AUDIT DIST PARCEL A R/S 6829 #438610-S
S1607223026,8000 S FEDERAL WAY,2N 3E 07,4.9785,4.977,1300800,City of Boise,I-3,Boise Industrial (heavy),Industrial / Business Park,Low,Vacant Land,Boise,Industrial,Industrial,non-residential,0.796,0.659,89,4.98,1,43.530249,-116.150058,20.4,PAR #3026 OF NW4NW4 SEC 7 2N 3E #223025 & VAC R/W N & ADJ #96007345
R1525780830,4511 E TANOAK DR,COLUMBIA VILLAGE NO 22,5.5077,5.51,0,City of Boise,R-1C,Boise Single-Family (compact),Single-Family Residential,Low,Vacant Land,Boise,Suburban,Suburban Residential,single-family oriented,1.161,0.59,84,5.51,1,43.544006,-116.128238,20.2,LOT 10 BLK 36 COLUMBIA VILLAGE NO 22
R4330110025,7475 S FEDERAL WAY,ISAACS CANYON SUB,1.0554,1.056,552000,City of Boise,I-1,Boise Industrial (light),Industrial / Business Park,Low,Vacant Land,Boise,Industrial,Industrial,non-residential,0.56,0.636,95,4.27,3,43.533922,-116.154165,20.1,PAR #0025 OF LOTS 1 & 2 BLK 1 ISAACS CANYON SUB PARCEL A ROS 11273 IN TCA 01-6 #
R4330110055,7489 S FEDERAL WAY,ISAACS CANYON SUB,1.4105,1.412,809900,City of Boise,I-1,Boise Industrial (light),Industrial / Business Park,Low,Vacant Land,Boise,Industrial,Industrial,non-residential,0.586,0.761,95,4.27,3,43.533512,-116.154076,20.1,PAR #0055 OF LOTS 2 & 3 BLK 1 ISAACS CANYON SUB PARCEL B ROS 11273 IN TCA 01-6 #
S1501449200,7533 S FEDERAL WAY,2N 2E 01,1.8078,1.81,946100,City of Boise,I-1,Boise Industrial (light),Industrial / Business Park,Low,Vacant Land,Boise,Industrial,Industrial,non-residential,0.663,0.407,95,4.27,3,43.532323,-116.153818,19.9,PAR #9200 OF SE4SE4 SEC 1 2N 2E
S1525110500,E KUNA MORA RD,2N 2E 25,3.0082,3,0,Ada County,RP,County Rural Preservation/Foothills,Agricultural / Rural,Low,Vacant Land,Ada County,Rural,Rural (county),low-density / rural,3.781,0.198,59,9.8,2,43.487143,-116.156485,19.2,PAR #0500 OF NE4 NE4 SEC 25 2N 2E FORMER OSLRR R/W
S1630223000,E KUNA MORA RD,2N 3E 30,6.795,37.41,48600,Ada County,RP,County Rural Preservation/Foothills,Agricultural / Rural,Low,Vacant Land,Ada County,Rural,Rural (county),low-density / rural,3.918,0.521,59,9.8,2,43.485058,-116.153559,19.0,LOT 1 EXC R/W SEC 30 2N 3E #220000-B #7858585
R5983400030,432 N STRATA VIA PL,NATIVA TERRA SUB NO 05,1.963,1.968,0,City of Boise,A-1,Boise Open Land/Airport-Ag,Agricultural / Rural,Low,Vacant Land,Boise,Buildable,Buildable (future growth),"development-ready, use TBD",4.597,0.705,111,2.99,2,43.608255,-116.152851,18.8,PAR #0030 POR LOT 14  BLK 04 IN TCA 01-5 NATIVA TERRA SUB #5
S1023417793,501 E BOISE AVE,3N 2E 23,7.7469,6.996,0,City of Boise,A-1,Boise Open Land/Airport-Ag,Agricultural / Rural,Low,Vacant Land,Boise,School,School,institutional,2.952,0.655,65,7.75,1,43.579963,-116.177502,18.8,PAR #7793 OF NE4SE4 AND VACATED R/W SEC 23 3N 2E #7792-C
R1179360210,2199 E SUMMERSWEET DR,BUSINESS PARK SUB NO 02,2.4411,2.44,1169100,City of Boise,I-1,Boise Industrial (light),Industrial / Business Park,Low,Vacant Land,Boise,Industrial,Industrial,non-residential,0.393,0.725,124,2.44,1,43.546394,-116.155707,18.7,PAR#0210 POR LT 4 & 5 BLK 01 BUSINESS PARK SUB NO 02 PARCEL A R/S 4713 #0215-C #
S1611212445,9800 E HWY 21,2N 3E 11,5.0805,5.2,29100,Ada County,RP,County Rural Preservation/Foothills,Agricultural / Rural,Low,Vacant Land,Ada County,Rural,Rural (county),low-density / rural,4.184,0.784,58,10.09,2,43.530788,-116.069034,18.7,PAR #2445 OF N2NW4 SEC 11 2N 3E #121007 S #94084590 #94084589
R1013680005,W BOEING ST,BOISE IND FOUNDATION SUB NO 03,4.6211,4.66,1420900,City of Boise,I-1,Boise Industrial (light),Industrial / Business Park,Low,Vacant Land,Boise,Industrial,Industrial,non-residential,2.642,0.412,69,6.86,2,43.564029,-116.194065,18.6,LOT 1 BLK 1 BOISE INDUSTRIAL FOUNDATION #3
S1602343740,SANDY POINT DR,2N 3E 02,5.0085,5.1,24000,Ada County,RP,County Rural Preservation/Foothills,Agricultural / Rural,Low,Vacant Land,Ada County,Rural,Rural (county),low-density / rural,4.224,0.714,58,10.09,2,43.531858,-116.067977,18.6,PAR #3740 OF SE4SW4 SEC 2 2N 3E
R2767200930,858 W MCGREGOR CT,FEDERAL WAY PARK,6.8447,6.85,2692000,City of Boise,I-1,Boise Industrial (light),Industrial / Business Park,Low,Vacant Land,Boise,Industrial,Industrial,non-residential,2.654,0.643,70,6.84,1,43.567204,-116.190867,18.5,LOTS 8 & 9 BLK 1 FEDERAL WAY PARK SUB PARCEL A ROS 12410 #0820-0840-0920-0940-09
R5279760010,E SWEETWATER DR,LITTLETREE EAST SUB NO 01 (OREGON TRAIL),3.5537,3.556,0,City of Boise,R-1C,Boise Single-Family (compact),Single-Family Residential,Low,Vacant Land,Boise,Suburban,Suburban Residential,single-family oriented,1.001,0.234,101,3.55,1,43.555758,-116.146201,18.5,LOT 2 BLK 1 LITTLETREE EAST NO 1 SUB
R1013670221,ENTERPRISE ST,BOISE IND FOUNDATION SUB NO 02,2.2353,2.24,975700,City of Boise,I-1,Boise Industrial (light),Industrial / Business Park,Low,Vacant Land,Boise,Industrial,Industrial,non-residential,2.716,0.699,69,6.86,2,43.563832,-116.196056,18.4,PAR # 0221 OF LOT 24 BOISE INDUSTRIAL FOUNDATION SUB NO 2
R3466000084,9035 S FEDERAL WAY,HARLAN SUB,1.1733,1.18,616800,City of Boise,I-1,Boise Industrial (light),Industrial / Business Park,Low,Vacant Land,Boise,Industrial,Industrial,non-residential,1.505,0.286,93,4.44,3,43.520066,-116.148167,18.4,PAR#0084 POR OF LTS12-13 36-38 HARLAN SUB & VAC ST PARCEL A R/S 7859 #0082-S #31
R3466000098,9065 S FEDERAL WAY,HARLAN SUB,1.2744,1.27,663900,City of Boise,I-1,Boise Industrial (light),Industrial / Business Park,Low,Vacant Land,Boise,Industrial,Industrial,non-residential,1.551,0.283,93,4.44,3,43.519411,-116.147894,18.3,PAR#0098 POR OF LTS13-14 34-36 HARLAN SUB & VAC ST PARCEL D R/S 7859 #0096-S
R3466000155,9177 S FEDERAL WAY,HARLAN SUB,1.9913,1.987,1038600,City of Boise,I-1,Boise Industrial (light),Industrial / Business Park,Low,Vacant Land,Boise,Industrial,Industrial,non-residential,1.606,0.495,93,4.44,3,43.518699,-116.14693,18.2,LOT 16 & POR LOTS 17 & 31-33 & POR VAC ROW HARLAN SUB PARCEL A ROS 13963 #0151C 
R3695650040,2397 E GLOUCESTER PL,HOLCOMB GREEN SUB,2.06,2.063,0,City of Boise,A-1,Boise Open Land/Airport-Ag,Agricultural / Rural,Low,Vacant Land,Boise,Suburban,Suburban Residential,single-family oriented,1.596,0.774,94,4.37,2,43.564746,-116.153981,18.2,LOT 04 BLK 01 HOLCOMB GREEN SUB
S0930325635,3960 S HOLCOMB RD,3N 3E 30,2.306,2.309,0,City of Boise,R-1C,Boise Single-Family (compact),Single-Family Residential,Low,Vacant Land,Boise,Suburban,Suburban Residential,single-family oriented,1.593,0.212,94,4.37,2,43.564753,-116.15315,18.2,PAR #5635 @ SW COR OF NW4SW4 SEC 30 3N 3E #325620-B
S1607325700,8611 S FEDERAL WAY,2N 3E 07,3.4867,3.49,1824300,City of Boise,I-1,Boise Industrial (light),Industrial / Business Park,Low,Vacant Land,Boise,Industrial,Industrial,non-residential,1.26,0.74,103,3.49,1,43.523566,-116.149117,18.0,PAR #5700 POR OF W2 SEC 7 2N 3E PARCEL A1 ROS 14689 #315054-S
R3220250015,6651 S EISENMAN RD,GOWEN BUSINESS PARK SUB NO 03,2.3481,2.351,1228900,City of Boise,I-1,Boise Industrial (light),Industrial / Business Park,Low,Vacant Land,Boise,Industrial,Industrial,non-residential,0.736,0.781,125,2.35,1,43.54221,-116.165872,17.9,PAR #0015 OF LTS 1-3 BL 3 GOWEN BUSINESS PARK SUB NO 03 PARCEL D ROS 11128 #0010
R5983440020,363 N ALTO VIA CT,NATIVA TERRA SUB NO 09,1.8167,1.82,8600,City of Boise,A-1,Boise Open Land/Airport-Ag,Agricultural / Rural,Low,Vacant Land,Boise,Buildable,Buildable (future growth),"development-ready, use TBD",4.531,0.806,146,1.82,1,43.607307,-116.151062,17.8,LOT 26 BLK 06 NATIVA TERRA SUB NO 09
R1525750011,E BRANIFF ST,COLUMBIA VILLAGE NO 01,1.905,1.904,0,City of Boise,R-1C,Boise Single-Family (compact),Single-Family Residential,Low,Vacant Land,Boise,Suburban,Suburban Residential,single-family oriented,0.692,0.79,139,1.91,1,43.551685,-116.152781,17.5,PAR#0011 OF LT 1 BLK 1 VAC R/W COLUMBIA VILLAGE NO 1
S0907447700,3920 E WILDHORSE LN,3N 3E 07,1.0523,1.053,177300,Ada County,RP,County Rural Preservation/Foothills,Agricultural / Rural,Low,Vacant Land,Boise,Buildable,Buildable (future growth),"development-ready, use TBD",4.444,0.705,186,1.05,1,43.605041,-116.1355,17.2,PAR #7700 OF SE4SE4 SEC 7 3N 3E R/S #4070 #417800-S
R3219900060,1400 W EXCHANGE ST,GOWEN BUSINESS PARK SUB NO 01,1.5652,1.56,475700,City of Boise,I-1,Boise Industrial (light),Industrial / Business Park,Low,Vacant Land,Boise,Industrial,Industrial,non-residential,0.766,0.687,156,1.57,1,43.544949,-116.165841,17.0,LOT 11 BLK 1 GOWEN BUSINESS PARK SUB NO 01
S1501449057,7678 S EISENMAN RD,2N 2E 01,1.4978,1.5,653400,City of Boise,I-1,Boise Industrial (light),Industrial / Business Park,Low,Vacant Land,Boise,Industrial,Industrial,non-residential,0.743,0.218,158,1.5,1,43.532261,-116.158207,17.0,PAR #9057 OF SE4SE4 SEC 1 2N 2E #9058-B
S1502120615,E GOWEN RD,2N 2E 02,2.8178,2.823,1106700,City of Boise,I-1,Boise Industrial (light),Industrial / Business Park,Low,Vacant Land,Boise,Industrial,Industrial,non-residential,1.391,0.718,115,2.82,1,43.544075,-116.178783,17.0,PAR #0615 OF NW4NE4 SEC 2 2N 3E       R/S #3804 #120610-S #96086243
S1513223000,S EISENMAN RD,2N 2E 13,3.8586,3.631,0,Ada County,M3,County Manufacturing M3,Industrial / Business Park,Low,Vacant Land,Boise,Industrial,Industrial,non-residential,2.049,0.181,98,3.86,1,43.515645,-116.170626,16.8,PAR #3000 OF N2 NW4 SEC 13 2N 2E RAILROAD R/W
R8226670030,5240 S SURPRISE WAY,SURPRISE VALLEY SUB NO 01,3.1782,3.181,0,City of Boise,R-1B,Boise Single-Family (medium lot),Single-Family Residential,Low,Vacant Land,Boise,Suburban,Suburban Residential,single-family oriented,1.717,0.426,107,3.18,1,43.553721,-116.121159,16.7,LOT 3 BLK 1 SURPRISE VALLEY SUB PHASE I #97003960
S1515110010,S PLEASANT VALLEY RD,2N 2E 15,5.488,5.493,,Ada County,RP,County Rural Preservation/Foothills,Agricultural / Rural,Low,Vacant Land,Ada County,Rural,Rural (county),low-density / rural,2.875,0.774,86,5.49,1,43.515688,-116.195961,16.7,PAR #0010 POR OF NE4NE4 SEC 15 2N 2E #110000-S
S1602434000,E HWY 21,2N 3E 02,9.1018,36.77,0,Ada County,RP,County Rural Preservation/Foothills,Agricultural / Rural,Low,Vacant Land,Ada County,Rural,Rural (county),low-density / rural,4.766,0.401,60,9.1,1,43.531868,-116.057021,16.6,E2SW4SE4 & SE4SE4 ALL EXC N 330 FT SEC 2 2N 3E
S1611212565,STAGECOACH RD,2N 3E 11,5.0118,5.01,28100,Ada County,RP,County Rural Preservation/Foothills,Agricultural / Rural,Low,Vacant Land,Ada County,Rural,Rural (county),low-density / rural,4.222,0.613,64,8.04,2,43.527879,-116.069114,16.6,PAR #2565 OF NW4 SEC 11 2N 3E #121000-S #8343070 #8367165
R0830140250,S INTERCON WAY,BASALT BLUFFS SUB,2.4759,2.48,0,City of Boise,R-1C,Boise Single-Family (compact),Single-Family Residential,Low,Vacant Land,Boise,Suburban,Suburban Residential,single-family oriented,1.475,0.388,122,2.48,1,43.544844,-116.122069,16.5,LOT 25 BLK 01 BASALT BLUFFS SUB
S1611212547,STAGECOACH RD,2N 3E 11,3.0258,3.02,16900,Ada County,RP,County Rural Preservation/Foothills,Agricultural / Rural,Low,Vacant Land,Ada County,Rural,Rural (county),low-density / rural,4.269,0.395,64,8.04,2,43.527995,-116.068095,16.5,PAR #2547 OF NW4 SEC 11 2N 3E #212535-S #8343070 8367165
S0919325600,2441 S STARLITE LN,3N 3E 19,3.7931,3.78,541000,City of Boise,A-1,Boise Open Land/Airport-Ag,Agricultural / Rural,Low,Vacant Land,Boise,Suburban,Suburban Residential,single-family oriented,2.703,0.795,91,4.81,2,43.580849,-116.152581,16.4,PAR #5600 OF SE4 SEC 24 3N 2E & OF NW4SW4 SEC 19 3N 3E #314810 & 24141850-S
S0930417240,E BOISE AVE,3N 3E 30,3.0869,3.088,0,City of Boise,R-1C,Boise Single-Family (compact),Single-Family Residential,Low,Vacant Land,Boise,Suburban,Suburban Residential,single-family oriented,1.834,0.185,109,3.09,1,43.566075,-116.13661,16.4,PAR #7240 OF NE4SE4 SEC 30 3N 3E #417250 S #8711457
S1036223006,4627 S FEDERAL WAY,3N 2E 36,2.6358,2.639,0,City of Boise,A-1,Boise Open Land/Airport-Ag,Agricultural / Rural,Low,Vacant Land,Boise,Industrial,Industrial,non-residential,1.598,0.319,119,2.64,1,43.560455,-116.169942,16.4,PAR #3006 OF NW4NW4 SEC 36 3N 2E #223004-B
R2855120010,2476 S STARLITE LN,FLANAGAN SUB,1.013,1.016,553700,City of Boise,R-1C,Boise Single-Family (compact),Single-Family Residential,Low,Vacant Land,Boise,Suburban,Suburban Residential,single-family oriented,2.747,0.624,91,4.81,2,43.581497,-116.151633,16.3,LOT 01 BLK 01 FLANAGAN SUB
S0933417700,E WARM SPRINGS AVE,3N 3E 33,4.6163,9.53,0,City of Boise,A-1,Boise Open Land/Airport-Ag,Agricultural / Rural,Low,Vacant Land,Boise,Large Lot/Rural,Large Lot / Rural,low-density / rural,2.644,0.272,92,4.62,1,43.547338,-116.098964,16.3,PAR #7700 @ W SIDE OF GOVT LOTS 1 & 2 SEC 33 3N 3E R/S 6144 #417500-B
R1525680080,S CAPER PL,COLUMBIA VILLAGE NO 13,1.74,1.74,0,City of Boise,R-1C,Boise Single-Family (compact),Single-Family Residential,Low,Vacant Land,Boise,Suburban,Suburban Residential,single-family oriented,1.265,0.291,149,1.74,1,43.552526,-116.130797,16.2,LOT 73 BLK 7 COLUMBIA VILLAGE #13 #96027948
R0551610010,4707 S MARKET ST,ASSOCIATED FOODS SUB,3.508,3.497,1899700,City of Boise,I-1,Boise Industrial (light),Industrial / Business Park,Low,Vacant Land,Boise,Industrial,Industrial,non-residential,2.192,0.775,102,3.51,1,43.559856,-116.187129,16.1,LOT 01 BLK 01 ASSOCIATED FOODS SUB
R1013610045,2107 W COMMERCE AVE,BOISE IND FOUNDATION SUB NO 01 AMD,5.4062,5.412,0,City of Boise,I-1,Boise Industrial (light),Industrial / Business Park,Low,Vacant Land,Boise,Industrial,Industrial,non-residential,3.197,0.723,87,5.41,1,43.56322,-116.207739,16.0,LOTS 1 & 2 & 1/2 VAC ST ADJ BOISE INDUSTRIAL FOUND AMD PARCEL A ROS 13003 #0030-
R5983900170,E PARKRIVER DR,NATURES WOOD DUCK ISLAND NO 04,2.7045,2.706,0,City of Boise,R-1A,Boise Single-Family (large lot),Single-Family Residential,Low,Vacant Land,Boise,Suburban,Suburban Residential,single-family oriented,1.96,0.186,117,2.7,1,43.570096,-116.15073,15.8,LOT 44 BLK 4 NATURES WOOD DUCK ISLAND #4 #94078483
S0929325625,E BOISE AVE,3N 3E 29,2.0025,2.005,,City of Boise,R-1A,Boise Single-Family (large lot),Single-Family Residential,Low,Vacant Land,Boise,Suburban,Suburban Residential,single-family oriented,1.753,0.321,135,2.0,1,43.563079,-116.132289,15.5,PAR#5625 OF NEW YORK CANAL IN GOV LOT 06 SEC 29 3N 3E
R6933730315,8812 S EISENMAN RD,PATRICIA SUB,1.0804,1.059,461300,City of Boise,I-1,Boise Industrial (light),Industrial / Business Park,Low,Vacant Land,Boise,Industrial,Industrial,non-residential,1.353,0.572,182,1.08,1,43.522147,-116.151144,15.4,LOT 03 BLK 01 EXC R/W PATRICIA SUB
R1013700050,6530 S BUSINESS WAY,BOISE IND FOUNDATION SUB NO 05,1.098,1.099,383000,City of Boise,I-1,Boise Industrial (light),Industrial / Business Park,Low,Vacant Land,Boise,Industrial,Industrial,non-residential,1.419,0.505,180,1.1,1,43.543076,-116.179463,15.3,LOT 4 BLK 1 BOISE IND FOUNDATION SUB #5 #8660375
R8224640020,6615 S BUSINESS WAY,SUPPLY WAY PARK SUB,1.1826,1.184,412600,City of Boise,I-1,Boise Industrial (light),Industrial / Business Park,Low,Vacant Land,Boise,Industrial,Industrial,non-residential,1.462,0.728,170,1.18,1,43.54209,-116.180392,15.3,LOT 2 BLK 1 SUPPLY WAY PARK SUB
S0929417200,5550 E WARM SPRINGS AVE,3N 3E 29,3.1643,3.28,0,City of Boise,R-1C,Boise Single-Family (compact),Single-Family Residential,Low,Vacant Land,Boise,School,School,institutional,2.509,0.53,108,3.16,1,43.566492,-116.114556,15.1,PAR #7200 OF NE4 SEC 29 3N 3E #S0929411250 R #96104782 #96089275
R1013670050,4465 S INDUSTRIAL ST,BOISE IND FOUNDATION SUB NO 02,3.7958,2.95,0,City of Boise,I-1,Boise Industrial (light),Industrial / Business Park,Low,Vacant Land,Boise,Industrial,Industrial,non-residential,3.015,0.733,99,3.8,1,43.561955,-116.204555,14.8,LOT 7 BOISE INDUSTRIAL FOUNDATION SUB NO 2 #9219689
R5983870060,E BOISE AVE,NATURES WOOD DUCK ISLAND NO 01,1.3118,1.31,0,City of Boise,R-1A,Boise Single-Family (large lot),Single-Family Residential,Low,Vacant Land,Boise,Suburban,Suburban Residential,single-family oriented,1.794,0.284,162,1.31,1,43.567414,-116.145884,14.7,LOT 3 BLK 1 NATURES WOOD DUCK ISLAND #1 #9342253
R8226700260,5995 S SURPRISE WAY,SURPRISE VALLEY SUB NO 04,1.7694,1.771,0,City of Boise,R-1B,Boise Single-Family (medium lot),Single-Family Residential,Low,Vacant Land,Boise,Suburban,Suburban Residential,single-family oriented,2.014,0.23,148,1.77,1,43.546868,-116.111609,14.7,LOT 95 BLK 2 SURPRISE VALLEY SUB - PHASE 4 #98000038
S1035212500,211 E AMITY RD,3N 2E 35,1.8191,1.83,199300,City of Boise,A-1,Boise Open Land/Airport-Ag,Agricultural / Rural,Low,Vacant Land,Boise,Industrial,Industrial,non-residential,2.051,0.542,144,1.82,1,43.55967,-116.183837,14.7,PAR #2500 OF NE4NW4 SEC 35 3N 2E PARCEL A  R/S 4143
S1611246550,9725 E DISCOVERY STATE PARK RD,2N 3E 11,6.6728,6.836,0,Ada County,RP,County Rural Preservation/Foothills,Agricultural / Rural,Low,Vacant Land,Ada County,Rural,Rural (county),low-density / rural,4.484,0.328,72,6.67,1,43.525883,-116.064381,14.7,PAR #6550 POR S2N2 SEC 11 2N 3E LYING S'LY HIGHWAY 21 #244200R  BOOK 211 PAGE 46
R5125640450,3620 S CROSSPOINT AVE,LAKEWOOD UNIT NO 14,2.1354,2.13,0,City of Boise,R-1C,Boise Single-Family (compact),Single-Family Residential,Low,Vacant Land,Boise,Suburban,Suburban Residential,single-family oriented,2.271,0.675,130,2.14,1,43.56958,-116.175277,14.6,LOT 13 BLK 6 LAKEWOOD UNIT NO 14 #8663246
S1027417250,S BROADWAY AVE,3N 2E 27,2.9285,3,392000,City of Boise,I-1,Boise Industrial (light),Industrial / Business Park,Low,Vacant Land,Boise,Industrial,Industrial,non-residential,2.775,0.432,112,2.93,1,43.566754,-116.19456,14.4,PAR #7250 OF NE4SE4 SEC 27 3N 2E
R3577000035,3650 S HOLCOMB RD,HENSON ACRES,1.0097,1.01,685800,City of Boise,R-1C,Boise Single-Family (compact),Single-Family Residential,Low,Vacant Land,Boise,Suburban,Suburban Residential,single-family oriented,1.899,0.576,188,1.01,1,43.569208,-116.152562,14.2,LOT 7 HENSON ACRES #97055853
R1035130020,1790 S RIDGE POINT WAY,BOULDER HEIGHTS SUB NO 02,3.5581,3.566,0,City of Boise,R-1C,Boise Single-Family (compact),Single-Family Residential,Low,Vacant Land,Boise,Suburban,Suburban Residential,single-family oriented,3.216,0.412,100,3.56,1,43.588235,-116.14839,14.1,LOT 18 BLK 1 BOULDER HEIGHTS SUB #2
S1602243700,SANDY POINT DR,2N 3E 02,5.4944,5.48,25800,Ada County,RP,County Rural Preservation/Foothills,Agricultural / Rural,Low,Vacant Land,Ada County,Rural,Rural (county),low-density / rural,4.171,0.691,85,5.49,1,43.538913,-116.068003,14.1,PAR #3700 OF NW4 SEC 2 2N 3E
S1604110215,7099 E WARM SPRINGS AVE,2N 3E 04,2.4933,2.495,0,City of Boise,A-1,Boise Open Land/Airport-Ag,Agricultural / Rural,Low,Vacant Land,Boise,Large Lot/Rural,Large Lot / Rural,low-density / rural,2.727,0.588,121,2.49,1,43.545074,-116.096936,14.0,PAR #0215 OF GOV LOT 1 SEC 04 2N 3E PARCEL B ROS 11611 IN TCA 233 #110212-R
R2767201030,3940 S FINDLEY AVE,FEDERAL WAY PARK,1.9785,1.986,825900,City of Boise,I-1,Boise Industrial (light),Industrial / Business Park,Low,Vacant Land,Boise,Industrial,Industrial,non-residential,2.564,0.687,137,1.98,1,43.566862,-116.188881,13.9,PAR #1030 POR LOT 1 BLK 2 FEDERAL WAY PARK PARCEL L ROS 11937 #1020-C #1040-C
R2884050050,1465 E SHENANDOAH DR,FOOTHILLS EAST NO 06,4.4509,4.45,0,City of Boise,A-1,Boise Open Land/Airport-Ag,Agricultural / Rural,Low,Vacant Land,Boise,Suburban,Suburban Residential,single-family oriented,4.908,0.266,73,6.67,2,43.6117,-116.168129,13.9,LOT 36 BLK 12 FOOTHILLS EAST #6 #0040 0070 C
R2884060222,E DANMOR DR,FOOTHILLS EAST NO 07,2.2196,2.222,0,City of Boise,A-1,Boise Open Land/Airport-Ag,Agricultural / Rural,Low,Vacant Land,Boise,Suburban,Suburban Residential,single-family oriented,4.904,0.221,73,6.67,2,43.612106,-116.164003,13.9,PAR #0222 OF LOT 63 BLK 12 FOOTHILLS EAST NO 7 #0220B
R3482180010,5346 E QUARTERPATH CT,HARRIS RANCH SUB NO 04,2.2422,2.182,0,City of Boise,R-1C,Boise Single-Family (compact),Single-Family Residential,Low,Vacant Land,Boise,Suburban,Suburban Residential,single-family oriented,2.709,0.293,128,2.24,1,43.573016,-116.118583,13.8,LOT 07 BLK 29 HARRIS RANCH SUB NO 04
R7475830750,2071 S SILVERCREEK LN,RIVER RUN NO 04,1.7464,1.68,0,City of Boise,R-1B,Boise Single-Family (medium lot),Single-Family Residential,Low,Vacant Land,Boise,Suburban,Suburban Residential,single-family oriented,3.089,0.792,113,2.92,2,43.585699,-116.162344,13.7,LOT 1 BLK 2 RIVER RUN PHASE 4 #9247591
R7475830170,2030 S SILVERCREEK LN,RIVER RUN NO 04,1.1774,1.11,0,City of Boise,R-1B,Boise Single-Family (medium lot),Single-Family Residential,Low,Vacant Land,Boise,Suburban,Suburban Residential,single-family oriented,3.196,0.289,113,2.92,2,43.587024,-116.164135,13.5,LOT 9 BLK 1 RIVER RUN PHASE 4 #9247591
R1013680048,4475 S MARKET ST,BOISE IND FOUNDATION SUB NO 03,1.2284,1.23,482200,City of Boise,I-1,Boise Industrial (light),Industrial / Business Park,Low,Vacant Land,Boise,Industrial,Industrial,non-residential,2.393,0.657,168,1.23,1,43.562043,-116.189904,13.4,PAR #0048 OF LOT 2 BLK 2 BOISE INDUSTRIAL FOUND #3 #0041-S
S1514231550,S EISENMAN RD,2N 2E 14,2.0128,1.983,2600,Ada County,RP,County Rural Preservation/Foothills,Agricultural / Rural,Low,Vacant Land,Ada County,Rural,Rural (county),low-density / rural,2.855,0.499,133,2.01,1,43.512567,-116.191556,13.3,PAR #1550 OF SW4NW4 SEC 14 2N 2E
R5026140020,990 W AMITY RD,KOWALLIS SUB,1.1094,1.11,580200,City of Boise,I-1,Boise Industrial (light),Industrial / Business Park,Low,Vacant Land,Boise,Industrial,Industrial,non-residential,2.483,0.666,178,1.11,1,43.561031,-116.193031,13.1,LOT 02  BLK 01 KOWALLIS SUB
R3482170670,5043 E STEMWOOD ST,HARRIS RANCH SUB NO 03,1.0656,1.067,0,City of Boise,R-1C,Boise Single-Family (compact),Single-Family Residential,Low,Vacant Land,Boise,Suburban,Suburban Residential,single-family oriented,2.517,0.185,184,1.07,1,43.570841,-116.120975,13.0,LOT 03 BLK 35 HARRIS RANCH SUB NO 03
R3482160060,3450 S MILLSPUR WAY,HARRIS RANCH SUB NO 02,1.1068,1.109,0,City of Boise,R-1C,Boise Single-Family (compact),Single-Family Residential,Low,Vacant Land,Boise,Suburban,Suburban Residential,single-family oriented,2.561,0.999,179,1.11,1,43.570295,-116.118591,13.0,LOT 01 BLK 24 HARRIS RANCH SUB NO 02
S0928222490,S COUNCIL SPRING RD,3N 3E 28,1.6428,1.64,7300,City of Boise,R-1C,Boise Single-Family (compact),Single-Family Residential,Low,Vacant Land,Boise,Suburban,Suburban Residential,single-family oriented,2.862,0.568,151,1.64,1,43.572567,-116.113021,12.9,PAR #2490 OF NW4NW4 SEC 28 3N 3E
R3482170910,3140 S WHITE FIR PL,HARRIS RANCH SUB NO 03,1.0885,1.089,0,City of Boise,R-1C,Boise Single-Family (compact),Single-Family Residential,Low,Vacant Land,Boise,Suburban,Suburban Residential,single-family oriented,2.64,0.257,181,1.09,1,43.573739,-116.122405,12.8,LOT 08 BLK 37 HARRIS RANCH SUB NO 03
R8528670210,5903 E MILLET DR,TRIPLETT SUB,1.2678,1.267,0,City of Boise,A-1,Boise Open Land/Airport-Ag,Agricultural / Rural,Low,Vacant Land,Boise,Suburban,Suburban Residential,single-family oriented,2.785,0.168,165,1.27,1,43.569522,-116.110909,12.7,LOT 04 BLK 03 TRIPLETT SUB
S1011438500,1149 E LEWIS ST,3N 2E 11,4.829,2.52,0,City of Boise,A-1,Boise Open Land/Airport-Ag,Agricultural / Rural,Low,Vacant Land,Boise,Suburban,Suburban Residential,single-family oriented,4.633,0.781,90,4.83,1,43.604559,-116.183566,12.6,PAR #8500 OF N2 SEC 14 & OF S2 SEC 11 3N 2E
S1024141851,2791 E STONE POINT DR,3N 2E 24,1.1382,1.126,293900,City of Boise,R-1C,Boise Single-Family (compact),Single-Family Residential,Low,Vacant Land,Boise,Suburban,Suburban Residential,single-family oriented,2.794,0.625,173,1.14,1,43.582122,-116.153822,12.6,PAR #1851 OF LOTS 2 & 3 SEC 24 3N 2E #PAR A R/S #3717 #1418525
R7475790005,975 E RIVER RUN DR,RIVER RUN NO 02,1.5313,1.52,0,City of Boise,R-1B,Boise Single-Family (medium lot),Single-Family Residential,Low,Vacant Land,Boise,Suburban,Suburban Residential,single-family oriented,3.333,0.309,157,1.53,1,43.587741,-116.171197,11.9,LOT 2 BLK 4 RIVER RUN PHASE 2 #8203388
R5983400020,N STRATA VIA PL,NATIVA TERRA SUB NO 05,1.0243,1.028,0,City of Boise,A-1,Boise Open Land/Airport-Ag,Agricultural / Rural,Low,Vacant Land,Boise,Suburban,Suburban Residential,single-family oriented,4.625,0.362,111,2.99,2,43.608678,-116.151329,10.7,PAR #0020 POR LOT 14 BLK 04 IN TCA 01-5 NATIVA TERRA SUB NO 05
S1527412350,S PLEASANT VALLEY RD,2N 2E 27,3.2572,3.25,0,Ada County,RP,County Rural Preservation/Foothills,Agricultural / Rural,Low,Vacant Land,Ada County,Rural,Rural (county),low-density / rural,4.936,0.48,105,3.26,1,43.479175,-116.198759,10.4,PAR #2350 OF SE4 SEC 27 2N 2E
S1629336400,E KUNA MORA RD,2N 3E 29,2.8399,2.5,0,Ada County,RP,County Rural Preservation/Foothills,Agricultural / Rural,Low,Vacant Land,Ada County,Rural,Rural (county),low-density / rural,4.746,0.473,114,2.84,1,43.474199,-116.133856,10.3,PAR #6400 OF SW4 SW4 SEC 29 2N 3E FORMER OSLRR R/W
R5820560070,430 N MORNINGSIDE WAY,MORNINGSIDE HEIGHTS SUB NO 02,1.8974,1.897,0,City of Boise,R-1B,Boise Single-Family (medium lot),Single-Family Residential,Low,Vacant Land,Boise,Suburban,Suburban Residential,single-family oriented,4.638,0.219,140,1.9,1,43.608081,-116.165236,9.6,LOT 92 BLK 01 MORNINGSIDE HEIGHTS SUB NO 02
R1608730090,2818 E TABLE ROCK RD,CREST AT NORTHRIDGE NO 03,1.3093,1.311,0,City of Boise,R-1B,Boise Single-Family (medium lot),Single-Family Residential,Low,Vacant Land,Boise,Suburban,Suburban Residential,single-family oriented,4.722,0.758,163,1.31,1,43.610061,-116.152959,8.9,POR LOT 30 BLK 02 IN TCA 01-5 CREST AT NORTHRIDGE NO 03 AMD  #94076199
R5820550160,1736 E HAYS CT,MORNINGSIDE HEIGHTS SUB,1.2416,1.236,0,City of Boise,A-1,Boise Open Land/Airport-Ag,Agricultural / Rural,Low,Vacant Land,Boise,Suburban,Suburban Residential,single-family oriented,4.739,0.578,167,1.24,1,43.608815,-116.170955,8.8,LOT 16 BLK 1 MORNINGSIDE HEIGHTS SUB #95011471
R2024380710,W HILLCREST LN,EAGLESON PARK SUB NO 04,1.2275,1.23,,City of Boise,R-1C,Boise Single-Family (compact),Single-Family Residential,Low,Vacant Land,Boise,Suburban,Suburban Residential,single-family oriented,4.966,0.492,169,1.23,1,43.582658,-116.232742,8.3,PAR#0710 OF NEW YORK CANAL POR OF EAGLESON PARK SUB NO 04
