region_code,region_name,region_basename,state,region_type,total_in,total_out,total_net,total_natural_growth,total_international_migration,avg_seasonal_visitors,latest_adjusted_population,latest_median_hhi,latest_median_age,latest_percent_white,latest_percent_asian,latest_percent_black_or_african_american,latest_percent_hispanic_or_latino,latest_percent_bachelor_and_higher,latest_average_household_value,latest_arealand,latest_population_density,latest_pop_change_forecast,weighted_avg_median_hhi_in,weighted_avg_median_age_in,weighted_avg_percent_white_in,weighted_avg_percent_asian_in,weighted_avg_percent_black_or_african_american_in,weighted_avg_percent_hispanic_or_latino_in,total_gross_migration,calc_net_migration_pct,calc_hhi_ratio,calc_age_diff,calc_white_diff,calc_asian_diff,calc_black_diff,calc_hispanic_diff,calc_pop_change,calc_pop_change_pct
19100,"Dallas-Fort Worth-Arlington, TX Metro Area","Dallas-Fort Worth-Arlington, TX Metro Area, Texas",Texas,cbsa,259521,234899,24622,57040,114526,112296.09,8491440.35,90882.67,35.6,0.42,0.08,0.16,0.3,0.25,204867.77,8645.77,982.15,0.0612,80683.42,37.12,0.52,0.05,0.11,0.26,494420,0.0028996258567605673,0.887775634232577,1.519999999999996,0.10000000000000003,-0.03,-0.05,-0.03999999999999998,196188,0.02365063674042418
34980,"Nashville-Davidson--Murfreesboro--Franklin, TN Metro Area","Nashville-Davidson--Murfreesboro--Franklin, TN Metro Area, Tennessee",Tennessee,cbsa,67253,51195,16057,8537,15185,44101.65,2128409.91,86108.37,36.9,0.68,0.03,0.14,0.1,0.26,266488.29,6301.25,337.78,0.0572,81639.68,38.25,0.58,0.05,0.13,0.18,118448,0.007544129504640391,0.9481038835132984,1.3500000000000014,-0.10000000000000009,0.020000000000000004,-0.010000000000000009,0.07999999999999999,39779,0.019045490426070538
12420,"Austin-Round Rock-San Marcos, TX Metro Area","Austin-Round Rock-San Marcos, TX Metro Area, Texas",Texas,cbsa,133478,119209,14269,17955,31058,77276.96,2585400.61,100501.67,36,0.49,0.07,0.07,0.32,0.32,287170.94,4216.02,613.23,0.0733,81141.31,36.38,0.44,0.06,0.11,0.34,252687,0.005519067313904595,0.8073628030260591,0.38000000000000256,-0.04999999999999999,-0.010000000000000009,0.039999999999999994,0.020000000000000018,63282,0.025090810459544567
19820,"Detroit-Warren-Dearborn, MI Metro Area","Detroit-Warren-Dearborn, MI Metro Area, Michigan",Michigan,cbsa,75704,63140,12564,2452,43954,58062.5,4420300.45,76729.96,40.3,0.63,0.05,0.21,0.05,0.21,153193.74,3843.76,1150,0.0184,79827.53,38.9,0.66,0.04,0.12,0.11,138844,0.002842340728219051,1.0403697590875844,-1.3999999999999986,0.030000000000000027,-0.010000000000000002,-0.09,0.06,58970,0.013521103405498659
14260,"Boise City, ID Metro Area","Boise City, ID Metro Area, Idaho",Idaho,cbsa,30731,18333,12398,3154,4555,12345.01,853633.64,86616.04,37.6,0.77,0.02,0.01,0.15,0.25,272865.05,11764.67,72.56,0.1745,86567.67,38.07,0.58,0.07,0.08,0.22,49064,0.014523795008828378,0.9994415583995759,0.46999999999999886,-0.19000000000000006,0.05,0.07,0.07,20107,0.024122804281336466
33460,"Minneapolis-St. Paul-Bloomington, MN-WI Metro Area","Minneapolis-St. Paul-Bloomington, MN-WI Metro Area, Wisconsin",Wisconsin,cbsa,79902,67759,12142,14615,23758,55760.99,3785787.43,99851.25,38,0.71,0.07,0.09,0.07,0.29,220739.74,7029.11,538.59,0.0427,84048.5,38.16,0.57,0.06,0.09,0.22,147661,0.00320725878684636,0.8417370839123196,0.1599999999999966,-0.14,-0.010000000000000009,0,0.15,50515,0.013523779308380994
16700,"Charleston-North Charleston, SC Metro Area","Charleston-North Charleston, SC Metro Area, South Carolina",South Carolina,cbsa,48537,37411,11126,3270,5137,25753.82,917505.4,85118.88,38.2,0.62,0.02,0.23,0.08,0.25,245802.25,2581.02,355.48,0.0379,81670.99,38.68,0.58,0.05,0.15,0.16,85948,0.01212635914731401,0.9594932405125631,0.4799999999999969,-0.040000000000000036,0.030000000000000002,-0.08000000000000002,0.08,19533,0.02175233893602966
16740,"Charlotte-Concord-Gastonia, NC-SC Metro Area","Charlotte-Concord-Gastonia, NC-SC Metro Area, North Carolina",North Carolina,cbsa,84972,74877,10095,10678,30089,56616.38,2915654.46,83829.74,37.9,0.57,0.04,0.22,0.13,0.26,229403.6,5727.03,509.1,0.0498,79903.36,39.55,0.61,0.05,0.15,0.15,159849,0.003462344437070228,0.953162445690515,1.6499999999999986,0.040000000000000036,0.010000000000000002,-0.07,0.01999999999999999,50862,0.01775416568919621
34820,"Myrtle Beach-Conway-North Myrtle Beach, SC Metro Area","Myrtle Beach-Conway-North Myrtle Beach, SC Metro Area, South Carolina",South Carolina,cbsa,26994,17606,9388,-1612,1995,19824.6,424551.6,66768.14,48.7,0.76,0.01,0.12,0.07,0.18,170576.5,1133.06,374.7,0.0646,83461.06,40.02,0.63,0.05,0.14,0.13,44600,0.022112742008274143,1.250013254824831,-8.68,-0.13,0.04,0.020000000000000018,0.06,9771,0.023557032320219412
42580,"Seaford, DE Micro Area","Seaford, DE Micro Area, Delaware",Delaware,cbsa,28265,19613,8651,-881,1564,8446.88,279907.49,81936.46,51.9,0.72,0.01,0.1,0.12,0.19,196049.86,936.08,299.02,0.0423,86811.05,40.1,0.6,0.04,0.2,0.11,47878,0.030906639904491304,1.0594923188041074,-11.799999999999997,-0.12,0.03,0.1,-0.009999999999999995,9334,0.034497097258123846
29460,"Lakeland-Winter Haven, FL Metro Area","Lakeland-Winter Haven, FL Metro Area, Florida",Florida,cbsa,53919,45914,8004,1162,9288,20979.27,889147.69,66901.12,39.5,0.51,0.02,0.14,0.29,0.16,137974.02,1798.1,494.49,0.066,78721.41,40.57,0.52,0.04,0.14,0.25,99833,0.009001879091650117,1.17668299125635,1.0700000000000003,0.010000000000000009,0.02,0,-0.03999999999999998,18454,0.0211945948522953
48900,"Wilmington, NC Metro Area","Wilmington, NC Metro Area, North Carolina",North Carolina,cbsa,28283,20874,7409,-1156,1323,21221.99,488517.53,76587.81,45.4,0.77,0.01,0.1,0.07,0.25,237322.3,1913.42,255.31,0.0569,81329.82,38.4,0.6,0.05,0.16,0.13,49157,0.015166293008973495,1.0619159889804919,-7,-0.17000000000000004,0.04,0.06,0.06,7576,0.01575243460468053
26900,"Indianapolis-Carmel-Greenwood, IN Metro Area","Indianapolis-Carmel-Greenwood, IN Metro Area, Indiana",Indiana,cbsa,53504,46203,7301,9379,16302,33359.08,2170092.38,80541.73,36.9,0.67,0.04,0.15,0.09,0.24,159257.32,4080.52,531.82,0.0376,76559.08,37.67,0.64,0.04,0.11,0.16,99707,0.003364372902871536,0.950551720207649,0.7700000000000031,-0.030000000000000027,0,-0.039999999999999994,0.07,32982,0.015432988538476895
38900,"Portland-Vancouver-Hillsboro, OR-WA Metro Area","Portland-Vancouver-Hillsboro, OR-WA Metro Area, Washington",Washington,cbsa,63161,56090,7072,3691,19410,37552.76,2550320.76,97551.81,39.3,0.68,0.07,0.03,0.14,0.26,296932.03,6825.8,373.63,0.0534,84776.96,38.4,0.58,0.06,0.08,0.21,119251,0.0027729845245034984,0.8690454846506693,-0.8999999999999986,-0.10000000000000009,-0.010000000000000009,0.05,0.06999999999999998,30173,0.011972710679472224
36100,"Ocala, FL Metro Area","Ocala, FL Metro Area, Florida",Florida,cbsa,26723,19689,7034,-2700,3178,7660.7,421951.46,61093.72,47.9,0.65,0.02,0.12,0.17,0.15,135166.6,1579.04,267.22,0.0703,75986.98,42.98,0.58,0.04,0.12,0.21,46412,0.01667016390937479,1.2437772654865344,-4.920000000000002,-0.07000000000000006,0.02,0,0.03999999999999998,7512,0.018125687163090116
16980,"Chicago-Naperville-Elgin, IL-IN Metro Area","Chicago-Naperville-Elgin, IL-IN Metro Area, Illinois",Illinois,cbsa,193460,186513,6947,21147,105268,140674.01,9468812.16,91338.53,38.6,0.49,0.07,0.16,0.24,0.25,178155.23,6882.47,1375.79,0.0101,81413.59,38.6,0.57,0.05,0.12,0.21,379973,0.0007336717512833204,0.8913389562980705,0,0.07999999999999996,-0.020000000000000004,-0.04000000000000001,-0.03,133362,0.014285545711702456
39580,"Raleigh-Cary, NC Metro Area","Raleigh-Cary, NC Metro Area, North Carolina",North Carolina,cbsa,64395,57464,6931,8358,15488,45563.25,1566461.1,100113.66,37.6,0.57,0.07,0.18,0.12,0.31,243682.05,2110.04,742.38,0.0662,80872.09,38.72,0.57,0.05,0.18,0.15,121859,0.004424623120229414,0.8078027513927669,1.1199999999999974,0,-0.020000000000000004,0,0.03,30777,0.020041231136012933
31540,"Madison, WI Metro Area","Madison, WI Metro Area, Wisconsin",Wisconsin,cbsa,27459,21965,5495,1825,6792,31221.72,720645.14,89041.22,37,0.78,0.05,0.04,0.07,0.3,234894.49,3308.58,217.81,0.0344,88192.68,38.79,0.59,0.07,0.1,0.18,49424,0.007625112132165354,0.9904702563599195,1.7899999999999991,-0.19000000000000006,0.020000000000000004,0.060000000000000005,0.10999999999999999,14112,0.019973585386242464
41860,"San Francisco-Oakland-Fremont, CA Metro Area","San Francisco-Oakland-Fremont, CA Metro Area, California",California,cbsa,132179,127063,5116,12400,75168,92083.4,4756618.42,136452.81,40.3,0.35,0.28,0.07,0.23,0.3,672248.88,2462.23,1931.84,0.0196,108796,38.01,0.4,0.16,0.06,0.31,259242,0.001075554006705461,0.7973159365497859,-2.289999999999999,0.050000000000000044,-0.12000000000000002,-0.010000000000000009,0.07999999999999999,92684,0.019872492117931625
19660,"Deltona-Daytona Beach-Ormond Beach, FL Metro Area","Deltona-Daytona Beach-Ormond Beach, FL Metro Area, Florida",Florida,cbsa,35600,30549,5051,-4156,4369,23666.27,739109.37,71584.91,47.8,0.68,0.02,0.1,0.15,0.19,164282.65,1587.19,465.67,0.0467,79403.32,40.02,0.53,0.04,0.14,0.23,66149,0.006833900644501368,1.1092186886873225,-7.779999999999994,-0.15000000000000002,0.02,0.04000000000000001,0.08000000000000002,5264,0.007173173280360139
24860,"Greenville-Anderson-Greer, SC Metro Area","Greenville-Anderson-Greer, SC Metro Area, South Carolina",South Carolina,cbsa,32931,28032,4898,741,5325,32892.39,994840.4,71036.96,38.8,0.7,0.02,0.14,0.09,0.22,164987.54,2760.99,360.32,0.034,77188.38,39.35,0.62,0.04,0.16,0.13,60963,0.004923402789030281,1.0865946403111844,0.5500000000000043,-0.07999999999999996,0.02,0.01999999999999999,0.04000000000000001,10964,0.011143676177210878
10180,"Abilene, TX Metro Area","Abilene, TX Metro Area, Texas",Texas,cbsa,16838,11991,4847,101,1301,7175.67,189420.96,67598.97,34.5,0.62,0.02,0.07,0.24,0.17,94971.23,2739.45,69.15,0.0206,75541.06,36.24,0.49,0.04,0.1,0.33,28829,0.025588509318081803,1.1174883285943558,1.740000000000002,-0.13,0.02,0.03,0.09000000000000002,6249,0.034115483614413473
38860,"Portland-South Portland, ME Metro Area","Portland-South Portland, ME Metro Area, Maine",Maine,cbsa,23561,18731,4830,-1025,3249,19439.83,568726.19,92217.03,43.7,0.88,0.02,0.02,0.03,0.28,249111.48,2078.92,273.57,0.0046,95321,40.79,0.66,0.06,0.07,0.15,42292,0.008492663226921202,1.0336594010889313,-2.9100000000000037,-0.21999999999999997,0.039999999999999994,0.05,0.12,7054,0.012558926942777781
12260,"Augusta-Richmond County, GA-SC Metro Area","Augusta-Richmond County, GA-SC Metro Area, Georgia",Georgia,cbsa,25692,21127,4565,1174,1840,12954.09,651493.96,69433.58,38.3,0.52,0.02,0.35,0.07,0.18,107851.3,3438.1,189.49,0.0404,81146.12,37.97,0.55,0.05,0.17,0.17,46819,0.007006972098405948,1.1686869667385722,-0.3299999999999983,0.030000000000000027,0.030000000000000002,-0.17999999999999997,0.1,7579,0.011770187790015004
42660,"Seattle-Tacoma-Bellevue, WA Metro Area","Seattle-Tacoma-Bellevue, WA Metro Area, Washington",Washington,cbsa,82163,77679,4483,15906,71685,56657.83,4275255.99,115281.53,37.5,0.57,0.16,0.06,0.12,0.28,410815.11,6096.73,701.24,0.039,88154.42,38.69,0.58,0.08,0.06,0.18,159842,0.0010485921803246219,0.7646881508252016,1.1899999999999977,0.010000000000000009,-0.08,0,0.06,92074,0.02201051740519661
46140,"Tulsa, OK Metro Area","Tulsa, OK Metro Area, Oklahoma",Oklahoma,cbsa,25018,20544,4474,1691,5847,12886.3,1048785.28,69899.98,37.4,0.61,0.03,0.07,0.12,0.2,140336.5,6268.61,167.31,0.0344,73491.74,36.88,0.61,0.04,0.09,0.16,45562,0.004265887484614581,1.051384277935416,-0.519999999999996,0,0.010000000000000002,0.01999999999999999,0.04000000000000001,12012,0.01158594673659028
12100,"Atlantic City-Hammonton, NJ Metro Area","Atlantic City-Hammonton, NJ Metro Area, New Jersey",New Jersey,cbsa,19578,15417,4161,-884,2664,24860.62,361682.98,82998.52,44.5,0.62,0.06,0.1,0.17,0.22,212422.01,807.04,448.16,0.0168,88225.5,40.13,0.54,0.06,0.16,0.19,34995,0.011504550200288663,1.062976785610153,-4.369999999999997,-0.07999999999999996,0,0.06,0.01999999999999999,5941,0.016700306216320043
43900,"Spartanburg, SC Metro Area","Spartanburg, SC Metro Area, South Carolina",South Carolina,cbsa,15396,11271,4125,308,2100,7847.76,385153.45,64308.92,38.2,0.65,0.02,0.2,0.09,0.15,139954.99,1321.91,291.36,0.0308,74703.68,39.02,0.64,0.03,0.14,0.13,26667,0.010710017007507008,1.1616379189698722,0.8200000000000003,-0.010000000000000009,0.009999999999999998,-0.06,0.04000000000000001,6533,0.017254746805144834
33340,"Milwaukee-Waukesha, WI Metro Area","Milwaukee-Waukesha, WI Metro Area, Wisconsin",Wisconsin,cbsa,31465,27385,4081,2553,8775,39289.81,1605710.63,78365.28,38.7,0.64,0.04,0.16,0.12,0.26,173028.72,1454.73,1103.79,0.0162,83646.21,39.09,0.62,0.05,0.1,0.18,58850,0.0025415538290358085,1.0673886445630005,0.39000000000000057,-0.020000000000000018,0.010000000000000002,-0.06,0.06,15409,0.009689356854900539
18880,"Crestview-Fort Walton Beach-Destin, FL Metro Area","Crestview-Fort Walton Beach-Destin, FL Metro Area, Florida",Florida,cbsa,17978,14487,3492,699,2793,8243.41,313830.35,83091.94,39.3,0.73,0.03,0.08,0.11,0.21,238095.97,1967.76,159.49,0.0427,74715.74,38.88,0.59,0.03,0.14,0.17,32465,0.011127030894239515,0.8991935920619979,-0.4199999999999946,-0.14,0,0.06000000000000001,0.06000000000000001,6984,0.022760577077094123
38940,"Port St. Lucie, FL Metro Area","Port St. Lucie, FL Metro Area, Florida",Florida,cbsa,30204,26724,3480,-1491,4880,11347.17,556549.82,74533.64,47.6,0.58,0.02,0.16,0.2,0.19,221163.31,1115.06,499.12,0.0788,79232.35,41.57,0.45,0.04,0.15,0.31,56928,0.0062528094969108074,1.0630414669134636,-6.030000000000001,-0.12999999999999995,0.02,-0.010000000000000009,0.10999999999999999,6869,0.012496342877672175
19300,"Daphne-Fairhope-Foley, AL Metro Area","Daphne-Fairhope-Foley, AL Metro Area, Alabama",Alabama,cbsa,13314,9885,3429,-151,1116,6626.05,245874.86,78200.66,43.9,0.81,0.01,0.08,0.06,0.21,182189.65,1589.69,154.67,0.0715,73630.97,38.39,0.64,0.03,0.18,0.1,23199,0.013946118769523652,0.9415645596853018,-5.509999999999998,-0.17000000000000004,0.019999999999999997,0.09999999999999999,0.04000000000000001,4394,0.018196059099673572
12700,"Barnstable Town, MA Metro Area","Barnstable Town, MA Metro Area, Massachusetts",Massachusetts,cbsa,9501,6082,3419,-1670,1462,13920.95,208806.91,95856.11,55.4,0.85,0.01,0.03,0.04,0.26,443820.9,394.18,529.73,0.0054,98068.87,40.86,0.65,0.05,0.08,0.16,15583,0.01637397919446248,1.0230841831574429,-14.54,-0.19999999999999996,0.04,0.05,0.12,3211,0.015618014969266654
10580,"Albany-Schenectady-Troy, NY Metro Area","Albany-Schenectady-Troy, NY Metro Area, New York",New York,cbsa,26532,23264,3267,-430,6083,36654.99,919344.79,88558.1,40.5,0.75,0.05,0.07,0.06,0.23,152208.02,2811.55,326.99,0.0079,84353.92,41.06,0.63,0.05,0.11,0.16,49796,0.003553617789034297,0.9525263075878998,0.5600000000000023,-0.12,0,0.039999999999999994,0.1,8920,0.009797624249664818
37980,"Philadelphia-Camden-Wilmington, PA-NJ-DE-MD Metro Area","Philadelphia-Camden-Wilmington, PA-NJ-DE-MD Metro Area, New Jersey",New Jersey,cbsa,119833,116567,3266,10658,57331,147640.72,6342651.3,91570.92,39.3,0.58,0.06,0.19,0.11,0.24,205881.5,4574.29,1386.59,0.0223,89061.64,39.75,0.55,0.07,0.13,0.19,236400,0.0005149266206704443,0.9725974141135636,0.45000000000000284,-0.029999999999999916,0.010000000000000009,-0.06,0.08,71255,0.011361903568428613
25940,"Hilton Head Island-Bluffton-Port Royal, SC Metro Area","Hilton Head Island-Bluffton-Port Royal, SC Metro Area, South Carolina",South Carolina,cbsa,14524,11278,3246,-299,1417,7489.89,247042.12,84617.79,47.7,0.64,0.01,0.18,0.13,0.26,334306.29,1231.06,200.67,0.049,82630.57,38.64,0.6,0.05,0.14,0.17,25802,0.01313945978119035,0.9765153403320982,-9.060000000000002,-0.040000000000000036,0.04,-0.03999999999999998,0.04000000000000001,4364,0.01798266774112145
38300,"Pittsburgh, PA Metro Area","Pittsburgh, PA Metro Area, Pennsylvania",Pennsylvania,cbsa,33684,30514,3170,-8095,10731,61581.15,2388634.6,75803.89,42.8,0.83,0.03,0.08,0.02,0.23,141646.23,5709.61,418.35,0.008,81710.76,39.67,0.64,0.06,0.11,0.14,64198,0.0013271180112688645,1.077923045901734,-3.1299999999999955,-0.18999999999999995,0.03,0.03,0.12000000000000001,5806,0.002436599930015948
18140,"Columbus, OH Metro Area","Columbus, OH Metro Area, Ohio",Ohio,cbsa,39175,36057,3118,8723,25832,45676.39,2254590.55,82475.73,36.7,0.68,0.05,0.16,0.06,0.25,183866.43,4794.35,470.26,0.0306,76281.85,39.54,0.69,0.03,0.13,0.1,75232,0.0013829562090553428,0.9249005737809173,2.8399999999999963,0.009999999999999898,-0.020000000000000004,-0.03,0.04000000000000001,37673,0.016993415023486103
37340,"Palm Bay-Melbourne-Titusville, FL Metro Area","Palm Bay-Melbourne-Titusville, FL Metro Area, Florida",Florida,cbsa,29802,26867,2936,-3284,4045,14534.05,651861.66,79572.87,46.7,0.7,0.02,0.09,0.12,0.2,195023.73,996,654.48,0.0388,78752.26,41.03,0.56,0.04,0.13,0.21,56669,0.004504023138897293,0.9896873142818652,-5.670000000000002,-0.1399999999999999,0.02,0.04000000000000001,0.09,3697,0.005703797550455775
39300,"Providence-Warwick, RI-MA Metro Area","Providence-Warwick, RI-MA Metro Area, Rhode Island",Rhode Island,cbsa,37023,34154,2869,-1259,14548,66664.05,1680868.9,87302.03,40.7,0.71,0.03,0.05,0.15,0.21,229509.02,1585.06,1060.45,0.0064,95969.08,40.48,0.6,0.07,0.1,0.17,71177,0.0017068553056100925,1.09927661475913,-0.22000000000000597,-0.10999999999999999,0.04000000000000001,0.05,0.020000000000000018,16158,0.009706189825512647
26620,"Huntsville, AL Metro Area","Huntsville, AL Metro Area, Alabama",Alabama,cbsa,18856,16013,2842,1029,2424,12005.07,523804.26,85372.12,38.8,0.64,0.02,0.21,0.07,0.26,177840.64,1364.87,383.78,0.0543,75731.69,38.24,0.63,0.04,0.15,0.14,34869,0.00542569088689733,0.8870775377254309,-0.5599999999999952,-0.010000000000000009,0.02,-0.06,0.07,6295,0.012164033547921442
39900,"Reno, NV Metro Area","Reno, NV Metro Area, Nevada",Nevada,cbsa,21278,18512,2766,-13,5148,10798.32,566324.92,87733.96,39.5,0.6,0.05,0.02,0.25,0.2,305390.4,8548.77,66.25,0.0385,87080.25,39.89,0.51,0.08,0.08,0.25,39790,0.004884121998375067,0.9925489513980674,0.39000000000000057,-0.08999999999999997,0.03,0.06,0,7901,0.014148749215470569
25860,"Hickory-Lenoir-Morganton, NC Metro Area","Hickory-Lenoir-Morganton, NC Metro Area, North Carolina",North Carolina,cbsa,13353,10599,2754,-1430,780,5039.87,374302.92,62620.27,43.5,0.78,0.03,0.06,0.09,0.15,120083.69,1639.36,228.32,0.0082,74982.03,39.42,0.65,0.03,0.15,0.12,23952,0.007357677038693687,1.197408283292295,-4.079999999999998,-0.13,0,0.09,0.03,2104,0.005652891201296339
16300,"Cedar Rapids, IA Metro Area","Cedar Rapids, IA Metro Area, Iowa",Iowa,cbsa,8267,5681,2586,377,1878,5726.12,282454.44,78445.8,39.7,0.84,0.02,0.05,0.04,0.22,112401.83,2008.26,140.65,0.0392,77812.34,39.69,0.62,0.03,0.1,0.19,13948,0.009155458841432975,0.9919248704200861,-0.010000000000005116,-0.21999999999999997,0.009999999999999998,0.05,0.15,4841,0.017437916550437905
43300,"Sherman-Denison, TX Metro Area","Sherman-Denison, TX Metro Area, Texas",Texas,cbsa,12986,10443,2543,26,520,3159.89,166892.34,72206.04,39,0.71,0.02,0.05,0.16,0.16,126286.52,932.76,178.92,0.0252,84210.37,36.89,0.5,0.06,0.12,0.26,23429,0.015237367994241078,1.1662510504661383,-2.1099999999999994,-0.20999999999999996,0.039999999999999994,0.06999999999999999,0.1,3089,0.018857979330580196
41700,"San Antonio-New Braunfels, TX Metro Area","San Antonio-New Braunfels, TX Metro Area, Texas",Texas,cbsa,123146,120674,2472,13569,18350,47422.85,2848558.48,76333,35.9,0.32,0.03,0.07,0.55,0.2,158684.51,7311.75,389.59,0.0558,80579.31,36.34,0.45,0.05,0.1,0.35,243820,0.0008678073549678362,1.0556287582041843,0.44000000000000483,0.13,0.020000000000000004,0.03,-0.20000000000000007,34391,0.012220665701104612
46520,"Urban Honolulu, HI Metro Area","Urban Honolulu, HI Metro Area, Hawaii",Hawaii,cbsa,47171,44731,2440,2435,9368,19180.94,979306.07,106598.57,39.8,0.17,0.42,0.02,0.09,0.24,471896.26,583.7,1677.77,0.0204,87703.54,38.88,0.55,0.08,0.09,0.18,91902,0.002491560171785722,0.8227459336462017,-0.9199999999999946,0.38,-0.33999999999999997,0.06999999999999999,0.09,14243,0.014758620905470976
45900,"Traverse City, MI Metro Area","Traverse City, MI Metro Area, Michigan",Michigan,cbsa,8117,5703,2414,-513,182,4343.56,150826.72,81647.52,46.3,0.91,0.01,0.01,0.03,0.23,210233.98,1690.77,89.21,0.0405,78373.65,41.08,0.7,0.04,0.11,0.12,13820,0.016005121638924456,0.9599023950758087,-5.219999999999999,-0.21000000000000008,0.03,0.1,0.09,2083,0.014003952570232882
47260,"Virginia Beach-Chesapeake-Norfolk, VA-NC Metro Area","Virginia Beach-Chesapeake-Norfolk, VA-NC Metro Area, North Carolina",North Carolina,cbsa,45843,43432,2411,4452,5914,48836.06,1820150.77,82964.55,37.4,0.53,0.04,0.29,0.08,0.22,199504,3233.66,562.88,0.0216,83171.59,38.87,0.58,0.05,0.15,0.17,89275,0.0013246155427003444,1.00249552369054,1.4699999999999989,0.04999999999999993,0.010000000000000002,-0.13999999999999999,0.09000000000000001,12777,0.007069373370401409
41180,"St. Louis, MO-IL Metro Area","St. Louis, MO-IL Metro Area, Illinois",Illinois,cbsa,61082,58694,2388,-2412,13482,41774.95,2826897.71,80546.23,39.9,0.71,0.03,0.17,0.04,0.23,155754.49,7862.16,359.56,0.0051,79732.7,37.84,0.59,0.05,0.11,0.19,119776,0.0008447422740315567,0.9898998376460326,-2.059999999999995,-0.12,0.020000000000000004,-0.06000000000000001,0.15,13458,0.0047834684184506655
49180,"Winston-Salem, NC Metro Area","Winston-Salem, NC Metro Area, North Carolina",North Carolina,cbsa,26074,23832,2242,-494,3242,15497.91,704154.76,66662.75,40.7,0.65,0.02,0.17,0.12,0.19,133433.3,2008.85,350.53,0.022,76148.6,39.05,0.6,0.04,0.18,0.13,49906,0.0031839591626136275,1.1422961098964566,-1.6500000000000057,-0.050000000000000044,0.02,0.009999999999999981,0.010000000000000009,4990,0.00713708740125861
37860,"Pensacola-Ferry Pass-Brent, FL Metro Area","Pensacola-Ferry Pass-Brent, FL Metro Area, Florida",Florida,cbsa,28571,26394,2177,-390,2485,13259.41,535430.02,76166.92,39,0.68,0.02,0.15,0.07,0.19,146401.99,1669.29,320.75,0.0338,79408.95,39.27,0.58,0.05,0.13,0.17,54965,0.004065890814265513,1.0425648037231912,0.2700000000000031,-0.10000000000000009,0.030000000000000002,-0.01999999999999999,0.1,4272,0.008042804286377903
34740,"Muskegon-Norton Shores, MI Metro Area","Muskegon-Norton Shores, MI Metro Area, Michigan",Michigan,cbsa,7881,5780,2100,-65,182,2855.76,177317.45,65878.98,40,0.75,0.01,0.12,0.06,0.15,98073.39,503.88,351.9,-0.0061,80678.78,38.6,0.72,0.03,0.09,0.12,13661,0.011843166027934645,1.2246513227739713,-1.3999999999999986,-0.030000000000000027,0.019999999999999997,-0.03,0.06,2217,0.012661303840167172
27260,"Jacksonville, FL Metro Area","Jacksonville, FL Metro Area, Florida",Florida,cbsa,52635,50568,2067,2764,16066,30498.06,1728937.46,80177.39,39.3,0.59,0.04,0.2,0.11,0.24,219901.78,3251.56,531.73,0.057,78948.03,40.18,0.56,0.05,0.14,0.2,103203,0.0011955319656270275,0.9846669990130634,0.8800000000000026,-0.029999999999999916,0.010000000000000002,-0.06,0.09000000000000001,20897,0.012234487700601659
11360,"Anderson Creek, NC Micro Area","Anderson Creek, NC Micro Area, North Carolina",North Carolina,cbsa,11761,9695,2066,639,442,4145.55,151028.14,71452.57,35.6,0.58,0.01,0.2,0.15,0.16,115434.34,600,251.72,0.0775,81748.08,37.45,0.55,0.05,0.21,0.13,21456,0.01367956991326252,1.1440887290688073,1.8500000000000014,-0.029999999999999916,0.04,0.009999999999999981,-0.01999999999999999,3147,0.021280604139243178
30780,"Little Rock-North Little Rock-Conway, AR Metro Area","Little Rock-North Little Rock-Conway, AR Metro Area, Arkansas",Arkansas,cbsa,17880,15838,2041,1320,1657,11642.61,762792.7,67445.29,37.6,0.63,0.02,0.23,0.07,0.21,115931.6,4208.66,181.24,0.0614,72321.04,38.72,0.63,0.03,0.13,0.15,33718,0.0026756941958149313,1.0722919272791325,1.1199999999999974,0,0.009999999999999998,-0.1,0.07999999999999999,5018,0.006622021030789231
11700,"Asheville, NC Metro Area","Asheville, NC Metro Area, North Carolina",North Carolina,cbsa,16683,14651,2032,-1195,1862,10768.58,408906.37,71975.93,44,0.81,0.01,0.04,0.1,0.25,177557.26,1489.91,274.45,0.0505,73988.75,41.21,0.68,0.03,0.13,0.12,31334,0.004969352764056965,1.0279651822491214,-2.789999999999999,-0.13,0.019999999999999997,0.09,0.01999999999999999,2699,0.006644389539264145
28700,"Kingsport-Bristol, TN-VA Metro Area","Kingsport-Bristol, TN-VA Metro Area, Virginia",Virginia,cbsa,10492,8509,1983,-2371,143,5059.97,310315.96,58196.13,45.7,0.92,0.01,0.02,0.02,0.16,82641.71,2010.18,154.37,0.0027,70353.27,40.84,0.74,0.03,0.09,0.11,19001,0.0063902610745512406,1.2088994577474483,-4.859999999999999,-0.18000000000000005,0.019999999999999997,0.06999999999999999,0.09,-245,-0.0007888950369035438
11540,"Appleton, WI Metro Area","Appleton, WI Metro Area, Wisconsin",Wisconsin,cbsa,7347,5427,1920,637,671,5088.11,246429.91,87136.01,39.4,0.85,0.03,0.01,0.05,0.23,168694.24,955.76,257.84,0.0375,79182.19,39.02,0.7,0.04,0.08,0.13,12774,0.0077912620265940934,0.9087194834833499,-0.37999999999999545,-0.15000000000000002,0.010000000000000002,0.07,0.08,3228,0.013272922075324161
24180,"Granbury, TX Micro Area","Granbury, TX Micro Area, Texas",Texas,cbsa,6987,5150,1838,-169,78,1425.38,71018.18,87655.42,45.9,0.81,0.01,0.01,0.14,0.23,174350.88,420.69,168.81,0.0303,84186.19,35.85,0.48,0.06,0.12,0.3,12137,0.025880697027155584,0.9604219567940009,-10.049999999999997,-0.33000000000000007,0.049999999999999996,0.11,0.15999999999999998,1747,0.025219723411669906
28940,"Knoxville, TN Metro Area","Knoxville, TN Metro Area, Tennessee",Tennessee,cbsa,27852,26039,1812,-1980,2696,31652,950444.6,72347.2,40.6,0.84,0.02,0.05,0.05,0.2,183946.95,3544.29,268.16,0.0354,76732.24,39.48,0.65,0.04,0.11,0.15,53891,0.0019064761901956202,1.060611053364885,-1.1200000000000045,-0.18999999999999995,0.02,0.06,0.09999999999999999,2528,0.002666901286463387
44060,"Spokane-Spokane Valley, WA Metro Area","Spokane-Spokane Valley, WA Metro Area, Washington",Washington,cbsa,17115,15311,1803,351,1755,12459.7,595743.27,77584.83,39.1,0.81,0.02,0.02,0.07,0.2,197603.82,4240.86,140.48,0.0348,83992.28,37.62,0.63,0.06,0.05,0.19,32426,0.003026471453047216,1.0825863767440103,-1.480000000000004,-0.18000000000000005,0.039999999999999994,0.030000000000000002,0.12,3909,0.006604889574914274
48060,"Watertown-Fort Drum, NY Metro Area","Watertown-Fort Drum, NY Metro Area, New York",New York,cbsa,8324,6544,1780,791,636,3141.69,118134.97,66907.84,33.7,0.8,0.02,0.04,0.08,0.15,113070.83,1267.72,93.19,0.0159,74671.26,38.77,0.55,0.04,0.12,0.24,14868,0.01506751133893715,1.1160315442853932,5.07,-0.25,0.02,0.07999999999999999,0.15999999999999998,3207,0.02790443440356599
21660,"Eugene-Springfield, OR Metro Area","Eugene-Springfield, OR Metro Area, Oregon",Oregon,cbsa,16389,14681,1708,-1451,1190,11855.19,390848.78,71348.52,40.3,0.78,0.03,0.01,0.1,0.2,229382.38,4553.62,85.83,0.0368,84912.05,38.83,0.6,0.06,0.08,0.2,31070,0.004369976541822645,1.1901024716420185,-1.4699999999999989,-0.18000000000000005,0.03,0.07,0.1,1447,0.0037159563061062535
17140,"Cincinnati, OH-KY-IN Metro Area","Cincinnati, OH-KY-IN Metro Area, Indiana",Indiana,cbsa,34583,32877,1706,4933,18000,53590,2301063.89,81610.72,38.2,0.76,0.03,0.11,0.05,0.23,157073.46,4384.87,524.77,0.0143,77788.87,38.71,0.65,0.03,0.15,0.11,67460,0.0007413961895686434,0.9531697551498136,0.509999999999998,-0.10999999999999999,0,0.039999999999999994,0.06,24639,0.010823550607022224
28450,"Kenosha, WI Metro Area","Kenosha, WI Metro Area, Wisconsin",Wisconsin,cbsa,7878,6208,1671,169,624,5840.67,176800.76,81631.53,39.4,0.72,0.02,0.06,0.15,0.2,155140.32,271.81,650.47,0.0397,86932.34,39.04,0.56,0.06,0.14,0.21,14086,0.009451316838230785,1.0649358158544866,-0.35999999999999943,-0.15999999999999992,0.039999999999999994,0.08000000000000002,0.06,2464,0.014133565405253602
24540,"Greeley, CO Metro Area","Greeley, CO Metro Area, Colorado",Colorado,cbsa,18317,16652,1664,2726,1310,7814.12,368073.23,96839.82,35.3,0.62,0.02,0.01,0.31,0.21,255871.97,3982.53,92.42,0.1364,95987.12,37.42,0.69,0.04,0.04,0.18,34969,0.004520839507942482,0.9911947378671293,2.1200000000000045,0.06999999999999995,0.02,0.03,-0.13,5700,0.015729638748425208
29340,"Lake Charles, LA Metro Area","Lake Charles, LA Metro Area, Louisiana",Louisiana,cbsa,7402,5769,1633,312,910,4683.22,234178.91,66829.24,37.6,0.67,0.01,0.22,0.05,0.15,119478.97,2996.24,78.16,0.0106,67220.5,37.95,0.57,0.02,0.21,0.14,13171,0.0069733008834997135,1.0058546229165557,0.3500000000000014,-0.10000000000000009,0.01,-0.010000000000000009,0.09000000000000001,2855,0.01234200130890058
12060,"Atlanta-Sandy Springs-Roswell, GA Metro Area","Atlanta-Sandy Springs-Roswell, GA Metro Area, Georgia",Georgia,cbsa,113162,111545,1617,29388,54285,90613.3,6442137.06,90201.42,37.2,0.43,0.07,0.33,0.12,0.26,197985.97,8958.86,719.08,0.0767,81505.12,38.19,0.57,0.05,0.16,0.16,224707,0.0002510036630608415,0.9035902095554593,0.9899999999999949,0.13999999999999996,-0.020000000000000004,-0.17,0.04000000000000001,85290,0.013417028787223962
24020,"Glens Falls, NY Metro Area","Glens Falls, NY Metro Area, New York",New York,cbsa,7049,5458,1591,-442,286,3536.97,126967.92,76002.08,46.1,0.91,0.01,0.02,0.03,0.17,138491.19,1698.25,74.76,-0.005,85157.88,42.89,0.73,0.04,0.09,0.1,12507,0.012530724296341942,1.1204677556193199,-3.210000000000001,-0.18000000000000005,0.03,0.06999999999999999,0.07,1435,0.011431264404588056
13460,"Bend, OR Metro Area","Bend, OR Metro Area, Oregon",Oregon,cbsa,10381,8794,1587,-91,624,4433.34,250119.31,90650.03,43,0.81,0.01,0,0.1,0.26,347165.49,7777.18,32.16,0.0649,83389.11,39.27,0.61,0.05,0.07,0.2,19175,0.006344971925598228,0.9199016260667536,-3.729999999999997,-0.20000000000000007,0.04,0.07,0.1,2120,0.008548410880659305
22420,"Flint, MI Metro Area","Flint, MI Metro Area, Michigan",Michigan,cbsa,14448,12867,1581,-832,1144,6836.41,405740.91,62285.43,40.6,0.7,0.01,0.19,0.04,0.15,100027.24,635.85,638.11,-0.0014,75429.67,39.9,0.67,0.04,0.16,0.09,27315,0.0038965752800229096,1.2110323393448517,-0.7000000000000028,-0.029999999999999916,0.03,-0.03,0.049999999999999996,1893,0.004687408187899251
41620,"Salt Lake City-Murray, UT Metro Area","Salt Lake City-Murray, UT Metro Area, Utah",Utah,cbsa,47962,46432,1530,8223,21263,21980.44,1331420.34,98225.3,33.9,0.67,0.04,0.02,0.2,0.24,289921.74,8264.03,161.11,0.0566,93685.15,33.39,0.7,0.04,0.04,0.15,94394,0.0011491487354023749,0.9537782017463932,-0.509999999999998,0.029999999999999916,0,0.02,-0.05000000000000002,31016,0.023851043130169804
37460,"Panama City-Panama City Beach, FL Metro Area","Panama City-Panama City Beach, FL Metro Area, Florida",Florida,cbsa,12199,10698,1501,-26,2572,5363.39,233227.96,71467.63,41.1,0.73,0.02,0.1,0.09,0.17,134072.05,1343.07,173.65,0.0428,76864.38,39.07,0.62,0.04,0.14,0.14,22897,0.006435763533668948,1.075513207867674,-2.030000000000001,-0.10999999999999999,0.02,0.04000000000000001,0.05000000000000002,4047,0.01765853498475615
16940,"Cheyenne, WY Metro Area","Cheyenne, WY Metro Area, Wyoming",Wyoming,cbsa,6312,4814,1498,130,91,2251.82,103230.02,80794.58,38.5,0.75,0.01,0.02,0.16,0.21,209393.31,2685.37,38.44,0.0255,88340.36,37.74,0.6,0.05,0.09,0.21,11126,0.014511282667580613,1.0933946311745169,-0.759999999999998,-0.15000000000000002,0.04,0.06999999999999999,0.04999999999999999,1719,0.01693412202931268
43620,"Sioux Falls, SD-MN Metro Area","Sioux Falls, SD-MN Metro Area, Minnesota",Minnesota,cbsa,10753,9293,1460,1559,764,5754.39,303540.11,82757.88,36.3,0.82,0.01,0.05,0.06,0.25,127721.38,3166.71,95.85,0.051,76537.99,38.12,0.64,0.03,0.1,0.18,20046,0.004809907988766296,0.9248423231721258,1.8200000000000003,-0.17999999999999994,0.019999999999999997,0.05,0.12,3783,0.012620217748963486
41780,"Sandusky, OH Metro Area","Sandusky, OH Metro Area, Ohio",Ohio,cbsa,5078,3626,1453,-720,143,3389.07,114657.76,73345.34,47.1,0.83,0.01,0.06,0.05,0.19,91433.51,505.94,226.62,-0.0231,71460.39,41.06,0.71,0.02,0.13,0.11,8704,0.01267249595666268,0.9743003440982072,-6.039999999999999,-0.12,0.01,0.07,0.06,876,0.007698949286774963
12980,"Battle Creek, MI Metro Area","Battle Creek, MI Metro Area, Michigan",Michigan,cbsa,7019,5569,1451,-337,439,3491.77,135127.89,63881.6,40.2,0.75,0.03,0.1,0.06,0.15,82145.5,706.19,191.35,0.0246,73800.73,38.81,0.74,0.03,0.09,0.09,12588,0.01073797570582949,1.1552736625256725,-1.3900000000000006,-0.010000000000000009,0,-0.010000000000000009,0.03,1553,0.01162643667533621
25420,"Harrisburg-Carlisle, PA Metro Area","Harrisburg-Carlisle, PA Metro Area, Pennsylvania",Pennsylvania,cbsa,13931,12495,1436,468,4198,16084.86,606101.31,81841.39,40.1,0.72,0.06,0.1,0.08,0.22,159768.45,1621.66,373.75,0.02,85207.82,40.13,0.68,0.05,0.1,0.14,26426,0.0023692408782287565,1.0411335877848606,0.030000000000001137,-0.039999999999999925,-0.009999999999999995,0,0.06000000000000001,6102,0.010170011695513449
24340,"Grand Rapids-Wyoming-Kentwood, MI Metro Area","Grand Rapids-Wyoming-Kentwood, MI Metro Area, Michigan",Michigan,cbsa,33177,31743,1434,4030,7778,31457.52,1186099.24,83369.25,36.8,0.76,0.03,0.06,0.1,0.24,180220.25,3241.6,365.9,0.0473,74949.75,39.66,0.71,0.03,0.1,0.1,64920,0.0012090050744826377,0.8990095268939087,2.8599999999999994,-0.050000000000000044,0,0.04000000000000001,0,13242,0.011290376653172214
16220,"Casper, WY Metro Area","Casper, WY Metro Area, Wyoming",Wyoming,cbsa,3942,2526,1416,65,13,1573.22,81774.83,72051.26,38.4,0.85,0.01,0.01,0.09,0.17,105416.56,5340.1,15.31,0.0258,80720.32,37.54,0.63,0.04,0.08,0.18,6468,0.017315841561517158,1.1203179514140351,-0.8599999999999994,-0.21999999999999997,0.03,0.07,0.09,1494,0.018609673068900757
40580,"Rocky Mount, NC Metro Area","Rocky Mount, NC Metro Area, North Carolina",North Carolina,cbsa,6374,5003,1371,-234,273,2613.61,150236.02,59661.88,41.6,0.42,0.01,0.45,0.08,0.14,71460.52,1045.79,143.66,0.0044,77897.53,39.29,0.55,0.04,0.23,0.13,11377,0.00912564110790475,1.305649939291219,-2.3100000000000023,0.13000000000000006,0.03,-0.22,0.05,1410,0.009474149748814087
49620,"York-Hanover, PA Metro Area","York-Hanover, PA Metro Area, Pennsylvania",Pennsylvania,cbsa,11831,10464,1367,520,2276,9950.04,471763.96,85271.51,41.1,0.79,0.01,0.06,0.1,0.17,127589.15,904.29,521.69,0.0221,88497.99,40.37,0.64,0.05,0.14,0.12,22295,0.002897635503992293,1.0378377256366167,-0.730000000000004,-0.15000000000000002,0.04,0.08000000000000002,0.01999999999999999,4163,0.00890289019081569
33260,"Midland, TX Metro Area","Midland, TX Metro Area, Texas",Texas,cbsa,18526,17160,1365,2073,1925,5202.83,195941.06,92140.55,32.9,0.42,0.02,0.06,0.46,0.21,198745.46,1812.28,108.12,0.0478,71634,34.5,0.38,0.03,0.07,0.48,35686,0.006966380604453196,0.7774427220154427,1.6000000000000014,-0.03999999999999998,0.009999999999999998,0.010000000000000009,0.019999999999999962,5363,0.0281406999315661
21820,"Fairbanks-College, AK Metro Area","Fairbanks-College, AK Metro Area, Alaska",Alaska,cbsa,9124,7779,1345,925,429,3306.87,109498.56,89707.34,32.5,0.67,0.03,0.04,0.08,0.2,138341.56,7334.51,14.93,0.0463,77017,38.71,0.62,0.05,0.14,0.14,16903,0.01228326655619946,0.8585362134246763,6.210000000000001,-0.050000000000000044,0.020000000000000004,0.1,0.06000000000000001,2699,0.02527163969589388
15940,"Canton-Massillon, OH Metro Area","Canton-Massillon, OH Metro Area, Ohio",Ohio,cbsa,8827,7497,1330,-702,598,8606.65,397039.94,67782.23,42.1,0.85,0.01,0.07,0.03,0.16,105136.85,969.75,409.43,-0.0073,73006.7,40.97,0.74,0.03,0.11,0.08,16324,0.0033497889406289955,1.0770772811694156,-1.1300000000000026,-0.10999999999999999,0.019999999999999997,0.039999999999999994,0.05,1226,0.003097414911662788
17660,"Coeur d'Alene, ID Metro Area","Coeur d'Alene, ID Metro Area, Idaho",Idaho,cbsa,7180,5851,1329,156,39,3172.9,180589.8,82246.94,40.9,0.86,0.01,0,0.06,0.2,317802.29,1237.58,145.92,0.1346,82342.87,38.72,0.64,0.05,0.06,0.19,13031,0.007359219623699678,1.0011663655815035,-2.1799999999999997,-0.21999999999999997,0.04,0.06,0.13,1524,0.008510837915447841
38340,"Pittsfield, MA Metro Area","Pittsfield, MA Metro Area, Massachusetts",Massachusetts,cbsa,3460,2142,1318,-897,559,4595.84,124717.21,76045.21,47.3,0.85,0.02,0.03,0.06,0.21,187684.46,926.78,134.57,0.0001,92862.77,43.03,0.67,0.05,0.1,0.18,5602,0.010567907989603038,1.2211521277934534,-4.269999999999996,-0.17999999999999994,0.030000000000000002,0.07,0.12,980,0.007920010480275092
40420,"Rockford, IL Metro Area","Rockford, IL Metro Area, Illinois",Illinois,cbsa,13865,12551,1314,52,1865,4714.22,335408.13,68437.8,39.6,0.64,0.03,0.1,0.17,0.16,88996.27,793.73,422.57,0.0163,82413.37,39.72,0.61,0.04,0.12,0.2,26416,0.003917615234907991,1.2042083468492557,0.11999999999999744,-0.030000000000000027,0.010000000000000002,0.01999999999999999,0.03,3231,0.009726738261601574
28680,"Kingsland, GA Micro Area","Kingsland, GA Micro Area, Georgia",Georgia,cbsa,4794,3509,1285,307,0,1353.2,61190.95,74291.75,34.7,0.68,0.02,0.16,0.08,0.15,146551.84,630.09,97.12,0.0848,83564.87,39.96,0.63,0.04,0.12,0.16,8303,0.0209998373942552,1.1248203198874707,5.259999999999998,-0.050000000000000044,0.02,-0.04000000000000001,0.08,1592,0.02671187999117434
40220,"Roanoke, VA Metro Area","Roanoke, VA Metro Area, Virginia",Virginia,cbsa,5840,4557,1283,-1157,1224,7179.5,315625.96,69312.08,42.8,0.75,0.02,0.13,0.05,0.2,116231.09,1867.36,169.02,0.0201,79124.98,39.45,0.62,0.04,0.15,0.13,10397,0.00406493813119808,1.141575609908114,-3.3499999999999943,-0.13,0.02,0.01999999999999999,0.08,1350,0.004295587864881552
27100,"Jackson, MI Metro Area","Jackson, MI Metro Area, Michigan",Michigan,cbsa,6702,5425,1277,-117,416,3192.2,158571.38,66800.05,41.5,0.82,0.01,0.07,0.04,0.16,112664.19,701.85,225.93,0.0041,75373.75,39.42,0.72,0.04,0.1,0.1,12127,0.008053155619885505,1.1283487063258186,-2.0799999999999983,-0.09999999999999998,0.03,0.03,0.060000000000000005,1576,0.010038511961307396
16860,"Chattanooga, TN-GA Metro Area","Chattanooga, TN-GA Metro Area, Tennessee",Tennessee,cbsa,15221,13953,1268,-806,1781,13135.8,587721.99,72275.1,40.4,0.76,0.02,0.12,0.06,0.2,155721.74,2080.4,282.5,0.0133,76485.99,38.51,0.62,0.04,0.12,0.16,29174,0.002157482656042868,1.0582619740408523,-1.8900000000000006,-0.14,0.02,0,0.1,2243,0.0038310512218380373
36420,"Oklahoma City, OK Metro Area","Oklahoma City, OK Metro Area, Oklahoma",Oklahoma,cbsa,33271,32006,1265,4618,6287,23111.91,1481495.49,72191.94,36,0.6,0.03,0.09,0.16,0.22,130782.03,5503.04,269.21,0.0364,75045.21,36.95,0.61,0.04,0.09,0.17,65277,0.0008538669260478141,1.0395233872368579,0.9500000000000028,0.010000000000000009,0.010000000000000002,0,0.010000000000000009,12170,0.008282712089885543
25260,"Hanford-Corcoran, CA Metro Area","Hanford-Corcoran, CA Metro Area, California",California,cbsa,9358,8100,1257,1077,886,2693,159804.77,71136,32.5,0.28,0.04,0.06,0.58,0.09,143788.42,1390.89,114.89,0.0644,80913.06,35.22,0.37,0.07,0.05,0.45,17458,0.007865847809173657,1.1374418016194332,2.719999999999999,0.08999999999999997,0.030000000000000006,-0.009999999999999995,-0.12999999999999995,3220,0.020563941180231003
32780,"Medford, OR Metro Area","Medford, OR Metro Area, Oregon",Oregon,cbsa,7453,6210,1243,-676,260,3239.38,218231.09,73734.99,42.8,0.77,0.01,0.01,0.15,0.2,172654.58,2782.93,78.42,0.0533,78051.04,40.29,0.61,0.04,0.07,0.2,13663,0.005695797056230622,1.0585346251487928,-2.509999999999998,-0.16000000000000003,0.03,0.060000000000000005,0.05000000000000002,827,0.0038039762729394832
26820,"Idaho Falls, ID Metro Area","Idaho Falls, ID Metro Area, Idaho",Idaho,cbsa,6330,5094,1236,1155,206,2223.03,168485.97,80973.26,33.5,0.81,0.01,0,0.14,0.22,221914.81,5194.42,32.44,0.1477,78865.53,35.94,0.66,0.03,0.07,0.19,11424,0.0073359223916389,0.9739700488778642,2.4399999999999977,-0.15000000000000002,0.019999999999999997,0.07,0.04999999999999999,2597,0.015655049277839266
28020,"Kalamazoo-Portage, MI Metro Area","Kalamazoo-Portage, MI Metro Area, Michigan",Michigan,cbsa,12436,11201,1235,221,2226,12760.94,279533.64,72506.93,35,0.75,0.03,0.11,0.06,0.25,158585.71,561.91,497.47,0.0353,75762.67,39.43,0.73,0.03,0.09,0.09,23637,0.0044180729017087176,1.0449024665642306,4.43,-0.020000000000000018,0,-0.020000000000000004,0.03,3682,0.0133477546118631
35980,"Norwich-New London-Willimantic, CT Metro Area","Norwich-New London-Willimantic, CT Metro Area, Connecticut",Connecticut,cbsa,11692,10473,1219,-286,1286,10066.77,241183.73,87198.8,41.1,0.71,0.04,0.05,0.15,0.2,174480.98,598.1,403.25,0.003,85065.46,41.04,0.64,0.04,0.1,0.16,22165,0.005054238111335287,0.9755347550654367,-0.060000000000002274,-0.06999999999999995,0,0.05,0.010000000000000009,2219,0.009285889177034618
39340,"Provo-Orem-Lehi, UT Metro Area","Provo-Orem-Lehi, UT Metro Area, Utah",Utah,cbsa,34399,33183,1216,10083,9213,11517.57,786993.06,100972.55,25.8,0.78,0.02,0.01,0.14,0.3,255541.24,5579.89,141.04,0.0926,93366.81,35.59,0.63,0.06,0.04,0.19,67582,0.0015451216304245426,0.9246751716184249,9.790000000000003,-0.15000000000000002,0.039999999999999994,0.03,0.04999999999999999,20512,0.026761261393725762
36540,"Omaha, NE-IA Metro Area","Omaha, NE-IA Metro Area, Nebraska",Nebraska,cbsa,21684,20476,1207,4660,7148,14172.04,1003262.14,85407.07,36.6,0.72,0.03,0.07,0.12,0.25,170578.87,4344.52,230.93,0.0374,83314.6,37.46,0.59,0.05,0.08,0.21,42160,0.001203075399615897,0.9755000376432537,0.8599999999999994,-0.13,0.020000000000000004,0.009999999999999995,0.09,13015,0.013143183629896674
14660,"Brainerd, MN Micro Area","Brainerd, MN Micro Area, Minnesota",Minnesota,cbsa,3924,2719,1205,-312,65,2667.34,99055.16,71718,46.8,0.89,0,0,0.02,0.19,185570.58,3019.61,32.8,-0.036,83796.49,41.04,0.61,0.04,0.08,0.23,6643,0.012164939211647328,1.1684164365989014,-5.759999999999998,-0.28,0.04,0.08,0.21000000000000002,958,0.009765828083096392
41100,"St. George, UT Metro Area","St. George, UT Metro Area, Utah",Utah,cbsa,9760,8622,1138,604,494,4847.17,200227.61,80792.02,39.1,0.81,0.01,0,0.12,0.22,208015.71,2427.18,82.49,0.1526,87001.12,35.5,0.66,0.05,0.05,0.16,18382,0.00568353185657063,1.0768528872034637,-3.6000000000000014,-0.15000000000000002,0.04,0.05,0.04000000000000001,2236,0.011293407836827026
18260,"Cookeville, TN Micro Area","Cookeville, TN Micro Area, Tennessee",Tennessee,cbsa,5712,4577,1135,-507,283,5151.95,149072.58,55944.22,39.7,0.88,0.01,0.02,0.06,0.15,101536.81,1519.9,98.08,0.0454,75568.97,40.13,0.69,0.03,0.1,0.13,10289,0.00761374090392747,1.3507913775542852,0.4299999999999997,-0.19000000000000006,0.019999999999999997,0.08,0.07,911,0.006148692528791877
28060,"Kalispell, MT Micro Area","Kalispell, MT Micro Area, Montana",Montana,cbsa,7042,5917,1125,195,13,3395.45,122654.45,73888.95,42.2,0.9,0.01,0,0.04,0.24,314952.32,5132.18,23.9,0.0429,85704.05,40.07,0.64,0.04,0.08,0.2,12959,0.009172109124454922,1.1599034767715606,-2.1300000000000026,-0.26,0.03,0.08,0.16,1333,0.010987339831497233
27900,"Joplin, MO-KS Metro Area","Joplin, MO-KS Metro Area, Missouri",Missouri,cbsa,6592,5498,1094,13,650,2864.17,209425.78,61781.04,38.3,0.81,0.01,0.01,0.08,0.16,71203.3,1850.29,113.19,0.0059,75591.51,37.18,0.59,0.04,0.1,0.2,12090,0.005223807689769617,1.2235389692371639,-1.1199999999999974,-0.22000000000000008,0.03,0.09000000000000001,0.12000000000000001,1757,0.008460588057578997
18620,"Corsicana, TX Micro Area","Corsicana, TX Micro Area, Texas",Texas,cbsa,4636,3545,1091,144,91,1267.97,55332.19,64618.24,36.7,0.51,0.01,0.09,0.32,0.12,123908.81,1009.6,54.81,0.041,84045.75,36.52,0.47,0.06,0.13,0.29,8181,0.019717274881041216,1.3006505593467108,-0.17999999999999972,-0.040000000000000036,0.049999999999999996,0.04000000000000001,-0.030000000000000027,1326,0.02455274108393871
11100,"Amarillo, TX Metro Area","Amarillo, TX Metro Area, Texas",Texas,cbsa,12930,11859,1071,712,1531,4498.63,279748.52,70229.14,36.3,0.57,0.03,0.06,0.3,0.18,102971.94,5149.37,54.33,0.0419,73656.69,36.11,0.48,0.03,0.07,0.37,24789,0.003828438484679025,1.0488052395344725,-0.18999999999999773,-0.08999999999999997,0,0.010000000000000009,0.07,3314,0.011988372508614335
39660,"Rapid City, SD Metro Area","Rapid City, SD Metro Area, South Dakota",South Dakota,cbsa,10271,9214,1056,286,65,3467.44,160156.79,75257.73,40.6,0.8,0.01,0.01,0.05,0.22,169152.95,7801.33,20.53,0.035,76685.26,37.9,0.61,0.03,0.09,0.22,19485,0.006593538744126927,1.0189685498087704,-2.700000000000003,-0.19000000000000006,0.019999999999999997,0.08,0.16999999999999998,1407,0.00886300385027281
19740,"Denver-Aurora-Centennial, CO Metro Area","Denver-Aurora-Centennial, CO Metro Area, Colorado",Colorado,cbsa,61249,60203,1046,12795,25275,42351.32,3115757.46,106104.45,37.3,0.61,0.04,0.05,0.24,0.31,340293.52,8262.76,377.08,0.0558,89035.95,37.66,0.65,0.04,0.06,0.19,121452,0.00033571290879618083,0.8391349278941647,0.35999999999999943,0.040000000000000036,0,0.009999999999999995,-0.04999999999999999,39116,0.012713863642726832
32060,"Marion-Herrin, IL Micro Area","Marion-Herrin, IL Micro Area, Illinois",Illinois,cbsa,4546,3517,1029,-247,143,966.83,66667.54,65527.35,41.6,0.88,0.01,0.04,0.03,0.16,130955.03,420.12,158.69,0.0104,66851.48,36.82,0.64,0.04,0.13,0.13,8063,0.015434797804148767,1.0202072874914063,-4.780000000000001,-0.24,0.03,0.09,0.1,925,0.014070037452158072
39060,"Pottsville, PA Micro Area","Pottsville, PA Micro Area, Pennsylvania",Pennsylvania,cbsa,3135,2142,993,-728,325,2739.33,144792.68,68266.66,43.7,0.86,0,0.03,0.08,0.13,116217.54,778.5,185.99,0.0186,80698.87,41.33,0.69,0.04,0.08,0.16,5277,0.0068580814997001235,1.1821124689562956,-2.3700000000000045,-0.17000000000000004,0.04,0.05,0.08,590,0.004091463487363758
37900,"Peoria, IL Metro Area","Peoria, IL Metro Area, Illinois",Illinois,cbsa,13889,12905,984,-416,1835,6340.71,360050.07,72232.45,40.1,0.79,0.03,0.09,0.04,0.2,94808.16,2467.07,145.94,-0.0001,77199.74,39.49,0.64,0.04,0.1,0.17,26794,0.0027329532250889438,1.0687681229142858,-0.6099999999999994,-0.15000000000000002,0.010000000000000002,0.010000000000000009,0.13,2403,0.00671891426371814
20660,"Easton, MD Micro Area","Easton, MD Micro Area, Maryland",Maryland,cbsa,2734,1754,980,-247,182,922.24,37031.74,85514.01,51.2,0.74,0.01,0.12,0.1,0.24,361384.92,268.54,137.9,0.0234,92448,44.98,0.63,0.04,0.25,0.12,4488,0.02646378485050932,1.0810860115202177,-6.220000000000006,-0.10999999999999999,0.03,0.13,0.01999999999999999,915,0.025334512472609656
34300,"Mountain Home, ID Micro Area","Mountain Home, ID Micro Area, Idaho",Idaho,cbsa,2794,1814,979,271,195,654.75,31761.88,66194.36,33.1,0.69,0.03,0.03,0.18,0.16,106112.86,3074.25,10.33,0.1772,80371.72,40.09,0.67,0.03,0.1,0.16,4608,0.030823112485784846,1.2141777637853135,6.990000000000002,-0.019999999999999907,0,0.07,-0.01999999999999999,1445,0.04766321600375764
27600,"Jefferson, GA Micro Area","Jefferson, GA Micro Area, Georgia",Georgia,cbsa,4713,3741,972,221,221,1317.08,82305.83,88650.7,38.1,0.76,0.02,0.08,0.11,0.18,149996.74,339.69,242.3,0.0795,82929.12,37.45,0.52,0.05,0.22,0.15,8454,0.01180961300068294,0.9354592800733665,-0.6499999999999986,-0.24,0.030000000000000002,0.14,0.039999999999999994,1414,0.017480133655030428
35660,"Niles, MI Metro Area","Niles, MI Metro Area, Michigan",Michigan,cbsa,8322,7370,952,-507,845,3778.89,148741.19,65851.55,42.7,0.73,0.02,0.13,0.06,0.19,132432.14,567.76,261.98,0.0043,72820.74,39.51,0.7,0.03,0.11,0.12,15692,0.0064003790745522475,1.1058318293191276,-3.190000000000005,-0.030000000000000027,0.009999999999999998,-0.020000000000000004,0.06,1290,0.008748657776176645
27500,"Janesville-Beloit, WI Metro Area","Janesville-Beloit, WI Metro Area, Wisconsin",Wisconsin,cbsa,5593,4646,947,26,247,3289.3,166378.62,75644.51,40.3,0.8,0.01,0.05,0.1,0.18,124397.85,718.08,231.7,0.0237,81834.59,40.36,0.69,0.04,0.08,0.16,10239,0.005691837088202799,1.0818311864271446,0.060000000000002274,-0.1100000000000001,0.03,0.03,0.06,1220,0.007386838180168859
11940,"Athens, TN Micro Area","Athens, TN Micro Area, Tennessee",Tennessee,cbsa,3427,2484,943,-221,39,1340.24,69824.22,61136.14,42.9,0.87,0.01,0.03,0.04,0.11,96842.52,625.17,111.69,0.0283,72920.5,39.13,0.69,0.03,0.08,0.15,5911,0.013505342415568696,1.192756035955165,-3.769999999999996,-0.18000000000000005,0.019999999999999997,0.05,0.10999999999999999,761,0.011018889649222843
26980,"Iowa City, IA Metro Area","Iowa City, IA Metro Area, Iowa",Iowa,cbsa,7906,6970,936,934,2065,14342.54,192801.26,75105.12,32.1,0.77,0.05,0.07,0.07,0.29,151801.51,1181.62,163.17,0.0666,82185.81,39.86,0.65,0.04,0.1,0.16,14876,0.004854740057196721,1.0942770612709227,7.759999999999998,-0.12,-0.010000000000000002,0.03,0.09,3935,0.020834848956081408
17410,"Cleveland, OH Metro Area","Cleveland, OH Metro Area, Ohio",Ohio,cbsa,28675,27743,933,-1807,11608,36205.49,2152918.39,70718.06,41.6,0.68,0.02,0.18,0.07,0.2,134853.62,2694.08,799.13,-0.0073,78623.03,40.21,0.68,0.03,0.13,0.11,56418,0.0004333652424233321,1.1117814883496522,-1.3900000000000006,0,0.009999999999999998,-0.04999999999999999,0.039999999999999994,10734,0.005010773138907991
46100,"Tullahoma-Manchester, TN Micro Area","Tullahoma-Manchester, TN Micro Area, Tennessee",Tennessee,cbsa,3713,2783,930,-117,143,1027.99,65738.13,61634.53,39.8,0.86,0.01,0.04,0.06,0.12,133981.25,558.16,117.78,0.0549,76868.02,38.46,0.65,0.03,0.09,0.16,6496,0.014147040690083516,1.2471583704783666,-1.3399999999999963,-0.20999999999999996,0.019999999999999997,0.049999999999999996,0.1,956,0.014757156024354246
31900,"Mansfield, OH Metro Area","Mansfield, OH Metro Area, Ohio",Ohio,cbsa,3653,2737,915,-312,143,1821.37,120024.91,59423.13,40.9,0.84,0.01,0.07,0.02,0.11,89975.51,495.19,242.38,-0.0135,72070.57,40.02,0.77,0.02,0.08,0.07,6390,0.007623417505582799,1.2128369878867036,-0.8799999999999955,-0.06999999999999995,0.01,0.009999999999999995,0.05,746,0.006254248969914296
29060,"Laconia, NH Micro Area","Laconia, NH Micro Area, New Hampshire",New Hampshire,cbsa,2531,1637,894,-351,13,2320.56,60880.42,93099.47,48.4,0.93,0.01,0,0.02,0.2,226350.8,401.81,151.51,0.0227,89275.08,43.35,0.71,0.04,0.06,0.14,4168,0.014684524186922496,0.9589214632478574,-5.049999999999997,-0.22000000000000008,0.03,0.06,0.12000000000000001,556,0.009216831260043612
22660,"Fort Collins-Loveland, CO Metro Area","Fort Collins-Loveland, CO Metro Area, Colorado",Colorado,cbsa,18837,17948,889,429,1341,15380.62,379725.52,93803.93,36.8,0.79,0.02,0.01,0.13,0.31,240356.5,2595.34,146.31,0.0724,92289.79,37.06,0.65,0.03,0.05,0.22,36785,0.002341164744471217,0.9838584588087088,0.2600000000000051,-0.14,0.009999999999999998,0.04,0.09,2659,0.007051806137548356
44220,"Springfield, OH Metro Area","Springfield, OH Metro Area, Ohio",Ohio,cbsa,3446,2563,883,-338,442,2602.78,134106.1,63493.1,41.2,0.82,0.01,0.08,0.04,0.13,80089,395.86,338.77,-0.0111,76203.34,38.66,0.72,0.03,0.12,0.08,6009,0.006584338818293873,1.200183012012329,-2.5400000000000063,-0.09999999999999998,0.019999999999999997,0.039999999999999994,0.04,987,0.007414413108261699
26460,"Hudson, NY Micro Area","Hudson, NY Micro Area, New York",New York,cbsa,2816,1948,868,-286,182,1328.35,56694.98,82826.52,49.8,0.82,0.02,0.04,0.06,0.19,188725.67,634.6,89.34,-0.0248,94018.75,43.74,0.67,0.05,0.1,0.18,4764,0.015309997463620235,1.1351285795902084,-6.059999999999995,-0.1499999999999999,0.030000000000000002,0.060000000000000005,0.12,764,0.013659692714127303
46300,"Twin Falls, ID Metro Area","Twin Falls, ID Metro Area, Idaho",Idaho,cbsa,3944,3085,858,500,725,1767.06,123893.66,68938.92,35.8,0.71,0.01,0.01,0.23,0.14,158309.27,2518.67,49.19,0.0729,80113.4,38.31,0.64,0.04,0.07,0.21,7029,0.006925293836666057,1.1620924725829762,2.510000000000005,-0.06999999999999995,0.03,0.060000000000000005,-0.020000000000000018,2083,0.017100309611654676
10900,"Allentown-Bethlehem-Easton, PA-NJ Metro Area","Allentown-Bethlehem-Easton, PA-NJ Metro Area, New Jersey",New Jersey,cbsa,20350,19500,851,-793,8026,27527.54,881445.92,85097.83,41.4,0.68,0.03,0.05,0.2,0.21,147005.85,1452.9,606.68,0.0166,90401.09,39.95,0.54,0.07,0.14,0.2,39850,0.0009654591174464793,1.062319567960781,-1.4499999999999957,-0.14,0.04000000000000001,0.09000000000000001,0,8084,0.009256185568521237
44180,"Springfield, MO Metro Area","Springfield, MO Metro Area, Missouri",Missouri,cbsa,16347,15513,834,498,1365,11759.57,487639.89,65636.05,37.3,0.87,0.01,0.02,0.04,0.19,86988.76,3007.45,162.14,0.0494,75118.05,37.84,0.61,0.04,0.09,0.21,31860,0.0017102784597872007,1.1444632941805608,0.5400000000000063,-0.26,0.03,0.06999999999999999,0.16999999999999998,2697,0.0055614796208271035
48980,"Wilson, NC Micro Area","Wilson, NC Micro Area, North Carolina",North Carolina,cbsa,4091,3265,826,-130,195,1901.62,80926.55,56690.01,40.6,0.44,0.01,0.39,0.12,0.14,99758.39,367.55,220.18,0.0337,77257.59,38.27,0.53,0.03,0.27,0.11,7356,0.010206786277185917,1.362807838629769,-2.3299999999999983,0.09000000000000002,0.019999999999999997,-0.12,-0.009999999999999995,891,0.011132552971773168
26090,"Holland, MI Micro Area","Holland, MI Micro Area, Michigan",Michigan,cbsa,6588,5766,821,65,156,2734,116994.27,83773.38,41,0.85,0.01,0.01,0.08,0.18,160658.62,825.17,141.78,0.037,81491.03,37.75,0.71,0.03,0.09,0.12,12354,0.007017437691606606,0.972755665343812,-3.25,-0.14,0.019999999999999997,0.08,0.039999999999999994,1042,0.008986456237553607
24140,"Goldsboro, NC Metro Area","Goldsboro, NC Metro Area, North Carolina",North Carolina,cbsa,6635,5841,795,195,624,2430.29,129101.53,59781.17,37.3,0.5,0.01,0.3,0.14,0.15,63837.96,553.9,233.08,0.0247,77060.69,38.49,0.57,0.04,0.18,0.14,12476,0.006157944061545979,1.2890461996645433,1.1900000000000048,0.06999999999999995,0.03,-0.12,0,1614,0.012660061733096563
16100,"Carlsbad-Artesia, NM Micro Area","Carlsbad-Artesia, NM Micro Area, New Mexico",New Mexico,cbsa,12512,11717,795,105,343,2104.91,59682.39,77819.53,36.2,0.43,0.01,0.01,0.52,0.11,111651.94,4175.83,14.29,0.028,65790.26,33.92,0.27,0.02,0.06,0.61,24229,0.013320512130965264,0.8454209373919375,-2.280000000000001,-0.15999999999999998,0.01,0.049999999999999996,0.08999999999999997,1243,0.021269900318945833
28140,"Kansas City, MO-KS Metro Area","Kansas City, MO-KS Metro Area, Kansas",Kansas,cbsa,48571,47787,783,7504,14489,30520.51,2250202.03,83959.77,38,0.69,0.03,0.12,0.11,0.25,169187.18,7221.11,311.61,0.041,77300.49,36.87,0.61,0.04,0.11,0.19,96358,0.0003479687554988118,0.9206848708613661,-1.1300000000000026,-0.07999999999999996,0.010000000000000002,-0.009999999999999995,0.08,22776,0.010225255381432354
16660,"Charleston-Mattoon, IL Micro Area","Charleston-Mattoon, IL Micro Area, Illinois",Illinois,cbsa,4078,3309,769,-135,234,1407.57,53827.66,56804.31,37.5,0.88,0.01,0.04,0.04,0.16,65992.19,508.24,105.91,0.0215,81044.47,40.48,0.68,0.05,0.11,0.17,7387,0.014286335315337876,1.4267309998132185,2.979999999999997,-0.19999999999999996,0.04,0.07,0.13,868,0.016389833318416317
36340,"Oil City, PA Micro Area","Oil City, PA Micro Area, Pennsylvania",Pennsylvania,cbsa,1665,900,765,-312,52,847.76,49916.71,61778.73,47.6,0.93,0,0.01,0.01,0.12,57566.27,674.24,74.03,0.0021,82305.6,46.35,0.76,0.03,0.1,0.16,2565,0.01532552926665239,1.3322643570044252,-1.25,-0.17000000000000004,0.03,0.09000000000000001,0.15,505,0.01022024941051423
43640,"Slidell-Mandeville-Covington, LA Metro Area","Slidell-Mandeville-Covington, LA Metro Area, Louisiana",Louisiana,cbsa,10001,9237,764,130,1118,5069.79,263315.48,82066.81,40.5,0.72,0.01,0.12,0.08,0.24,171299.79,845.2,311.54,0.0234,65487.19,38.35,0.57,0.02,0.25,0.11,19238,0.0029014625345991814,0.7979741140175913,-2.1499999999999986,-0.15000000000000002,0.01,0.13,0.03,2012,0.007699859182893393
40180,"Riverton, WY Micro Area","Riverton, WY Micro Area, Wyoming",Wyoming,cbsa,2096,1337,758,-78,0,889.79,42409.9,66333.35,39.7,0.69,0,0.01,0.07,0.16,86965.4,9180.18,4.62,0.0228,89373.87,38.93,0.66,0.06,0.07,0.19,3433,0.01787318527042035,1.347344435340594,-0.7700000000000031,-0.029999999999999916,0.06,0.060000000000000005,0.12,680,0.016295270297796063
49340,"Worcester, MA Metro Area","Worcester, MA Metro Area, Massachusetts",Massachusetts,cbsa,21612,20859,754,794,10345,33601.57,886462.49,95680.91,40.2,0.7,0.05,0.05,0.14,0.23,245205.12,1510.57,586.84,0.0124,99111.89,40.5,0.67,0.06,0.07,0.14,42471,0.0008505718047923269,1.0358585636361526,0.29999999999999716,-0.029999999999999916,0.009999999999999995,0.020000000000000004,0,11893,0.01359869071124354
43100,"Sheboygan, WI Metro Area","Sheboygan, WI Metro Area, Wisconsin",Wisconsin,cbsa,3067,2315,752,-52,507,2773.6,119630.07,73392.86,41.7,0.81,0.06,0.02,0.08,0.18,137075.17,511.46,233.9,0.0206,84048.09,39.76,0.64,0.05,0.09,0.17,5382,0.006286044971803494,1.1451807437399224,-1.9400000000000048,-0.17000000000000004,-0.009999999999999995,0.06999999999999999,0.09000000000000001,1207,0.010192270813448765
38060,"Phoenix-Mesa-Chandler, AZ Metro Area","Phoenix-Mesa-Chandler, AZ Metro Area, Arizona",Arizona,cbsa,194486,193741,744,16866,56571,100401.16,5481419.7,88871.76,37.9,0.53,0.04,0.05,0.31,0.22,265410.71,14500.92,378,0.0811,81153.78,39.5,0.55,0.05,0.06,0.24,388227,0.00013573125954941928,0.9131559901593037,1.6000000000000014,0.020000000000000018,0.010000000000000002,0.009999999999999995,-0.07,74181,0.013718832127754967
33740,"Monroe, LA Metro Area","Monroe, LA Metro Area, Louisiana",Louisiana,cbsa,7392,6649,743,-182,552,4499.53,222127.72,51722.27,38,0.56,0.01,0.37,0.04,0.15,92592.9,2834.42,78.37,-0.0532,66020.77,37.3,0.6,0.02,0.23,0.1,14041,0.0033449224617260738,1.2764476501128046,-0.7000000000000028,0.039999999999999925,0.01,-0.13999999999999999,0.060000000000000005,1113,0.005035863674600497
15620,"Cadillac, MI Micro Area","Cadillac, MI Micro Area, Michigan",Michigan,cbsa,2748,2009,739,-78,130,935.31,50488.31,62246.99,42.6,0.91,0.01,0.01,0.03,0.13,107622.54,1129.55,44.7,0.0469,80638.99,45.25,0.83,0.02,0.06,0.09,4757,0.014637051626406192,1.2954681021524095,2.6499999999999986,-0.08000000000000007,0.01,0.049999999999999996,0.06,791,0.015916354426426704
12860,"Batavia, NY Micro Area","Batavia, NY Micro Area, New York",New York,cbsa,3116,2383,732,-156,26,1599.63,58737.03,73103.91,42.4,0.88,0.01,0.02,0.05,0.13,76262.4,493.61,119,-0.0109,77515.91,42.4,0.69,0.04,0.11,0.16,5499,0.01246232572535588,1.060352449000334,0,-0.19000000000000006,0.03,0.09,0.11,602,0.010355202362499856
20700,"East Stroudsburg, PA Micro Area","East Stroudsburg, PA Micro Area, Pennsylvania",Pennsylvania,cbsa,5312,4585,728,-428,455,8772.7,177985.64,83636.56,44.1,0.6,0.03,0.13,0.18,0.17,128909.71,608.3,292.59,0.0131,88530.7,40.49,0.58,0.07,0.12,0.19,9897,0.004090217615308741,1.0585167539171865,-3.6099999999999994,-0.020000000000000018,0.04000000000000001,-0.010000000000000009,0.010000000000000009,755,0.0042599857451284945
37950,"Petoskey, MI Micro Area","Petoskey, MI Micro Area, Michigan",Michigan,cbsa,2415,1690,725,-182,13,1471.75,34063.53,78983.5,47,0.89,0,0,0.02,0.24,185681.25,467.53,72.86,0.0273,86265.53,45,0.72,0.04,0.15,0.14,4105,0.021283760080062167,1.092196851241082,-2,-0.17000000000000004,0.04,0.15,0.12000000000000001,556,0.016593285151128716
48620,"Wichita, KS Metro Area","Wichita, KS Metro Area, Kansas",Kansas,cbsa,13854,13130,723,1834,3873,9062.86,667562.05,70561.93,36.7,0.69,0.04,0.06,0.15,0.2,107303.27,4146.72,160.99,-0.0116,76742.16,36.99,0.59,0.04,0.13,0.19,26984,0.001083045388814418,1.0875858979480864,0.28999999999999915,-0.09999999999999998,0,0.07,0.04000000000000001,6430,0.00972574238383996
26140,"Homosassa Springs, FL Metro Area","Homosassa Springs, FL Metro Area, Florida",Florida,cbsa,10929,10206,723,-2234,325,3433.59,161577.59,56102.72,56.9,0.85,0.01,0.02,0.07,0.13,126813.87,581.89,277.68,0.0515,74271.47,42.88,0.61,0.04,0.11,0.19,21135,0.004474630423686849,1.323847934645593,-14.019999999999996,-0.24,0.03,0.09,0.12,-1186,-0.0072866419326337055
28740,"Kingston, NY Metro Area","Kingston, NY Metro Area, New York",New York,cbsa,7273,6553,720,-377,846,10412.26,171916.87,86963.64,44.1,0.72,0.02,0.06,0.12,0.21,140415.92,1124.15,152.93,-0.0058,91244.86,40.8,0.6,0.05,0.11,0.2,13826,0.004188070664618312,1.0492300000321975,-3.3000000000000043,-0.12,0.030000000000000002,0.05,0.08000000000000002,1189,0.0069642993847460295
10620,"Albemarle, NC Micro Area","Albemarle, NC Micro Area, North Carolina",North Carolina,cbsa,3248,2533,715,-117,182,1140.61,66335.09,60752.61,40.5,0.78,0.02,0.11,0.06,0.14,137401.01,395.03,167.92,0.0231,81684.04,38.58,0.6,0.04,0.19,0.13,5781,0.010778609028796073,1.3445354858005276,-1.9200000000000017,-0.18000000000000005,0.02,0.08,0.07,780,0.011898389583478568
43500,"Silver City, NM Micro Area","Silver City, NM Micro Area, New Mexico",New Mexico,cbsa,2028,1315,712,-229,91,762.87,26414.74,44960.6,49.5,0.47,0.01,0.01,0.48,0.17,87857.47,3960.72,6.67,-0.0005,82640.63,39.99,0.51,0.04,0.07,0.4,3343,0.026954647291625812,1.8380677748962426,-9.509999999999998,0.040000000000000036,0.03,0.060000000000000005,-0.07999999999999996,574,0.022212986160613048
44140,"Springfield, MA Metro Area","Springfield, MA Metro Area, Massachusetts",Massachusetts,cbsa,9669,8960,709,-221,3375,16875.23,488054.34,71162.35,40,0.59,0.03,0.08,0.27,0.17,146575.09,613.44,795.6,-0.0158,91434.04,40.61,0.71,0.05,0.06,0.12,18629,0.0014527070899523196,1.2848653817643738,0.6099999999999994,0.12,0.020000000000000004,-0.020000000000000004,-0.15000000000000002,3863,0.007978250912129076
11220,"Amsterdam, NY Micro Area","Amsterdam, NY Micro Area, New York",New York,cbsa,2752,2047,705,-26,65,1013.44,50966.1,66180.07,40.3,0.77,0.01,0.02,0.15,0.14,90763.16,403.04,126.45,-0.0124,78231.6,41.97,0.77,0.03,0.07,0.09,4799,0.013832724104846162,1.1821021041531083,1.6700000000000017,0,0.019999999999999997,0.05,-0.06,744,0.014814195344280705
17300,"Clarksville, TN-KY Metro Area","Clarksville, TN-KY Metro Area, Tennessee",Tennessee,cbsa,18657,17951,705,2635,950,7351.8,341098.43,69670.01,32.1,0.63,0.02,0.18,0.1,0.17,95600.4,2102.85,162.21,0.0423,81210.21,37.73,0.59,0.05,0.14,0.16,36608,0.002066852081377214,1.165640854651808,5.6299999999999955,-0.040000000000000036,0.030000000000000002,-0.03999999999999998,0.06,4290,0.012737210882756112
48580,"Whitewater-Elkhorn, WI Micro Area","Whitewater-Elkhorn, WI Micro Area, Wisconsin",Wisconsin,cbsa,4724,4018,705,-65,286,6881.9,107809.12,82757.71,41.4,0.83,0.01,0.01,0.12,0.21,147319.33,555.38,194.12,0.0441,83896.31,39.79,0.61,0.05,0.13,0.18,8742,0.006539335447687543,1.0137582347312413,-1.6099999999999994,-0.21999999999999997,0.04,0.12000000000000001,0.06,926,0.00866366924917611
38820,"Port Angeles, WA Micro Area","Port Angeles, WA Micro Area, Washington",Washington,cbsa,3078,2382,696,-819,182,1227.44,76351.44,70660.67,52.1,0.8,0.02,0.01,0.07,0.19,223844.37,1738.64,43.91,0.015,88941.32,42.76,0.65,0.06,0.05,0.18,5460,0.009115741628448658,1.2587103971700242,-9.340000000000003,-0.15000000000000002,0.039999999999999994,0.04,0.10999999999999999,59,0.0007733400583334338
11980,"Athens, TX Micro Area","Athens, TX Micro Area, Texas",Texas,cbsa,7510,6818,692,-286,104,1704.56,89434.12,65542.19,43.8,0.74,0.01,0.05,0.15,0.14,132780.06,873.71,102.36,0.0187,78654.54,36.53,0.51,0.05,0.14,0.26,14328,0.007737539095817122,1.2000596867452855,-7.269999999999996,-0.22999999999999998,0.04,0.09000000000000001,0.11000000000000001,510,0.00573522684284084
29540,"Lancaster, PA Metro Area","Lancaster, PA Metro Area, Pennsylvania",Pennsylvania,cbsa,10889,10201,689,1522,3220,17592.82,567371.43,87635.28,39.4,0.79,0.02,0.03,0.12,0.21,163199.14,943.84,601.13,0.0305,86059.49,40.05,0.66,0.05,0.12,0.13,21090,0.0012143720384369724,0.9820187714354311,0.6499999999999986,-0.13,0.030000000000000002,0.09,0.010000000000000009,5431,0.009664725494123994
35220,"New Castle, IN Micro Area","New Castle, IN Micro Area, Indiana",Indiana,cbsa,1993,1305,688,-182,0,707.73,48137.76,63355.59,42.2,0.92,0,0.02,0.02,0.11,91404.16,391.83,122.85,-0.0151,76399.07,39.12,0.73,0.03,0.11,0.09,3298,0.014292314391031074,1.205877334580895,-3.0800000000000054,-0.19000000000000006,0.03,0.09,0.06999999999999999,506,0.010623164040127846
33780,"Monroe, MI Metro Area","Monroe, MI Metro Area, Michigan",Michigan,cbsa,5302,4617,686,-455,325,2217.83,150872.99,77773.23,42.8,0.88,0,0.02,0.04,0.15,122439.39,546.33,276.15,0.0388,75769.43,39.78,0.67,0.04,0.16,0.08,9919,0.0045468708481219864,0.9742353506470028,-3.019999999999996,-0.20999999999999996,0.04,0.14,0.04,556,0.0036988500102350377
39780,"Red Bluff, CA Micro Area","Red Bluff, CA Micro Area, California",California,cbsa,3744,3058,685,-78,68,739.79,62550.41,64454.35,40,0.61,0.02,0.01,0.29,0.14,161491.13,2948.96,21.21,0.0407,80725.02,40.68,0.65,0.06,0.03,0.2,6802,0.010951167226561745,1.2524371124679716,0.6799999999999997,0.040000000000000036,0.039999999999999994,0.019999999999999997,-0.08999999999999997,675,0.010909018623068516
29380,"Lake City, FL Micro Area","Lake City, FL Micro Area, Florida",Florida,cbsa,4485,3800,685,-286,442,1236.8,75757.25,59118.74,40.7,0.7,0.01,0.16,0.08,0.11,47306.65,797.34,95.01,0.0476,75076.33,39.98,0.59,0.04,0.15,0.18,8285,0.009042038880767187,1.2699243928405781,-0.720000000000006,-0.10999999999999999,0.03,-0.010000000000000009,0.09999999999999999,841,0.011225868886923732
23580,"Gainesville, GA Metro Area","Gainesville, GA Metro Area, Georgia",Georgia,cbsa,8904,8239,666,945,1519,3819.13,223930.54,80876.15,38.4,0.58,0.02,0.07,0.29,0.17,169725.19,392.26,570.87,0.0918,85228.39,37.67,0.51,0.06,0.25,0.14,17143,0.0029741365335876025,1.0538136397442264,-0.7299999999999969,-0.06999999999999995,0.039999999999999994,0.18,-0.14999999999999997,3130,0.01417568996887417
38240,"Pinehurst-Southern Pines, NC Metro Area","Pinehurst-Southern Pines, NC Metro Area, North Carolina",North Carolina,cbsa,5246,4582,664,-247,377,2070.72,108901.21,84708.32,43,0.76,0.01,0.09,0.08,0.23,216256.82,697.58,156.11,0.0283,79026.79,37.8,0.55,0.04,0.21,0.14,9828,0.006097269258991704,0.9329283121185733,-5.200000000000003,-0.20999999999999996,0.03,0.12,0.06000000000000001,794,0.0073445610149406315
43220,"Shelton, WA Micro Area","Shelton, WA Micro Area, Washington",Washington,cbsa,3945,3290,655,-193,429,1331.78,70519.56,83438.63,44.7,0.75,0.01,0.01,0.13,0.14,220212.35,959.53,73.49,0.0513,96817.5,39.56,0.65,0.07,0.04,0.13,7235,0.009288203159520565,1.1603438359426563,-5.140000000000001,-0.09999999999999998,0.060000000000000005,0.03,0,891,0.012796473171353824
28500,"Kerrville, TX Micro Area","Kerrville, TX Micro Area, Texas",Texas,cbsa,3894,3239,655,-325,78,1898.48,52499.1,69798.38,48.8,0.67,0.01,0.01,0.27,0.19,143928.95,1103.12,47.59,0.0222,77205.89,37.09,0.47,0.04,0.08,0.37,7133,0.012476404357408032,1.1061272482255318,-11.709999999999994,-0.20000000000000007,0.03,0.07,0.09999999999999998,408,0.007832432027736024
11460,"Ann Arbor, MI Metro Area","Ann Arbor, MI Metro Area, Michigan",Michigan,cbsa,21921,21277,644,821,7628,30412.16,406295.96,88952.56,35,0.67,0.09,0.11,0.06,0.27,225532.86,703.39,577.62,0.0628,80886.79,39.74,0.65,0.05,0.15,0.1,43198,0.0015850514487025663,0.9093250379752983,4.740000000000002,-0.020000000000000018,-0.039999999999999994,0.039999999999999994,0.04000000000000001,9093,0.022892578645436076
18900,"Crossville, TN Micro Area","Crossville, TN Micro Area, Tennessee",Tennessee,cbsa,2664,2021,642,-610,0,968.78,65004.93,60349.91,53.5,0.93,0,0.01,0.04,0.12,148481.34,681.27,95.42,0.0584,73568.61,39.8,0.68,0.03,0.08,0.18,4685,0.009876174007109922,1.219034295162992,-13.700000000000003,-0.25,0.03,0.07,0.13999999999999999,32,0.000492512804948153
31140,"Louisville/Jefferson County, KY-IN Metro Area","Louisville/Jefferson County, KY-IN Metro Area, Indiana",Indiana,cbsa,24659,24017,641,936,16597,20812.21,1403005.32,73863.44,39.4,0.72,0.02,0.13,0.07,0.2,143666.54,3960.14,354.28,0.0331,77449.83,38.71,0.62,0.04,0.12,0.15,48676,0.00045687638589994795,1.0485543321567476,-0.6899999999999977,-0.09999999999999998,0.02,-0.010000000000000009,0.07999999999999999,18174,0.013123619994383141
24940,"Greenwood, SC Micro Area","Greenwood, SC Micro Area, South Carolina",South Carolina,cbsa,3232,2602,629,-325,156,4053.37,95904.7,52892.36,40.9,0.6,0.01,0.3,0.06,0.15,91988.11,946.72,101.3,0.0124,74254.91,39.34,0.66,0.02,0.15,0.11,5834,0.006558594104355679,1.4038872532819484,-1.5599999999999952,0.06000000000000005,0.01,-0.15,0.05,460,0.004819544720660236
21460,"Enterprise, AL Micro Area","Enterprise, AL Micro Area, Alabama",Alabama,cbsa,2957,2329,628,78,208,929.67,55354.33,68847.94,39,0.67,0.01,0.16,0.1,0.12,148228.33,678.92,81.53,0.0446,71705.08,37.75,0.61,0.03,0.16,0.13,5286,0.011345092606124941,1.0414992808789922,-1.25,-0.06000000000000005,0.019999999999999997,0,0.03,914,0.016789023872559185
46020,"Truckee-Grass Valley, CA Micro Area","Truckee-Grass Valley, CA Micro Area, California",California,cbsa,5477,4851,625,-399,182,1988.99,96014.97,90457.25,50.1,0.81,0.02,0,0.11,0.27,287695.31,957.72,100.25,0.0377,95731.22,38.68,0.49,0.12,0.06,0.26,10328,0.0065094016068535975,1.058303452735961,-11.420000000000002,-0.32000000000000006,0.09999999999999999,0.06,0.15000000000000002,408,0.004267471294195392
23060,"Fort Wayne, IN Metro Area","Fort Wayne, IN Metro Area, Indiana",Indiana,cbsa,12671,12057,614,1971,2019,7861.47,466650.98,71279.54,36.8,0.73,0.05,0.09,0.08,0.2,118060.88,1360.71,342.95,0.0227,75310.76,38.52,0.69,0.03,0.09,0.15,24728,0.0013157585139969062,1.0565550787785667,1.720000000000006,-0.040000000000000036,-0.020000000000000004,0,0.06999999999999999,4604,0.009964354706960752
18700,"Corvallis, OR Metro Area","Corvallis, OR Metro Area, Oregon",Oregon,cbsa,8549,7939,610,0,1562,9730.83,109318.63,76898.57,34.5,0.76,0.07,0.01,0.09,0.28,230511,675.17,161.91,0.032,86917.69,39.44,0.65,0.06,0.05,0.17,16488,0.005580018703124984,1.1302900691131186,4.939999999999998,-0.10999999999999999,-0.010000000000000009,0.04,0.08000000000000002,2172,0.020271286180442633
24580,"Green Bay, WI Metro Area","Green Bay, WI Metro Area, Wisconsin",Wisconsin,cbsa,6675,6066,609,624,1034,8004.81,335993.09,79874.9,39.5,0.8,0.03,0.02,0.09,0.21,145269.14,1869.73,179.7,0.0398,82116.86,40.73,0.68,0.04,0.08,0.15,12741,0.0018125372756921875,1.0280683919479086,1.2299999999999969,-0.12,0.010000000000000002,0.06,0.06,2267,0.006792996016583539
43890,"Sparta, WI Micro Area","Sparta, WI Micro Area, Wisconsin",Wisconsin,cbsa,2002,1407,595,65,78,731.77,48030.62,68995.25,39.7,0.88,0.01,0.01,0.06,0.15,116243.94,900.8,53.32,0.0349,86890.37,40.52,0.74,0.05,0.07,0.12,3409,0.012387930865768544,1.2593674202209573,0.8200000000000003,-0.14,0.04,0.060000000000000005,0.06,738,0.015604971769379661
23240,"Fredericksburg, TX Micro Area","Fredericksburg, TX Micro Area, Texas",Texas,cbsa,2294,1726,568,-143,169,609.12,28639.41,76639.68,50.7,0.74,0,0,0.23,0.23,195150.84,1058.05,27.07,0.032,80061.21,38.52,0.49,0.05,0.09,0.35,4020,0.019832810801619166,1.044644366991094,-12.18,-0.25,0.05,0.09,0.11999999999999997,594,0.021179936396009187
33420,"Mineral Wells, TX Micro Area","Mineral Wells, TX Micro Area, Texas",Texas,cbsa,3377,2810,567,-52,52,619.36,32359.19,67382.75,41.6,0.73,0.01,0.02,0.21,0.12,128576.16,952.46,33.97,0.032,86188.35,36.98,0.5,0.06,0.12,0.3,6187,0.017522070237233997,1.2790862646597239,-4.6200000000000045,-0.22999999999999998,0.049999999999999996,0.09999999999999999,0.09,567,0.017834568804476824
37020,"Owosso, MI Micro Area","Owosso, MI Micro Area, Michigan",Michigan,cbsa,3643,3077,566,-195,52,1144.43,68200.13,67783.55,43.2,0.93,0,0,0.03,0.14,65208.17,530.9,128.46,-0.0115,71390.53,39.63,0.69,0.03,0.14,0.11,6720,0.008299104415196861,1.0532132058589436,-3.5700000000000003,-0.2400000000000001,0.03,0.14,0.08,423,0.006241043254560941
42380,"Sayre, PA Micro Area","Sayre, PA Micro Area, Pennsylvania",Pennsylvania,cbsa,1789,1224,565,-117,208,1143.08,61394.22,64176.99,43.6,0.94,0.01,0.01,0.02,0.12,71621.37,1147.23,53.52,0.011,79081.15,42.5,0.76,0.04,0.08,0.12,3013,0.009202820721559781,1.2322352606440408,-1.1000000000000014,-0.17999999999999994,0.03,0.07,0.09999999999999999,656,0.010800448218601072
29100,"La Crosse-Onalaska, WI-MN Metro Area","La Crosse-Onalaska, WI-MN Metro Area, Wisconsin",Wisconsin,cbsa,4310,3750,561,-195,169,11470.86,167896.66,73480.19,39.3,0.89,0.03,0.01,0.02,0.21,142709.6,1786.32,93.99,0.0134,83517.16,39.58,0.71,0.04,0.07,0.13,8060,0.003341341036802042,1.136594230363313,0.28000000000000114,-0.18000000000000005,0.010000000000000002,0.060000000000000005,0.11,535,0.0031966700139088007
46700,"Vallejo, CA Metro Area","Vallejo, CA Metro Area, California",California,cbsa,24475,23921,554,623,3507,7285.81,462175.6,100398.71,39.2,0.33,0.16,0.12,0.3,0.2,272198.6,821.67,562.48,0.0362,107374.63,39.16,0.44,0.15,0.06,0.28,48396,0.001198678597485458,1.069482167649365,-0.04000000000000625,0.10999999999999999,-0.010000000000000009,-0.06,-0.019999999999999962,4684,0.010238439350580426
36700,"Orangeburg, SC Micro Area","Orangeburg, SC Micro Area, South Carolina",South Carolina,cbsa,3810,3257,553,-429,221,4089.56,86962.86,45747.56,40.7,0.33,0.01,0.6,0.03,0.1,78283.31,1148.23,75.74,0.0043,77703.9,38.37,0.59,0.03,0.21,0.11,7067,0.006359036489830256,1.6985364902521576,-2.3300000000000054,0.25999999999999995,0.019999999999999997,-0.39,0.08,345,0.0039830122794536835
13340,"Bellefontaine, OH Micro Area","Bellefontaine, OH Micro Area, Ohio",Ohio,cbsa,1883,1338,546,-26,65,1016.67,46313.34,71742.87,41.9,0.91,0.01,0.02,0.02,0.13,89147.06,453.86,102.04,-0.0069,77369.14,40.05,0.74,0.03,0.11,0.07,3221,0.011789259854720045,1.0784227059776115,-1.8500000000000014,-0.17000000000000004,0.019999999999999997,0.09,0.05,585,0.012792941969903129
34880,"Nantucket, MA Micro Area","Nantucket, MA Micro Area, Massachusetts",Massachusetts,cbsa,1323,778,545,52,117,1989.13,12398.22,142554.01,42.4,0.68,0.02,0.09,0.17,0.34,1194163.6,46.19,268.44,0.0526,98460.12,44.24,0.71,0.06,0.11,0.19,2101,0.04395792299217146,0.6906864282527022,1.8400000000000034,0.029999999999999916,0.039999999999999994,0.020000000000000004,0.01999999999999999,714,0.0611080585610336
21580,"Española, NM Micro Area","Española, NM Micro Area, New Mexico",New Mexico,cbsa,1994,1449,545,-178,185,829.55,38654.19,56646.67,42,0.14,0.01,0.01,0.67,0.1,209995.26,5859.65,6.6,0.0006,84439.32,46.58,0.53,0.02,0.04,0.4,3443,0.014099377066237838,1.4906316646680204,4.579999999999998,0.39,0.01,0.03,-0.27,552,0.014487356238578412
24780,"Greenville, NC Metro Area","Greenville, NC Metro Area, North Carolina",North Carolina,cbsa,11159,10614,545,490,780,12337.78,191013.25,57899.68,33,0.52,0.02,0.35,0.08,0.2,95698.95,652.34,292.81,0.0405,75978.82,39.83,0.57,0.04,0.22,0.12,21773,0.002853205209586246,1.3122493941244582,6.829999999999998,0.04999999999999993,0.02,-0.12999999999999998,0.039999999999999994,1815,0.009593111987029479
39820,"Redding, CA Metro Area","Redding, CA Metro Area, California",California,cbsa,7475,6934,541,-887,520,2651.62,177860.6,72982.54,41.7,0.75,0.03,0.01,0.12,0.16,137859.87,3774.65,47.12,0.0414,83637.66,38.38,0.53,0.08,0.06,0.27,14409,0.003041707944311444,1.1459954668609782,-3.3200000000000003,-0.21999999999999997,0.05,0.049999999999999996,0.15000000000000002,174,0.0009792522339895074
33500,"Minot, ND Metro Area","Minot, ND Metro Area, North Dakota",North Dakota,cbsa,7008,6482,526,521,403,1468.15,82586.39,77966.54,34.2,0.82,0.01,0.04,0.07,0.2,112731.65,4762.01,17.34,0.0685,80235.35,38.26,0.54,0.04,0.09,0.28,13490,0.006369088175424547,1.029099790756394,4.059999999999995,-0.2799999999999999,0.03,0.049999999999999996,0.21000000000000002,1450,0.017871142652513872
24500,"Great Falls, MT Metro Area","Great Falls, MT Metro Area, Montana",Montana,cbsa,4384,3864,521,-65,0,1875.44,82082.29,67044.59,38.6,0.82,0.01,0.01,0.05,0.18,156444.97,2697.48,30.43,0.0343,85964.98,39.9,0.62,0.05,0.09,0.23,8248,0.006347288800056626,1.2822060661419512,1.2999999999999972,-0.19999999999999996,0.04,0.08,0.18,456,0.005586435448677136
10300,"Adrian, MI Micro Area","Adrian, MI Micro Area, Michigan",Michigan,cbsa,3651,3131,520,-325,117,2972.3,97065.71,70174.94,42.4,0.85,0,0.02,0.09,0.15,105720.47,749.57,129.49,-0.0107,72772.91,39.77,0.74,0.03,0.09,0.08,6782,0.00535719565642697,1.037021335536589,-2.6299999999999955,-0.10999999999999999,0.03,0.06999999999999999,-0.009999999999999995,312,0.0032246825470568516
29300,"LaGrange, GA-AL Micro Area","LaGrange, GA-AL Micro Area, Georgia",Georgia,cbsa,3374,2856,519,0,455,2388.48,105832.3,54427.69,38.6,0.54,0.02,0.37,0.04,0.12,100063.4,1010.54,104.73,0.0253,78059.13,37.05,0.52,0.05,0.27,0.12,6230,0.004903984889301281,1.4341804695367377,-1.5500000000000043,-0.020000000000000018,0.030000000000000002,-0.09999999999999998,0.07999999999999999,974,0.009288725832862062
40460,"Rockingham, NC Micro Area","Rockingham, NC Micro Area, North Carolina",North Carolina,cbsa,1723,1207,516,-117,0,584.97,45569.44,44877.42,40.5,0.55,0.01,0.31,0.08,0.1,88251.26,473.66,96.21,0.0001,74678.14,38.88,0.63,0.03,0.15,0.13,2930,0.011323378123584577,1.6640470864858097,-1.6199999999999974,0.07999999999999996,0.019999999999999997,-0.16,0.05,399,0.008833210391574666
36780,"Oshkosh-Neenah, WI Metro Area","Oshkosh-Neenah, WI Metro Area, Wisconsin",Wisconsin,cbsa,5677,5164,514,-39,481,6131.89,172454.96,74920.72,38.7,0.85,0.03,0.03,0.05,0.21,166052.45,434.66,396.76,0.0258,83993.21,39.94,0.72,0.04,0.06,0.13,10841,0.002980488354756512,1.1210945383333208,1.2399999999999949,-0.13,0.010000000000000002,0.03,0.08,956,0.005574377827130847
48660,"Wichita Falls, TX Metro Area","Wichita Falls, TX Metro Area, Texas",Texas,cbsa,9753,9241,512,0,585,6085.19,159932.83,65673.36,36.6,0.66,0.02,0.09,0.19,0.17,71068.35,2614.42,61.17,0.015,77547.85,37.16,0.53,0.05,0.12,0.25,18994,0.0032013439642129765,1.1808113670444151,0.5599999999999952,-0.13,0.030000000000000002,0.03,0.06,1097,0.006906502141236018
22180,"Fayetteville, NC Metro Area","Fayetteville, NC Metro Area, North Carolina",North Carolina,cbsa,27282,26779,503,2804,2739,10870.11,419889.99,62089.27,32.3,0.39,0.02,0.36,0.13,0.17,117072.99,1079.05,389.13,0.015,78093.35,38.12,0.55,0.04,0.16,0.16,54061,0.001197932820451376,1.2577591909197838,5.82,0.16000000000000003,0.02,-0.19999999999999998,0.03,6046,0.014609370067208177
12300,"Augusta-Waterville, ME Micro Area","Augusta-Waterville, ME Micro Area, Maine",Maine,cbsa,5639,5136,503,-494,381,3374.9,124966.34,68834.71,43.7,0.92,0.01,0.01,0.02,0.2,128240.17,867.41,144.07,-0.0056,87757.94,42.3,0.72,0.04,0.07,0.15,10775,0.004025083874585749,1.2749082548615371,-1.4000000000000057,-0.20000000000000007,0.03,0.060000000000000005,0.13,390,0.003130610515608341
21500,"Erie, PA Metro Area","Erie, PA Metro Area, Pennsylvania",Pennsylvania,cbsa,5382,4884,498,-585,1209,8964.73,274685.74,63800.95,40.2,0.82,0.02,0.07,0.05,0.19,105003.1,798.83,343.86,0.0169,78152.52,41.68,0.7,0.04,0.1,0.13,10266,0.0018129808995545238,1.2249428887814369,1.4799999999999969,-0.12,0.02,0.03,0.08,1122,0.004101420751156568
13940,"Blackfoot, ID Micro Area","Blackfoot, ID Micro Area, Idaho",Idaho,cbsa,1713,1232,481,169,26,745.26,50852.74,77597,35,0.74,0,0,0.18,0.15,108413.34,2093.37,24.29,0.0802,81962.75,36.1,0.69,0.03,0.04,0.2,2945,0.009458684035511165,1.0562618400195884,1.1000000000000014,-0.050000000000000044,0.03,0.04,0.020000000000000018,676,0.013472377838815356
28880,"Kiryas Joel-Poughkeepsie-Newburgh, NY Metro Area","Kiryas Joel-Poughkeepsie-Newburgh, NY Metro Area, New York",New York,cbsa,22167,21689,478,2731,4533,30213.17,714471.98,98428.46,39.4,0.61,0.03,0.1,0.2,0.2,169082.5,1607.58,444.44,0.0218,89614.25,40.42,0.53,0.07,0.12,0.22,43856,0.0006690255368726986,0.910450595285144,1.0200000000000031,-0.07999999999999996,0.04000000000000001,0.01999999999999999,0.01999999999999999,7742,0.010954678900136655
45860,"Torrington, CT Micro Area","Torrington, CT Micro Area, Connecticut",Connecticut,cbsa,4049,3572,478,-468,689,3339.99,221419.5,93669.92,47.1,0.82,0.02,0.02,0.09,0.22,221887.88,786.6,281.49,0.0089,94134.43,42.26,0.61,0.05,0.11,0.19,7621,0.0021587981185035646,1.004959009252917,-4.840000000000003,-0.20999999999999996,0.030000000000000002,0.09,0.1,699,0.0031669011260847995
34780,"Muskogee, OK Micro Area","Muskogee, OK Micro Area, Oklahoma",Oklahoma,cbsa,3284,2806,478,-153,39,1246.99,66778.56,53439.23,37.9,0.54,0.01,0.1,0.07,0.13,69965.89,810.54,82.39,0.0126,69099.67,37.51,0.61,0.03,0.07,0.14,6090,0.007157986036236781,1.2930513781729265,-0.39000000000000057,0.06999999999999995,0.019999999999999997,-0.03,0.07,364,0.005480725913113028
14780,"Brenham, TX Micro Area","Brenham, TX Micro Area, Texas",Texas,cbsa,2967,2492,476,-52,156,1889.8,37906.53,76364.5,40.9,0.61,0.01,0.14,0.18,0.21,217582.5,604.13,62.75,0.0269,78366.25,34.77,0.44,0.07,0.14,0.31,5459,0.012557203204830409,1.026213096399505,-6.1299999999999955,-0.16999999999999998,0.060000000000000005,0,0.13,580,0.015538545908232027
39960,"Rice Lake, WI Micro Area","Rice Lake, WI Micro Area, Wisconsin",Wisconsin,cbsa,1503,1029,473,-117,91,832.86,44343.92,66990.71,44.9,0.91,0.01,0.01,0.03,0.15,90365.25,862.93,51.39,0.0213,90784.78,42.17,0.75,0.04,0.09,0.16,2532,0.010666625774176031,1.3551846218677186,-2.729999999999997,-0.16000000000000003,0.03,0.08,0.13,447,0.010182946776220291
19810,"Detroit Lakes, MN Micro Area","Detroit Lakes, MN Micro Area, Minnesota",Minnesota,cbsa,2001,1531,470,-52,13,950.93,34311.03,71233.02,43.5,0.85,0,0.01,0.02,0.19,163152.67,1314.72,26.1,-0.0033,93020.41,44.48,0.73,0.05,0.07,0.26,3532,0.013698218910944965,1.3058608212876557,0.9799999999999969,-0.12,0.05,0.060000000000000005,0.24000000000000002,431,0.012721358275066463
20820,"Effingham, IL Micro Area","Effingham, IL Micro Area, Illinois",Illinois,cbsa,2444,1976,468,78,86,590.71,45985.01,79317.16,40.7,0.94,0.01,0,0.02,0.17,93296.78,824.62,55.77,-0.0072,74317.22,40.15,0.74,0.03,0.11,0.13,4420,0.010177229492828207,0.9369626950838885,-0.5500000000000043,-0.19999999999999996,0.019999999999999997,0.11,0.11,632,0.013935128010246729
21740,"Evanston, WY-UT Micro Area","Evanston, WY-UT Micro Area, Wyoming",Wyoming,cbsa,1896,1431,465,26,0,524.13,24135.64,83848.37,37.3,0.86,0,0,0.1,0.16,111878.27,3110.02,7.76,0.0168,98804.79,36.52,0.79,0.03,0.03,0.17,3327,0.019266114343767144,1.1783746064473286,-0.779999999999994,-0.06999999999999995,0.03,0.03,0.07,491,0.020765805696343866
49300,"Wooster, OH Micro Area","Wooster, OH Micro Area, Ohio",Ohio,cbsa,3461,2996,465,52,325,2998.36,118547.04,73878.31,38.9,0.92,0.01,0.01,0.02,0.16,139298.61,554.76,213.69,-0.0033,73889.2,42.06,0.74,0.02,0.13,0.08,6457,0.003922493551926729,1.0001474045629901,3.1600000000000037,-0.18000000000000005,0.01,0.12000000000000001,0.06,842,0.007153474481636471
39540,"Racine-Mount Pleasant, WI Metro Area","Racine-Mount Pleasant, WI Metro Area, Wisconsin",Wisconsin,cbsa,5674,5214,460,38,638,3710.79,200938.37,78182.44,40.5,0.69,0.01,0.1,0.15,0.19,133577.43,332.59,604.17,0.0178,84834.23,39.58,0.63,0.05,0.11,0.18,10888,0.002289259139506307,1.0850803581980812,-0.9200000000000017,-0.05999999999999994,0.04,0.009999999999999995,0.03,1136,0.00568561824366748
43260,"Sheridan, WY Micro Area","Sheridan, WY Micro Area, Wyoming",Wyoming,cbsa,1532,1073,459,0,71,874.8,32020.2,72120.34,42.7,0.89,0.01,0.01,0.05,0.2,225714.08,2522.66,12.69,0.0247,93131.67,38.67,0.65,0.06,0.06,0.2,2605,0.014334701219854966,1.2913370902022925,-4.030000000000001,-0.24,0.049999999999999996,0.049999999999999996,0.15000000000000002,530,0.01683063302233711
19180,"Danville, IL Micro Area","Danville, IL Micro Area, Illinois",Illinois,cbsa,3052,2593,459,-386,13,798.26,72179.13,57283.19,41.3,0.77,0.01,0.15,0.06,0.11,64106.15,898.27,80.35,-0.0156,73401.13,38.87,0.68,0.05,0.12,0.15,5645,0.006359178892846173,1.281372947281742,-2.4299999999999997,-0.08999999999999997,0.04,-0.03,0.09,86,0.0011929014595426775
17540,"Clinton, IA Micro Area","Clinton, IA Micro Area, Iowa",Iowa,cbsa,1302,845,457,-104,26,715.5,46424.77,68145.19,42.4,0.89,0.01,0.03,0.04,0.15,85807.86,694.83,66.81,-0.0608,80762.68,40.77,0.67,0.04,0.11,0.17,2147,0.009843882909920717,1.1851559882656426,-1.6299999999999955,-0.21999999999999997,0.03,0.08,0.13,379,0.008230940648837016
15220,"Brownwood, TX Micro Area","Brownwood, TX Micro Area, Texas",Texas,cbsa,2640,2184,456,-260,104,837.05,38077.49,57105.74,41.8,0.7,0.01,0.04,0.22,0.15,99621.11,944.24,40.33,0.0119,79727.04,36.52,0.51,0.04,0.1,0.32,4824,0.011975579272688405,1.3961300562780554,-5.279999999999994,-0.18999999999999995,0.03,0.060000000000000005,0.1,300,0.007941236964128639
15260,"Brunswick-St. Simons, GA Metro Area","Brunswick-St. Simons, GA Metro Area, Georgia",Georgia,cbsa,5393,4939,454,-299,299,3963.4,121901.72,66531.24,43.6,0.67,0.01,0.21,0.07,0.17,145305.93,1286.29,94.77,0.0464,77054.78,38.17,0.57,0.04,0.18,0.17,10332,0.0037243116832149704,1.158174415507662,-5.43,-0.10000000000000009,0.03,-0.03,0.1,454,0.003738234031894547
28820,"Kinston, NC Micro Area","Kinston, NC Micro Area, North Carolina",North Carolina,cbsa,3119,2665,454,-234,143,1011.37,57133.88,45140.55,41.9,0.47,0.01,0.39,0.09,0.1,59143.63,399.05,143.17,-0.0056,71698.62,38.54,0.59,0.03,0.23,0.12,5784,0.007946248355616668,1.5883417459468259,-3.3599999999999994,0.12,0.019999999999999997,-0.16,0.03,363,0.006394123184280392
18980,"Cullman, AL Micro Area","Cullman, AL Micro Area, Alabama",Alabama,cbsa,2389,1935,453,-234,65,1064.89,85677.25,62707.82,40.8,0.89,0.01,0.01,0.05,0.13,114921.43,734.62,116.63,0.0096,72041.81,38.73,0.65,0.02,0.17,0.1,4324,0.005287284547531579,1.1488488995471378,-2.0700000000000003,-0.24,0.01,0.16,0.05,284,0.0033257898018871513
39380,"Pueblo, CO Metro Area","Pueblo, CO Metro Area, Colorado",Colorado,cbsa,5334,4881,453,-494,299,2200.84,171042.38,64867.22,40.4,0.51,0.01,0.02,0.42,0.16,123050.96,2312.08,73.98,0.0651,87031.28,37.64,0.64,0.03,0.06,0.2,10215,0.002648466421012149,1.3416835190408962,-2.759999999999998,0.13,0.019999999999999997,0.039999999999999994,-0.21999999999999997,258,0.0015106767960863868
29470,"Lake of the Woods, VA Micro Area","Lake of the Woods, VA Micro Area, Virginia",Virginia,cbsa,1445,995,450,-65,52,699.89,39531.78,95604.79,42.1,0.75,0.01,0.1,0.07,0.19,185704.12,384.36,102.85,0.04,108274.8,39,0.53,0.08,0.2,0.15,2440,0.011383246592994296,1.1325248452509546,-3.1000000000000014,-0.21999999999999997,0.07,0.1,0.07999999999999999,437,0.011177962889163208
16500,"Centralia, WA Micro Area","Centralia, WA Micro Area, Washington",Washington,cbsa,3603,3155,447,-195,208,1333.17,88888.59,74810.36,42.2,0.8,0.01,0.01,0.12,0.14,206517.96,2402.48,37,0.0248,92357.1,39.44,0.65,0.07,0.04,0.15,6758,0.005028766909228733,1.234549599814785,-2.760000000000005,-0.15000000000000002,0.060000000000000005,0.03,0.03,460,0.005201937518171443
40060,"Richmond, VA Metro Area","Richmond, VA Metro Area, Virginia",Virginia,cbsa,21767,21333,435,2151,7799,39929.15,1322103.12,87110.82,38.8,0.55,0.04,0.28,0.08,0.25,200813.33,4470.97,295.71,0.0475,85490.51,38.51,0.59,0.05,0.16,0.14,43100,0.00032902123398664997,0.9813994403909869,-0.28999999999999915,0.039999999999999925,0.010000000000000002,-0.12000000000000002,0.06000000000000001,10385,0.007917097310510584
38210,"Pikeville, KY Micro Area","Pikeville, KY Micro Area, Kentucky",Kentucky,cbsa,2516,2085,431,-768,91,1584.45,89121.75,43252,43.1,0.95,0,0.01,0.01,0.09,48454.91,1230.12,72.45,-0.0283,76888.24,41.53,0.75,0.02,0.12,0.1,4601,0.004836080979110037,1.777680569684639,-1.5700000000000003,-0.19999999999999996,0.02,0.11,0.09000000000000001,-246,-0.0027526708460266706
15500,"Burlington, NC Metro Area","Burlington, NC Metro Area, North Carolina",North Carolina,cbsa,9707,9277,430,-91,998,5532.62,178543.76,66432.88,38.9,0.58,0.02,0.2,0.15,0.19,96791.89,423.44,421.66,0.0228,79652.7,38.87,0.56,0.05,0.21,0.13,18984,0.0024083731629713635,1.1989951361434277,-0.030000000000001137,-0.019999999999999907,0.030000000000000002,0.009999999999999981,-0.01999999999999999,1337,0.0075448588981594155
44420,"Staunton-Stuarts Draft, VA Metro Area","Staunton-Stuarts Draft, VA Metro Area, Virginia",Virginia,cbsa,2408,1985,423,-455,247,2260.2,124787.67,73739.81,42.7,0.83,0.01,0.07,0.05,0.17,138580.86,1001.85,124.56,0.0275,80274.77,38.83,0.67,0.04,0.12,0.13,4393,0.0033897579784925866,1.0886218719576306,-3.8700000000000045,-0.15999999999999992,0.03,0.04999999999999999,0.08,215,0.0017259002315676464
35100,"New Bern, NC Micro Area","New Bern, NC Micro Area, North Carolina",North Carolina,cbsa,9260,8839,421,-221,221,2627.76,131724.44,64057.71,41,0.66,0.02,0.2,0.07,0.16,114349.32,1561.21,84.37,0.0253,77367.26,38.44,0.57,0.04,0.13,0.19,18099,0.0031960659692309187,1.207774364709572,-2.5600000000000023,-0.09000000000000008,0.02,-0.07,0.12,421,0.0032063135588831487
44100,"Springfield, IL Metro Area","Springfield, IL Metro Area, Illinois",Illinois,cbsa,7038,6617,421,-130,871,3637.1,202011.63,76024.48,41.1,0.78,0.02,0.12,0.03,0.22,104021.17,1182.52,170.83,0.0138,72616.71,39.7,0.71,0.03,0.1,0.11,13655,0.0020840384288765947,0.9551753593053186,-1.3999999999999986,-0.07000000000000006,0.009999999999999998,-0.01999999999999999,0.08,1162,0.005785422656740767
43020,"Shawano, WI Micro Area","Shawano, WI Micro Area, Wisconsin",Wisconsin,cbsa,1337,917,420,-78,26,993.41,46498.54,67159.8,44.7,0.78,0.01,0.01,0.03,0.13,82505.9,1250.5,37.18,0.0265,85578.3,40.81,0.74,0.05,0.05,0.12,2254,0.009032541666899648,1.274248881027043,-3.8900000000000006,-0.040000000000000036,0.04,0.04,0.09,368,0.007977361635046977
42300,"Sault Ste. Marie, MI Micro Area","Sault Ste. Marie, MI Micro Area, Michigan",Michigan,cbsa,2052,1634,418,-182,130,1390.74,37649.01,62983.34,41.6,0.69,0.01,0.04,0.02,0.16,94874.92,1557.77,24.17,-0.0079,79506.74,42.81,0.72,0.03,0.13,0.13,3686,0.011102549575672773,1.2623455663037242,1.2100000000000009,0.030000000000000027,0.019999999999999997,0.09,0.11,366,0.00981680395440175
13260,"Bedford, IN Micro Area","Bedford, IN Micro Area, Indiana",Indiana,cbsa,1419,1004,415,-184,13,568.34,44737.3,66716.44,43.3,0.93,0.01,0,0.02,0.12,65889.94,449.11,99.61,-0.0064,73813.49,36.01,0.68,0.05,0.1,0.12,2423,0.009276375641802254,1.1063763294324458,-7.289999999999999,-0.25,0.04,0.1,0.09999999999999999,244,0.005483971744060341
22580,"Forest City, NC Micro Area","Forest City, NC Micro Area, North Carolina",North Carolina,cbsa,2805,2393,411,-416,0,839.61,65884.99,51880.75,45.3,0.81,0,0.08,0.06,0.13,91527.67,565.4,116.53,0.0259,71335.66,41.29,0.68,0.03,0.14,0.11,5198,0.006238143164323163,1.3749928441666708,-4.009999999999998,-0.13,0.03,0.06000000000000001,0.05,-5,-0.00007588406068964345
47620,"Warren, PA Micro Area","Warren, PA Micro Area, Pennsylvania",Pennsylvania,cbsa,1158,747,411,-247,39,645.99,38717.96,60666.44,47.1,0.94,0,0.01,0.01,0.13,83914.03,884.21,43.79,-0.0099,76642.48,43.77,0.82,0.03,0.07,0.09,1905,0.010615228694900248,1.263342302597614,-3.3299999999999983,-0.12,0.03,0.060000000000000005,0.08,203,0.005270679237366468
17020,"Chico, CA Metro Area","Chico, CA Metro Area, California",California,cbsa,13566,13158,409,-559,659,7861.9,233552.95,68302.42,36.2,0.65,0.06,0.02,0.2,0.21,207152.5,1636.18,142.74,0.0603,91695.01,38.51,0.47,0.11,0.05,0.3,26724,0.0017512088800419776,1.342485522474899,2.309999999999995,-0.18000000000000005,0.05,0.030000000000000002,0.09999999999999998,509,0.0021841373697965554
35460,"Newport, TN Micro Area","Newport, TN Micro Area, Tennessee",Tennessee,cbsa,2072,1665,407,-390,13,627.92,38177.12,47750.83,45.3,0.92,0,0.02,0.03,0.07,44220.46,436.12,87.54,0.0681,69253.13,42.25,0.78,0.02,0.06,0.11,3737,0.010660835599961442,1.4503021204029334,-3.049999999999997,-0.14,0.02,0.039999999999999994,0.08,30,0.0007864289623961127
42740,"Sedalia, MO Micro Area","Sedalia, MO Micro Area, Missouri",Missouri,cbsa,2017,1612,406,78,273,954.46,47610.9,60475.39,38.2,0.82,0.01,0.02,0.1,0.11,104204.9,682.12,69.8,0.006,75836.24,36.82,0.69,0.03,0.08,0.13,3629,0.008527459048243154,1.254001669108707,-1.3800000000000026,-0.13,0.019999999999999997,0.06,0.03,757,0.016156605960229563
33540,"Missoula, MT Metro Area","Missoula, MT Metro Area, Montana",Montana,cbsa,4678,4274,403,143,100,4400.81,131996.54,74989.27,37.5,0.86,0.02,0,0.05,0.28,249305.04,3812.14,34.63,0.0379,84212.49,39.94,0.66,0.05,0.07,0.18,8952,0.0030531103315283867,1.1229938629886649,2.4399999999999977,-0.19999999999999996,0.030000000000000002,0.07,0.13,646,0.004918137374996707
22060,"Faribault-Northfield, MN Micro Area","Faribault-Northfield, MN Micro Area, Minnesota",Minnesota,cbsa,3330,2927,403,91,746,3493.53,75084.83,82908.61,37.1,0.77,0.02,0.07,0.1,0.18,154796.44,495.8,151.44,-0.0222,91935.12,38.28,0.58,0.07,0.1,0.2,6257,0.005367262601513515,1.1088730108971794,1.1799999999999997,-0.19000000000000006,0.05,0.03,0.1,1240,0.016791967697670912
41760,"Sandpoint, ID Micro Area","Sandpoint, ID Micro Area, Idaho",Idaho,cbsa,2230,1839,390,-78,181,1237.67,51383.52,67294,48.1,0.89,0.01,0,0.04,0.19,292592.01,1733.19,29.65,0.1782,86210.93,40.58,0.69,0.05,0.04,0.17,4069,0.007589982157703482,1.2811087169732813,-7.520000000000003,-0.20000000000000007,0.04,0.04,0.13,493,0.009687462419326822
27460,"Jamestown-Dunkirk, NY Micro Area","Jamestown-Dunkirk, NY Micro Area, New York",New York,cbsa,3946,3562,384,-517,176,5209.43,122812.86,58402.54,42.9,0.84,0.01,0.02,0.1,0.14,71451.1,1060.29,115.83,-0.0205,75943.88,44.44,0.71,0.04,0.09,0.15,7508,0.0031267083919387594,1.3003523476889876,1.5399999999999991,-0.13,0.03,0.06999999999999999,0.04999999999999999,43,0.0003502488314314279
33140,"Michigan City-La Porte, IN Metro Area","Michigan City-La Porte, IN Metro Area, Indiana",Indiana,cbsa,4414,4032,382,-234,91,1788.2,110900.66,70422.75,41.1,0.76,0.01,0.1,0.08,0.15,104454.5,598.12,185.41,0.0006,80039.49,40.73,0.64,0.04,0.12,0.17,8446,0.003444524135383865,1.136557291500261,-0.37000000000000455,-0.12,0.03,0.01999999999999999,0.09000000000000001,239,0.0021597362627670683
30380,"Lewistown, PA Micro Area","Lewistown, PA Micro Area, Pennsylvania",Pennsylvania,cbsa,1120,738,382,-91,13,645.49,45729.75,65053.76,43.4,0.93,0,0.01,0.02,0.09,93123.23,410.95,111.28,0.0132,78892.75,42.32,0.78,0.05,0.06,0.12,1858,0.008353424193222136,1.2127315930701008,-1.0799999999999983,-0.15000000000000002,0.05,0.049999999999999996,0.09999999999999999,304,0.0066922395337446275
31940,"Marinette, WI-MI Micro Area","Marinette, WI-MI Micro Area, Wisconsin",Wisconsin,cbsa,2082,1707,375,-429,52,1138.52,61575.32,61753.4,49,0.93,0,0,0.03,0.14,96779.54,2443.02,25.2,-0.0025,81562.66,41.85,0.72,0.03,0.05,0.16,3789,0.006090102333207525,1.3207800704090786,-7.149999999999999,-0.21000000000000008,0.03,0.05,0.13,-2,-0.00003247949082551823
26580,"Huntington-Ashland, WV-KY-OH Metro Area","Huntington-Ashland, WV-KY-OH Metro Area, West Virginia",West Virginia,cbsa,7816,7445,371,-2307,351,6507.65,364643.64,59943.29,41.9,0.93,0.01,0.02,0.01,0.14,68067.27,3052.36,119.46,-0.0033,71311.35,40.4,0.71,0.02,0.12,0.1,15261,0.0010174317040055874,1.1896469146087911,-1.5,-0.22000000000000008,0.01,0.09999999999999999,0.09000000000000001,-1585,-0.0043278974577193085
14100,"Bloomsburg-Berwick, PA Micro Area","Bloomsburg-Berwick, PA Micro Area, Pennsylvania",Pennsylvania,cbsa,2211,1843,368,-195,169,7227.43,66099.98,64063.93,41,0.91,0.01,0.02,0.04,0.16,123344.54,483.13,136.82,0.0022,79330.63,42.79,0.73,0.03,0.1,0.12,4054,0.00556732392354733,1.2383041440011564,1.7899999999999991,-0.18000000000000005,0.019999999999999997,0.08,0.07999999999999999,342,0.005200889686696581
15660,"Calhoun, GA Micro Area","Calhoun, GA Micro Area, Georgia",Georgia,cbsa,2409,2044,365,-39,117,932.28,60680.86,64320.1,38.9,0.76,0.01,0.03,0.16,0.11,118901.06,356.44,170.24,0.054,78435.08,37.63,0.55,0.04,0.21,0.15,4453,0.006015076253039262,1.2194489747372905,-1.269999999999996,-0.20999999999999996,0.03,0.18,-0.010000000000000009,443,0.007354178916714505
42940,"Sevierville, TN Micro Area","Sevierville, TN Micro Area, Tennessee",Tennessee,cbsa,5394,5032,362,-182,676,2373.35,100152.13,62889.49,43.5,0.85,0.01,0.01,0.1,0.14,128275.26,592.46,169.04,0.0606,70268.41,41.05,0.76,0.02,0.08,0.1,10426,0.0036145012592343267,1.117331528686272,-2.450000000000003,-0.08999999999999997,0.01,0.07,0,856,0.008620678368834716
38700,"Pontiac, IL Micro Area","Pontiac, IL Micro Area, Illinois",Illinois,cbsa,2024,1662,362,-104,65,504.26,35208.44,73874.41,41.8,0.88,0.01,0.03,0.06,0.13,48157.91,1043.23,33.75,0.0042,81057.3,39.17,0.69,0.04,0.1,0.15,3686,0.010281625655666652,1.0972310980216289,-2.6299999999999955,-0.19000000000000006,0.03,0.07,0.09,323,0.00925887705587202
39040,"Port Townsend, WA Micro Area","Port Townsend, WA Micro Area, Washington",Washington,cbsa,1397,1036,361,-260,52,589.16,30086.97,73995.64,59.8,0.85,0.01,0,0.04,0.24,476411.89,1803.71,16.68,0.041,98698.23,44.83,0.7,0.07,0.05,0.18,2433,0.011998549538222027,1.3338384531845389,-14.969999999999999,-0.15000000000000002,0.060000000000000005,0.05,0.13999999999999999,153,0.005111249860943938
23820,"Gardnerville Ranchos, NV-CA Micro Area","Gardnerville Ranchos, NV-CA Micro Area, Nevada",Nevada,cbsa,2469,2110,359,-364,26,1128.06,48535.03,92844.9,54.6,0.77,0.02,0,0.13,0.21,396775.61,1448.75,33.5,0.0118,83870.24,39.88,0.55,0.07,0.06,0.26,4579,0.007396719441607433,0.9033370707491742,-14.719999999999999,-0.21999999999999997,0.05,0.06,0.13,21,0.00043286447240107657
10820,"Alexandria, MN Micro Area","Alexandria, MN Micro Area, Minnesota",Minnesota,cbsa,1919,1563,355,-91,26,1105.34,39088.17,78681.06,44.5,0.94,0.01,0.01,0.02,0.2,186875.82,636.77,61.38,0.0042,91735.43,42.01,0.73,0.04,0.06,0.2,3482,0.009082031724688059,1.165915024530681,-2.490000000000002,-0.20999999999999996,0.03,0.049999999999999996,0.18000000000000002,290,0.0074745793422731025
23620,"Gainesville, TX Micro Area","Gainesville, TX Micro Area, Texas",Texas,cbsa,3745,3392,353,65,52,946.38,46220.68,73987.1,40.5,0.71,0.01,0.03,0.21,0.16,184644.47,874.62,52.85,0.0254,82342.72,35.76,0.49,0.06,0.13,0.26,7137,0.007637274051355367,1.1129334708347807,-4.740000000000002,-0.21999999999999997,0.049999999999999996,0.1,0.05000000000000002,470,0.010273071351070629
21300,"Elmira, NY Metro Area","Elmira, NY Metro Area, New York",New York,cbsa,3324,2971,353,-304,182,2147.91,81405.03,64820.96,42,0.84,0.02,0.06,0.04,0.15,79951.87,407.32,199.86,-0.0163,73055.04,41.78,0.75,0.04,0.07,0.1,6295,0.004336341378413594,1.1270280477178987,-0.21999999999999886,-0.08999999999999997,0.02,0.010000000000000009,0.060000000000000005,231,0.002845737731636584
31020,"Longview-Kelso, WA Metro Area","Longview-Kelso, WA Metro Area, Washington",Washington,cbsa,4252,3900,352,-39,208,1645.66,116288.05,76590.59,41.5,0.8,0.01,0.01,0.1,0.12,132388.26,1140.95,101.92,0.0225,90534.93,39.01,0.67,0.06,0.03,0.16,8152,0.003026966227398258,1.1820633579138116,-2.490000000000002,-0.13,0.049999999999999996,0.019999999999999997,0.06,521,0.004500417001210621
29980,"Lawrenceburg, TN Micro Area","Lawrenceburg, TN Micro Area, Tennessee",Tennessee,cbsa,1752,1400,352,-65,0,531.34,46084.61,56065.46,39.3,0.92,0,0.01,0.03,0.09,107691.27,617.02,74.69,-0.0004,79640.67,38.74,0.7,0.03,0.14,0.1,3152,0.007638124744898568,1.4204943649797932,-0.5599999999999952,-0.22000000000000008,0.03,0.13,0.07,287,0.006266702563736405
18820,"Crawfordsville, IN Micro Area","Crawfordsville, IN Micro Area, Indiana",Indiana,cbsa,1585,1236,350,0,13,916.05,38461.97,71246.24,40.4,0.89,0.01,0.01,0.06,0.13,68961.19,504.61,76.22,0.001,77902.69,38.76,0.73,0.04,0.1,0.15,2821,0.009099897899145571,1.0934287900666757,-1.6400000000000006,-0.16000000000000003,0.03,0.09000000000000001,0.09,363,0.00952781663126326
49660,"Youngstown-Warren, OH Metro Area","Youngstown-Warren, OH Metro Area, Ohio",Ohio,cbsa,7551,7210,341,-1573,741,6056.33,417694.27,57327.79,43.5,0.79,0.01,0.11,0.05,0.16,65082.15,1028.8,406,-0.0191,72480.98,41.17,0.72,0.03,0.12,0.08,14761,0.0008163865882096013,1.2643253821575888,-2.3299999999999983,-0.07000000000000006,0.019999999999999997,0.009999999999999995,0.03,-491,-0.0011741207431816046
34420,"Mount Pleasant, TX Micro Area","Mount Pleasant, TX Micro Area, Texas",Texas,cbsa,3148,2810,338,52,249,1069.11,62352.97,58391.85,37.4,0.49,0.01,0.14,0.34,0.13,73195.66,854.04,73.01,0.039,75856.91,37.98,0.55,0.04,0.14,0.23,5958,0.005420752211161714,1.2991009875522013,0.5799999999999983,0.06000000000000005,0.03,0,-0.11000000000000001,639,0.010354219636169898
40090,"Rifle, CO Micro Area","Rifle, CO Micro Area, Colorado",Colorado,cbsa,2988,2652,336,403,317,2275.6,80636.98,94178.63,39.3,0.66,0.01,0.01,0.28,0.25,511283.61,3917.7,20.58,0.1107,92113.38,39.51,0.65,0.04,0.06,0.2,5640,0.004166822715830876,0.9780709275554338,0.21000000000000085,-0.010000000000000009,0.03,0.049999999999999996,-0.08000000000000002,1056,0.01326950233585965
31060,"Los Alamos, NM Micro Area","Los Alamos, NM Micro Area, New Mexico",New Mexico,cbsa,1471,1136,335,13,216,722.33,20491.53,146412.69,39.3,0.7,0.05,0.01,0.18,0.26,135099.92,109.12,187.79,-0.0022,79398.3,38.33,0.5,0.05,0.09,0.33,2607,0.016348218019835513,0.5422911087829887,-0.9699999999999989,-0.19999999999999996,0,0.08,0.15000000000000002,564,0.028302554305526074
43060,"Shawnee, OK Micro Area","Shawnee, OK Micro Area, Oklahoma",Oklahoma,cbsa,3515,3182,333,-247,52,1919.37,74743.91,61519.78,37.9,0.7,0.01,0.03,0.06,0.14,126983.8,787.72,94.89,0.0322,71786.81,36.39,0.61,0.03,0.09,0.16,6697,0.004455212471490988,1.1668899011017269,-1.509999999999998,-0.08999999999999997,0.019999999999999997,0.06,0.1,138,0.001849719412309293
21980,"Fallon, NV Micro Area","Fallon, NV Micro Area, Nevada",Nevada,cbsa,1732,1399,333,-65,39,597.14,27539.08,78997.04,40.4,0.71,0.02,0.02,0.15,0.13,164705.26,4949.87,5.56,0.0482,83405.82,38.04,0.56,0.05,0.11,0.21,3131,0.012091907209681658,1.055809432859763,-2.3599999999999994,-0.1499999999999999,0.030000000000000002,0.09,0.06,307,0.011273468644334182
25720,"Heber, UT Micro Area","Heber, UT Micro Area, Utah",Utah,cbsa,4191,3860,332,442,546,3023.89,79918.21,126739.34,39.2,0.82,0.01,0,0.13,0.35,403666.07,3224.09,24.79,0.1112,93472.01,35.39,0.67,0.05,0.05,0.18,8051,0.004154247198479545,0.7375137822242092,-3.8100000000000023,-0.1499999999999999,0.04,0.05,0.04999999999999999,1320,0.016794275594825887
47240,"Vineyard Haven, MA Micro Area","Vineyard Haven, MA Micro Area, Massachusetts",Massachusetts,cbsa,1228,896,332,0,195,1590.79,17252.82,126345.53,50.7,0.8,0.01,0.03,0.03,0.27,599003.93,103.2,167.18,0.0343,112169.43,51.12,0.77,0.05,0.11,0.24,2124,0.01924323096166308,0.8877989589342812,0.4199999999999946,-0.030000000000000027,0.04,0.08,0.21,527,0.031508171198781285
18500,"Corning, NY Micro Area","Corning, NY Micro Area, New York",New York,cbsa,3861,3530,331,-182,195,1826.52,95595.17,66900.77,43,0.91,0.02,0.02,0.02,0.14,79311,1390.21,68.76,-0.017,80769.05,45.77,0.76,0.03,0.09,0.14,7391,0.0034625180330763576,1.2072962687873399,2.770000000000003,-0.15000000000000002,0.009999999999999998,0.06999999999999999,0.12000000000000001,344,0.003611504194646638
10140,"Aberdeen, WA Micro Area","Aberdeen, WA Micro Area, Washington",Washington,cbsa,2972,2643,329,-403,234,1098.69,71798.09,64415.57,44.7,0.76,0.01,0.01,0.11,0.12,161848.54,1901.08,37.77,0.0112,92337.28,39.78,0.65,0.07,0.05,0.16,5615,0.004582294598644616,1.4334621272465649,-4.920000000000002,-0.10999999999999999,0.060000000000000005,0.04,0.05,160,0.002233448714224514
23680,"Gallipolis, OH Micro Area","Gallipolis, OH Micro Area, Ohio",Ohio,cbsa,1020,698,322,-130,13,801.43,29268.65,57211.76,41.4,0.93,0.01,0.02,0.01,0.11,62315.89,466.52,62.74,-0.0022,67337.64,39.49,0.7,0.03,0.16,0.1,1718,0.011001532356292483,1.1769894860776875,-1.9099999999999966,-0.2300000000000001,0.019999999999999997,0.14,0.09000000000000001,205,0.007053484335243508
47220,"Vineland, NJ Metro Area","Vineland, NJ Metro Area, New Jersey",New Jersey,cbsa,5593,5272,320,91,1534,2024.35,158106.96,68263.59,37.7,0.41,0.01,0.16,0.36,0.13,98863.05,483.35,327.11,0.0207,86563.52,41.05,0.58,0.06,0.15,0.16,10865,0.002023946320895677,1.2680774626708031,3.3499999999999943,0.16999999999999998,0.049999999999999996,-0.010000000000000009,-0.19999999999999998,1945,0.012455017854540248
14300,"Bonham, TX Micro Area","Bonham, TX Micro Area, Texas",Texas,cbsa,3224,2908,317,-130,13,625.94,40489.92,71409.58,41,0.75,0,0.06,0.13,0.13,144136.36,877.71,46.13,0.0257,81185.6,37.23,0.54,0.05,0.12,0.25,6132,0.007829109072085103,1.136900679152573,-3.770000000000003,-0.20999999999999996,0.05,0.06,0.12,200,0.004964020777405366
45020,"Sweetwater, TX Micro Area","Sweetwater, TX Micro Area, Texas",Texas,cbsa,1391,1074,317,-26,0,433,15274.19,50938.45,39.3,0.54,0,0.03,0.37,0.11,71919.4,911.95,16.75,0.0224,75186.39,37.31,0.54,0.03,0.09,0.35,2465,0.020753964694690846,1.4760242999148974,-1.9899999999999949,0,0.03,0.06,-0.020000000000000018,291,0.019421765325007556
12180,"Auburn, NY Micro Area","Auburn, NY Micro Area, New York",New York,cbsa,3597,3281,316,-143,65,1943.66,77401,68323.99,43.8,0.87,0.01,0.03,0.04,0.13,92993.09,691.48,111.93,-0.0215,79351.58,41.96,0.73,0.04,0.09,0.12,6878,0.00408263459128435,1.1614014345473676,-1.8399999999999963,-0.14,0.03,0.06,0.07999999999999999,238,0.0030843798193434676
30340,"Lewiston-Auburn, ME Metro Area","Lewiston-Auburn, ME Metro Area, Maine",Maine,cbsa,4781,4467,314,-143,755,2578,112354.94,67036.5,40.5,0.87,0.01,0.06,0.02,0.16,114979.79,467.94,240.11,0.0148,89632.84,42.53,0.76,0.04,0.07,0.08,9248,0.00279471467832211,1.3370751754641128,2.030000000000001,-0.10999999999999999,0.03,0.010000000000000009,0.06,926,0.008310228922576128
49010,"Winchester, TN Micro Area","Winchester, TN Micro Area, Tennessee",Tennessee,cbsa,2416,2106,311,-169,91,1072.8,43510.08,62740.02,42.2,0.87,0.01,0.05,0.04,0.15,106625.93,550.5,79.04,0.0329,74078.3,38.37,0.69,0.03,0.1,0.13,4522,0.007147768976752054,1.1807184632711307,-3.8300000000000054,-0.18000000000000005,0.019999999999999997,0.05,0.09,233,0.005383912223283087
19940,"Dixon, IL Micro Area","Dixon, IL Micro Area, Illinois",Illinois,cbsa,2625,2313,311,-130,65,624.22,33150.49,70914.1,43.1,0.83,0.01,0.05,0.08,0.12,92215.52,724.58,45.75,0.0012,81369.66,43.15,0.73,0.03,0.07,0.18,4938,0.009381460123213866,1.147439789830231,0.04999999999999716,-0.09999999999999998,0.019999999999999997,0.020000000000000004,0.09999999999999999,246,0.007476183341543966
32660,"McMinnville, TN Micro Area","McMinnville, TN Micro Area, Tennessee",Tennessee,cbsa,1848,1538,310,-65,130,544.45,43173.36,55751.9,39.8,0.83,0.01,0.03,0.1,0.09,85395.17,432.63,99.79,0.0251,79248.39,40.14,0.72,0.03,0.1,0.14,3386,0.007180353810775904,1.4214473408081159,0.3400000000000034,-0.10999999999999999,0.019999999999999997,0.07,0.04000000000000001,375,0.00876201798386667
25770,"Hemlock Farms, PA Micro Area","Hemlock Farms, PA Micro Area, Pennsylvania",Pennsylvania,cbsa,2369,2062,307,-182,234,2078.71,61685.8,81805.99,49.4,0.77,0.01,0.06,0.12,0.18,122214.1,544.83,113.22,-0.0016,88539.89,40.24,0.54,0.07,0.13,0.22,4431,0.0049768342146814986,1.0823154881445722,-9.159999999999997,-0.22999999999999998,0.060000000000000005,0.07,0.1,359,0.005853884435515957
47660,"Warrensburg, MO Micro Area","Warrensburg, MO Micro Area, Missouri",Missouri,cbsa,4271,3965,306,284,374,2869.56,62165.82,67212.2,31.5,0.84,0.02,0.04,0.05,0.18,145743.24,829.08,74.98,0.0069,79059.57,37.26,0.62,0.04,0.1,0.19,8236,0.004922319049278204,1.1762681477469865,5.759999999999998,-0.21999999999999997,0.02,0.060000000000000005,0.14,964,0.01575116556991279
25180,"Hagerstown-Martinsburg, MD-WV Metro Area","Hagerstown-Martinsburg, MD-WV Metro Area, West Virginia",West Virginia,cbsa,12475,12171,304,0,663,4320.82,308484.7,79453.95,40.2,0.77,0.01,0.09,0.07,0.15,165671.38,1007.92,306.06,0.0609,95199.79,39.25,0.6,0.05,0.16,0.14,24646,0.000985462163925796,1.1981756728268387,-0.9500000000000028,-0.17000000000000004,0.04,0.07,0.07,967,0.003144534444683997
13700,"Big Spring, TX Micro Area","Big Spring, TX Micro Area, Texas",Texas,cbsa,2918,2613,304,-65,339,1206.55,35424.1,69580.29,36.7,0.43,0.01,0.05,0.48,0.11,88966.64,900.72,39.33,0.0187,74279.54,35.43,0.44,0.03,0.09,0.4,5531,0.008581728258445522,1.06753708557409,-1.2700000000000031,0.010000000000000009,0.019999999999999997,0.039999999999999994,-0.07999999999999996,578,0.0165872220994602
34140,"Moscow, ID Micro Area","Moscow, ID Micro Area, Idaho",Idaho,cbsa,2364,2063,300,170,504,1920.28,45216.83,65984.43,30.6,0.84,0.02,0.01,0.05,0.27,179228.34,1075.65,42.04,0.1161,81669.16,39.36,0.71,0.04,0.06,0.16,4427,0.006634697744180651,1.2377035006591708,8.759999999999998,-0.13,0.02,0.049999999999999996,0.11,974,0.02201486658968244
43780,"South Bend-Mishawaka, IN-MI Metro Area","South Bend-Mishawaka, IN-MI Metro Area, Michigan",Michigan,cbsa,17729,17434,296,247,1767,8336.16,335244.94,67498.53,37.9,0.71,0.02,0.11,0.1,0.19,98626.65,947.84,353.69,0.0102,75436.44,38.6,0.64,0.03,0.1,0.17,35163,0.0008829365179978555,1.1176012277600713,0.7000000000000028,-0.06999999999999995,0.009999999999999998,-0.009999999999999995,0.07,2310,0.006938292508440237
30620,"Lima, OH Metro Area","Lima, OH Metro Area, Ohio",Ohio,cbsa,3287,2996,291,0,182,2541.52,104556.99,64736.05,39.7,0.79,0.01,0.1,0.04,0.12,90181.18,402.53,259.75,-0.0088,77743.8,40.99,0.78,0.02,0.08,0.09,6283,0.0027831711681830166,1.2009351821743834,1.2899999999999991,-0.010000000000000009,0.01,-0.020000000000000004,0.049999999999999996,473,0.004544406877561092
37140,"Paducah, KY-IL Metro Area","Paducah, KY-IL Metro Area, Kentucky",Kentucky,cbsa,2861,2576,285,-442,130,1449.26,97807.34,65173.39,43.2,0.84,0.01,0.08,0.03,0.15,72881.13,1235.3,79.18,-0.001,68998.18,38.55,0.7,0.02,0.11,0.11,5437,0.0029138917385954878,1.0586863749146698,-4.650000000000006,-0.14,0.01,0.03,0.08,-27,-0.0002759767173775589
39860,"Red Wing, MN Micro Area","Red Wing, MN Micro Area, Minnesota",Minnesota,cbsa,1638,1354,284,-26,52,1088.06,46685.56,83371.55,42.5,0.89,0.01,0.02,0.04,0.19,160873.92,756.68,61.7,-0.019,93257.64,40.14,0.7,0.06,0.08,0.15,2992,0.006083251437917849,1.1185786998082679,-2.3599999999999994,-0.19000000000000006,0.049999999999999996,0.06,0.10999999999999999,310,0.006684555399438843
32020,"Marion, OH Micro Area","Marion, OH Micro Area, Ohio",Ohio,cbsa,1804,1521,283,-39,13,880.7,65955.1,59542.22,40.1,0.86,0.01,0.05,0.03,0.1,102265.24,403.75,163.36,0.0014,77673.42,39.83,0.73,0.04,0.12,0.07,3325,0.0042907978306453935,1.3045099762823757,-0.2700000000000031,-0.13,0.03,0.06999999999999999,0.04000000000000001,257,0.003911833066709692
10700,"Albertville, AL Micro Area","Albertville, AL Micro Area, Alabama",Alabama,cbsa,3175,2893,281,299,442,1524.05,100466.81,64169.49,38.5,0.76,0.01,0.02,0.17,0.14,124212.14,565.81,177.56,0.0408,69568.43,40.19,0.67,0.02,0.14,0.12,6068,0.0027969435876385447,1.0841356227079255,1.6899999999999977,-0.08999999999999997,0.01,0.12000000000000001,-0.05000000000000002,1022,0.01027705719383445
43380,"Sidney, OH Micro Area","Sidney, OH Micro Area, Ohio",Ohio,cbsa,1398,1119,280,52,65,828.45,48667.26,73783.47,40.3,0.92,0.01,0.02,0.02,0.14,76041.24,407.65,119.38,-0.0082,75176.53,41.4,0.83,0.02,0.09,0.05,2517,0.005753354513897022,1.0188803806597873,1.1000000000000014,-0.09000000000000008,0.01,0.06999999999999999,0.030000000000000002,397,0.008224525826046929
43140,"Shelby-Kings Mountain, NC Micro Area","Shelby-Kings Mountain, NC Micro Area, North Carolina",North Carolina,cbsa,4500,4221,279,-364,91,2241.3,96087.77,58567.84,41.3,0.71,0.01,0.18,0.05,0.14,92207.55,464.22,206.99,0.0021,76943.25,39.37,0.61,0.04,0.17,0.13,8721,0.0029035953274802817,1.3137457348606334,-1.9299999999999997,-0.09999999999999998,0.03,-0.009999999999999981,0.08,6,0.00006244680962892336
31700,"Manchester-Nashua, NH Metro Area","Manchester-Nashua, NH Metro Area, New Hampshire",New Hampshire,cbsa,13035,12757,278,257,2823,13398.15,436713.45,103790.22,41,0.8,0.04,0.02,0.09,0.25,267888.99,875.55,498.79,0.0169,97309.25,40,0.67,0.06,0.09,0.14,25792,0.0006365730205927937,0.9375570260858874,-1,-0.13,0.019999999999999997,0.06999999999999999,0.05000000000000002,3358,0.007748835280599332
23340,"Fremont, NE Micro Area","Fremont, NE Micro Area, Nebraska",Nebraska,cbsa,1317,1039,278,78,247,1115.13,38173.79,74699.49,39.3,0.78,0,0,0.18,0.15,138983.77,528.63,72.21,0.0013,84032.16,38.91,0.69,0.04,0.07,0.16,2356,0.00728248360982758,1.1249361943434955,-0.39000000000000057,-0.09000000000000008,0.04,0.07,-0.01999999999999999,603,0.016049702441710702
15900,"Canton, IL Micro Area","Canton, IL Micro Area, Illinois",Illinois,cbsa,1941,1667,275,-232,13,473.86,34655.66,60877.32,43.9,0.92,0,0.03,0.03,0.12,54241.01,865.53,40.04,-0.0121,70727.75,40.1,0.72,0.03,0.11,0.13,3608,0.007935211737418938,1.1618078785334176,-3.799999999999997,-0.20000000000000007,0.03,0.08,0.1,56,0.0016185130142897357
40340,"Rochester, MN Metro Area","Rochester, MN Metro Area, Minnesota",Minnesota,cbsa,7465,7191,274,741,1355,4894.77,235737.75,93144.48,38.9,0.8,0.05,0.06,0.05,0.25,202521.84,2476.85,95.18,-0.0133,83221.67,37.84,0.59,0.06,0.08,0.21,14656,0.0011623085398923168,0.8934686199332478,-1.0599999999999952,-0.21000000000000008,0.009999999999999995,0.020000000000000004,0.15999999999999998,2370,0.010155644899520177
12740,"Barre, VT Micro Area","Barre, VT Micro Area, Vermont",Vermont,cbsa,3339,3067,272,-116,130,3306.65,59145.14,84427.58,43.8,0.91,0.01,0.01,0.03,0.29,191062.58,690.65,85.64,0.0036,90251.15,44.27,0.79,0.04,0.08,0.11,6406,0.004598856305015086,1.068977104401192,0.47000000000000597,-0.12,0.03,0.07,0.08,286,0.004859058423211756
21060,"Elizabethtown, KY Metro Area","Elizabethtown, KY Metro Area, Kentucky",Kentucky,cbsa,4339,4069,270,26,520,2882.14,130127.57,66972.19,37.6,0.76,0.02,0.1,0.06,0.14,88760.63,884.91,147.05,0.0316,75396.52,38.58,0.66,0.03,0.14,0.1,8408,0.002074886974374454,1.1257884802632256,0.9799999999999969,-0.09999999999999998,0.009999999999999998,0.04000000000000001,0.04000000000000001,816,0.006310340211629941
10940,"Alma, MI Micro Area","Alma, MI Micro Area, Michigan",Michigan,cbsa,2221,1955,267,-104,39,1744.14,39900.72,64124.42,39.6,0.83,0,0.06,0.08,0.13,84145.65,568.25,70.22,-0.0598,75663.85,38.17,0.77,0.03,0.08,0.09,4176,0.006691608572476887,1.179953752408209,-1.4299999999999997,-0.05999999999999994,0.03,0.020000000000000004,0.009999999999999995,202,0.005088325265902779
16260,"Cedar City, UT Micro Area","Cedar City, UT Micro Area, Utah",Utah,cbsa,3999,3736,263,485,351,2848.4,61582.21,67557.62,30.2,0.83,0.01,0.01,0.1,0.21,194860.13,3295.69,18.69,0.0959,87228.35,37.56,0.67,0.04,0.04,0.18,7735,0.004270713896107334,1.2911696711636675,7.360000000000003,-0.15999999999999992,0.03,0.03,0.07999999999999999,1099,0.018170331898720322
30060,"Lebanon, MO Micro Area","Lebanon, MO Micro Area, Missouri",Missouri,cbsa,1633,1370,263,-26,39,443.88,35214.02,53754.51,39.2,0.9,0.01,0.01,0.03,0.11,71892.72,764.47,46.06,0.0482,74362.85,36.25,0.62,0.03,0.09,0.22,3003,0.00746861619320941,1.3833788085874097,-2.950000000000003,-0.28,0.019999999999999997,0.08,0.19,276,0.007899703532140631
33980,"Morehead City, NC Micro Area","Morehead City, NC Micro Area, North Carolina",North Carolina,cbsa,4563,4301,263,-585,156,2401.91,70183.42,71709.22,50.5,0.85,0.01,0.04,0.05,0.22,127435.29,485.67,144.51,0.0497,80584.07,38.1,0.63,0.04,0.16,0.12,8864,0.0037473237981278202,1.1237616306522369,-12.399999999999999,-0.21999999999999997,0.03,0.12,0.06999999999999999,-166,-0.002359649873446007
30140,"Lebanon, PA Metro Area","Lebanon, PA Metro Area, Pennsylvania",Pennsylvania,cbsa,3480,3218,262,-104,559,4905.95,147259.79,78491.54,41.1,0.78,0.02,0.02,0.15,0.15,145134.33,361.81,407.01,0.0191,86589.03,40.93,0.69,0.05,0.09,0.15,6698,0.001779168637956091,1.1031638568946411,-0.1700000000000017,-0.09000000000000008,0.030000000000000002,0.06999999999999999,0,717,0.004892768862937576
33620,"Moberly, MO Micro Area","Moberly, MO Micro Area, Missouri",Missouri,cbsa,1126,865,261,-13,0,427.38,25408.84,53656.2,40,0.87,0,0.05,0.03,0.13,62283.36,482.99,52.61,-0.0479,76598.96,38.03,0.8,0.04,0.09,0.08,1991,0.010272015566236003,1.4275882377059876,-1.9699999999999989,-0.06999999999999995,0.04,0.039999999999999994,0.05,248,0.009856586664038243
13820,"Birmingham, AL Metro Area","Birmingham, AL Metro Area, Alabama",Alabama,cbsa,23617,23357,260,468,3973,20256.08,1166337.16,71776.17,38.9,0.61,0.02,0.28,0.06,0.21,156616.39,5408.62,215.64,0.0225,72651.04,38.05,0.61,0.03,0.18,0.12,46974,0.0002229201031372438,1.0121888643542836,-0.8500000000000014,0,0.009999999999999998,-0.10000000000000003,0.06,4701,0.00404687815503264
44460,"Steamboat Springs, CO Micro Area","Steamboat Springs, CO Micro Area, Colorado",Colorado,cbsa,1643,1384,259,91,104,1202.02,40008.13,94827.06,42.3,0.79,0.01,0,0.12,0.27,603141.74,7104.99,5.63,0.0844,90751.66,39.79,0.71,0.04,0.06,0.17,3027,0.006473684223681537,0.9570228160611539,-2.509999999999998,-0.08000000000000007,0.03,0.06,0.05000000000000002,454,0.01147794174717027
20020,"Dothan, AL Metro Area","Dothan, AL Metro Area, Alabama",Alabama,cbsa,5130,4872,257,-221,312,2204.15,151082.54,58043.24,41.3,0.67,0.01,0.24,0.04,0.14,102254.85,1715.96,88.05,0.0292,70109.11,38.67,0.64,0.03,0.16,0.12,10002,0.0017010569189530437,1.207877265293943,-2.6299999999999955,-0.030000000000000027,0.019999999999999997,-0.07999999999999999,0.07999999999999999,348,0.002308694477058808
24620,"Greeneville, TN Micro Area","Greeneville, TN Micro Area, Tennessee",Tennessee,cbsa,2994,2740,255,-481,26,1279.25,70100.48,56391.31,44.7,0.91,0.01,0.02,0.04,0.12,99269.49,622.03,112.7,0.0209,70787.37,42.17,0.76,0.02,0.08,0.11,5734,0.003637635576817734,1.2552886251445479,-2.530000000000001,-0.15000000000000002,0.01,0.06,0.07,-200,-0.002844930788523777
24220,"Grand Forks, ND-MN Metro Area","Grand Forks, ND-MN Metro Area, Minnesota",Minnesota,cbsa,5780,5525,255,91,880,3479.18,108525.82,70318.77,33.5,0.82,0.02,0.03,0.06,0.23,148931.47,3405.1,31.87,0.0448,83141.09,39.09,0.59,0.06,0.1,0.21,11305,0.002349671257955019,1.1823456240773267,5.590000000000003,-0.22999999999999998,0.039999999999999994,0.07,0.15,1226,0.011425927834734484
27180,"Jackson, TN Metro Area","Jackson, TN Metro Area, Tennessee",Tennessee,cbsa,5318,5063,254,-104,325,4731.43,182297.6,61295.46,38.8,0.64,0.01,0.26,0.05,0.14,88196.66,1710.91,106.55,0.0168,70778.14,38.24,0.6,0.03,0.19,0.13,10381,0.0013933260777980621,1.1547044430370537,-0.5599999999999952,-0.040000000000000036,0.019999999999999997,-0.07,0.08,475,0.0026124365177926175
49460,"Yankton, SD Micro Area","Yankton, SD Micro Area, South Dakota",South Dakota,cbsa,835,585,250,0,26,910.53,24185.95,73290.85,42.5,0.87,0,0.02,0.06,0.2,76033.33,520.72,46.45,0.0132,81059.76,39.26,0.73,0.03,0.07,0.19,1420,0.010336579708467106,1.1060010901770136,-3.240000000000002,-0.14,0.03,0.05,0.13,276,0.011543311466565174
21020,"Elizabeth City, NC Micro Area","Elizabeth City, NC Micro Area, North Carolina",North Carolina,cbsa,2538,2287,250,-91,91,1851.16,39888.09,65193.94,39.6,0.54,0.01,0.34,0.06,0.19,54204.21,226.86,175.83,0,83048.04,40.37,0.6,0.04,0.21,0.12,4825,0.006267534996035158,1.273861343554324,0.769999999999996,0.05999999999999994,0.03,-0.13000000000000003,0.06,250,0.006307064745046999
40620,"Rolla, MO Micro Area","Rolla, MO Micro Area, Missouri",Missouri,cbsa,2876,2628,247,-65,466,3147.29,46741.77,58563.15,35.8,0.85,0.04,0.02,0.03,0.17,80570.7,671.67,69.59,0.0155,76456.02,36.94,0.64,0.03,0.11,0.17,5504,0.005284352732042454,1.305531208618389,1.1400000000000006,-0.20999999999999996,-0.010000000000000002,0.09,0.14,648,0.014058298984873662
33860,"Montgomery, AL Metro Area","Montgomery, AL Metro Area, Alabama",Alabama,cbsa,10513,10270,243,726,1796,8722.62,381297.46,64417.01,38,0.46,0.02,0.44,0.04,0.18,98674.4,2714.04,140.49,0.0257,73897.42,38.02,0.61,0.04,0.18,0.12,20783,0.0006372977150175613,1.1471724626771718,0.020000000000003126,0.14999999999999997,0.02,-0.26,0.07999999999999999,2765,0.00730452548243815
15340,"Bucyrus, OH Micro Area","Bucyrus, OH Micro Area, Ohio",Ohio,cbsa,1311,1072,239,-182,104,687.11,40506.62,58222.07,43.4,0.94,0.01,0.01,0.02,0.1,46458.53,401.76,100.82,-0.0273,68378.55,39.73,0.79,0.02,0.09,0.05,2383,0.005900270128685138,1.1744438148626457,-3.6700000000000017,-0.1499999999999999,0.01,0.08,0.030000000000000002,161,0.003990519912694364
11420,"Angola, IN Micro Area","Angola, IN Micro Area, Indiana",Indiana,cbsa,2524,2288,235,-39,91,3382.29,36325.94,74906.6,43.5,0.91,0.01,0.01,0.04,0.16,97515.32,308.74,117.66,-0.0016,75227.37,40.45,0.77,0.03,0.08,0.11,4812,0.006469206302713708,1.004282266182152,-3.049999999999997,-0.14,0.019999999999999997,0.07,0.07,287,0.007963608252628962
43940,"Spearfish, SD Micro Area","Spearfish, SD Micro Area, South Dakota",South Dakota,cbsa,2221,1989,232,-26,39,923.5,26947.06,72290.86,44.8,0.89,0,0,0.04,0.21,160120.76,799.75,33.69,0.0212,84999.46,41.37,0.72,0.03,0.06,0.19,4210,0.008609473538115104,1.175798157609413,-3.4299999999999997,-0.17000000000000004,0.03,0.06,0.15,245,0.009175322053804088
15060,"Brookings, OR Micro Area","Brookings, OR Micro Area, Oregon",Oregon,cbsa,1084,854,230,-331,0,478.12,22073.65,62153.35,57.7,0.82,0.01,0,0.08,0.14,227908.08,1627.91,13.56,0.0323,79400.57,42.54,0.67,0.04,0.04,0.2,1938,0.010419663263665047,1.2774946161389533,-15.160000000000004,-0.1499999999999999,0.03,0.04,0.12000000000000001,-101,-0.0045547505823090775
22190,"Fayetteville, TN Micro Area","Fayetteville, TN Micro Area, Tennessee",Tennessee,cbsa,1216,986,230,-26,26,484.43,34763.43,65640.86,42.9,0.85,0.01,0.06,0.04,0.13,75374.37,570.27,60.96,0.069,78026.66,38.65,0.69,0.02,0.12,0.13,2202,0.006616148061339171,1.1886903980234262,-4.25,-0.16000000000000003,0.01,0.06,0.09,230,0.006660213016778235
27420,"Jamestown, ND Micro Area","Jamestown, ND Micro Area, North Dakota",North Dakota,cbsa,1160,930,229,0,104,1244.75,21882.45,63391.93,41.1,0.9,0.01,0.02,0.03,0.19,53416.24,2221.56,9.85,0.0041,80283.52,39.26,0.58,0.04,0.11,0.32,2090,0.010465007346069567,1.2664627816190484,-1.8400000000000034,-0.32000000000000006,0.03,0.09,0.29000000000000004,333,0.015452830582683085
39740,"Reading, PA Metro Area","Reading, PA Metro Area, Pennsylvania",Pennsylvania,cbsa,8722,8494,228,429,3900,15943.32,442692.82,80403.79,39.9,0.67,0.01,0.04,0.25,0.18,151630.68,856.32,516.97,0.0289,85946.48,40.39,0.64,0.05,0.12,0.15,17216,0.000515029812319974,1.0689356807682822,0.490000000000002,-0.030000000000000027,0.04,0.07999999999999999,-0.1,4557,0.010400884365035482
45580,"Thomaston, GA Micro Area","Thomaston, GA Micro Area, Georgia",Georgia,cbsa,1059,833,226,-130,0,364.57,27222.47,54434.49,41.1,0.66,0,0.26,0.03,0.1,60102.43,323.43,84.17,-0.0095,84313.33,37.96,0.46,0.05,0.33,0.12,1892,0.008301965251499956,1.5488953786468838,-3.1400000000000006,-0.2,0.05,0.07,0.09,96,0.003538978717098096
32540,"McAlester, OK Micro Area","McAlester, OK Micro Area, Oklahoma",Oklahoma,cbsa,1546,1320,226,-338,13,579.13,41866.34,55702.87,40.6,0.68,0,0.02,0.06,0.13,77821.11,1305.35,32.07,0.0165,72181.91,36.75,0.59,0.03,0.07,0.16,2866,0.005398131291151794,1.2958382575260485,-3.8500000000000014,-0.09000000000000008,0.03,0.05,0.1,-99,-0.002359089667806814
45620,"Thomasville, GA Micro Area","Thomasville, GA Micro Area, Georgia",Georgia,cbsa,1690,1466,224,-52,78,1175.92,68283.63,60298.02,39.6,0.57,0.01,0.33,0.07,0.13,108088.57,999.03,68.35,0.0159,68932.8,37.7,0.56,0.03,0.26,0.12,3156,0.003280434856787783,1.143201717071307,-1.8999999999999986,-0.009999999999999898,0.019999999999999997,-0.07,0.04999999999999999,250,0.003674653256044106
23380,"Fremont, OH Micro Area","Fremont, OH Micro Area, Ohio",Ohio,cbsa,1887,1663,224,-104,195,1073.67,59744.52,62361.87,42.5,0.82,0.01,0.03,0.11,0.13,57805.42,408.2,146.36,-0.0223,72786.29,42.76,0.77,0.02,0.09,0.1,3550,0.0037492978435511746,1.1671601573204906,0.259999999999998,-0.04999999999999993,0.01,0.06,-0.009999999999999995,315,0.005300396166753493
48200,"Waynesville, NC Micro Area","Waynesville, NC Micro Area, North Carolina",North Carolina,cbsa,3483,3259,224,-531,65,1213.4,64011.13,63435.24,47.8,0.9,0,0.01,0.05,0.18,118009.38,553.55,115.64,0.0315,75701.13,43.12,0.7,0.03,0.11,0.13,6742,0.0034993914339584383,1.1933608196327468,-4.68,-0.20000000000000007,0.03,0.1,0.08,-242,-0.0037663534834801045
35440,"Newport, OR Micro Area","Newport, OR Micro Area, Oregon",Oregon,cbsa,2276,2053,223,-442,169,1169,48924.17,63695.12,52.7,0.78,0.01,0,0.1,0.16,216783.54,980.95,49.87,0.0282,86802.39,40.64,0.67,0.05,0.05,0.18,4329,0.00455807426063641,1.3627792835620687,-12.060000000000002,-0.10999999999999999,0.04,0.05,0.07999999999999999,-50,-0.0010209463478400961
49780,"Zanesville, OH Micro Area","Zanesville, OH Micro Area, Ohio",Ohio,cbsa,2204,1983,221,-78,26,2094.78,87133.57,60640.36,40.3,0.91,0,0.03,0.01,0.13,83876.57,664.47,131.13,-0.0052,76474.58,40.28,0.75,0.03,0.12,0.08,4187,0.002536335880648526,1.2611168535279145,-0.01999999999999602,-0.16000000000000003,0.03,0.09,0.07,169,0.001943320136004812
28340,"Kendallville, IN Micro Area","Kendallville, IN Micro Area, Indiana",Indiana,cbsa,2307,2089,218,130,78,736.58,49237.28,71042.24,39.4,0.85,0.01,0,0.11,0.12,62380.91,410.79,119.86,0.008,71271.02,37.72,0.73,0.02,0.06,0.15,4396,0.004427539457906692,1.003220337647011,-1.6799999999999997,-0.12,0.01,0.06,0.039999999999999994,426,0.008727490858670374
33910,"Monticello, NY Micro Area","Monticello, NY Micro Area, New York",New York,cbsa,3018,2802,216,182,488,2855.74,74213.58,72979.36,41.7,0.66,0.02,0.08,0.19,0.17,85209.85,968.06,76.66,0.0016,89889.72,41.27,0.55,0.05,0.12,0.24,5820,0.0029105185331309985,1.2317142819558846,-0.4299999999999997,-0.10999999999999999,0.030000000000000002,0.039999999999999994,0.04999999999999999,886,0.012082766129742724
20180,"DuBois, PA Micro Area","DuBois, PA Micro Area, Pennsylvania",Pennsylvania,cbsa,1689,1475,214,-442,71,1400.37,77842.55,63194.13,45.4,0.92,0.01,0.02,0.03,0.14,69297.13,1144.87,67.99,0.0047,74739.54,42.37,0.84,0.03,0.06,0.07,3164,0.002749139127636492,1.1826975068728693,-3.030000000000001,-0.08000000000000007,0.019999999999999997,0.039999999999999994,0.04000000000000001,-157,-0.0020128321253135434
39460,"Punta Gorda, FL Metro Area","Punta Gorda, FL Metro Area, Florida",Florida,cbsa,19173,18959,214,-2523,1458,8432.85,221609.54,69727.3,59.9,0.81,0.01,0.05,0.08,0.16,185914.24,680.83,325.5,0.0363,79470.08,44.85,0.64,0.03,0.1,0.19,38132,0.000965662398829942,1.1397269075383674,-15.049999999999997,-0.17000000000000004,0.019999999999999997,0.05,0.11,-851,-0.0038253975289280514
44900,"Summerville, GA Micro Area","Summerville, GA Micro Area, Georgia",Georgia,cbsa,879,665,214,-143,65,274.24,24415.09,50365.33,41.1,0.81,0,0.09,0.06,0.07,66445.47,313.26,77.94,0.0117,76737.62,38.82,0.62,0.03,0.17,0.14,1544,0.008765071109711248,1.5236199187020116,-2.280000000000001,-0.19000000000000006,0.03,0.08000000000000002,0.08000000000000002,136,0.005601527899109893
26300,"Hot Springs, AR Metro Area","Hot Springs, AR Metro Area, Arkansas",Arkansas,cbsa,3242,3029,213,-585,117,1868.73,99050.82,57868.41,45.5,0.79,0.01,0.08,0.07,0.16,130427.19,677.54,146.19,0.0351,69937.9,38.43,0.64,0.03,0.16,0.12,6271,0.002150411273727971,1.2085678524777161,-7.07,-0.15000000000000002,0.019999999999999997,0.08,0.04999999999999999,-255,-0.0025678253298749257
13380,"Bellingham, WA Metro Area","Bellingham, WA Metro Area, Washington",Washington,cbsa,9197,8987,210,0,1118,7773.88,248350.78,82153.89,38.4,0.76,0.04,0.01,0.11,0.24,330986.46,2107.9,117.82,0.0553,95204.12,39.36,0.62,0.09,0.05,0.16,18184,0.0008455781777693632,1.158851029452166,0.9600000000000009,-0.14,0.049999999999999996,0.04,0.05,1328,0.005376022405706875
30280,"Lewisburg, TN Micro Area","Lewisburg, TN Micro Area, Tennessee",Tennessee,cbsa,1689,1479,209,78,0,499.15,37221.49,71109.43,39.5,0.83,0.01,0.04,0.07,0.17,219534.29,375.42,99.15,0.04,81403.7,38.04,0.68,0.03,0.13,0.12,3168,0.005615035830107823,1.1447665942477672,-1.4600000000000009,-0.1499999999999999,0.019999999999999997,0.09,0.04999999999999999,287,0.007770514768174679
48540,"Wheeling, WV-OH Metro Area","Wheeling, WV-OH Metro Area, Ohio",Ohio,cbsa,2751,2545,206,-836,104,2976.76,131633.23,57941.8,44.2,0.91,0,0.03,0.01,0.14,80086.16,943.26,139.55,-0.0157,72479.07,41.54,0.73,0.02,0.11,0.1,5296,0.0015649543811999446,1.2508943457055184,-2.6600000000000037,-0.18000000000000005,0.02,0.08,0.09000000000000001,-526,-0.003980047401910558
15460,"Burlington, IA-IL Micro Area","Burlington, IA-IL Micro Area, Illinois",Illinois,cbsa,1360,1156,205,-52,178,742.04,45367.9,63497.54,43.1,0.86,0.01,0.04,0.03,0.16,73120.13,794.76,57.08,-0.0411,77609.2,41.15,0.72,0.03,0.09,0.17,2516,0.004518613380826531,1.2222394757340205,-1.9500000000000028,-0.14,0.019999999999999997,0.049999999999999996,0.14,331,0.00734952894182326
46780,"Van Wert, OH Micro Area","Van Wert, OH Micro Area, Ohio",Ohio,cbsa,893,689,204,-13,52,393.59,27645.96,68617.7,41.6,0.92,0,0,0.04,0.11,108175.3,409.14,67.57,-0.0235,75705.83,41.16,0.79,0.02,0.1,0.08,1582,0.007379016680918297,1.1032988572919233,-0.44000000000000483,-0.13,0.02,0.1,0.04,243,0.008867655173017805
42820,"Selma, AL Micro Area","Selma, AL Micro Area, Alabama",Alabama,cbsa,785,583,202,-156,117,559.06,35503.25,35622.18,41.2,0.27,0.01,0.7,0.01,0.12,52431.76,978.69,36.28,-0.0112,77726.72,40.3,0.57,0.04,0.27,0.12,1368,0.005689619964369459,2.1819753872446888,-0.9000000000000057,0.29999999999999993,0.03,-0.42999999999999994,0.11,163,0.004612304666775136
37120,"Ozark, AL Micro Area","Ozark, AL Micro Area, Alabama",Alabama,cbsa,3237,3038,199,104,65,1007.34,48109.15,55361.34,37.7,0.66,0.01,0.2,0.07,0.14,41103.73,561.06,85.75,0.0051,70058.5,38.04,0.63,0.03,0.16,0.12,6275,0.004136427270072325,1.2654769555794712,0.3399999999999963,-0.030000000000000027,0.019999999999999997,-0.04000000000000001,0.04999999999999999,368,0.007708234929405764
37620,"Parkersburg-Vienna, WV Metro Area","Parkersburg-Vienna, WV Metro Area, West Virginia",West Virginia,cbsa,2027,1829,197,-299,39,1050.76,86472.59,57541.82,44.1,0.94,0,0.01,0.01,0.15,76818.72,598.98,144.37,-0.0068,73159.43,40.38,0.71,0.03,0.11,0.13,3856,0.002278178553458385,1.2714132086889152,-3.719999999999999,-0.22999999999999998,0.03,0.1,0.12000000000000001,-63,-0.000728024157459376
23980,"Glasgow, KY Micro Area","Glasgow, KY Micro Area, Kentucky",Kentucky,cbsa,1383,1186,197,0,221,716.3,56661.04,50865.04,40.3,0.89,0.01,0.04,0.04,0.11,82917.76,776.9,72.93,0.0282,67712.82,38.9,0.68,0.03,0.13,0.12,2569,0.0034768158155939247,1.3312251400962234,-1.3999999999999986,-0.20999999999999996,0.019999999999999997,0.09,0.07999999999999999,418,0.007432030701043187
31820,"Manitowoc, WI Micro Area","Manitowoc, WI Micro Area, Wisconsin",Wisconsin,cbsa,1454,1260,194,-247,221,1141.5,80151.72,70189.07,45.1,0.87,0.02,0.01,0.05,0.16,90992.6,589.25,136.02,0.0041,77251.23,39.81,0.74,0.04,0.07,0.11,2714,0.0024204096930171928,1.1006162355477853,-5.289999999999999,-0.13,0.02,0.060000000000000005,0.06,168,0.002100427436983426
23900,"Gettysburg, PA Metro Area","Gettysburg, PA Metro Area, Pennsylvania",Pennsylvania,cbsa,3513,3320,192,-221,442,3653.03,102986.47,83653.76,43.7,0.87,0.01,0.02,0.08,0.15,126724.39,518.52,198.62,0.0105,92532.46,40.62,0.64,0.05,0.14,0.12,6833,0.0018643225658671475,1.1061362932162286,-3.0800000000000054,-0.22999999999999998,0.04,0.12000000000000001,0.039999999999999994,413,0.004026382260442198
17740,"Coldwater, MI Micro Area","Coldwater, MI Micro Area, Michigan",Michigan,cbsa,2909,2719,190,130,403,944.33,45383.3,64555.59,40.6,0.86,0,0.02,0.07,0.12,103256.43,506.34,89.63,0.0222,74211.03,41.99,0.8,0.02,0.07,0.1,5628,0.004186562017305925,1.1495678375799834,1.3900000000000006,-0.05999999999999994,0.02,0.05,0.03,723,0.0161888746828839
12520,"Baker City, OR Micro Area","Baker City, OR Micro Area, Oregon",Oregon,cbsa,825,636,189,-122,0,366.93,15397.34,61540.91,47,0.88,0,0.01,0.05,0.19,111068.15,3066.54,5.02,0.0028,88963.76,44.9,0.83,0.06,0.05,0.17,1461,0.01227484747365454,1.4456035830474394,-2.1000000000000014,-0.050000000000000044,0.06,0.04,0.12000000000000001,67,0.004370418399070079
27020,"Iron Mountain, MI-WI Micro Area","Iron Mountain, MI-WI Micro Area, Michigan",Michigan,cbsa,937,747,189,-195,39,547.62,29838.2,65292.75,48.1,0.93,0,0,0.02,0.18,54611.69,1248.84,23.89,-0.0014,82280.53,47.38,0.86,0.02,0.08,0.12,1684,0.006334162248393,1.2601786568952908,-0.7199999999999989,-0.07000000000000006,0.02,0.08,0.09999999999999999,33,0.0011071893495094816
42100,"Santa Cruz-Watsonville, CA Metro Area","Santa Cruz-Watsonville, CA Metro Area, California",California,cbsa,23139,22952,187,318,1381,14098.03,278480.48,111053.99,39.8,0.54,0.05,0.01,0.35,0.25,505411.05,445.08,625.69,0.0221,113378.11,38.15,0.36,0.18,0.05,0.35,46091,0.0006715012843988204,1.0209278387926448,-1.6499999999999986,-0.18000000000000005,0.13,0.04,0,1886,0.00681864656156551
42860,"Seneca, SC Micro Area","Seneca, SC Micro Area, South Carolina",South Carolina,cbsa,3320,3135,185,-416,351,4947.91,77554.99,63288.45,47.3,0.83,0.01,0.05,0.06,0.17,144494.93,626.5,123.79,0.0514,75308.71,39.65,0.67,0.03,0.14,0.12,6455,0.00238540421448059,1.1899281780482853,-7.649999999999999,-0.15999999999999992,0.019999999999999997,0.09000000000000001,0.06,120,0.0015496870342464044
42620,"Searcy, AR Micro Area","Searcy, AR Micro Area, Arkansas",Arkansas,cbsa,2985,2801,184,-52,26,3147.91,80732.61,56026.43,38.8,0.85,0.01,0.04,0.05,0.12,73652.69,1106.91,72.93,0.0563,68220.32,37.36,0.64,0.02,0.16,0.11,5786,0.002279128595000211,1.2176453148987005,-1.4399999999999977,-0.20999999999999996,0.01,0.12,0.06,158,0.001960915479454384
20100,"Dover, DE Metro Area","Dover, DE Metro Area, Delaware",Delaware,cbsa,11786,11605,181,130,756,5077.68,195928.29,74532.54,38.8,0.57,0.02,0.26,0.08,0.16,146247.27,586.02,334.34,0.0288,86862.64,40.18,0.58,0.05,0.17,0.13,23391,0.000923807378709833,1.165432440649413,1.3800000000000026,0.010000000000000009,0.030000000000000002,-0.09,0.05,1067,0.005475689912552668
46180,"Tupelo, MS Micro Area","Tupelo, MS Micro Area, Mississippi",Mississippi,cbsa,3980,3801,179,52,91,2174.11,133050.86,62915.44,37.8,0.7,0.01,0.22,0.03,0.15,91598.99,1396.49,95.28,0.0158,67868.86,37.16,0.58,0.02,0.2,0.16,7781,0.001345350191648517,1.0787313893060273,-0.6400000000000006,-0.12,0.01,-0.01999999999999999,0.13,322,0.002425998384978218
22800,"Fort Madison, IA Micro Area","Fort Madison, IA Micro Area, Iowa",Iowa,cbsa,735,557,177,-156,0,355.62,32989.35,62330.5,43.6,0.9,0.01,0.02,0.03,0.15,71636.95,517.53,63.74,-0.0509,79445.41,42.4,0.78,0.02,0.08,0.16,1292,0.005365367914190489,1.274583229718998,-1.2000000000000028,-0.12,0.01,0.06,0.13,21,0.000636974552866613
14740,"Bremerton-Silverdale-Port Orchard, WA Metro Area","Bremerton-Silverdale-Port Orchard, WA Metro Area, Washington",Washington,cbsa,11904,11733,171,611,1093,5303.42,280552.21,104722.91,40.2,0.73,0.05,0.02,0.09,0.24,297292.37,395.09,710.09,0.0391,93654.93,38.87,0.58,0.1,0.07,0.16,23637,0.000609512218777389,0.8943117604352284,-1.3300000000000054,-0.15000000000000002,0.05,0.05,0.07,1875,0.006728214338014938
13220,"Beckley, WV Metro Area","Beckley, WV Metro Area, West Virginia",West Virginia,cbsa,2494,2325,169,-793,195,1528.49,110315.9,52469.97,43.4,0.89,0.01,0.06,0.02,0.13,45328.83,1266.85,87.08,-0.0064,77197.79,39.87,0.69,0.04,0.12,0.11,4819,0.0015319641139672523,1.4712756649184284,-3.530000000000001,-0.20000000000000007,0.03,0.06,0.09,-429,-0.003873767550469593
34260,"Mountain Home, AR Micro Area","Mountain Home, AR Micro Area, Arkansas",Arkansas,cbsa,1357,1190,167,-400,0,779.39,43180.81,48609.27,51.4,0.91,0.01,0,0.03,0.14,77784.09,555.6,77.72,0.0319,70587.85,40.23,0.72,0.02,0.07,0.13,2547,0.0038674587160361282,1.452147913350684,-11.170000000000002,-0.19000000000000006,0.01,0.07,0.1,-233,-0.00536695581429043
19460,"Decatur, AL Metro Area","Decatur, AL Metro Area, Alabama",Alabama,cbsa,4025,3861,164,-234,624,1897.67,152934.69,68067.52,40.5,0.73,0.01,0.12,0.09,0.14,95708.08,1270.19,120.4,0.0094,76084.2,38.36,0.64,0.03,0.15,0.12,7886,0.0010723531724555102,1.1177754088881158,-2.1400000000000006,-0.08999999999999997,0.019999999999999997,0.03,0.03,554,0.003635631260102576
18740,"Coshocton, OH Micro Area","Coshocton, OH Micro Area, Ohio",Ohio,cbsa,1105,942,163,-13,26,515.63,36264.59,55355.71,41.3,0.94,0,0.01,0.01,0.11,72558.07,563.84,64.32,-0.0117,75864.12,40.4,0.79,0.02,0.11,0.06,2047,0.004494742667709741,1.3704840927882598,-0.8999999999999986,-0.1499999999999999,0.02,0.1,0.049999999999999996,176,0.004876887681120266
49020,"Winchester, VA-WV Metro Area","Winchester, VA-WV Metro Area, West Virginia",West Virginia,cbsa,4178,4016,162,39,377,3391,146026.64,84365.39,41.2,0.77,0.02,0.04,0.12,0.17,186968.55,1062.62,137.42,0.064,95468.44,39.04,0.6,0.06,0.17,0.12,8194,0.001109386616031157,1.131606693218629,-2.1600000000000037,-0.17000000000000004,0.039999999999999994,0.13,0,578,0.003973911340800436
11380,"Andrews, TX Micro Area","Andrews, TX Micro Area, Texas",Texas,cbsa,1270,1107,162,182,52,272.76,18275.71,72491.78,33,0.39,0,0.02,0.58,0.15,97290.99,1500.38,12.18,0.0533,75998.07,35.87,0.42,0.02,0.06,0.5,2377,0.008864224700435715,1.0483681046320013,2.8699999999999974,0.02999999999999997,0.02,0.039999999999999994,-0.07999999999999996,396,0.02214801023059099
35420,"New Philadelphia-Dover, OH Micro Area","New Philadelphia-Dover, OH Micro Area, Ohio",Ohio,cbsa,2001,1839,162,-130,260,1200.64,90119.52,65652.32,41.1,0.92,0,0.01,0.05,0.13,104300.21,567.53,158.79,-0.0021,70662.49,43.45,0.84,0.02,0.08,0.05,3840,0.0017976127702411197,1.0763136778715512,2.3500000000000014,-0.08000000000000007,0.02,0.07,0,292,0.0032506741809191658
37260,"Palatka, FL Micro Area","Palatka, FL Micro Area, Florida",Florida,cbsa,3923,3762,161,-403,303,1401.08,79116.46,48005.08,45,0.69,0.01,0.15,0.11,0.1,90231.84,724.55,109.19,0.0115,75238.01,41.15,0.61,0.03,0.15,0.15,7685,0.002034974770104729,1.5672926698591063,-3.8500000000000014,-0.07999999999999996,0.019999999999999997,0,0.039999999999999994,61,0.0007716102088331406
13100,"Beatrice, NE Micro Area","Beatrice, NE Micro Area, Nebraska",Nebraska,cbsa,680,519,161,-91,0,539.88,20826.93,67355.22,42.6,0.92,0.01,0,0.03,0.17,135496.27,850.72,24.48,-0.0062,78696.35,38.49,0.68,0.04,0.08,0.16,1199,0.007730376008369932,1.1683778926117383,-4.109999999999999,-0.24,0.03,0.08,0.13,70,0.0033723676863582426
15380,"Buffalo-Cheektowaga, NY Metro Area","Buffalo-Cheektowaga, NY Metro Area, New York",New York,cbsa,18786,18627,159,-1300,6111,34354.1,1131222.84,72285.91,40.9,0.74,0.04,0.11,0.06,0.2,131414.56,1564.19,723.2,-0.0202,79870.71,40.85,0.6,0.05,0.11,0.2,37413,0.00014055586077098655,1.1049277791481078,-0.04999999999999716,-0.14,0.010000000000000002,0,0.14,4970,0.004412863456131218
19760,"DeRidder, LA Micro Area","DeRidder, LA Micro Area, Louisiana",Louisiana,cbsa,1816,1657,158,130,13,801.96,38256.38,66626.28,37.2,0.79,0.01,0.11,0.04,0.12,165591.85,1157.38,33.05,0.0468,66885.76,38.57,0.66,0.02,0.19,0.09,3473,0.004130030076029149,1.0038945593240385,1.3699999999999974,-0.13,0.01,0.08,0.049999999999999996,301,0.007930364549110034
42020,"San Luis Obispo-Paso Robles, CA Metro Area","San Luis Obispo-Paso Robles, CA Metro Area, California",California,cbsa,21491,21333,158,-403,1045,16693.23,328186.25,97610.23,40.4,0.65,0.03,0.01,0.25,0.24,535620.61,3300.67,99.43,0.0353,98628.75,37.01,0.38,0.12,0.05,0.4,42824,0.0004814339418546633,1.0104345620330983,-3.3900000000000006,-0.27,0.09,0.04,0.15000000000000002,800,0.0024435968217968837
47920,"Washington Court House, OH Micro Area","Washington Court House, OH Micro Area, Ohio",Ohio,cbsa,1062,908,155,-78,0,504.09,29170.16,63449.08,39.9,0.91,0.01,0.02,0.02,0.1,59183.17,406.3,71.79,-0.0021,81052.37,41.18,0.75,0.03,0.14,0.08,1970,0.005313649290919213,1.2774396413628062,1.2800000000000011,-0.16000000000000003,0.019999999999999997,0.12000000000000001,0.06,77,0.0026466702138922002
19060,"Cumberland, MD-WV Micro Area","Cumberland, MD-WV Micro Area, Maryland",Maryland,cbsa,2812,2657,154,-585,52,2579.43,94402.67,62530.85,42.1,0.88,0.01,0.05,0.02,0.12,79634.28,750.01,125.87,0.0068,83552.63,41.05,0.68,0.04,0.13,0.12,5469,0.0016313097924031174,1.336182540298109,-1.0500000000000043,-0.19999999999999996,0.03,0.08,0.09999999999999999,-379,-0.003998663454653204
23140,"Frankfort, IN Micro Area","Frankfort, IN Micro Area, Indiana",Indiana,cbsa,1194,1042,152,78,117,475.54,31119.07,65223.05,36.7,0.78,0,0.01,0.19,0.11,76170.37,405.03,76.83,-0.0051,73450.43,37.67,0.72,0.04,0.08,0.12,2236,0.0048844647349679795,1.1261422150604732,0.9699999999999989,-0.06000000000000005,0.04,0.07,-0.07,347,0.011276459464702895
18860,"Crescent City, CA Micro Area","Crescent City, CA Micro Area, California",California,cbsa,1263,1112,151,-143,0,472.85,27632.84,67788.31,39.9,0.6,0.03,0.03,0.2,0.13,189518.85,1006.18,27.46,0.0174,82347.12,41.25,0.57,0.07,0.04,0.28,2375,0.005464512514819324,1.214768741100051,1.3500000000000014,-0.030000000000000027,0.04000000000000001,0.010000000000000002,0.08000000000000002,8,0.00028959443747004506
43980,"Spencer, IA Micro Area","Spencer, IA Micro Area, Iowa",Iowa,cbsa,456,306,151,-26,0,253.26,15949.54,65276.72,42.3,0.91,0.01,0,0.05,0.21,35771.74,566.99,28.13,-0.0301,81387.2,43.63,0.74,0.04,0.05,0.18,762,0.009467357679281032,1.2468028418094537,1.3300000000000054,-0.17000000000000004,0.03,0.05,0.13,125,0.007899123765998885
40770,"Russellville, AL Micro Area","Russellville, AL Micro Area, Alabama",Alabama,cbsa,943,795,149,-13,195,405.73,30910.42,53043.92,38,0.73,0,0.04,0.21,0.1,43862.63,633.92,48.76,0.0085,73586.2,39.46,0.69,0.03,0.15,0.1,1738,0.004820380958912885,1.3872692666756152,1.4600000000000009,-0.040000000000000036,0.03,0.10999999999999999,-0.10999999999999999,331,0.010824273318460587
26500,"Huntingdon, PA Micro Area","Huntingdon, PA Micro Area, Pennsylvania",Pennsylvania,cbsa,1108,958,149,-156,39,1849.93,43995.12,65635.36,44,0.89,0.01,0.05,0.02,0.12,97015.7,874.53,50.31,0.0257,82727.33,44.96,0.85,0.04,0.07,0.08,2066,0.0033867392565357247,1.2604079569305326,0.9600000000000009,-0.040000000000000036,0.03,0.020000000000000004,0.06,32,0.0007278828254227634
16180,"Carson City, NV Metro Area","Carson City, NV Metro Area, Nevada",Nevada,cbsa,3074,2926,148,-286,168,1093.89,56233.94,71371.85,42.4,0.62,0.02,0.02,0.26,0.15,253674.36,144.36,389.53,0.0241,89285.33,41.58,0.59,0.06,0.03,0.24,6000,0.0026318625371083725,1.2509880295943008,-0.8200000000000003,-0.030000000000000027,0.039999999999999994,0.009999999999999998,-0.020000000000000018,30,0.0005337704082667514
41820,"Sanford, NC Micro Area","Sanford, NC Micro Area, North Carolina",North Carolina,cbsa,3832,3683,148,91,546,984.37,66664.09,66702.35,39.5,0.56,0.01,0.17,0.22,0.14,142219.08,255.06,261.36,0.0254,79912.16,38.39,0.6,0.03,0.18,0.13,7515,0.0022200858063164144,1.1980411484752786,-1.1099999999999994,0.039999999999999925,0.019999999999999997,0.009999999999999981,-0.09,785,0.011915768721152645
32300,"Martinsville, VA Micro Area","Martinsville, VA Micro Area, Virginia",Virginia,cbsa,1028,882,146,-559,91,744.26,58680.85,49902.69,45.2,0.62,0.01,0.27,0.07,0.11,39945.23,393.28,149.21,0.0111,73539.91,42.28,0.66,0.04,0.19,0.11,1910,0.0024880348529375427,1.4736662492542987,-2.9200000000000017,0.040000000000000036,0.03,-0.08000000000000002,0.039999999999999994,-322,-0.005457363500237701
15700,"Cambridge, MD Micro Area","Cambridge, MD Micro Area, Maryland",Maryland,cbsa,2481,2338,144,-65,26,642.89,34015.87,62607.79,43.5,0.61,0.01,0.25,0.06,0.12,109116.76,540.67,62.91,0.0377,84156.27,45.1,0.65,0.03,0.17,0.11,4819,0.004233318154143933,1.3441820898006462,1.6000000000000014,0.040000000000000036,0.019999999999999997,-0.07999999999999999,0.05,105,0.0030963522905782127
15420,"Burley, ID Micro Area","Burley, ID Micro Area, Idaho",Idaho,cbsa,1144,1003,142,221,377,673.48,47833.14,70834.01,33.7,0.62,0,0,0.33,0.12,138586.08,3321.91,14.4,0.0412,83286.24,37.23,0.61,0.04,0.04,0.27,2147,0.0029686531137199023,1.1757945088806918,3.529999999999994,-0.010000000000000009,0.04,0.04,-0.06,740,0.01571354129285072
12660,"Baraboo, WI Micro Area","Baraboo, WI Micro Area, Wisconsin",Wisconsin,cbsa,2124,1982,142,-13,312,1330,65337.12,80789.81,41.6,0.86,0,0.01,0.07,0.19,172814.64,831.5,78.58,0.0432,86330.93,39.86,0.66,0.06,0.09,0.17,4106,0.0021733434225444893,1.0685868675764927,-1.740000000000002,-0.19999999999999996,0.06,0.08,0.1,441,0.0067954756000821
13180,"Beaver Dam, WI Micro Area","Beaver Dam, WI Micro Area, Wisconsin",Wisconsin,cbsa,2500,2359,141,-325,221,1638.86,86588.08,75809.38,43,0.87,0,0.03,0.07,0.14,163266.39,875.61,98.89,0.0212,83952.21,39.63,0.71,0.04,0.08,0.14,4859,0.0016283996596298243,1.107411906020073,-3.3699999999999974,-0.16000000000000003,0.04,0.05,0.07,37,0.000427493221343974
35940,"Norwalk, OH Micro Area","Norwalk, OH Micro Area, Ohio",Ohio,cbsa,2040,1901,138,-91,156,790.74,58855.78,68160.06,40.1,0.87,0,0.01,0.07,0.1,78484.71,492.14,119.59,-0.012,73196.57,42.99,0.79,0.01,0.08,0.08,3941,0.0023447144868354477,1.0738923938740665,2.8900000000000006,-0.07999999999999996,0.01,0.07,0.009999999999999995,203,0.0034610465181701532
24460,"Great Bend, KS Micro Area","Great Bend, KS Micro Area, Kansas",Kansas,cbsa,680,544,136,0,13,527.14,26033.98,58467.36,38.8,0.79,0,0.01,0.17,0.16,83232.38,893.9,29.12,-0.0766,79878,38.93,0.62,0.03,0.12,0.23,1224,0.005223941940494692,1.3661981659510538,0.13000000000000256,-0.17000000000000004,0.03,0.11,0.06,149,0.005756233924074888
38500,"Plymouth, IN Micro Area","Plymouth, IN Micro Area, Indiana",Indiana,cbsa,2159,2023,136,-26,65,1093.95,46558.56,71929.54,39.8,0.85,0.01,0.01,0.12,0.14,92383.27,443.58,104.96,0.0109,72780.2,38.75,0.65,0.03,0.11,0.17,4182,0.0029210525411438844,1.011826295566467,-1.0499999999999972,-0.19999999999999996,0.019999999999999997,0.1,0.05000000000000002,175,0.0037728884975624984
34100,"Morristown, TN Metro Area","Morristown, TN Metro Area, Tennessee",Tennessee,cbsa,5553,5419,134,-416,377,2704.79,123097.68,60820.43,41.8,0.83,0.01,0.02,0.1,0.12,111492.84,436.29,282.15,0.04,71366.27,41.59,0.78,0.02,0.06,0.1,10972,0.0010885664132744013,1.1733930523016691,-0.20999999999999375,-0.04999999999999993,0.01,0.039999999999999994,0,95,0.0007723408953365894
29020,"Kokomo, IN Metro Area","Kokomo, IN Metro Area, Indiana",Indiana,cbsa,3204,3071,133,-234,52,1359.01,83165.68,64338.86,40.7,0.83,0.01,0.07,0.04,0.14,91651.79,293.06,283.79,-0.0083,70122.91,38.22,0.72,0.03,0.09,0.12,6275,0.0015992173694725999,1.089899789955868,-2.480000000000004,-0.10999999999999999,0.019999999999999997,0.01999999999999999,0.07999999999999999,-49,-0.0005888384116840924
45820,"Topeka, KS Metro Area","Topeka, KS Metro Area, Kansas",Kansas,cbsa,4599,4465,133,-117,481,3242.7,233652.91,70860.85,40.1,0.75,0.01,0.05,0.12,0.19,95299.77,3231.92,72.3,-0.0135,75808.23,36.47,0.62,0.04,0.11,0.18,9064,0.0005692203876253884,1.0698182423721982,-3.6300000000000026,-0.13,0.03,0.06,0.06,497,0.00213162085404569
33220,"Midland, MI Metro Area","Midland, MI Metro Area, Michigan",Michigan,cbsa,4143,4013,131,-42,234,2511.67,85360.76,78496.6,41.8,0.89,0.02,0.01,0.03,0.22,158062.96,518.4,164.66,-0.0189,68495.04,39.83,0.75,0.03,0.08,0.09,8156,0.0015346629997202463,0.8725860737917309,-1.9699999999999989,-0.14,0.009999999999999998,0.07,0.06,323,0.0037983126554603512
45780,"Toledo, OH Metro Area","Toledo, OH Metro Area, Ohio",Ohio,cbsa,9766,9636,130,260,1820,20453.87,606266.88,66251.44,38.2,0.72,0.02,0.14,0.08,0.18,93451.02,1361.97,445.14,-0.0059,76561.28,39.57,0.7,0.03,0.12,0.11,19402,0.00021442701933511524,1.1556168439508634,1.3699999999999974,-0.020000000000000018,0.009999999999999998,-0.020000000000000018,0.03,2210,0.003658595859383308
18220,"Connersville, IN Micro Area","Connersville, IN Micro Area, Indiana",Indiana,cbsa,820,691,129,-195,26,314.07,23547.24,59418.62,44,0.94,0,0.01,0.01,0.12,46813.87,215.01,109.52,-0.0225,77323.08,41.34,0.78,0.03,0.09,0.08,1511,0.005478349054921086,1.30132742901131,-2.6599999999999966,-0.15999999999999992,0.03,0.08,0.07,-40,-0.0016958321533167933
47580,"Warner Robins, GA Metro Area","Warner Robins, GA Metro Area, Georgia",Georgia,cbsa,6621,6494,127,624,546,4644.4,194788.29,79666.79,36.6,0.5,0.03,0.34,0.08,0.18,115270.41,526.42,370.02,0.0736,72679.04,38.23,0.54,0.04,0.27,0.11,13115,0.000651989911713892,0.9122877926925385,1.6299999999999955,0.040000000000000036,0.010000000000000002,-0.07,0.03,1297,0.006703144105349651
20140,"Dublin, GA Micro Area","Dublin, GA Micro Area, Georgia",Georgia,cbsa,1466,1340,126,-104,91,727.86,56826.46,54898.21,40.3,0.57,0.01,0.36,0.03,0.09,91221.56,1110.18,51.19,0.0225,70065.38,38.1,0.57,0.03,0.25,0.1,2806,0.002217276951617257,1.2762780425809876,-2.1999999999999957,0,0.019999999999999997,-0.10999999999999999,0.07,113,0.001992472333728184
32380,"Mason City, IA Micro Area","Mason City, IA Micro Area, Iowa",Iowa,cbsa,1300,1175,124,-78,143,1038.46,49687.24,69757.54,44,0.89,0.01,0.02,0.05,0.16,89200.75,968.29,51.31,-0.0291,84618.78,40.84,0.68,0.04,0.12,0.17,2475,0.0024956105430690052,1.2130413429143287,-3.1599999999999966,-0.20999999999999996,0.03,0.09999999999999999,0.12000000000000001,189,0.0038183175805846835
38540,"Pocatello, ID Metro Area","Pocatello, ID Metro Area, Idaho",Idaho,cbsa,3386,3261,124,169,299,1492.48,93355.21,67110.33,35.2,0.8,0.02,0.01,0.1,0.19,178577.18,1112.34,83.93,0.1403,84595.92,39.24,0.69,0.04,0.06,0.19,6647,0.001328260093892992,1.2605499034202334,4.039999999999999,-0.1100000000000001,0.02,0.049999999999999996,0.09,592,0.006381840386937882
43700,"Somerset, KY Micro Area","Somerset, KY Micro Area, Kentucky",Kentucky,cbsa,1561,1438,124,-286,104,876.71,66826.71,52613.96,42.3,0.92,0.01,0.01,0.03,0.1,66301.37,658.02,101.56,0.0422,73863.27,41.32,0.73,0.04,0.1,0.11,2999,0.0018555454847320777,1.4038720902209225,-0.9799999999999969,-0.19000000000000006,0.03,0.09000000000000001,0.08,-58,-0.0008671638106825909
22840,"Fort Payne, AL Micro Area","Fort Payne, AL Micro Area, Alabama",Alabama,cbsa,2041,1917,124,-169,232,989.47,73350.01,51236.18,39.5,0.77,0,0.01,0.17,0.09,85361.42,776.97,94.4,0.0344,66918.28,40.84,0.74,0.02,0.12,0.09,3958,0.0016905246502352217,1.3060747307859406,1.3400000000000034,-0.030000000000000027,0.02,0.11,-0.08000000000000002,187,0.0025559363946343924
22100,"Farmington, MO Micro Area","Farmington, MO Micro Area, Missouri",Missouri,cbsa,2762,2641,121,-221,39,947.59,65170.53,58482.8,39.5,0.9,0,0.03,0.02,0.11,94327.38,451.86,144.23,-0.015,79465.61,40.48,0.66,0.03,0.12,0.16,5403,0.001856667423143559,1.358786002038206,0.9799999999999969,-0.24,0.03,0.09,0.14,-61,-0.0009351306032527522
45700,"Tifton, GA Micro Area","Tifton, GA Micro Area, Georgia",Georgia,cbsa,1825,1704,121,52,104,1587.39,49131.61,49818.92,37.4,0.53,0.01,0.31,0.12,0.1,58093.32,546.25,89.94,0.0234,64877.96,37.44,0.52,0.03,0.3,0.11,3529,0.0024627729480063854,1.3022755210269512,0.03999999999999915,-0.010000000000000009,0.019999999999999997,-0.010000000000000009,-0.009999999999999995,277,0.005669884582028185
32000,"Marion, NC Micro Area","Marion, NC Micro Area, North Carolina",North Carolina,cbsa,1933,1813,120,-286,156,683.42,44600.24,57967.48,44.3,0.86,0.01,0.04,0.07,0.12,121863.19,439.93,101.38,0.0022,70471.86,43.95,0.78,0.02,0.08,0.1,3746,0.002690568481245841,1.2157137070647197,-0.3499999999999943,-0.07999999999999996,0.01,0.04,0.03,-10,-0.00022416377943718752
23180,"Frankfort, KY Micro Area","Frankfort, KY Micro Area, Kentucky",Kentucky,cbsa,1888,1768,120,-208,325,1862.95,74184.8,69884.29,41.2,0.84,0.01,0.07,0.04,0.18,105385.82,410.15,180.87,0.0145,73787.81,38.44,0.71,0.03,0.12,0.1,3656,0.0016175820383690458,1.055856902889047,-2.760000000000005,-0.13,0.019999999999999997,0.04999999999999999,0.060000000000000005,237,0.003204963501280633
25775,"Henderson, KY Micro Area","Henderson, KY Micro Area, Kentucky",Kentucky,cbsa,1923,1804,118,-91,169,810.25,58946.25,58900.51,40.7,0.85,0,0.07,0.04,0.12,59326.35,768.28,76.72,0.0024,70196.18,39.97,0.78,0.02,0.09,0.08,3727,0.0020018236953156477,1.1917754192620742,-0.730000000000004,-0.06999999999999995,0.02,0.01999999999999999,0.04,196,0.003336156016357377
24600,"Greencastle, IN Micro Area","Greencastle, IN Micro Area, Indiana",Indiana,cbsa,1546,1429,117,-78,91,1815.23,38684.41,77278.01,38.4,0.91,0.01,0.03,0.02,0.14,86372.61,480.45,80.52,0.0066,77172.82,38.65,0.71,0.03,0.1,0.13,2975,0.0030244742003303136,0.9986388107043648,0.25,-0.20000000000000007,0.019999999999999997,0.07,0.11,130,0.0033718581090982844
13540,"Bennington, VT Micro Area","Bennington, VT Micro Area, Vermont",Vermont,cbsa,1514,1398,116,-237,65,1563.6,34705.86,73159.99,46.9,0.91,0.01,0.01,0.03,0.22,208897.08,674.25,51.47,-0.0091,83751.59,44.43,0.76,0.04,0.09,0.1,2912,0.003342375034072056,1.1447731198432365,-2.469999999999999,-0.15000000000000002,0.03,0.08,0.07,-56,-0.0016109609784976983
42900,"Seneca Falls, NY Micro Area","Seneca Falls, NY Micro Area, New York",New York,cbsa,1765,1650,115,-65,109,925.11,33634.11,67623.7,43,0.87,0.01,0.03,0.04,0.16,90047.52,323.63,103.93,-0.0183,85461.53,45.8,0.79,0.04,0.11,0.12,3415,0.003419148001835042,1.263780745507862,2.799999999999997,-0.07999999999999996,0.03,0.08,0.07999999999999999,159,0.0047497976855042446
46900,"Vernon, TX Micro Area","Vernon, TX Micro Area, Texas",Texas,cbsa,857,742,115,-52,26,298.41,12722.48,56634.13,40.5,0.54,0.03,0.06,0.3,0.12,83580.61,970.91,13.1,0.023,83121.06,38.14,0.54,0.06,0.1,0.3,1599,0.009039118159352579,1.467684945456035,-2.3599999999999994,0,0.03,0.04000000000000001,0,89,0.007044773094982539
46460,"Union City, TN Micro Area","Union City, TN Micro Area, Tennessee",Tennessee,cbsa,1005,891,114,-117,26,390.03,29741.86,53905.05,41.8,0.79,0,0.11,0.06,0.11,76812.64,544.81,54.59,-0.0042,57986.19,37.81,0.74,0.01,0.15,0.06,1896,0.003832981528391298,1.0757097897135797,-3.989999999999995,-0.050000000000000044,0.01,0.039999999999999994,0,23,0.000773919322611971
18340,"Corbin, KY Micro Area","Corbin, KY Micro Area, Kentucky",Kentucky,cbsa,2133,2019,114,-299,169,2660.02,148484.51,46483.59,39,0.94,0,0.01,0.02,0.09,84846.91,1727.07,85.97,0.0048,71273.56,40.55,0.71,0.03,0.09,0.12,4152,0.0007677568522130692,1.533305839759795,1.5499999999999972,-0.22999999999999998,0.03,0.08,0.09999999999999999,-16,-0.00010774373771510953
48220,"Weatherford, OK Micro Area","Weatherford, OK Micro Area, Oklahoma",Oklahoma,cbsa,1786,1672,114,13,65,1179.52,39595.97,61064.73,35.1,0.7,0.01,0.02,0.17,0.18,79236.73,1991.06,19.89,0.0057,69222.84,37.53,0.65,0.03,0.08,0.16,3458,0.0028790808761598717,1.1335977412820788,2.4299999999999997,-0.04999999999999993,0.019999999999999997,0.06,-0.010000000000000009,192,0.004872605476047211
16540,"Chambersburg, PA Metro Area","Chambersburg, PA Metro Area, Pennsylvania",Pennsylvania,cbsa,4195,4083,112,-39,455,3192.36,162990.56,77330.17,42.1,0.84,0.01,0.03,0.08,0.15,141629.4,772.22,211.07,0.0203,83615.15,40.15,0.7,0.04,0.11,0.11,8278,0.0006871563604665203,1.0812746176556962,-1.9500000000000028,-0.14,0.03,0.08,0.03,528,0.0032499795645224354
40660,"Rome, GA Metro Area","Rome, GA Metro Area, Georgia",Georgia,cbsa,3084,2973,111,-104,364,3576.74,100732.31,65739.32,38.2,0.69,0.01,0.14,0.12,0.15,86001.12,509.79,197.6,0.0168,76711.17,37.99,0.57,0.04,0.2,0.14,6057,0.0011019304530989114,1.1668993533854624,-0.21000000000000085,-0.12,0.03,0.06,0.020000000000000018,371,0.003696643656803603
27700,"Jesup, GA Micro Area","Jesup, GA Micro Area, Georgia",Georgia,cbsa,1087,978,109,-104,91,510.07,30774.75,54191.22,38.3,0.7,0.01,0.2,0.06,0.1,88965.68,641.78,47.95,0.0412,70482.87,37.98,0.57,0.02,0.26,0.11,2065,0.0035418646780233797,1.300632648609867,-0.3200000000000003,-0.13,0.01,0.06,0.05,96,0.003129201809069796
27380,"Jacksonville, TX Micro Area","Jacksonville, TX Micro Area, Texas",Texas,cbsa,3631,3523,109,109,91,1091.67,59215.24,61269.21,38.2,0.59,0,0.13,0.24,0.13,145355.16,1052.86,56.24,0.0377,73420.56,36.79,0.54,0.03,0.14,0.23,7154,0.0018407423494357198,1.1983271858736224,-1.4100000000000037,-0.04999999999999993,0.03,0.010000000000000009,-0.009999999999999981,309,0.005245624232678915
48260,"Weirton-Steubenville, WV-OH Metro Area","Weirton-Steubenville, WV-OH Metro Area, West Virginia",West Virginia,cbsa,2166,2058,108,-936,130,3878.79,111876.67,58708.68,45.6,0.9,0.01,0.04,0.02,0.13,66652.05,579.89,192.93,-0.0197,69478.82,41.64,0.74,0.02,0.1,0.09,4224,0.0009653487183699694,1.183450556203955,-3.960000000000001,-0.16000000000000003,0.01,0.060000000000000005,0.06999999999999999,-698,-0.00620032907935684
45740,"Toccoa, GA Micro Area","Toccoa, GA Micro Area, Georgia",Georgia,cbsa,1279,1172,107,-94,39,830.09,26164.19,54840.24,40.8,0.81,0.01,0.08,0.04,0.09,98895.02,178.83,146.31,0.02,77309.77,38.81,0.63,0.04,0.15,0.16,2451,0.004089559049983967,1.4097270544403162,-1.9899999999999949,-0.18000000000000005,0.03,0.06999999999999999,0.12,52,0.0019914070784564607
36980,"Owensboro, KY Metro Area","Owensboro, KY Metro Area, Kentucky",Kentucky,cbsa,2143,2036,107,130,572,1806.22,112188.72,67773.8,39,0.86,0.02,0.04,0.04,0.15,128780.54,710.83,157.83,0.0144,73280.66,40.19,0.71,0.02,0.11,0.11,4179,0.0009537500739824823,1.0812535227477285,1.1899999999999977,-0.15000000000000002,0,0.07,0.07,809,0.007263440777189959
48140,"Wausau, WI Metro Area","Wausau, WI Metro Area, Wisconsin",Wisconsin,cbsa,2737,2629,107,13,390,2209.68,135775.27,78158.16,41.3,0.86,0.06,0.01,0.04,0.2,128319.87,1545.08,87.88,0.0219,81911.49,39.94,0.75,0.04,0.06,0.12,5366,0.0007880669285356605,1.0480222410558284,-1.3599999999999994,-0.10999999999999999,-0.019999999999999997,0.049999999999999996,0.07999999999999999,510,0.003770369142056938
31220,"Ludington, MI Micro Area","Ludington, MI Micro Area, Michigan",Michigan,cbsa,1714,1607,107,-208,26,657.42,29046.54,66293.54,47.3,0.89,0,0.01,0.05,0.16,113661.93,494.9,58.69,0.0154,87635.26,45.81,0.78,0.04,0.11,0.17,3321,0.0036837433993859507,1.321927596565216,-1.4899999999999949,-0.10999999999999999,0.04,0.1,0.12000000000000001,-75,-0.002575413250810225
32740,"Meadville, PA Micro Area","Meadville, PA Micro Area, Pennsylvania",Pennsylvania,cbsa,1990,1886,104,-156,78,2818.18,84300.44,60428.81,44,0.93,0.01,0.01,0.02,0.13,84461.59,1012.25,83.28,0.0002,72005.41,46.19,0.84,0.02,0.09,0.07,3876,0.0012336827660685994,1.191574184565276,2.1899999999999977,-0.09000000000000008,0.01,0.08,0.05,26,0.00030851584418715804
42680,"Sebastian-Vero Beach-West Vero Corridor, FL Metro Area","Sebastian-Vero Beach-West Vero Corridor, FL Metro Area, Florida",Florida,cbsa,9618,9514,104,-1408,1084,4344.58,166573.55,73119.11,55.3,0.72,0.02,0.08,0.14,0.2,284423.36,499.95,333.18,0.0612,79124.62,43.29,0.58,0.04,0.13,0.2,19132,0.0006243488236877945,1.0821332480660664,-12.009999999999998,-0.14,0.02,0.05,0.06,-220,-0.001318995848460567
35820,"North Platte, NE Micro Area","North Platte, NE Micro Area, Nebraska",Nebraska,cbsa,1019,916,103,-91,109,521.21,34543.86,66048.17,42.5,0.86,0.01,0.01,0.09,0.16,103162.98,3134.51,11.02,-0.0049,81454.73,41.25,0.67,0.03,0.11,0.22,1935,0.002981716577128323,1.2332624810043942,-1.25,-0.18999999999999995,0.019999999999999997,0.1,0.13,121,0.003515105949941405
19220,"Danville, KY Micro Area","Danville, KY Micro Area, Kentucky",Kentucky,cbsa,1661,1558,103,-117,130,1476.76,55113.32,57095.36,40.1,0.87,0,0.05,0.04,0.12,121442.2,513.23,107.39,0.0089,74349.55,39.26,0.71,0.04,0.12,0.09,3219,0.0018688767071190775,1.3021995132354014,-0.8400000000000034,-0.16000000000000003,0.04,0.06999999999999999,0.049999999999999996,116,0.002109193684346801
42140,"Santa Fe, NM Metro Area","Santa Fe, NM Metro Area, New Mexico",New Mexico,cbsa,6530,6428,102,-468,1391,3098.98,154926.34,79203.33,48.7,0.44,0.01,0.01,0.48,0.22,378945.96,1910.19,81.11,0.0384,75940.78,38.52,0.44,0.04,0.07,0.37,12958,0.0006583773940570726,0.9588079188084642,-10.18,0,0.03,0.060000000000000005,-0.10999999999999999,1025,0.006660110951600551
42460,"Scottsboro, AL Micro Area","Scottsboro, AL Micro Area, Alabama",Alabama,cbsa,1500,1399,101,-299,78,678.46,50943.8,52555.62,43.5,0.88,0,0.03,0.04,0.1,97489.14,1077.77,47.27,-0.0115,70300.04,40.38,0.72,0.02,0.11,0.12,2899,0.001982576878835108,1.3376312561815462,-3.1199999999999974,-0.16000000000000003,0.02,0.08,0.07999999999999999,-120,-0.002350001370834133
47700,"Warsaw, IN Micro Area","Warsaw, IN Micro Area, Indiana",Indiana,cbsa,3473,3373,100,26,169,2980.05,81794.68,75405.38,39.1,0.85,0.01,0.01,0.1,0.17,144200.52,531.41,153.92,0.014,71918.15,39.46,0.67,0.02,0.08,0.17,6846,0.0012225733996391942,0.9537535650639251,0.35999999999999943,-0.17999999999999994,0.01,0.07,0.07,295,0.0036196461139479325
35900,"North Wilkesboro, NC Micro Area","North Wilkesboro, NC Micro Area, North Carolina",North Carolina,cbsa,2224,2124,99,-286,117,668.6,68171.59,51689.21,45.7,0.86,0.01,0.04,0.07,0.11,67722.22,753.56,90.47,0.0141,68926.63,41.04,0.72,0.02,0.11,0.1,4348,0.0014522178520407108,1.333481978153661,-4.660000000000004,-0.14,0.01,0.07,0.03,-70,-0.0010257674242349865
28420,"Kennewick-Richland, WA Metro Area","Kennewick-Richland, WA Metro Area, Washington",Washington,cbsa,8961,8862,98,1481,2314,4371.34,320613.27,89066.73,34.6,0.56,0.03,0.02,0.35,0.18,207419.12,2938.88,109.09,0.0707,82198.75,36.7,0.6,0.04,0.03,0.25,17823,0.00030566420410483945,0.922889500939352,2.1000000000000014,0.039999999999999925,0.010000000000000002,0.009999999999999998,-0.09999999999999998,3893,0.012291603565505927
22340,"Fitzgerald, GA Micro Area","Fitzgerald, GA Micro Area, Georgia",Georgia,cbsa,595,497,98,-65,26,243.66,16291.98,42274.03,38.7,0.53,0,0.38,0.07,0.09,16488.91,250.07,65.15,0.0136,61395.38,38.88,0.59,0.02,0.27,0.13,1092,0.006015229579216277,1.452319071543451,0.17999999999999972,0.05999999999999994,0.02,-0.10999999999999999,0.06,59,0.0036345760297862746
18020,"Columbus, IN Metro Area","Columbus, IN Metro Area, Indiana",Indiana,cbsa,3136,3041,96,117,935,1542.89,90058.84,79840.17,37.5,0.78,0.07,0.02,0.09,0.2,94008.04,406.91,221.32,0.0179,77225.12,38.3,0.68,0.04,0.11,0.15,6177,0.0010659697593262362,0.9672464374762729,0.7999999999999972,-0.09999999999999998,-0.030000000000000006,0.09,0.06,1148,0.012911811428167814
10420,"Akron, OH Metro Area","Akron, OH Metro Area, Ohio",Ohio,cbsa,15462,15366,95,-1404,3318,24845.19,708023.57,72367.7,41,0.76,0.04,0.12,0.03,0.22,119892.56,899.19,787.41,-0.0031,72446.4,40.82,0.71,0.02,0.13,0.09,30828,0.00013417632410175272,1.0010875017445628,-0.17999999999999972,-0.050000000000000044,-0.02,0.010000000000000009,0.06,2009,0.0028455503404129466
47080,"Vidalia, GA Micro Area","Vidalia, GA Micro Area, Georgia",Georgia,cbsa,1226,1132,94,-13,182,955.94,37030.89,52877.56,37.7,0.59,0.01,0.24,0.11,0.11,57574.96,605.04,61.2,0.0248,70176.63,37.62,0.6,0.03,0.22,0.11,2358,0.002538421301783457,1.327153333096308,-0.0800000000000054,0.010000000000000009,0.019999999999999997,-0.01999999999999999,0,263,0.007152980494665318
20340,"Duncan, OK Micro Area","Duncan, OK Micro Area, Oklahoma",Oklahoma,cbsa,1491,1399,92,-169,65,558.74,42484.44,61888.6,41,0.77,0.01,0.01,0.09,0.13,81135.25,870.12,48.83,0.0131,71956.83,36.93,0.59,0.04,0.11,0.16,2890,0.0021654987096452255,1.1626831112676648,-4.07,-0.18000000000000005,0.03,0.1,0.07,-12,-0.00028237659436884595
29780,"Las Vegas, NM Micro Area","Las Vegas, NM Micro Area, New Mexico",New Mexico,cbsa,1349,1257,92,-169,13,1195.69,31737.34,50587.89,48,0.19,0,0.01,0.75,0.15,99562.52,6644.71,4.78,-0.0104,81563.11,45.3,0.48,0.03,0.06,0.47,2606,0.0028987936607163677,1.6123050398030043,-2.700000000000003,0.29,0.03,0.049999999999999996,-0.28,-64,-0.0020124938131537854
35580,"New Ulm, MN Micro Area","New Ulm, MN Micro Area, Minnesota",Minnesota,cbsa,801,712,89,-13,52,608.57,24356.39,69869.46,42,0.91,0,0.01,0.05,0.16,101511.45,610.96,39.87,-0.0183,77372.56,39.23,0.67,0.03,0.07,0.27,1513,0.0036540718883217096,1.1073874050264592,-2.770000000000003,-0.24,0.03,0.060000000000000005,0.22000000000000003,128,0.005283058428562525
32180,"Marshall, MO Micro Area","Marshall, MO Micro Area, Missouri",Missouri,cbsa,784,697,87,-26,219,921.26,23863.81,58601.83,35.3,0.75,0.01,0.05,0.13,0.15,88355.7,755.38,31.59,0.0429,79970.97,38.3,0.65,0.04,0.09,0.19,1481,0.003645687758995734,1.364649704625265,3,-0.09999999999999998,0.03,0.039999999999999994,0.06,280,0.011872551551254865
45000,"Susanville, CA Micro Area","Susanville, CA Micro Area, California",California,cbsa,1690,1603,87,-130,65,452.7,27193.64,67790.63,38.3,0.61,0.02,0.06,0.23,0.1,170697.13,4540.47,5.99,0.0344,83122.57,38.29,0.53,0.07,0.04,0.31,3293,0.0031992774781162067,1.2261660645431383,-0.00999999999999801,-0.07999999999999996,0.05,-0.019999999999999997,0.07999999999999999,22,0.0008096677270860353
48180,"Waycross, GA Micro Area","Waycross, GA Micro Area, Georgia",Georgia,cbsa,1466,1381,85,-65,78,816.99,56240.92,51946.34,38.7,0.69,0.01,0.23,0.05,0.09,49299.66,1239.5,45.37,0.0323,68985.39,39.12,0.64,0.02,0.21,0.09,2847,0.0015113550774062728,1.3280125221526675,0.4199999999999946,-0.04999999999999993,0.01,-0.020000000000000018,0.039999999999999994,98,0.0017455451194914693
49220,"Wisconsin Rapids-Marshfield, WI Micro Area","Wisconsin Rapids-Marshfield, WI Micro Area, Wisconsin",Wisconsin,cbsa,2016,1937,79,-260,182,1203.77,72225.55,66854.52,43.8,0.9,0.02,0.01,0.04,0.15,102619.97,792.72,91.11,-0.0027,82853.23,40.59,0.78,0.04,0.05,0.11,3953,0.001093795755103284,1.2393063326159546,-3.2099999999999937,-0.12,0.02,0.04,0.07,1,0.00001384570758834773
19540,"Decatur, IN Micro Area","Decatur, IN Micro Area, Indiana",Indiana,cbsa,1120,1041,78,374,62,445.95,38870.09,65374.53,33.2,0.93,0,0,0.05,0.11,85411.24,338.9,114.69,0.0142,75121.53,39.31,0.69,0.03,0.09,0.19,2161,0.0020066843169130816,1.1490947621344276,6.109999999999999,-0.2400000000000001,0.03,0.09,0.14,514,0.01340074027357846
44020,"Spirit Lake, IA Micro Area","Spirit Lake, IA Micro Area, Iowa",Iowa,cbsa,760,685,75,-52,26,871.31,17216.43,75707.05,48.7,0.93,0,0,0.03,0.23,71970.22,380.44,45.25,-0.0376,74396.09,39.95,0.64,0.03,0.09,0.19,1445,0.004356303833024617,0.982683779119646,-8.75,-0.29000000000000004,0.03,0.09,0.16,49,0.0028542420152579623
27620,"Jefferson City, MO Metro Area","Jefferson City, MO Metro Area, Missouri",Missouri,cbsa,4793,4721,73,78,273,4322.1,153802.54,73697.69,39.8,0.84,0.01,0.06,0.03,0.2,141266.08,2247.4,68.44,0.0033,73919.46,36.58,0.66,0.03,0.1,0.15,9514,0.0004746345541497559,1.0030091852268368,-3.219999999999999,-0.17999999999999994,0.019999999999999997,0.04000000000000001,0.12,424,0.0027644023733698338
37500,"Paragould, AR Micro Area","Paragould, AR Micro Area, Arkansas",Arkansas,cbsa,1214,1141,73,13,13,610.11,45582.92,58818.62,38,0.88,0,0.02,0.04,0.11,109639.87,577.17,78.98,0.0491,61075.7,36.84,0.7,0.02,0.15,0.08,2355,0.0016014770444719207,1.0383735626575392,-1.1599999999999966,-0.18000000000000005,0.02,0.13,0.04,99,0.002176593398282294
18060,"Columbus, MS Micro Area","Columbus, MS Micro Area, Mississippi",Mississippi,cbsa,3041,2971,70,26,130,1469.12,67912.95,50926.05,38.2,0.46,0.01,0.48,0.02,0.17,87402.69,1200.52,56.57,-0.002,71553.96,36.18,0.54,0.04,0.23,0.15,6012,0.001030731252286935,1.4050561549540952,-2.020000000000003,0.08000000000000002,0.03,-0.24999999999999997,0.13,226,0.0033389006300328203
34540,"Mount Vernon, OH Micro Area","Mount Vernon, OH Micro Area, Ohio",Ohio,cbsa,1882,1812,70,0,156,1991.92,64888.84,73529.51,39.4,0.93,0.01,0.01,0.02,0.15,101023.82,525.4,123.5,0.0302,82886.04,40.99,0.75,0.04,0.13,0.08,3694,0.001078767936058034,1.1272486379958195,1.5900000000000034,-0.18000000000000005,0.03,0.12000000000000001,0.06,226,0.003495052181438366
33660,"Mobile, AL Metro Area","Mobile, AL Metro Area, Alabama",Alabama,cbsa,11925,11857,67,377,819,9412.62,413654.96,58959.56,38.5,0.55,0.02,0.36,0.03,0.17,94928.67,1229.25,336.51,0.0093,72372.89,39.37,0.66,0.03,0.16,0.1,23782,0.00016197074005833267,1.2275005105194137,0.8699999999999974,0.10999999999999999,0.009999999999999998,-0.19999999999999998,0.07,1263,0.0030626203284855502
18660,"Cortland, NY Micro Area","Cortland, NY Micro Area, New York",New York,cbsa,2401,2337,64,-39,26,11557.58,48362.86,69777.66,37,0.89,0.01,0.02,0.04,0.15,89054.65,498.69,96.98,-0.0051,78373.37,40.67,0.78,0.05,0.06,0.08,4738,0.001323329513597831,1.1231871346789215,3.6700000000000017,-0.10999999999999999,0.04,0.039999999999999994,0.04,51,0.0010556414097904739
21640,"Eufaula, AL-GA Micro Area","Eufaula, AL-GA Micro Area, Georgia",Georgia,cbsa,737,673,64,-91,26,394.54,26928.74,44925.76,41.8,0.44,0.01,0.47,0.06,0.07,30244.54,1036.13,25.99,-0.0136,69142.69,39.06,0.66,0.02,0.22,0.08,1410,0.0023766429472749187,1.539043301660339,-2.739999999999995,0.22000000000000003,0.01,-0.24999999999999997,0.020000000000000004,-1,-0.00003713366709073314
30820,"Lock Haven, PA Micro Area","Lock Haven, PA Micro Area, Pennsylvania",Pennsylvania,cbsa,1109,1045,63,-52,26,2034.43,36634.38,60839.19,39.8,0.94,0.01,0.01,0.02,0.14,89287.32,889.71,41.18,0.0274,79497.24,41.67,0.81,0.04,0.08,0.07,2154,0.001719696088755972,1.3066781461094403,1.8700000000000045,-0.1299999999999999,0.03,0.07,0.05,37,0.0010110013339752737
30150,"Lebanon-Claremont, NH-VT Micro Area","Lebanon-Claremont, NH-VT Micro Area, New Hampshire",New Hampshire,cbsa,8565,8502,62,-1026,633,11423.11,225907.38,83755.89,46.1,0.9,0.02,0.01,0.02,0.22,190307.76,3898.75,57.94,0.0095,86425.74,41.2,0.68,0.04,0.1,0.14,17067,0.00027444875860186595,1.0318765641437277,-4.899999999999999,-0.21999999999999997,0.02,0.09000000000000001,0.12000000000000001,-331,-0.0014630585668090445
17650,"Cody, WY Micro Area","Cody, WY Micro Area, Wyoming",Wyoming,cbsa,1752,1694,58,-65,52,1302.42,33886.55,73221.22,44.9,0.87,0,0,0.06,0.22,175816.39,6937.27,4.88,0.0193,87339.04,40.94,0.69,0.05,0.08,0.18,3446,0.0017115935378490875,1.1928104994699622,-3.960000000000001,-0.18000000000000005,0.05,0.08,0.12,45,0.0013297263275470538
20220,"Dubuque, IA Metro Area","Dubuque, IA Metro Area, Iowa",Iowa,cbsa,2188,2129,58,0,338,3017.43,98392.19,78377.84,39.1,0.88,0.01,0.03,0.03,0.22,156019.34,608.23,161.77,-0.0244,79854.81,39.38,0.66,0.03,0.11,0.13,4317,0.0005894776811045673,1.0188442294403623,0.28000000000000114,-0.21999999999999997,0.019999999999999997,0.08,0.1,396,0.004040973429681296
11660,"Arkadelphia, AR Micro Area","Arkadelphia, AR Micro Area, Arkansas",Arkansas,cbsa,898,841,57,-65,0,1346.23,22188.93,51660.85,32,0.67,0.01,0.23,0.06,0.17,77339.8,865.88,25.63,-0.0093,68803.13,40.55,0.68,0.02,0.16,0.11,1739,0.0025688485204108536,1.3318234214109912,8.549999999999997,0.010000000000000009,0.01,-0.07,0.05,-8,-0.0003604102008701203
10980,"Alpena, MI Micro Area","Alpena, MI Micro Area, Michigan",Michigan,cbsa,1194,1137,56,-195,0,600.7,28899.8,54138.51,47.8,0.92,0,0.01,0.02,0.11,68534.56,571.86,50.54,-0.0179,76688.73,41.81,0.73,0.03,0.12,0.1,2331,0.0019377296728697085,1.4165282716498846,-5.989999999999995,-0.19000000000000006,0.03,0.11,0.08,-139,-0.0047866991748970345
11680,"Arkansas City-Winfield, KS Micro Area","Arkansas City-Winfield, KS Micro Area, Kansas",Kansas,cbsa,616,562,54,-104,91,1004.33,33602.01,57252.22,39.2,0.77,0.02,0.02,0.12,0.16,76214.24,1125.71,29.85,-0.0222,73439.1,38.37,0.68,0.03,0.1,0.14,1178,0.0016070467213122072,1.2827292985320047,-0.8300000000000054,-0.08999999999999997,0.009999999999999998,0.08,0.020000000000000018,41,0.0012216557249022004
10100,"Aberdeen, SD Micro Area","Aberdeen, SD Micro Area, South Dakota",South Dakota,cbsa,1578,1525,53,-52,26,980.95,43388.42,70615.98,38.3,0.86,0.03,0.01,0.04,0.23,124828.18,2838.97,15.28,0.0055,75695.49,38.86,0.64,0.03,0.15,0.15,3103,0.0012215240840758894,1.0719314523426569,0.5600000000000023,-0.21999999999999997,0,0.13999999999999999,0.10999999999999999,27,0.0006226733349599713
22500,"Florence, SC Metro Area","Florence, SC Metro Area, South Carolina",South Carolina,cbsa,5765,5715,50,-585,416,3925.96,204776.87,55157.43,39.8,0.5,0.01,0.42,0.03,0.14,89085.58,1358.8,150.7,0.0171,75724.62,39.08,0.58,0.03,0.19,0.13,11480,0.0002441682012231167,1.3728815863973356,-0.7199999999999989,0.07999999999999996,0.019999999999999997,-0.22999999999999998,0.1,-119,-0.0005807828142168019
36660,"Opelousas, LA Micro Area","Opelousas, LA Micro Area, Louisiana",Louisiana,cbsa,2834,2785,49,-78,156,1477.4,81605.26,44314.31,37.8,0.52,0.01,0.4,0.03,0.1,89025.42,923.31,88.38,-0.0502,64626.84,37.48,0.63,0.02,0.22,0.09,5619,0.0006004514905044112,1.4583740556944247,-0.3200000000000003,0.10999999999999999,0.01,-0.18000000000000002,0.06,127,0.0015586979888868517
10660,"Albert Lea, MN Micro Area","Albert Lea, MN Micro Area, Minnesota",Minnesota,cbsa,846,797,49,-130,0,406.14,28133.69,70120.17,44.3,0.81,0.04,0.01,0.11,0.12,136389.62,707.14,39.79,-0.0378,93684.31,42.72,0.74,0.05,0.07,0.21,1643,0.0017416840805454244,1.3360536633040108,-1.5799999999999983,-0.07000000000000006,0.010000000000000002,0.060000000000000005,0.09999999999999999,-81,-0.002870844939285174
47980,"Watertown, SD Micro Area","Watertown, SD Micro Area, South Dakota",South Dakota,cbsa,1021,973,48,52,0,617.76,28220.61,72711.61,40.4,0.9,0.01,0.01,0.03,0.16,79051.6,687.27,41.06,0.0192,80065.41,41.2,0.74,0.03,0.07,0.16,1994,0.001700884566279751,1.101136531016161,0.8000000000000043,-0.16000000000000003,0.019999999999999997,0.060000000000000005,0.13,100,0.0035561106249117637
24100,"Gloversville, NY Micro Area","Gloversville, NY Micro Area, New York",New York,cbsa,2070,2025,46,-208,39,1071.83,51502.53,66581.9,44.1,0.88,0.01,0.01,0.04,0.13,85965.93,495.43,103.96,-0.0042,79781.51,44.67,0.77,0.03,0.07,0.13,4095,0.0008931600059259225,1.1982462200688175,0.5700000000000003,-0.10999999999999999,0.019999999999999997,0.060000000000000005,0.09,-123,-0.002382542125959772
41460,"Salina, KS Micro Area","Salina, KS Micro Area, Kansas",Kansas,cbsa,1612,1566,46,-52,260,1642.97,61614.56,66469.76,40.2,0.79,0.02,0.03,0.12,0.2,113754.19,1440.41,42.78,-0.0473,72193.1,36.85,0.61,0.03,0.1,0.21,3178,0.0007465767831499568,1.0861044180090316,-3.3500000000000014,-0.18000000000000005,0.009999999999999998,0.07,0.09,254,0.004139466784527391
46340,"Tyler, TX Metro Area","Tyler, TX Metro Area, Texas",Texas,cbsa,16404,16361,43,723,754,6107.74,258990.17,74135.48,37.5,0.57,0.02,0.16,0.21,0.19,159785.31,920.12,281.47,0.0408,73200.41,37.51,0.53,0.03,0.13,0.25,32765,0.00016602946745044415,0.9873870109156913,0.00999999999999801,-0.039999999999999925,0.009999999999999998,-0.03,0.04000000000000001,1520,0.005903596521492179
32260,"Marshalltown, IA Micro Area","Marshalltown, IA Micro Area, Iowa",Iowa,cbsa,857,816,41,-65,508,666.38,40993.38,73377.41,38.5,0.66,0.04,0.02,0.25,0.15,115964.26,572.21,71.64,-0.0389,80963.5,41.65,0.73,0.04,0.08,0.15,1673,0.0010001614894892786,1.1033845430085363,3.1499999999999986,0.06999999999999995,0,0.06,-0.1,484,0.011947850102865065
34340,"Mount Airy, NC Micro Area","Mount Airy, NC Micro Area, North Carolina",North Carolina,cbsa,2270,2230,40,-364,104,888.74,70750.41,55028.46,43.8,0.81,0.01,0.04,0.13,0.13,107412.62,532.61,132.84,-0.0031,65412.11,41.11,0.68,0.02,0.14,0.11,4500,0.0005653677483989138,1.188695994763437,-2.6899999999999977,-0.13,0.01,0.1,-0.020000000000000004,-220,-0.0030998834584723407
20540,"Dyersburg, TN Micro Area","Dyersburg, TN Micro Area, Tennessee",Tennessee,cbsa,1207,1167,39,-78,0,547.81,35758.25,57673.06,40.2,0.77,0.01,0.15,0.04,0.14,152158.9,512.18,69.82,0.0011,71682.67,39.59,0.65,0.03,0.19,0.11,2374,0.0010906574007396893,1.242914282682417,-0.6099999999999994,-0.12,0.019999999999999997,0.04000000000000001,0.07,-39,-0.0010894691631340397
20980,"El Dorado, AR Micro Area","El Dorado, AR Micro Area, Arkansas",Arkansas,cbsa,764,726,38,-143,26,691.34,36528.19,54804.85,41.4,0.59,0.01,0.32,0.05,0.12,86544.89,1038.97,35.16,-0.036,67247.69,39.61,0.62,0.02,0.23,0.1,1490,0.0010402924426312938,1.2270390303047998,-1.7899999999999991,0.030000000000000027,0.01,-0.09,0.05,-79,-0.002158046001345637
43760,"Sonora, CA Micro Area","Sonora, CA Micro Area, California",California,cbsa,3480,3442,37,-377,39,1134.62,56596.9,77597.2,48.4,0.78,0.01,0.02,0.14,0.16,154834.93,2220.55,25.49,0.0104,92046.17,37.07,0.38,0.12,0.06,0.39,6922,0.0006537460532290638,1.1862047857396916,-11.329999999999998,-0.4,0.11,0.039999999999999994,0.25,-301,-0.005290177669123114
41260,"St. Marys, PA Micro Area","St. Marys, PA Micro Area, Pennsylvania",Pennsylvania,cbsa,531,494,36,-130,13,664.21,29123.52,65302.33,48.4,0.95,0,0.01,0.01,0.13,75241.73,826.72,35.23,-0.0091,81975.19,48.16,0.89,0.03,0.09,0.1,1025,0.0012361143158519299,1.2553179955447225,-0.240000000000002,-0.05999999999999994,0.03,0.08,0.09000000000000001,-81,-0.002773543273438495
46820,"Vermillion, SD Micro Area","Vermillion, SD Micro Area, South Dakota",South Dakota,cbsa,1151,1116,35,0,26,2283.82,14675.6,57626.03,24.9,0.84,0.03,0.02,0.03,0.25,147754.58,411.91,35.63,0.0297,77647.9,38.2,0.65,0.03,0.11,0.2,2267,0.002384911008749216,1.3474448959957852,13.300000000000004,-0.18999999999999995,0,0.09,0.17,61,0.004173908283497324
33020,"Mexico, MO Micro Area","Mexico, MO Micro Area, Missouri",Missouri,cbsa,980,951,30,-39,0,387.54,25517.92,59476.1,40.2,0.87,0.01,0.04,0.03,0.1,75245.96,692.03,36.87,-0.0668,76265.31,39.01,0.77,0.03,0.09,0.08,1931,0.0011756444098892074,1.2822849850612263,-1.1900000000000048,-0.09999999999999998,0.019999999999999997,0.049999999999999996,0.05,-9,-0.0003525689742436612
40740,"Roswell, NM Micro Area","Roswell, NM Micro Area, New Mexico",New Mexico,cbsa,2831,2804,26,13,221,1083,62693.3,52973.86,37.2,0.36,0.01,0.02,0.58,0.11,52642.05,6065.31,10.34,0.0358,74110.78,36.19,0.47,0.03,0.08,0.35,5635,0.00041471736214236606,1.39900660438941,-1.0100000000000051,0.10999999999999999,0.019999999999999997,0.06,-0.22999999999999998,260,0.0041644442949515725
33180,"Middlesborough, KY Micro Area","Middlesborough, KY Micro Area, Kentucky",Kentucky,cbsa,779,753,26,-143,0,341.73,25312.94,31830.23,41.7,0.93,0,0.03,0,0.1,25934.44,358.96,70.52,-0.0223,76634.12,41.41,0.75,0.03,0.09,0.12,1532,0.0010271426392983193,2.407589263414056,-0.29000000000000625,-0.18000000000000005,0.03,0.06,0.12,-117,-0.004600875975326721
44580,"Sterling, IL Micro Area","Sterling, IL Micro Area, Illinois",Illinois,cbsa,2429,2404,25,-182,104,779.03,53701.31,67250.16,43,0.81,0.01,0.01,0.13,0.13,54159.59,684.02,78.51,-0.0196,75059.41,42.48,0.72,0.02,0.09,0.16,4833,0.00046553799153130533,1.116122400303583,-0.5200000000000031,-0.09000000000000008,0.01,0.08,0.03,-53,-0.0009859674507960384
14620,"Bradford, PA Micro Area","Bradford, PA Micro Area, Pennsylvania",Pennsylvania,cbsa,801,781,20,-208,52,1372.5,39013.68,63474.9,44,0.92,0.01,0.02,0.02,0.13,109093.46,979.32,39.84,0.0077,76146.39,43.68,0.75,0.04,0.08,0.13,1582,0.0005126406942385337,1.1996299324614925,-0.3200000000000003,-0.17000000000000004,0.03,0.06,0.11,-136,-0.0034738470403844935
34700,"Muscatine, IA Micro Area","Muscatine, IA Micro Area, Iowa",Iowa,cbsa,1049,1029,20,-39,143,612.31,42393.77,69993.22,39.6,0.75,0.01,0.02,0.19,0.16,98924.25,437.34,96.93,0.0005,80289.52,38.49,0.7,0.03,0.08,0.15,2078,0.0004717674318655784,1.147104248097173,-1.1099999999999994,-0.050000000000000044,0.019999999999999997,0.06,-0.04000000000000001,124,0.0029335385548584724
24700,"Greensburg, IN Micro Area","Greensburg, IN Micro Area, Indiana",Indiana,cbsa,867,853,14,-39,26,422.66,26998.9,71463.24,39.8,0.93,0,0,0.03,0.15,107310.02,372.46,72.49,0.0101,85906.5,39.81,0.71,0.05,0.12,0.12,1720,0.0005185396442077269,1.202107545081919,0.010000000000005116,-0.22000000000000008,0.05,0.12,0.09,1,0.000037039917919541885
45380,"Taylorville, IL Micro Area","Taylorville, IL Micro Area, Illinois",Illinois,cbsa,1733,1721,12,-65,0,325.37,31552.37,62800.83,43.2,0.91,0.01,0.02,0.03,0.12,47773.25,709.32,44.48,-0.0194,76660.93,41.37,0.72,0.04,0.12,0.09,3454,0.00038032008372112776,1.220699312413546,-1.8300000000000054,-0.19000000000000006,0.03,0.09999999999999999,0.06,-53,-0.0016769302178712036
49260,"Woodward, OK Micro Area","Woodward, OK Micro Area, Oklahoma",Oklahoma,cbsa,749,739,10,52,39,345.71,19685.68,61570.22,37.8,0.76,0,0.01,0.15,0.14,118390.5,1242.76,15.84,0.018,72723.37,38.25,0.62,0.03,0.08,0.23,1488,0.0005079834681860114,1.1811452029893672,0.45000000000000284,-0.14,0.03,0.07,0.08000000000000002,101,0.005157092176129505
40260,"Roanoke Rapids, NC Micro Area","Roanoke Rapids, NC Micro Area, North Carolina",North Carolina,cbsa,2073,2068,5,-351,91,1067.69,68522.42,46517.09,46,0.37,0.01,0.52,0.03,0.11,94120.3,1260.39,54.37,-0.0185,74402.52,39.66,0.54,0.03,0.24,0.14,4141,0.00007296881808902837,1.599466346669579,-6.340000000000003,0.17000000000000004,0.019999999999999997,-0.28,0.11000000000000001,-255,-0.0037076121785318498
32620,"McComb, MS Micro Area","McComb, MS Micro Area, Mississippi",Mississippi,cbsa,2400,2395,5,-130,13,1163.05,52916.8,44518.66,38.9,0.44,0,0.51,0.02,0.09,35929.38,813.03,65.09,0.0069,66114.54,38.5,0.56,0.02,0.25,0.13,4795,0.00009448795089650167,1.4850972603398214,-0.3999999999999986,0.12000000000000005,0.02,-0.26,0.11,-112,-0.0021120598618109402
47460,"Walla Walla, WA Metro Area","Walla Walla, WA Metro Area, Washington",Washington,cbsa,2109,2107,2,-247,273,1800.35,63773.35,74259.03,38.5,0.68,0.02,0.02,0.24,0.16,167412.99,1269.9,50.22,0.0212,86869.3,37.64,0.61,0.05,0.03,0.27,4216,0.00003136106226190094,1.169814633991314,-0.8599999999999994,-0.07000000000000006,0.030000000000000002,0.009999999999999998,0.030000000000000027,28,0.0004392477255203713
36180,"Ocean Pines, MD Micro Area","Ocean Pines, MD Micro Area, Maryland",Maryland,cbsa,5387,5385,2,-331,130,3339.13,50535.53,83661.75,50.7,0.78,0.01,0.12,0.04,0.21,130482.13,454.33,111.23,0.0361,84334.82,42.98,0.62,0.03,0.18,0.11,10772,0.00003957611605141966,1.0080451341264078,-7.720000000000006,-0.16000000000000003,0.019999999999999997,0.06,0.07,-199,-0.003922377915001873
12460,"Bainbridge, GA Micro Area","Bainbridge, GA Micro Area, Georgia",Georgia,cbsa,686,685,1,-39,39,404.24,25774.62,52778.13,38.9,0.49,0.01,0.42,0.07,0.09,55201,597.13,43.16,0.0109,71214.14,39.37,0.56,0.03,0.28,0.12,1371,0.00003879785618565861,1.349311542489285,0.46999999999999886,0.07000000000000006,0.019999999999999997,-0.13999999999999996,0.04999999999999999,1,0.00003879936151770687
44940,"Sumter, SC Metro Area","Sumter, SC Metro Area, South Carolina",South Carolina,cbsa,5136,5137,-1,65,155,2168.51,109532.87,56802.96,38,0.44,0.01,0.46,0.04,0.15,74672.37,665,164.71,0.0022,74000.89,37.02,0.56,0.03,0.17,0.18,10273,-0.000009129679519946844,1.3027646798687955,-0.9799999999999969,0.12000000000000005,0.019999999999999997,-0.29000000000000004,0.13999999999999999,219,0.0020034054233008126
12900,"Batesville, AR Micro Area","Batesville, AR Micro Area, Arkansas",Arkansas,cbsa,986,988,-1,-13,0,524.26,37170.87,56757.86,38.7,0.82,0.01,0.02,0.09,0.12,72458.44,763.56,48.68,0.0276,69674.16,40.18,0.71,0.03,0.15,0.11,1974,-0.000026902787048029814,1.2275684812640928,1.4799999999999969,-0.10999999999999999,0.019999999999999997,0.13,0.020000000000000004,-14,-0.0003764972151307776
25880,"Hillsdale, MI Micro Area","Hillsdale, MI Micro Area, Michigan",Michigan,cbsa,2689,2689,-1,-117,52,1530.93,44803.21,63646.29,43.1,0.92,0,0.01,0.03,0.13,80237.68,598.09,74.91,-0.0164,74871.94,41.92,0.79,0.02,0.09,0.08,5378,-0.000022319829315801257,1.176375559360962,-1.1799999999999997,-0.13,0.02,0.08,0.05,-66,-0.0014709418775146698
31500,"Madison, IN Micro Area","Madison, IN Micro Area, Indiana",Indiana,cbsa,1431,1432,-1,-143,52,1204.08,32189.02,65739.47,41.8,0.91,0.01,0.01,0.03,0.11,90909.78,360.64,89.26,0.0017,78423.44,40.04,0.67,0.04,0.14,0.15,2863,-0.000031066494102647425,1.1929429914783312,-1.759999999999998,-0.24,0.03,0.13,0.12,-92,-0.0028499719029943913
26780,"Hutchinson, MN Micro Area","Hutchinson, MN Micro Area, Minnesota",Minnesota,cbsa,1598,1600,-3,-26,65,617.57,37109.27,80800.76,41.6,0.88,0.01,0.01,0.08,0.14,95071.85,491.44,75.51,-0.0629,92696.08,40.62,0.55,0.07,0.06,0.36,3198,-0.00008084233400441454,1.1472179222076624,-0.980000000000004,-0.32999999999999996,0.060000000000000005,0.049999999999999996,0.27999999999999997,36,0.0009710500314647184
16140,"Carroll, IA Micro Area","Carroll, IA Micro Area, Iowa",Iowa,cbsa,330,333,-3,-52,13,245.88,19213.33,71378.6,41.1,0.92,0,0,0.03,0.18,53046.22,569.4,33.74,-0.0443,83035.15,39.59,0.7,0.04,0.11,0.16,663,-0.0001561415954444128,1.1633059488418096,-1.509999999999998,-0.22000000000000008,0.04,0.11,0.13,-42,-0.002181214240420704
19580,"Defiance, OH Micro Area","Defiance, OH Micro Area, Ohio",Ohio,cbsa,1271,1275,-4,0,221,1015.82,40347.08,73463.82,41.1,0.85,0,0.02,0.11,0.13,65372.82,411.4,98.07,-0.0188,75630.58,40.71,0.76,0.03,0.12,0.08,2546,-0.00009913976426546853,1.0294942462834085,-0.39000000000000057,-0.08999999999999997,0.03,0.09999999999999999,-0.03,217,0.005407415086139873
32460,"Mayfield, KY Micro Area","Mayfield, KY Micro Area, Kentucky",Kentucky,cbsa,859,864,-5,-26,169,411.74,38570.18,50876.54,40.4,0.84,0,0.04,0.08,0.1,95626.33,551.61,69.92,0.0012,70153.85,40.6,0.78,0.02,0.09,0.09,1723,-0.00012963382592458733,1.3789037147573322,0.20000000000000284,-0.05999999999999994,0.02,0.049999999999999996,0.009999999999999995,138,0.003590740884331828
44980,"Sunbury, PA Micro Area","Sunbury, PA Micro Area, Pennsylvania",Pennsylvania,cbsa,2566,2572,-6,-390,273,2099.89,108645.69,63519.06,44.2,0.89,0.01,0.03,0.05,0.14,98167.49,587.91,184.8,0.0057,73044.47,42.16,0.81,0.02,0.06,0.09,5138,-0.00005522538445841708,1.1499614446435449,-2.0400000000000063,-0.07999999999999996,0.01,0.03,0.039999999999999994,-123,-0.0011308401342334821
17220,"Clarksburg, WV Micro Area","Clarksburg, WV Micro Area, West Virginia",West Virginia,cbsa,1816,1825,-9,-442,65,1376.27,89792.98,59929.37,43,0.92,0.01,0.01,0.02,0.15,98881.56,908.42,98.85,0.0031,72088.42,39.43,0.72,0.03,0.09,0.12,3641,-0.00010023055254430803,1.2028896682878527,-3.5700000000000003,-0.20000000000000007,0.019999999999999997,0.08,0.09999999999999999,-386,-0.004280376646531154
35740,"Norfolk, NE Micro Area","Norfolk, NE Micro Area, Nebraska",Nebraska,cbsa,1154,1163,-9,117,195,1175.73,49313.38,65668.09,38.2,0.81,0.01,0.01,0.13,0.16,49674.78,1573.12,31.35,-0.0075,79749.67,39.91,0.71,0.03,0.06,0.2,2317,-0.00018250624881117458,1.2144356566484575,1.7099999999999937,-0.10000000000000009,0.019999999999999997,0.049999999999999996,0.07,303,0.0061823638176239405
25200,"Hailey, ID Micro Area","Hailey, ID Micro Area, Idaho",Idaho,cbsa,998,1009,-11,104,195,981.83,32476.86,86802.97,44,0.7,0.01,0,0.23,0.3,485968.48,4911.61,6.61,0.14,90679.73,40.47,0.6,0.05,0.08,0.24,2007,-0.000338702694780222,1.0446616054727158,-3.530000000000001,-0.09999999999999998,0.04,0.08,0.009999999999999981,288,0.008947194774838251
34460,"Mount Sterling, KY Micro Area","Mount Sterling, KY Micro Area, Kentucky",Kentucky,cbsa,1015,1026,-12,-65,0,687.41,48653.34,55286.34,40.4,0.93,0,0.01,0.03,0.1,102990.83,678.84,71.67,0.0326,71398.72,39.8,0.74,0.02,0.1,0.09,2041,-0.0002466428820714056,1.2914350995200623,-0.6000000000000014,-0.19000000000000006,0.02,0.09000000000000001,0.06,-77,-0.0015801244153026638
23780,"Garden City, KS Micro Area","Garden City, KS Micro Area, Kansas",Kansas,cbsa,995,1008,-13,367,771,684.98,40963.34,72689.28,31.9,0.37,0.04,0.04,0.53,0.13,80233.47,1301.98,31.46,-0.0683,79932.3,37.32,0.56,0.04,0.12,0.27,2003,-0.00031735693427342596,1.099643578805568,5.420000000000002,0.19000000000000006,0,0.07999999999999999,-0.26,1125,0.028239128437580484
15740,"Cambridge, OH Micro Area","Cambridge, OH Micro Area, Ohio",Ohio,cbsa,1069,1082,-13,-182,13,629.71,40175.36,58236.18,42.9,0.93,0,0.02,0.01,0.1,98354.94,522.15,76.94,-0.0156,71840.98,42.25,0.81,0.02,0.09,0.07,2151,-0.00032358141905884603,1.2336142240098853,-0.6499999999999986,-0.12,0.02,0.06999999999999999,0.060000000000000005,-182,-0.004509710248638662
39220,"Price, UT Micro Area","Price, UT Micro Area, Utah",Utah,cbsa,879,895,-16,-39,0,446.76,20214.29,58645.03,38.6,0.82,0,0.01,0.13,0.13,86658.14,1479.19,13.67,0.0089,91394.29,37.54,0.67,0.03,0.03,0.25,1774,-0.0007915192668157031,1.5584319762476035,-1.0600000000000023,-0.1499999999999999,0.03,0.019999999999999997,0.12,-55,-0.0027134645564792846
32940,"Meridian, MS Micro Area","Meridian, MS Micro Area, Mississippi",Mississippi,cbsa,2767,2783,-16,-65,143,1845.2,87633.17,49800.51,40.2,0.53,0.01,0.39,0.02,0.14,76173.14,1395.13,62.81,0.0111,71569.99,37.97,0.55,0.04,0.2,0.17,5550,-0.00018257926764488834,1.4371336759402664,-2.230000000000004,0.020000000000000018,0.03,-0.19,0.15000000000000002,62,0.0007079955652071338
12580,"Baltimore-Columbia-Towson, MD Metro Area","Baltimore-Columbia-Towson, MD Metro Area, Maryland",Maryland,cbsa,95317,95334,-17,4382,17332,64708.75,2897180.31,99561.36,39,0.52,0.06,0.28,0.08,0.24,214423.93,2625.48,1103.49,0.0178,93712.98,38.9,0.53,0.06,0.18,0.18,190651,-0.000005867774242881003,0.941258536444259,-0.10000000000000142,0.010000000000000009,0,-0.10000000000000003,0.09999999999999999,21697,0.007545514148715403
16460,"Centralia, IL Micro Area","Centralia, IL Micro Area, Illinois",Illinois,cbsa,1620,1637,-18,-153,13,437.82,35457.9,61117.31,41.5,0.89,0.01,0.03,0.02,0.11,73341.57,572.48,61.94,-0.0224,77944.59,43.44,0.78,0.03,0.12,0.1,3257,-0.0005076442767338167,1.2753275626823235,1.9399999999999977,-0.10999999999999999,0.019999999999999997,0.09,0.08,-158,-0.004436220901339009
35140,"Newberry, SC Micro Area","Newberry, SC Micro Area, South Carolina",South Carolina,cbsa,1427,1446,-19,-130,195,2099.7,40784.86,62056.58,41.9,0.6,0,0.29,0.09,0.13,113365.3,630.2,64.72,0.0167,73977.26,38.76,0.57,0.03,0.25,0.14,2873,-0.00046585914479049334,1.192093731236881,-3.1400000000000006,-0.030000000000000027,0.03,-0.03999999999999998,0.05000000000000002,46,0.0011291430344393535
21180,"Elkins, WV Micro Area","Elkins, WV Micro Area, West Virginia",West Virginia,cbsa,487,507,-20,-143,0,864.26,26941.75,53346.67,44.4,0.9,0,0.01,0.01,0.14,80747.42,1039.63,25.91,-0.0087,87495.2,45.82,0.81,0.03,0.12,0.13,994,-0.0007423422754646599,1.640124866275627,1.4200000000000017,-0.08999999999999997,0.03,0.11,0.12000000000000001,-163,-0.006013706084726847
22520,"Florence-Muscle Shoals, AL Metro Area","Florence-Muscle Shoals, AL Metro Area, Alabama",Alabama,cbsa,3527,3549,-22,-455,221,3167.42,150793.36,62310.22,41.6,0.8,0.01,0.11,0.03,0.17,110802.91,1260.81,119.6,0.0028,71362.74,38.38,0.65,0.03,0.15,0.12,7076,-0.00014589501818912983,1.1452814642605982,-3.219999999999999,-0.15000000000000002,0.019999999999999997,0.039999999999999994,0.09,-256,-0.0016948102262730543
36820,"Oskaloosa, IA Micro Area","Oskaloosa, IA Micro Area, Iowa",Iowa,cbsa,637,660,-23,0,91,771.66,22902.44,71394.62,39,0.92,0.01,0.01,0.02,0.18,43753.72,570.85,40.12,-0.0563,79630.78,40.48,0.76,0.03,0.08,0.12,1297,-0.001004259808125248,1.1153610734254207,1.4799999999999969,-0.16000000000000003,0.019999999999999997,0.07,0.09999999999999999,68,0.002977957856641109
25780,"Henderson, NC Micro Area","Henderson, NC Micro Area, North Carolina",North Carolina,cbsa,2205,2230,-25,-156,221,735.75,47153.48,50378.29,39.9,0.37,0.01,0.47,0.09,0.12,52847.89,252.38,186.83,0.012,89175.31,39.43,0.56,0.05,0.19,0.14,4435,-0.0005301835622736646,1.770113872463714,-0.46999999999999886,0.19000000000000006,0.04,-0.27999999999999997,0.05000000000000002,40,0.0008490139127909889
24820,"Greenville, OH Micro Area","Greenville, OH Micro Area, Ohio",Ohio,cbsa,1030,1056,-27,-52,39,631.8,50099.21,64114.35,41.8,0.95,0.01,0.01,0.02,0.11,87872.54,598.04,83.77,-0.025,74911.1,40.7,0.79,0.02,0.12,0.06,2086,-0.0005389306537967365,1.1683983382815237,-1.0999999999999943,-0.15999999999999992,0.01,0.11,0.039999999999999994,-40,-0.0007977788241976688
26540,"Huntington, IN Micro Area","Huntington, IN Micro Area, Indiana",Indiana,cbsa,1204,1232,-28,-39,78,1358.03,36966.2,67615.59,40.4,0.93,0.01,0.01,0.03,0.14,49437.97,382.57,96.62,-0.0117,71786.49,39.96,0.79,0.03,0.08,0.08,2436,-0.0007574486963766901,1.0616854781567389,-0.4399999999999977,-0.14,0.019999999999999997,0.07,0.05,11,0.0002976577044637832
19700,"Deming, NM Micro Area","Deming, NM Micro Area, New Mexico",New Mexico,cbsa,1451,1478,-28,52,273,468.81,25321.65,36669.8,36.3,0.28,0.01,0.01,0.67,0.1,54635.94,2964.38,8.54,0.0473,69685.48,39.38,0.41,0.02,0.05,0.55,2929,-0.0011057731229994884,1.9003506973040483,3.0800000000000054,0.12999999999999995,0.01,0.04,-0.12,297,0.011868297858311705
20900,"El Campo, TX Micro Area","El Campo, TX Micro Area, Texas",Texas,cbsa,2386,2416,-30,65,65,716.9,42242.67,68106.31,38.1,0.43,0.01,0.11,0.42,0.16,93135.03,1085.87,38.9,0.0255,77959.61,37,0.39,0.06,0.14,0.4,4802,-0.0007101823819375055,1.1446752877963877,-1.1000000000000014,-0.03999999999999998,0.049999999999999996,0.030000000000000013,-0.019999999999999962,100,0.0023728918931809496
47340,"Wabash, IN Micro Area","Wabash, IN Micro Area, Indiana",Indiana,cbsa,949,980,-31,-91,13,1131.71,31011.32,67265.38,42.7,0.92,0,0.01,0.03,0.16,55759.7,412.45,75.19,-0.0203,70591.87,40.19,0.77,0.02,0.09,0.09,1929,-0.0009996349720037716,1.049453225418484,-2.510000000000005,-0.15000000000000002,0.02,0.08,0.06,-109,-0.00350253467830665
20740,"Eau Claire, WI Metro Area","Eau Claire, WI Metro Area, Wisconsin",Wisconsin,cbsa,4692,4723,-31,117,247,7390.83,174128.44,74554.67,38.2,0.89,0.03,0.01,0.03,0.22,151462.54,1645.98,105.79,0.0189,85016.94,39.36,0.7,0.05,0.08,0.13,9415,-0.0001780295051170274,1.14033017650001,1.1599999999999966,-0.19000000000000006,0.020000000000000004,0.07,0.1,333,0.0019160456684018867
48020,"Watertown-Fort Atkinson, WI Micro Area","Watertown-Fort Atkinson, WI Micro Area, Wisconsin",Wisconsin,cbsa,2327,2360,-33,-78,182,3637.74,86466.94,84347.26,41.5,0.87,0.01,0.01,0.08,0.2,177336.24,556.41,155.4,0.0311,81237.3,39.92,0.73,0.03,0.08,0.14,4687,-0.0003816487550039356,0.9631290927529834,-1.5799999999999983,-0.14,0.019999999999999997,0.07,0.06000000000000001,71,0.0008217978761501987
36837,"Ottawa, IL Micro Area","Ottawa, IL Micro Area, Illinois",Illinois,cbsa,5562,5599,-37,-325,247,1991,141866.47,72598.46,42.6,0.83,0.01,0.02,0.11,0.14,98092.25,2163.85,65.56,-0.005,83000.49,39.31,0.59,0.05,0.12,0.2,11161,-0.0002608086322300118,1.143281689446305,-3.289999999999999,-0.24,0.04,0.09999999999999999,0.09000000000000001,-115,-0.0008099648496384775
18460,"Cornelia, GA Micro Area","Cornelia, GA Micro Area, Georgia",Georgia,cbsa,1771,1809,-38,-52,195,1414.92,48368.47,68082.11,39.4,0.75,0.02,0.03,0.16,0.14,156594,276.84,174.72,0.0478,79520.61,38.95,0.59,0.04,0.16,0.17,3580,-0.0007856357664404104,1.1680103627810594,-0.44999999999999574,-0.16000000000000003,0.02,0.13,0.010000000000000009,105,0.0021755584503144925
23500,"Gaffney, SC Micro Area","Gaffney, SC Micro Area, South Carolina",South Carolina,cbsa,2155,2194,-39,-169,170,818.12,59688.4,50367.96,40.4,0.7,0.01,0.19,0.06,0.11,91129.52,392.94,151.9,0.0028,73656.97,40.39,0.66,0.03,0.17,0.11,4349,-0.0006533932891483102,1.4623774717101905,-0.00999999999999801,-0.039999999999999925,0.019999999999999997,-0.01999999999999999,0.05,-38,-0.0006362345629403413
38620,"Ponca City, OK Micro Area","Ponca City, OK Micro Area, Oklahoma",Oklahoma,cbsa,1428,1468,-40,-39,26,742.43,43541.38,58650.39,38.5,0.71,0,0.02,0.09,0.13,67738.71,919.2,47.37,-0.007,71339.19,37.95,0.63,0.03,0.09,0.17,2896,-0.0009186663353343417,1.2163463874664773,-0.5499999999999972,-0.07999999999999996,0.03,0.06999999999999999,0.08000000000000002,-53,-0.0012157530397266805
31420,"Macon-Bibb County, GA Metro Area","Macon-Bibb County, GA Metro Area, Georgia",Georgia,cbsa,7172,7212,-40,-260,416,6866.51,231976.55,59565.3,38.6,0.46,0.02,0.45,0.04,0.13,90815.94,1723.43,134.6,0.0215,79237.57,37.61,0.51,0.04,0.26,0.13,14384,-0.00017243122203515832,1.3302639288310476,-0.990000000000002,0.04999999999999999,0.02,-0.19,0.09,116,0.0005003007195488841
30180,"Le Mars, IA Micro Area","Le Mars, IA Micro Area, Iowa",Iowa,cbsa,596,639,-43,26,130,465.12,25732.59,83321.16,41.3,0.88,0.01,0.02,0.06,0.17,85007.02,862.57,29.83,-0.0023,83048.1,42.57,0.72,0.03,0.06,0.21,1235,-0.0016710327254271724,0.9967228012668091,1.2700000000000031,-0.16000000000000003,0.019999999999999997,0.039999999999999994,0.15,113,0.004410687290467959
14420,"Borger, TX Micro Area","Borger, TX Micro Area, Texas",Texas,cbsa,1193,1236,-43,-65,0,443.17,18918.67,68357.2,39.3,0.68,0.01,0.02,0.25,0.13,68415.66,887.08,21.33,0.0163,74379.93,37.45,0.53,0.04,0.08,0.34,2429,-0.002272887047556726,1.088106739304711,-1.8499999999999943,-0.15000000000000002,0.03,0.06,0.09000000000000002,-108,-0.005676242873818699
31580,"Madisonville, KY Micro Area","Madisonville, KY Micro Area, Kentucky",Kentucky,cbsa,1006,1051,-46,-104,195,597.88,44180.48,57062.24,41.3,0.87,0.01,0.06,0.03,0.09,41866.23,542.15,81.49,0.0035,70744.26,39.99,0.72,0.02,0.13,0.09,2057,-0.0010411837988179395,1.239773622626802,-1.3099999999999952,-0.15000000000000002,0.01,0.07,0.06,45,0.0010195878689888498
17340,"Clearlake, CA Micro Area","Clearlake, CA Micro Area, California",California,cbsa,3215,3262,-47,-364,147,881.54,67622.19,60936.23,44.1,0.64,0.01,0.02,0.25,0.12,136530.76,1254.95,53.88,0.0872,93959.74,40.79,0.5,0.08,0.05,0.32,6477,-0.0006950381228410378,1.5419355611595926,-3.3100000000000023,-0.14,0.07,0.030000000000000002,0.07,-264,-0.003888861637396354
12620,"Bangor, ME Metro Area","Bangor, ME Metro Area, Maine",Maine,cbsa,6139,6187,-48,-693,637,6169.08,156802.16,66373.44,42.5,0.91,0.01,0.01,0.02,0.18,121992.62,3397.07,46.16,0.0065,86679.27,41.57,0.7,0.04,0.08,0.13,12326,-0.00030611823204476266,1.3059330659974833,-0.9299999999999997,-0.21000000000000008,0.03,0.07,0.11,-104,-0.0006628165522628302
25460,"Harrison, AR Micro Area","Harrison, AR Micro Area, Arkansas",Arkansas,cbsa,1214,1266,-51,-143,0,603.57,44028.91,55047.96,42.7,0.92,0,0,0.03,0.11,90357.77,1410.71,31.21,0.0268,74126.13,40.16,0.69,0.03,0.08,0.17,2480,-0.0011583298337387866,1.3465736059973885,-2.5400000000000063,-0.2300000000000001,0.03,0.08,0.14,-194,-0.004386866445469101
16380,"Celina, OH Micro Area","Celina, OH Micro Area, Ohio",Ohio,cbsa,821,872,-51,247,91,726.69,43416.84,76999.82,39.4,0.94,0,0.01,0.02,0.14,137792.65,462.41,93.89,0.0039,77423.93,42.09,0.84,0.02,0.07,0.07,1693,-0.0011746594178664316,1.005507934953614,2.690000000000005,-0.09999999999999998,0.02,0.060000000000000005,0.05,287,0.006654325636264823
34860,"Nacogdoches, TX Micro Area","Nacogdoches, TX Micro Area, Texas",Texas,cbsa,5756,5808,-52,52,130,6552.12,67567.71,53422.11,31.9,0.57,0.01,0.16,0.22,0.17,77955.96,972.45,69.48,0.0493,75514.07,36.86,0.49,0.04,0.14,0.29,11564,-0.0007695983776866197,1.4135358936590114,4.960000000000001,-0.07999999999999996,0.03,-0.01999999999999999,0.06999999999999998,130,0.00192770484051134
41140,"St. Joseph, MO-KS Metro Area","St. Joseph, MO-KS Metro Area, Missouri",Missouri,cbsa,3038,3090,-52,-156,508,1927.68,125813.33,65429.44,39.9,0.83,0.01,0.05,0.06,0.16,82226.84,1655.35,76,-0.0048,80964.71,36.96,0.62,0.04,0.08,0.21,6128,-0.0004133107358337944,1.2374354724723307,-2.9399999999999977,-0.20999999999999996,0.03,0.03,0.15,300,0.0023901843732454554
34680,"Murrells Inlet, SC Micro Area","Murrells Inlet, SC Micro Area, South Carolina",South Carolina,cbsa,2732,2785,-53,-622,117,1550.58,63769.98,67902.66,52.2,0.66,0,0.28,0.04,0.21,232357.22,813.61,78.38,0.0167,78876.37,41.91,0.67,0.03,0.16,0.11,5517,-0.0008311120687194821,1.1616094273773663,-10.290000000000006,0.010000000000000009,0.03,-0.12000000000000002,0.07,-558,-0.0086742969389059
23190,"Franklin, KY Micro Area","Franklin, KY Micro Area, Kentucky",Kentucky,cbsa,664,720,-55,-13,26,354.41,19616.81,59802.3,38.8,0.84,0,0.07,0.04,0.11,164230.39,234.15,83.78,0.0178,77150.47,37.97,0.69,0.03,0.15,0.11,1384,-0.00280371783179834,1.2900920198721453,-0.8299999999999983,-0.15000000000000002,0.03,0.07999999999999999,0.07,-42,-0.002136446712695224
39480,"Putnam, CT Micro Area","Putnam, CT Micro Area, Connecticut",Connecticut,cbsa,3143,3200,-57,-260,416,2296.6,138581.79,92171.8,44.1,0.86,0.01,0.01,0.05,0.14,170606.51,553.87,250.21,0.0237,88122.24,42,0.68,0.04,0.07,0.17,6343,-0.0004113094512634019,0.9560650871524696,-2.1000000000000014,-0.17999999999999994,0.03,0.060000000000000005,0.12000000000000001,99,0.0007148902762574323
47780,"Washington, IN Micro Area","Washington, IN Micro Area, Indiana",Indiana,cbsa,869,928,-59,234,182,472.97,35229.23,69554.94,34.5,0.87,0,0.02,0.07,0.12,92636.77,429.45,82.03,0.0284,70181.56,39.29,0.76,0.02,0.08,0.1,1797,-0.0016747456586476625,1.0090089934661721,4.789999999999999,-0.10999999999999999,0.02,0.06,0.03,357,0.010237372258671154
32340,"Maryville, MO Micro Area","Maryville, MO Micro Area, Missouri",Missouri,cbsa,848,907,-59,39,108,2571.99,21603.12,59418.88,33.7,0.91,0.02,0.02,0.02,0.16,88401.25,876.73,24.64,-0.0177,75654.3,39.92,0.76,0.02,0.1,0.13,1755,-0.002731086991138317,1.2732367220654446,6.219999999999999,-0.15000000000000002,0,0.08,0.11,88,0.004090146836271422
43740,"Somerset, PA Micro Area","Somerset, PA Micro Area, Pennsylvania",Pennsylvania,cbsa,1296,1357,-62,-426,13,1154.39,70741.38,61706.39,46.9,0.93,0.01,0.03,0.02,0.12,73861.38,1074.87,65.81,-0.0022,71936.37,44.35,0.84,0.02,0.07,0.07,2653,-0.0008764318705685413,1.1657847752882642,-2.549999999999997,-0.09000000000000008,0.01,0.04000000000000001,0.05,-475,-0.006669813882705074
32860,"Menomonie, WI Micro Area","Menomonie, WI Micro Area, Wisconsin",Wisconsin,cbsa,1708,1770,-62,78,65,4540.55,45926.32,74792.8,36.1,0.9,0.03,0.01,0.02,0.19,114531.67,850.04,54.03,0.013,88933.04,39.21,0.74,0.05,0.08,0.11,3478,-0.0013499884162284286,1.1890588398883313,3.1099999999999994,-0.16000000000000003,0.020000000000000004,0.07,0.09,81,0.001766810658099889
47420,"Wahpeton, ND-MN Micro Area","Wahpeton, ND-MN Micro Area, Minnesota",Minnesota,cbsa,707,770,-63,-52,13,707.5,22357.02,73885.59,39.6,0.89,0.01,0.01,0.04,0.19,46346.32,2184.54,10.23,-0.0018,79532.37,38.72,0.69,0.04,0.06,0.16,1477,-0.0028179068587852944,1.07642599862842,-0.8800000000000026,-0.20000000000000007,0.03,0.049999999999999996,0.12,-102,-0.004541605110107209
12140,"Auburn, IN Micro Area","Auburn, IN Micro Area, Indiana",Indiana,cbsa,1889,1954,-65,91,26,791.97,45681.32,74608.64,38.4,0.94,0.01,0,0.03,0.14,122002.53,362.79,125.92,0.0101,73994.74,39.17,0.73,0.03,0.09,0.12,3843,-0.0014229010895482005,0.9917717304590997,0.7700000000000031,-0.20999999999999996,0.019999999999999997,0.09,0.09,52,0.0011396181227333654
20780,"Edwards, CO Micro Area","Edwards, CO Micro Area, Colorado",Colorado,cbsa,2400,2464,-65,403,247,2173.58,54737.15,104737.79,39.7,0.62,0.02,0.01,0.3,0.34,536933.06,1683.9,32.51,0.0625,96610.26,39.67,0.65,0.04,0.06,0.22,4864,-0.001187493320350073,0.9224011696255955,-0.030000000000001137,0.030000000000000027,0.02,0.049999999999999996,-0.07999999999999999,585,0.010802895175907143
37420,"Pampa, TX Micro Area","Pampa, TX Micro Area, Texas",Texas,cbsa,1125,1190,-65,-52,98,356.27,21555.53,60435.9,37,0.61,0.01,0.04,0.3,0.13,58311.25,1849.24,11.66,0.0382,75559.34,37.88,0.54,0.03,0.09,0.33,2315,-0.0030154674925645534,1.2502393444955728,0.8800000000000026,-0.06999999999999995,0.019999999999999997,0.049999999999999996,0.030000000000000027,-19,-0.0008806680840787725
27540,"Jasper, IN Micro Area","Jasper, IN Micro Area, Indiana",Indiana,cbsa,1077,1145,-68,-26,182,702.09,43738.91,75836.99,40.3,0.87,0,0.01,0.1,0.19,100608.31,427.2,102.38,0.0152,73317.04,38.23,0.63,0.03,0.09,0.19,2222,-0.0015546798034061662,0.9667714923812244,-2.0700000000000003,-0.24,0.03,0.08,0.09,88,0.002015994626457959
19860,"Dickinson, ND Micro Area","Dickinson, ND Micro Area, North Dakota",North Dakota,cbsa,2773,2845,-71,286,169,946.28,39938.44,86327.19,35.3,0.84,0.01,0.02,0.07,0.23,186064.72,4490.45,8.89,0.0976,81256.04,37.56,0.58,0.04,0.09,0.23,5618,-0.0017777359356048958,0.9412566307324494,2.260000000000005,-0.26,0.03,0.06999999999999999,0.16,384,0.009708138959874036
23460,"Gadsden, AL Metro Area","Gadsden, AL Metro Area, Alabama",Alabama,cbsa,2750,2820,-71,-455,169,1359.9,103133.06,54845.22,41.7,0.76,0.01,0.15,0.05,0.11,83151.49,535.1,192.74,-0.0009,69946.4,38.67,0.65,0.03,0.16,0.12,5570,-0.0006884310423834996,1.2753417708963515,-3.030000000000001,-0.10999999999999999,0.019999999999999997,0.010000000000000009,0.06999999999999999,-357,-0.0034496066578761286
15100,"Brookings, SD Micro Area","Brookings, SD Micro Area, South Dakota",South Dakota,cbsa,1856,1928,-72,156,289,3659.89,38495.25,70803.16,28,0.87,0.03,0.01,0.05,0.28,129500.83,791.88,48.61,0.0382,80727.5,38.09,0.71,0.04,0.08,0.13,3784,-0.0018703606289087614,1.1401680376977523,10.090000000000003,-0.16000000000000003,0.010000000000000002,0.07,0.08,373,0.009784312311051944
21540,"Escanaba, MI Micro Area","Escanaba, MI Micro Area, Michigan",Michigan,cbsa,1124,1197,-73,-251,13,651.04,35000.88,58589.58,48,0.9,0,0,0.02,0.15,105379.36,1170.92,29.89,-0.013,75795.85,42.92,0.75,0.02,0.05,0.16,2321,-0.002085661846216438,1.2936745748988132,-5.079999999999998,-0.15000000000000002,0.02,0.05,0.14,-311,-0.008807234279228408
42980,"Seymour, IN Micro Area","Seymour, IN Micro Area, Indiana",Indiana,cbsa,1278,1355,-77,129,595,690.39,47879.63,70834.02,38.4,0.8,0.02,0.01,0.14,0.14,117943.25,509.94,93.89,0.0063,83197.46,39.43,0.74,0.05,0.08,0.13,2633,-0.0016081995621102336,1.1745409903320467,1.0300000000000011,-0.06000000000000005,0.030000000000000002,0.07,-0.010000000000000009,647,0.013698157396698003
10780,"Alexandria, LA Metro Area","Alexandria, LA Metro Area, Louisiana",Louisiana,cbsa,3776,3853,-77,-104,637,2974.75,149293.39,56602.6,38,0.62,0.01,0.28,0.05,0.14,96997.72,1967.68,75.87,-0.0241,66870.51,37.93,0.59,0.02,0.23,0.12,7629,-0.0005157629550779174,1.1814035044326585,-0.07000000000000028,-0.030000000000000027,0.01,-0.05000000000000002,0.06999999999999999,456,0.003063746280420531
11740,"Ashland, OH Micro Area","Ashland, OH Micro Area, Ohio",Ohio,cbsa,1547,1624,-77,-65,13,2168.19,53861.2,69984.84,41.2,0.94,0,0.01,0.02,0.15,105635.29,422.94,127.35,0.0132,68431,40.02,0.78,0.02,0.09,0.06,3171,-0.0014296005287665332,0.9777974772822229,-1.1799999999999997,-0.15999999999999992,0.02,0.08,0.039999999999999994,-129,-0.002389322506677138
15820,"Campbellsville, KY Micro Area","Campbellsville, KY Micro Area, Kentucky",Kentucky,cbsa,735,815,-79,-91,78,1194.67,36585.18,56455.88,39.6,0.89,0.01,0.04,0.03,0.12,46612.18,552.31,66.24,0.0102,78079.68,43.83,0.74,0.03,0.14,0.13,1550,-0.0021593443028023913,1.38302121940177,4.229999999999997,-0.15000000000000002,0.019999999999999997,0.1,0.1,-92,-0.0025083716905171007
36840,"Ottawa, KS Micro Area","Ottawa, KS Micro Area, Kansas",Kansas,cbsa,594,674,-80,0,39,838.79,26330.3,77141.19,39.7,0.89,0.01,0.01,0.05,0.16,116512.73,571.57,46.07,-0.0165,81684.54,38.56,0.72,0.04,0.1,0.12,1268,-0.003038324667778187,1.0588965505976766,-1.1400000000000006,-0.17000000000000004,0.03,0.09000000000000001,0.06999999999999999,-41,-0.0015547204726350237
49380,"Worthington, MN Micro Area","Worthington, MN Micro Area, Minnesota",Minnesota,cbsa,650,732,-82,76,349,353.99,23488.09,67651.3,35.7,0.52,0.04,0.05,0.34,0.13,108540.81,714.85,32.86,-0.0207,76541.09,38.08,0.57,0.03,0.12,0.28,1382,-0.0034911310370489895,1.1314060483686195,2.3799999999999955,0.04999999999999993,-0.010000000000000002,0.06999999999999999,-0.06,343,0.014819557841425546
31680,"Malvern, AR Micro Area","Malvern, AR Micro Area, Arkansas",Arkansas,cbsa,980,1065,-85,-221,0,522.72,33571.9,56675.03,43.1,0.81,0,0.11,0.04,0.11,43982.9,614.86,54.6,0.0328,66497.82,40.92,0.71,0.02,0.15,0.09,2045,-0.002531879339566721,1.1733177732768736,-2.1799999999999997,-0.10000000000000009,0.02,0.039999999999999994,0.049999999999999996,-306,-0.009032437075497595
47930,"Waterbury-Shelton, CT Metro Area","Waterbury-Shelton, CT Metro Area, Connecticut",Connecticut,cbsa,11198,11283,-85,117,3642,11008.42,454038.98,87671.66,41.8,0.6,0.04,0.11,0.2,0.19,171648.08,412.76,1100,0.007,94425.65,41.17,0.6,0.05,0.11,0.18,22481,-0.0001872085960549026,1.0770373231212913,-0.6299999999999955,0,0.010000000000000002,0,-0.020000000000000018,3674,0.0081578279021606
31300,"Lumberton, NC Micro Area","Lumberton, NC Micro Area, North Carolina",North Carolina,cbsa,4440,4526,-86,208,624,3418.36,137373.12,42426.25,36.4,0.23,0.01,0.23,0.11,0.1,39296.12,947.18,145.03,0.0056,68431.55,36.07,0.49,0.03,0.28,0.12,8966,-0.000626032225227177,1.6129530656138593,-0.3299999999999983,0.26,0.019999999999999997,0.05000000000000002,0.009999999999999995,746,0.005460116556654345
38180,"Pierre, SD Micro Area","Pierre, SD Micro Area, South Dakota",South Dakota,cbsa,884,971,-87,16,0,458.25,20695.92,81943.94,40.2,0.81,0.01,0,0.03,0.24,201898.76,2185.22,9.47,0.017,80031.65,42.17,0.72,0.02,0.18,0.11,1855,-0.004203727111430659,0.976663436002711,1.9699999999999989,-0.09000000000000008,0.01,0.18,0.08,-71,-0.003418898902677913
44740,"Storm Lake, IA Micro Area","Storm Lake, IA Micro Area, Iowa",Iowa,cbsa,589,676,-87,156,358,1228.71,23094.79,72418.3,35.6,0.52,0.09,0.03,0.29,0.15,38659.29,574.34,40.21,-0.0514,82026.83,41.52,0.67,0.04,0.11,0.22,1265,-0.003767083398463463,1.1326809659989256,5.920000000000002,0.15000000000000002,-0.049999999999999996,0.08,-0.06999999999999998,427,0.01883730173960496
24980,"Grenada, MS Micro Area","Grenada, MS Micro Area, Mississippi",Mississippi,cbsa,1007,1095,-88,-143,26,571.63,29242.96,46140.24,39.9,0.51,0,0.45,0,0.12,55864.41,829.01,35.27,-0.0006,67022.09,38.64,0.51,0.03,0.38,0.1,2102,-0.0030092712912783114,1.4525735020017234,-1.259999999999998,0,0.03,-0.07,0.1,-205,-0.00696143298211489
46500,"Urbana, OH Micro Area","Urbana, OH Micro Area, Ohio",Ohio,cbsa,1096,1183,-88,0,26,559.11,38010.42,75515.29,41.7,0.92,0,0.02,0.02,0.14,154762.9,429.22,88.56,-0.009,74415.48,40.78,0.77,0.02,0.11,0.07,2279,-0.0023151546339135426,0.9854359295978338,-0.9200000000000017,-0.15000000000000002,0.02,0.09,0.05,-62,-0.001628475416062336
47540,"Wapakoneta, OH Micro Area","Wapakoneta, OH Micro Area, Ohio",Ohio,cbsa,1415,1503,-88,-39,0,833.13,45276.5,78404.55,41,0.94,0,0.01,0.02,0.13,83742.54,401.36,112.81,-0.0077,74068.18,40.16,0.82,0.02,0.08,0.05,2918,-0.0019436131326405531,0.9446923679811948,-0.8400000000000034,-0.12,0.02,0.07,0.030000000000000002,-127,-0.0027971411895558714
26740,"Hutchinson, KS Micro Area","Hutchinson, KS Micro Area, Kansas",Kansas,cbsa,1394,1483,-89,-247,143,1114.07,61482.53,60794.18,40.9,0.82,0.01,0.03,0.1,0.14,76816.35,1255.09,48.99,-0.0309,74590.51,38.62,0.69,0.03,0.1,0.14,2877,-0.001447565674346843,1.2269350454270458,-2.280000000000001,-0.13,0.019999999999999997,0.07,0.04000000000000001,-193,-0.00312927995916695
20460,"Durant, OK Micro Area","Durant, OK Micro Area, Oklahoma",Oklahoma,cbsa,1784,1872,-89,-143,78,1136.52,48392.14,57824.45,37,0.68,0.01,0.02,0.08,0.18,40215.84,904.21,53.52,0.0298,73168.45,37.53,0.62,0.03,0.09,0.16,3656,-0.001839141645730071,1.2653548801588255,0.5300000000000011,-0.06000000000000005,0.019999999999999997,0.06999999999999999,0.08,-154,-0.003172239852643279
46380,"Ukiah, CA Micro Area","Ukiah, CA Micro Area, California",California,cbsa,3611,3701,-90,-234,495,1423.22,87690.18,68618.19,44.1,0.61,0.02,0.01,0.28,0.15,347228.95,3506.02,25.01,0.0156,92481.74,41.1,0.53,0.08,0.04,0.28,7312,-0.0010263406917399417,1.3477729447541533,-3,-0.07999999999999996,0.06,0.03,0,171,0.0019538574287373354
45140,"Tahlequah, OK Micro Area","Tahlequah, OK Micro Area, Oklahoma",Oklahoma,cbsa,2029,2121,-92,-78,65,1429.11,50702.52,53917.18,37.3,0.45,0.01,0.01,0.08,0.19,120080.52,749.04,67.69,0.0437,70296.07,37.72,0.6,0.03,0.08,0.13,4150,-0.00181450547231183,1.3037786842709504,0.4200000000000017,0.14999999999999997,0.019999999999999997,0.07,0.05,-105,-0.00206662320853291
44780,"Sturgis, MI Micro Area","Sturgis, MI Micro Area, Michigan",Michigan,cbsa,3430,3523,-94,39,143,1035.77,60220.71,67257.34,39.9,0.84,0.01,0.02,0.09,0.11,85817.06,500.6,120.3,0.0119,74050.16,39.67,0.75,0.02,0.08,0.13,6953,-0.0015609248047723117,1.1009974524713586,-0.22999999999999687,-0.08999999999999997,0.01,0.06,0.04000000000000001,88,0.0014634298038455277
48940,"Wilmington, OH Micro Area","Wilmington, OH Micro Area, Ohio",Ohio,cbsa,1463,1558,-95,-65,182,1340.71,42097.76,69401.86,40.8,0.92,0,0.02,0.02,0.13,81981.93,408.65,103.02,-0.0008,81789,40.28,0.76,0.03,0.13,0.07,3021,-0.00225665213541053,1.178484265407296,-0.519999999999996,-0.16000000000000003,0.03,0.11,0.05,22,0.0005228663724671877
26220,"Hood River, OR Micro Area","Hood River, OR Micro Area, Oregon",Oregon,cbsa,885,980,-96,26,78,440.91,22356.16,90887.18,40.7,0.62,0.01,0.01,0.31,0.24,422789.56,522.13,42.82,0.0666,91442.55,42.18,0.67,0.06,0.05,0.22,1865,-0.004294118489042841,1.0061105427630168,1.4799999999999969,0.050000000000000044,0.049999999999999996,0.04,-0.09,8,0.00035797130502018956
29860,"Laurel, MS Micro Area","Laurel, MS Micro Area, Mississippi",Mississippi,cbsa,2700,2796,-96,-169,0,1569.28,83601.01,51684.71,38.6,0.59,0,0.33,0.05,0.12,59672.89,1371.07,60.98,0.0131,69543.4,37.73,0.55,0.03,0.24,0.15,5496,-0.0011483114857105195,1.345531396035694,-0.8700000000000045,-0.039999999999999925,0.03,-0.09000000000000002,0.09999999999999999,-265,-0.0031598021653826145
15580,"Butte-Silver Bow, MT Micro Area","Butte-Silver Bow, MT Micro Area, Montana",Montana,cbsa,942,1045,-103,-182,26,1101.44,34602.77,61299.42,40.5,0.89,0,0,0.05,0.19,108756.97,717.69,48.21,0.0113,92049.93,40.81,0.74,0.04,0.04,0.16,1987,-0.002976640309431875,1.5016443874999144,0.3100000000000023,-0.15000000000000002,0.04,0.04,0.11,-259,-0.007429341654195986
22020,"Fargo, ND-MN Metro Area","Fargo, ND-MN Metro Area, North Dakota",North Dakota,cbsa,10136,10238,-103,1097,2662,5351.68,270437.77,77063.12,33,0.82,0.03,0.06,0.04,0.28,156715.86,2809.57,96.26,0.0657,81492.23,39.36,0.61,0.04,0.07,0.22,20374,-0.00038086395994169005,1.057473795506852,6.359999999999999,-0.20999999999999996,0.010000000000000002,0.010000000000000009,0.18,3656,0.013704084803095803
22540,"Fond du Lac, WI Metro Area","Fond du Lac, WI Metro Area, Wisconsin",Wisconsin,cbsa,2298,2404,-107,-130,390,2874.67,103523.29,74317.67,41.9,0.86,0.02,0.02,0.07,0.15,115122.48,719.49,143.88,0.0181,79952.64,39.89,0.74,0.04,0.06,0.12,4702,-0.001033583843790127,1.0758227484796012,-2.009999999999998,-0.12,0.02,0.039999999999999994,0.04999999999999999,153,0.0014801158050345028
39020,"Portsmouth, OH Micro Area","Portsmouth, OH Micro Area, Ohio",Ohio,cbsa,1229,1340,-110,-520,117,1173.95,72466.89,50680.2,41.1,0.92,0,0.02,0.02,0.12,63275.16,610.09,118.78,-0.0121,71058.87,39.94,0.77,0.02,0.12,0.06,2569,-0.0015179346043413759,1.4021031882273551,-1.1600000000000037,-0.15000000000000002,0.02,0.09999999999999999,0.039999999999999994,-513,-0.007029333697269206
13300,"Beeville, TX Micro Area","Beeville, TX Micro Area, Texas",Texas,cbsa,2181,2294,-113,26,52,711.39,34751.63,57331.15,35.7,0.28,0.01,0.07,0.62,0.09,54463.47,880.14,39.48,0.0174,74758.14,37.6,0.39,0.03,0.07,0.51,4475,-0.0032516460378980787,1.3039707035355126,1.8999999999999986,0.10999999999999999,0.019999999999999997,0,-0.10999999999999999,-35,-0.0010061336783701094
33900,"Monticello, IN Micro Area","Monticello, IN Micro Area, Indiana",Indiana,cbsa,874,991,-116,0,143,498.72,23698.82,67752.32,42.8,0.86,0,0,0.11,0.14,98891.17,504.95,46.93,-0.0135,72563.45,37.49,0.71,0.05,0.09,0.14,1865,-0.004894758473206683,1.0710105572768576,-5.309999999999995,-0.15000000000000002,0.05,0.09,0.030000000000000013,27,0.001140596709505226
24420,"Grants Pass, OR Metro Area","Grants Pass, OR Metro Area, Oregon",Oregon,cbsa,3067,3184,-117,-658,125,1125.81,85855.31,60078.52,47.3,0.83,0.01,0,0.09,0.13,198290,1638.5,52.4,0.0475,77471.96,42.03,0.71,0.03,0.04,0.16,6251,-0.0013627578771773115,1.2895117922345625,-5.269999999999996,-0.12,0.019999999999999997,0.04,0.07,-650,-0.007513989603643984
13660,"Big Rapids, MI Micro Area","Big Rapids, MI Micro Area, Michigan",Michigan,cbsa,3250,3369,-119,-52,65,4762.47,45135.7,61188.39,40,0.9,0.01,0.02,0.03,0.15,104797.03,555.1,81.31,0.0398,79407.51,38.77,0.76,0.03,0.08,0.11,6619,-0.0026364939504649313,1.297754525000576,-1.2299999999999969,-0.14,0.019999999999999997,0.06,0.08,-106,-0.0023429711969267294
17060,"Chillicothe, OH Micro Area","Chillicothe, OH Micro Area, Ohio",Ohio,cbsa,1793,1912,-119,-351,0,986.41,74840.62,61374.65,41.1,0.88,0.01,0.05,0.01,0.11,61819.06,689.07,108.61,0.0089,77253.56,38.22,0.7,0.04,0.13,0.08,3705,-0.0015900456196113822,1.2587209865962574,-2.8800000000000026,-0.18000000000000005,0.03,0.08,0.07,-470,-0.006240819687847478
19260,"Danville, VA Micro Area","Danville, VA Micro Area, Virginia",Virginia,cbsa,1503,1622,-119,-676,130,2119.9,98090.84,49888.91,45,0.59,0.01,0.33,0.04,0.11,86440.52,1011.68,96.96,0.0026,75351.6,40.39,0.65,0.04,0.17,0.12,3125,-0.0012131611881394837,1.5103877795686456,-4.609999999999999,0.06000000000000005,0.03,-0.16,0.07999999999999999,-665,-0.006733778984614986
34220,"Moultrie, GA Micro Area","Moultrie, GA Micro Area, Georgia",Georgia,cbsa,1274,1395,-121,39,585,643.96,47503.26,49479.41,37.2,0.53,0.01,0.23,0.21,0.08,50666.83,547.03,86.84,0.0423,71869.21,40.42,0.56,0.03,0.29,0.13,2669,-0.002547193603133764,1.45250741672142,3.219999999999999,0.030000000000000027,0.019999999999999997,0.05999999999999997,-0.07999999999999999,503,0.01070206845664258
23660,"Galesburg, IL Micro Area","Galesburg, IL Micro Area, Illinois",Illinois,cbsa,2573,2698,-124,-247,420,1101.87,51043.62,57633.85,42.6,0.8,0.01,0.08,0.06,0.14,63751.97,715.96,71.29,-0.0184,76654.08,41.27,0.71,0.03,0.1,0.13,5271,-0.002429294787477847,1.3300183832938457,-1.3299999999999983,-0.09000000000000008,0.019999999999999997,0.020000000000000004,0.07,49,0.0009608856777440443
37540,"Paris, TN Micro Area","Paris, TN Micro Area, Tennessee",Tennessee,cbsa,1156,1282,-126,-221,0,530.65,33205.93,50759.29,45.8,0.86,0.01,0.07,0.03,0.13,87056.12,561.84,59.1,0.0065,74644.75,38.36,0.65,0.04,0.16,0.14,2438,-0.003794502969800876,1.4705633195420975,-7.439999999999998,-0.20999999999999996,0.03,0.09,0.11000000000000001,-347,-0.010341868802515905
16340,"Cedartown, GA Micro Area","Cedartown, GA Micro Area, Georgia",Georgia,cbsa,1542,1669,-127,39,91,639.62,44631.17,58171.84,38,0.7,0.01,0.12,0.14,0.1,87687.63,310.32,143.82,0.0285,81290.25,38.38,0.54,0.04,0.25,0.12,3211,-0.0028455449409011684,1.3974158286896203,0.38000000000000256,-0.15999999999999992,0.03,0.13,-0.020000000000000018,3,0.00006722211553823516
30260,"Lewisburg, PA Micro Area","Lewisburg, PA Micro Area, Pennsylvania",Pennsylvania,cbsa,1596,1724,-128,-26,169,3753.89,45350.16,76832.08,41,0.86,0.02,0.06,0.05,0.14,232298.31,315.9,143.56,0.02,79388.45,41.15,0.71,0.05,0.09,0.12,3320,-0.0028224817729419253,1.033272169645804,0.14999999999999858,-0.15000000000000002,0.030000000000000002,0.03,0.06999999999999999,15,0.0003308690208659239
37940,"Peru, IN Micro Area","Peru, IN Micro Area, Indiana",Indiana,cbsa,1367,1495,-128,-78,13,577.99,34944.36,61106.69,41.5,0.87,0.01,0.04,0.04,0.11,58980.09,373.76,93.49,-0.0116,68945.94,41.51,0.77,0.02,0.06,0.13,2862,-0.0036629659264041463,1.1282879174113343,0.00999999999999801,-0.09999999999999998,0.01,0.019999999999999997,0.09,-193,-0.00549272910656919
46860,"Vernal, UT Micro Area","Vernal, UT Micro Area, Utah",Utah,cbsa,1793,1922,-129,198,221,575.73,40384.34,73316.44,33.2,0.8,0.01,0,0.09,0.12,139599.78,4482.81,9.01,0.0215,86483.19,37.63,0.73,0.02,0.04,0.17,3715,-0.0031943074964206424,1.1795879614449365,4.43,-0.07000000000000006,0.01,0.04,0.08000000000000002,290,0.007232941108395849
44620,"Stevens Point-Plover, WI Micro Area","Stevens Point-Plover, WI Micro Area, Wisconsin",Wisconsin,cbsa,2240,2371,-131,-52,247,5076.56,74131.53,76396.2,38,0.89,0.03,0.01,0.04,0.24,146935.21,800.78,92.57,0.0134,80715.55,42.1,0.76,0.05,0.06,0.13,4611,-0.0017671293173093824,1.0565388069040085,4.100000000000001,-0.13,0.020000000000000004,0.049999999999999996,0.09,64,0.0008640763368239768
33060,"Miami, OK Micro Area","Miami, OK Micro Area, Oklahoma",Oklahoma,cbsa,1007,1138,-132,-117,26,725.26,31151.87,49940.53,37.2,0.62,0.01,0.01,0.06,0.1,40571.8,470.76,66.17,0.008,68573.81,37.39,0.69,0.02,0.05,0.14,2145,-0.004237305818238199,1.3731093762921618,0.18999999999999773,0.06999999999999995,0.01,0.04,0.08000000000000002,-223,-0.007107599170928836
33380,"Minden, LA Micro Area","Minden, LA Micro Area, Louisiana",Louisiana,cbsa,1226,1359,-133,-182,52,554.09,36315.56,41661.65,41.1,0.61,0,0.34,0.02,0.09,82779.04,593.22,61.22,-0.0697,60342.65,37.98,0.54,0.02,0.3,0.08,2585,-0.003662341982334845,1.4483979871176489,-3.1200000000000045,-0.06999999999999995,0.02,-0.040000000000000036,0.06,-263,-0.00719000419918116
19140,"Dalton, GA Metro Area","Dalton, GA Metro Area, Georgia",Georgia,cbsa,3086,3219,-133,195,715,1869.22,147984.47,67157.83,37.1,0.62,0.01,0.03,0.31,0.11,92900.47,634.91,233.08,0.0441,78111.56,39.54,0.66,0.04,0.15,0.12,6305,-0.0008987429559331462,1.163104287318396,2.4399999999999977,0.040000000000000036,0.03,0.12,-0.19,777,0.005278264751102644
10540,"Albany, OR Metro Area","Albany, OR Metro Area, Oregon",Oregon,cbsa,5178,5317,-138,-130,169,1789.4,131341.06,76347.78,40.1,0.81,0.01,0,0.11,0.15,210665.7,2289.46,57.37,0.0482,80137.61,38.99,0.66,0.04,0.05,0.18,10495,-0.001050699606048558,1.0496390333811934,-1.1099999999999994,-0.15000000000000002,0.03,0.05,0.06999999999999999,-99,-0.0007531950304952691
11820,"Astoria, OR Micro Area","Astoria, OR Micro Area, Oregon",Oregon,cbsa,1915,2053,-138,-169,65,965.14,40487,71466.86,46,0.8,0.01,0.01,0.1,0.18,204144.77,828.18,48.89,0.0185,83077.62,38.72,0.59,0.06,0.07,0.21,3968,-0.0034085014943068146,1.16246355303703,-7.280000000000001,-0.21000000000000008,0.049999999999999996,0.060000000000000005,0.10999999999999999,-242,-0.00594171229345184
15780,"Camden, AR Micro Area","Camden, AR Micro Area, Arkansas",Arkansas,cbsa,783,922,-139,-195,0,700.89,27303.58,51503.48,43.9,0.57,0,0.37,0.03,0.11,60378.85,1412.54,19.33,-0.036,67806.75,38.36,0.61,0.02,0.21,0.11,1705,-0.0050909074927170716,1.316546959545258,-5.539999999999999,0.040000000000000036,0.02,-0.16,0.08,-334,-0.01208499441702204
14580,"Bozeman, MT Metro Area","Bozeman, MT Metro Area, Montana",Montana,cbsa,6740,6884,-144,481,156,10372.56,124700.01,95089.43,34.2,0.88,0.01,0,0.05,0.34,433110.32,2605.07,47.87,0.049,84405.69,39.92,0.66,0.04,0.08,0.18,13624,-0.0011547713588796024,0.887645346070536,5.719999999999999,-0.21999999999999997,0.03,0.08,0.13,493,0.00396918016140957
36620,"Ontario, OR-ID Micro Area","Ontario, OR-ID Micro Area, Oregon",Oregon,cbsa,1976,2120,-144,65,143,1090.77,59636.41,61686.12,37.6,0.67,0.01,0.01,0.27,0.11,160667.81,10262.54,5.81,0.0543,80366.55,37.49,0.68,0.03,0.04,0.19,4096,-0.002414632269112108,1.302830361189843,-0.10999999999999943,0.010000000000000009,0.019999999999999997,0.03,-0.08000000000000002,64,0.0010743228283025647
43180,"Shelbyville, TN Micro Area","Shelbyville, TN Micro Area, Tennessee",Tennessee,cbsa,2645,2792,-147,182,221,632.98,56112.66,69120.72,37.6,0.73,0.01,0.06,0.16,0.12,168424.88,473.53,118.5,0.0744,77634.28,38.75,0.71,0.02,0.1,0.12,5437,-0.0026197296652840907,1.123169434577649,1.1499999999999986,-0.020000000000000018,0.01,0.04000000000000001,-0.04000000000000001,256,0.004583159823734537
31930,"Marietta, OH Micro Area","Marietta, OH Micro Area, Ohio",Ohio,cbsa,1396,1545,-149,-437,65,1411.16,58848.83,64178.35,44,0.94,0.01,0.01,0.01,0.14,89169.69,631.89,93.13,-0.0187,68528.8,41.18,0.79,0.02,0.08,0.08,2941,-0.002531910999759893,1.0677868782852784,-2.8200000000000003,-0.1499999999999999,0.01,0.07,0.07,-521,-0.008775500957304408
10480,"Alamosa, CO Micro Area","Alamosa, CO Micro Area, Colorado",Colorado,cbsa,1017,1168,-151,26,0,1037.61,28463.05,51089.33,36.4,0.44,0.01,0.01,0.49,0.17,120272.8,3235.9,8.8,0.0571,94492.71,39.59,0.63,0.04,0.07,0.25,2185,-0.005305123660324526,1.8495586064644027,3.190000000000005,0.19,0.03,0.060000000000000005,-0.24,-125,-0.004372456323533784
10760,"Alexander City, AL Micro Area","Alexander City, AL Micro Area, Alabama",Alabama,cbsa,1095,1247,-151,-299,78,772.69,39139.28,59380.06,45.6,0.68,0.01,0.23,0.03,0.13,53720.76,716.45,54.63,0,66567.67,39.04,0.62,0.02,0.25,0.07,2342,-0.0038580168056234045,1.1210441686990549,-6.560000000000002,-0.06000000000000005,0.01,0.01999999999999999,0.04000000000000001,-372,-0.00941503287162552
12380,"Austin, MN Micro Area","Austin, MN Micro Area, Minnesota",Minnesota,cbsa,1459,1610,-151,52,613,639.33,44993.31,72819.58,39.2,0.73,0.06,0.03,0.14,0.16,127444.85,711.04,63.28,0.0039,87239.55,39.87,0.65,0.05,0.07,0.23,3069,-0.0033560544889895856,1.1980232514386928,0.6699999999999946,-0.07999999999999996,-0.009999999999999995,0.04000000000000001,0.09,514,0.011555934658159042
30980,"Longview, TX Metro Area","Longview, TX Metro Area, Texas",Texas,cbsa,13734,13885,-152,299,637,5674.09,295786.95,67001.7,38.1,0.61,0.01,0.16,0.17,0.14,88264.23,2680.31,110.36,0.0358,75805.27,36.61,0.52,0.04,0.13,0.27,27619,-0.0005138833880264156,1.1313932333060206,-1.490000000000002,-0.08999999999999997,0.03,-0.03,0.1,784,0.0026576005426386415
20420,"Durango, CO Micro Area","Durango, CO Micro Area, Colorado",Colorado,cbsa,1598,1753,-154,-26,26,3220.99,57073.81,85776.14,43.2,0.76,0.01,0,0.13,0.3,268585.36,1689.57,33.78,0.0892,88370.87,38.55,0.59,0.04,0.05,0.27,3351,-0.002698260375468188,1.0302500205768177,-4.650000000000006,-0.17000000000000004,0.03,0.05,0.14,-154,-0.0026909993585286594
31620,"Magnolia, AR Micro Area","Magnolia, AR Micro Area, Arkansas",Arkansas,cbsa,494,650,-156,-130,26,1448.18,23032.13,52230.7,34.2,0.58,0,0.34,0.03,0.14,49724.68,765.92,30.07,-0.0165,67173.94,40.47,0.57,0.03,0.22,0.16,1144,-0.006773146903912056,1.2861007032262637,6.269999999999996,-0.010000000000000009,0.03,-0.12000000000000002,0.13,-260,-0.011162568644430543
37220,"Pahrump, NV Micro Area","Pahrump, NV Micro Area, Nevada",Nevada,cbsa,2950,3107,-157,-559,39,1079.03,51843.22,60588.75,52.5,0.69,0.02,0.03,0.17,0.09,133370.83,13999.85,3.7,0.0706,80799.71,39.09,0.47,0.09,0.1,0.27,6057,-0.0030283612784854025,1.333576117678612,-13.409999999999997,-0.21999999999999997,0.06999999999999999,0.07,0.1,-677,-0.01289027349847354
43660,"Snyder, TX Micro Area","Snyder, TX Micro Area, Texas",Texas,cbsa,1293,1450,-157,30,39,617.5,16181.46,60077.7,36.9,0.49,0.01,0.03,0.43,0.1,93130.81,904.34,17.89,0.0329,75333.67,36.37,0.51,0.03,0.06,0.37,2743,-0.009702461953371327,1.253937317840064,-0.5300000000000011,0.020000000000000018,0.019999999999999997,0.03,-0.06,-88,-0.005408907240928709
12780,"Bartlesville, OK Micro Area","Bartlesville, OK Micro Area, Oklahoma",Oklahoma,cbsa,1780,1938,-158,-65,117,1173.88,53538.58,60279.42,39.2,0.7,0.02,0.02,0.07,0.21,95064.66,415.48,128.86,0.0143,69912.53,37.33,0.63,0.03,0.08,0.13,3718,-0.002951142895459685,1.159807609296838,-1.8700000000000045,-0.06999999999999995,0.009999999999999998,0.06,0.06,-106,-0.0019759684948600586
28260,"Kearney, NE Micro Area","Kearney, NE Micro Area, Nebraska",Nebraska,cbsa,1758,1918,-160,208,104,1176.65,57822.32,76086.6,35.9,0.85,0.01,0.01,0.1,0.24,186082.76,1483.16,38.99,0.0233,76389.89,38.39,0.69,0.03,0.06,0.19,3676,-0.0027670975498734745,1.0039861158206569,2.490000000000002,-0.16000000000000003,0.019999999999999997,0.049999999999999996,0.09,152,0.0026356711736643737
25740,"Helena, MT Metro Area","Helena, MT Metro Area, Montana",Montana,cbsa,3191,3351,-161,-13,13,2743.63,92943.25,79501.11,42.6,0.89,0,0,0.04,0.27,156547.27,6448.72,14.41,0.0262,84607.36,39.72,0.7,0.04,0.06,0.16,6542,-0.0017322398345226793,1.0642286629708693,-2.8800000000000026,-0.19000000000000006,0.04,0.06,0.12,-161,-0.0017292443685438634
14720,"Breckenridge, CO Micro Area","Breckenridge, CO Micro Area, Colorado",Colorado,cbsa,2292,2456,-165,260,234,1770.5,42593.35,107114.75,39.1,0.71,0.01,0,0.2,0.33,345267.54,985.07,43.24,0.1126,91487.53,38.64,0.67,0.04,0.07,0.18,4748,-0.003873844156423479,0.854107674246544,-0.46000000000000085,-0.039999999999999925,0.03,0.07,-0.020000000000000018,329,0.007784338337156493
45660,"Tiffin, OH Micro Area","Tiffin, OH Micro Area, Ohio",Ohio,cbsa,1289,1458,-169,-13,143,2915.08,55503.4,67058.99,40.2,0.88,0.01,0.02,0.06,0.13,59846.22,550.97,100.74,-0.0148,70528.64,42.1,0.8,0.02,0.08,0.09,2747,-0.003044858513172166,1.0517402662939002,1.8999999999999986,-0.07999999999999996,0.01,0.06,0.03,-39,-0.0007021662729734401
30300,"Lewiston, ID-WA Metro Area","Lewiston, ID-WA Metro Area, Washington",Washington,cbsa,1499,1669,-170,-364,65,1382.24,63711.92,72359.51,42.8,0.86,0.01,0,0.04,0.17,152769.68,1484.22,42.93,0.0057,80857.02,39.25,0.72,0.03,0.05,0.15,3168,-0.002668260507609879,1.1174345984377176,-3.549999999999997,-0.14,0.019999999999999997,0.05,0.10999999999999999,-469,-0.007307467702239233
20060,"Douglas, GA Micro Area","Douglas, GA Micro Area, Georgia",Georgia,cbsa,1088,1264,-176,130,280,665.17,52792,49103.58,36,0.55,0.01,0.26,0.16,0.07,17627.04,934.85,56.47,0.0419,71727.12,37.15,0.56,0.03,0.24,0.11,2352,-0.0033338384603727837,1.4607309691065293,1.1499999999999986,0.010000000000000009,0.019999999999999997,-0.020000000000000018,-0.05,234,0.004452224209444804
11500,"Anniston-Oxford, AL Metro Area","Anniston-Oxford, AL Metro Area, Alabama",Alabama,cbsa,3228,3405,-177,-338,91,3950.58,111676.32,55108.34,39.3,0.69,0.01,0.22,0.05,0.13,73639.82,591.93,188.67,0.0099,68917.6,39.07,0.63,0.02,0.19,0.11,6633,-0.0015849376125574338,1.2505838499218087,-0.22999999999999687,-0.05999999999999994,0.01,-0.03,0.06,-424,-0.0037823264019228487
22620,"Forrest City, AR Micro Area","Forrest City, AR Micro Area, Arkansas",Arkansas,cbsa,514,691,-177,-117,65,425.65,25104.88,43413.24,40.1,0.39,0,0.54,0.04,0.08,40269.22,634.63,39.56,-0.0141,68246.7,38.91,0.59,0.03,0.26,0.11,1205,-0.007050422069334727,1.5720250319948477,-1.1900000000000048,0.19999999999999996,0.03,-0.28,0.07,-229,-0.009039278626092806
13860,"Bishop, CA Micro Area","Bishop, CA Micro Area, California",California,cbsa,922,1102,-180,-52,26,307.27,17978.28,73703.85,45.5,0.58,0.01,0.01,0.24,0.19,250494.19,10197.11,1.76,0.0209,84240.19,38.76,0.49,0.07,0.06,0.32,2024,-0.010012081244701942,1.1429550830791064,-6.740000000000002,-0.08999999999999997,0.060000000000000005,0.049999999999999996,0.08000000000000002,-206,-0.011328466125686583
18380,"Cordele, GA Micro Area","Cordele, GA Micro Area, Georgia",Georgia,cbsa,698,882,-183,-13,0,361.18,22291.87,45176.02,38.8,0.48,0.01,0.45,0.04,0.1,78655.49,272.65,81.76,0.0212,62274.11,37.62,0.48,0.02,0.34,0.12,1580,-0.008209270913566246,1.3784771212692044,-1.1799999999999997,0,0.01,-0.10999999999999999,0.07999999999999999,-196,-0.008715809901071112
33580,"Mitchell, SD Micro Area","Mitchell, SD Micro Area, South Dakota",South Dakota,cbsa,909,1094,-185,0,13,714.45,26357.84,68735.53,39.5,0.89,0,0.01,0.05,0.17,142077.99,1439.02,18.32,0.0178,77320.41,38.16,0.66,0.03,0.09,0.19,2003,-0.0070187845438017685,1.1248972692870776,-1.3400000000000034,-0.22999999999999998,0.03,0.08,0.14,-172,-0.006483265635978204
25220,"Hammond, LA Metro Area","Hammond, LA Metro Area, Louisiana",Louisiana,cbsa,5629,5819,-191,429,247,4882.27,147925.22,57755.71,35.9,0.6,0.01,0.29,0.06,0.14,67840.87,791.13,186.98,0.0473,69583.07,38.68,0.59,0.02,0.25,0.09,11448,-0.0012911929419472893,1.2047825228016418,2.780000000000001,-0.010000000000000009,0.01,-0.03999999999999998,0.03,485,0.0032894687758876105
22260,"Fergus Falls, MN Micro Area","Fergus Falls, MN Micro Area, Minnesota",Minnesota,cbsa,2571,2762,-191,-182,156,1655.18,61861.24,72293.15,46.2,0.9,0.01,0.01,0.04,0.19,130316.52,1971.38,31.38,-0.0153,83017.66,41.07,0.67,0.03,0.07,0.22,5333,-0.003087555309269585,1.148347526702046,-5.130000000000003,-0.22999999999999998,0.019999999999999997,0.060000000000000005,0.18,-217,-0.0034955887924657657
14940,"Brigham City, UT-ID Micro Area","Brigham City, UT-ID Micro Area, Utah",Utah,cbsa,3246,3443,-197,442,195,852.25,67346.08,83764.47,33.7,0.86,0.01,0,0.1,0.19,203142.7,6979.87,9.65,0.0362,94422.93,32.71,0.76,0.02,0.02,0.15,6689,-0.00292518881574102,1.127243209441903,-0.990000000000002,-0.09999999999999998,0.01,0.02,0.04999999999999999,440,0.006576382893751957
24640,"Greenfield, MA Micro Area","Greenfield, MA Micro Area, Massachusetts",Massachusetts,cbsa,2762,2960,-198,-338,221,2218.28,69140.07,74925.09,47.2,0.87,0.02,0.01,0.05,0.22,168573.48,699.15,98.89,-0.0064,89394.53,41.22,0.75,0.05,0.05,0.13,5722,-0.0028637518012347976,1.19311875367784,-5.980000000000004,-0.12,0.030000000000000002,0.04,0.08,-315,-0.004535306061890082
21860,"Fairmont, MN Micro Area","Fairmont, MN Micro Area, Minnesota",Minnesota,cbsa,395,595,-200,-52,13,320.12,18817.51,59539.87,43.9,0.88,0.01,0.01,0.07,0.16,82133.23,712.25,26.42,-0.0652,83388.93,39.98,0.6,0.04,0.05,0.34,990,-0.010628398762641817,1.4005561315468105,-3.9200000000000017,-0.28,0.03,0.04,0.27,-239,-0.012541645873247517
28380,"Kennett, MO Micro Area","Kennett, MO Micro Area, Missouri",Missouri,cbsa,842,1044,-202,-131,13,338.17,27437.98,48341.25,39.7,0.74,0,0.07,0.08,0.07,48436.84,541.77,50.65,-0.0546,68954.44,40.13,0.75,0.02,0.12,0.09,1886,-0.007362057994065161,1.4264099500943812,0.4299999999999997,0.010000000000000009,0.02,0.04999999999999999,0.009999999999999995,-320,-0.011528216390385756
21900,"Fairmont, WV Micro Area","Fairmont, WV Micro Area, West Virginia",West Virginia,cbsa,1256,1458,-203,-299,65,1836.43,53427.93,68287,40.3,0.91,0.01,0.03,0.02,0.17,57211.55,308.76,173.04,-0.0012,71773.49,40.26,0.81,0.02,0.07,0.07,2714,-0.003799510855090212,1.0510564236238231,-0.03999999999999915,-0.09999999999999998,0.01,0.04000000000000001,0.05,-437,-0.008112885322602294
27780,"Johnstown, PA Metro Area","Johnstown, PA Metro Area, Pennsylvania",Pennsylvania,cbsa,2702,2908,-206,-839,117,4969.73,134815.81,58521.29,45.6,0.9,0.01,0.03,0.02,0.16,77230.09,688.59,195.79,0.0056,75282.66,42.95,0.77,0.03,0.08,0.09,5610,-0.001528010698448498,1.2864149098558832,-2.6499999999999986,-0.13,0.019999999999999997,0.05,0.06999999999999999,-928,-0.006836407494382249
31980,"Marion, IN Micro Area","Marion, IN Micro Area, Indiana",Indiana,cbsa,2203,2409,-206,-156,247,4117.97,65051.04,53253.49,38.7,0.83,0.01,0.05,0.06,0.12,82821.24,414.07,157.1,-0.017,74781.58,39.43,0.72,0.03,0.11,0.11,4612,-0.003166744144290391,1.4042568853233846,0.7299999999999969,-0.10999999999999999,0.019999999999999997,0.06,0.05,-115,-0.001764722852577815
49080,"Winnemucca, NV Micro Area","Winnemucca, NV Micro Area, Nevada",Nevada,cbsa,787,994,-207,0,65,511.25,18466.8,80349.64,37.7,0.64,0.02,0.01,0.27,0.14,122646.95,9638.52,1.92,0.0985,93582.48,39.85,0.62,0.06,0.06,0.25,1781,-0.011209305347975828,1.1646907192116853,2.1499999999999986,-0.020000000000000018,0.039999999999999994,0.049999999999999996,-0.020000000000000018,-142,-0.00763079833197197
29900,"Laurinburg, NC Micro Area","Laurinburg, NC Micro Area, North Carolina",North Carolina,cbsa,1289,1497,-208,-96,130,504.3,35165.22,45741.73,38.7,0.4,0.01,0.37,0.04,0.1,82102.78,319.12,110.19,-0.0674,64254.95,36.76,0.49,0.03,0.22,0.14,2786,-0.005914935268427156,1.404733708147899,-1.9400000000000048,0.08999999999999997,0.019999999999999997,-0.15,0.1,-174,-0.004923707993555036
22900,"Fort Smith, AR-OK Metro Area","Fort Smith, AR-OK Metro Area, Arkansas",Arkansas,cbsa,5228,5436,-208,0,299,2629.36,236367.15,58524.96,38.7,0.69,0.03,0.04,0.12,0.13,103318.54,1799.88,131.32,0.0439,74518.83,37.82,0.61,0.03,0.09,0.16,10664,-0.0008799869186559977,1.2732828864812553,-0.8800000000000026,-0.07999999999999996,0,0.049999999999999996,0.04000000000000001,91,0.0003851425545913119
24900,"Greenwood, MS Micro Area","Greenwood, MS Micro Area, Mississippi",Mississippi,cbsa,1052,1264,-212,-182,65,1087.61,37129.69,39587.58,38.3,0.32,0,0.64,0.02,0.13,67294.68,1222.1,30.38,-0.0162,65272.63,38.2,0.45,0.03,0.37,0.14,2316,-0.005709716402156872,1.648815865986251,-0.09999999999999432,0.13,0.03,-0.27,0.12000000000000001,-329,-0.00878300869571253
48700,"Williamsport, PA Metro Area","Williamsport, PA Metro Area, Pennsylvania",Pennsylvania,cbsa,2091,2303,-213,-273,273,6403.54,113778.74,64393.14,41.4,0.88,0.01,0.04,0.02,0.16,138985.44,1228.73,92.6,0.0076,78564.23,41.02,0.73,0.04,0.09,0.12,4394,-0.0018720544804767569,1.2200714237572512,-0.37999999999999545,-0.15000000000000002,0.03,0.049999999999999996,0.09999999999999999,-213,-0.0018685564410193228
41660,"San Angelo, TX Metro Area","San Angelo, TX Metro Area, Texas",Texas,cbsa,11805,12017,-213,273,312,3773.68,128055.5,68183.25,36.1,0.52,0.01,0.04,0.4,0.17,107956.5,2573.77,49.75,0.023,80047.73,37.02,0.49,0.05,0.1,0.32,23822,-0.0016633412856144406,1.174008719150231,0.9200000000000017,-0.030000000000000027,0.04,0.060000000000000005,-0.08000000000000002,372,0.002913453970168424
23300,"Freeport, IL Micro Area","Freeport, IL Micro Area, Illinois",Illinois,cbsa,1799,2013,-214,-247,65,595.59,40272.29,64971.3,45.3,0.79,0.01,0.08,0.06,0.14,68393.01,564.16,71.39,-0.0114,83146.49,42.38,0.7,0.04,0.1,0.17,3812,-0.005313827448103894,1.2797418244671108,-2.9199999999999946,-0.09000000000000008,0.03,0.020000000000000004,0.11000000000000001,-396,-0.00973731622352452
17500,"Clewiston, FL Micro Area","Clewiston, FL Micro Area, Florida",Florida,cbsa,4356,4575,-218,104,1313,1670.17,66880.9,54968.05,38.6,0.34,0.01,0.11,0.5,0.09,75881.29,1962.42,34.08,0.0263,76096.79,44.63,0.53,0.02,0.13,0.28,8931,-0.0032595255147583246,1.3843822002053918,6.030000000000001,0.19,0.01,0.020000000000000004,-0.21999999999999997,1199,0.018254648540922236
22820,"Fort Morgan, CO Micro Area","Fort Morgan, CO Micro Area, Colorado",Colorado,cbsa,909,1128,-219,130,481,419.48,32130,72624.06,37.5,0.55,0.01,0.02,0.38,0.11,197742.66,1280.36,25.09,0.0734,90073.39,37.35,0.64,0.03,0.05,0.23,2037,-0.006816059757236228,1.2402692716435848,-0.14999999999999858,0.08999999999999997,0.019999999999999997,0.030000000000000002,-0.15,392,0.012351124834583149
39700,"Raymondville, TX Micro Area","Raymondville, TX Micro Area, Texas",Texas,cbsa,1008,1232,-224,0,13,468.91,21470.3,53176.38,34.3,0.1,0,0.02,0.87,0.11,39659.8,590.03,36.39,0.0497,62793.1,34.17,0.25,0.02,0.03,0.68,2240,-0.010433016772005982,1.180845706307951,-0.12999999999999545,0.15,0.02,0.009999999999999998,-0.18999999999999995,-211,-0.009731888770507303
27740,"Johnson City, TN Metro Area","Johnson City, TN Metro Area, Tennessee",Tennessee,cbsa,9470,9696,-226,-1131,455,7116.1,209976.47,57760.91,42.1,0.88,0.01,0.03,0.04,0.17,104965.69,853.76,245.94,0.0347,70107.04,41.62,0.74,0.03,0.08,0.11,19166,-0.0010763110742837043,1.2137454205621065,-0.480000000000004,-0.14,0.019999999999999997,0.05,0.07,-902,-0.0042773451457609685
25820,"Hereford, TX Micro Area","Hereford, TX Micro Area, Texas",Texas,cbsa,1007,1234,-227,166,130,305.26,20099.61,61472.84,31.3,0.21,0,0.01,0.76,0.08,42818.79,1496.82,13.43,0.0589,74324.85,36.57,0.51,0.04,0.08,0.36,2241,-0.011293751470799682,1.2090681022708567,5.27,0.30000000000000004,0.04,0.07,-0.4,69,0.003444727844034705
22300,"Findlay, OH Micro Area","Findlay, OH Micro Area, Ohio",Ohio,cbsa,1946,2175,-228,0,468,3221.04,76739.18,73079.81,39.5,0.87,0.02,0.02,0.06,0.19,100964.92,531.2,144.46,0.0031,71405.89,39.93,0.72,0.02,0.13,0.09,4121,-0.002971102896851387,0.9770946311984118,0.4299999999999997,-0.15000000000000002,0,0.11,0.03,240,0.003137288530413006
38220,"Pine Bluff, AR Micro Area","Pine Bluff, AR Micro Area, Arkansas",Arkansas,cbsa,1511,1739,-228,-208,78,1712.05,73977.77,51267.95,40.2,0.42,0.01,0.52,0.03,0.14,58381.15,1470.11,50.32,-0.029,73479.52,39.39,0.61,0.03,0.19,0.12,3250,-0.003082006932623138,1.433244746474162,-0.8100000000000023,0.19,0.019999999999999997,-0.33,0.09,-358,-0.004815985628453165
24330,"Grand Rapids, MN Micro Area","Grand Rapids, MN Micro Area, Minnesota",Minnesota,cbsa,1142,1371,-229,-177,13,826.23,43844.56,68729.7,46.9,0.88,0,0.01,0.02,0.17,133061.54,2667.11,16.44,0.0041,83485.46,41.56,0.72,0.04,0.08,0.16,2513,-0.005222996878061954,1.214692629241798,-5.339999999999996,-0.16000000000000003,0.04,0.07,0.14,-393,-0.008883853449421714
42200,"Santa Maria-Santa Barbara, CA Metro Area","Santa Maria-Santa Barbara, CA Metro Area, California",California,cbsa,31149,31378,-229,2527,4185,19845.39,497874.57,98308.94,34.6,0.41,0.05,0.02,0.48,0.22,588902.02,2733.83,182.12,0.0216,100622.52,38.31,0.42,0.13,0.05,0.35,62527,-0.00045995520518350637,1.023533770173903,3.710000000000001,0.010000000000000009,0.08,0.030000000000000002,-0.13,6483,0.013193144522198457
14540,"Bowling Green, KY Metro Area","Bowling Green, KY Metro Area, Kentucky",Kentucky,cbsa,4879,5108,-229,792,2500,8375.6,196187.54,63469.96,35.4,0.78,0.04,0.07,0.06,0.17,136706.25,1614.27,121.53,0.0555,75361.59,38.9,0.69,0.03,0.13,0.1,9987,-0.0011672504788020686,1.1873583975789492,3.5,-0.09000000000000008,-0.010000000000000002,0.06,0.04000000000000001,3063,0.01586023195187934
45500,"Texarkana, TX-AR Metro Area","Texarkana, TX-AR Metro Area, Texas",Texas,cbsa,5437,5667,-230,-689,208,2129.81,143913.45,55618.5,39,0.63,0.01,0.24,0.07,0.13,87547.68,2111.23,68.17,0.0152,75055.53,37.19,0.55,0.04,0.13,0.24,11104,-0.001598182796673973,1.3494705898217318,-1.8100000000000023,-0.07999999999999996,0.03,-0.10999999999999999,0.16999999999999998,-711,-0.004916181185131559
44540,"Sterling, CO Micro Area","Sterling, CO Micro Area, Colorado",Colorado,cbsa,723,953,-230,-91,39,549.6,22119.28,52522.68,39.2,0.76,0.01,0.04,0.17,0.13,196020.74,1835.93,12.05,0.0599,91538.5,37.9,0.66,0.03,0.04,0.26,1676,-0.010398168475646586,1.7428375703600807,-1.3000000000000043,-0.09999999999999998,0.019999999999999997,0,0.09,-282,-0.012588566367636136
21120,"Elk City, OK Micro Area","Elk City, OK Micro Area, Oklahoma",Oklahoma,cbsa,722,954,-232,0,13,366.15,21543.6,55225.23,37.1,0.75,0.01,0.05,0.14,0.09,65977.81,901.09,23.91,0.0151,74299.54,36.75,0.62,0.04,0.05,0.21,1676,-0.010768859429250452,1.3453912278862394,-0.3500000000000014,-0.13,0.03,0,0.06999999999999998,-219,-0.010063135838548704
27860,"Jonesboro, AR Metro Area","Jonesboro, AR Metro Area, Arkansas",Arkansas,cbsa,3354,3586,-232,351,65,3742.89,136960.76,57475.28,35.3,0.73,0.01,0.15,0.06,0.16,93691.11,1465.23,93.47,0.053,65766.49,38.23,0.67,0.02,0.15,0.09,6940,-0.0016939158339950799,1.1442569744766795,2.9299999999999997,-0.05999999999999994,0.01,0,0.03,184,0.0013452577762479532
18100,"Columbus, NE Micro Area","Columbus, NE Micro Area, Nebraska",Nebraska,cbsa,662,896,-233,325,824,733.44,48465.22,75563.8,37.1,0.66,0,0.01,0.29,0.15,107465.03,1085.94,44.63,-0.0048,82531.31,39.33,0.73,0.03,0.06,0.19,1558,-0.004807571285140148,1.0922069827086514,2.229999999999997,0.06999999999999995,0.03,0.049999999999999996,-0.09999999999999998,916,0.019264248709021936
36020,"Oak Harbor, WA Micro Area","Oak Harbor, WA Micro Area, Washington",Washington,cbsa,4141,4375,-234,-156,286,2014.22,84537.16,92129.53,44.8,0.75,0.05,0.02,0.09,0.22,263168.95,208.46,405.53,0.0221,91705.03,38.78,0.57,0.09,0.08,0.16,8516,-0.002768013498442578,0.9953923568263074,-6.019999999999996,-0.18000000000000005,0.039999999999999994,0.06,0.07,-104,-0.0012287166196682559
22700,"Fort Dodge, IA Micro Area","Fort Dodge, IA Micro Area, Iowa",Iowa,cbsa,793,1027,-234,-52,315,780.14,37157.13,66912.65,39.7,0.84,0.01,0.03,0.07,0.16,57902.01,715.53,51.93,-0.0626,81801.61,38.99,0.75,0.05,0.07,0.14,1820,-0.006297580033764718,1.2225133812515272,-0.7100000000000009,-0.08999999999999997,0.04,0.04000000000000001,0.07,29,0.0007810789285644066
45520,"The Dalles, OR Micro Area","The Dalles, OR Micro Area, Oregon",Oregon,cbsa,1101,1336,-236,-117,52,720.74,23398.84,64104.28,41,0.71,0.01,0,0.21,0.14,138325.19,2380.72,9.83,0.0408,92173.9,41.67,0.68,0.04,0.04,0.22,2437,-0.01008597007373015,1.437874350979373,0.6700000000000017,-0.029999999999999916,0.03,0.04,0.010000000000000009,-301,-0.012700507682752289
11140,"Americus, GA Micro Area","Americus, GA Micro Area, Georgia",Georgia,cbsa,823,1060,-237,-39,39,1521.88,34794.86,44059.92,38.4,0.44,0.01,0.45,0.06,0.12,46931.57,649.69,53.56,0.0098,71459.78,38.96,0.53,0.03,0.33,0.1,1883,-0.006811350871939131,1.6218772072214385,0.5600000000000023,0.09000000000000002,0.019999999999999997,-0.12,0.04000000000000001,-237,-0.006765270242573475
40780,"Russellville, AR Micro Area","Russellville, AR Micro Area, Arkansas",Arkansas,cbsa,1799,2038,-239,78,156,2454.93,87093.1,57926.19,37.4,0.79,0.01,0.02,0.13,0.15,110375.9,1741.15,50.02,0.0437,71805.9,38.63,0.64,0.03,0.12,0.14,3837,-0.0027441898382305828,1.2396102695516482,1.230000000000004,-0.15000000000000002,0.019999999999999997,0.09999999999999999,0.010000000000000009,-5,-0.00005740653355239666
38460,"Plattsburgh, NY Micro Area","Plattsburgh, NY Micro Area, New York",New York,cbsa,2495,2735,-240,-260,221,4253.32,80851.18,71273.29,41.9,0.88,0.02,0.03,0.04,0.16,64601.32,1037.53,77.93,-0.017,85425.61,41.63,0.64,0.05,0.1,0.18,5230,-0.002968416787485353,1.1985641465407308,-0.269999999999996,-0.24,0.030000000000000002,0.07,0.13999999999999999,-279,-0.00343891755201332
25300,"Hannibal, MO Micro Area","Hannibal, MO Micro Area, Missouri",Missouri,cbsa,1183,1425,-241,-104,13,672.47,37916.23,64564.84,40.8,0.9,0.01,0.04,0.02,0.14,40239.44,906.62,41.82,-0.0041,72695.88,40.47,0.72,0.02,0.09,0.15,2608,-0.006356117156162413,1.1259360357742698,-0.3299999999999983,-0.18000000000000005,0.01,0.049999999999999996,0.13,-332,-0.008680140231325736
40940,"Safford, AZ Micro Area","Safford, AZ Micro Area, Arizona",Arizona,cbsa,2591,2834,-243,78,91,1306.4,41883.31,67908.66,34.9,0.53,0,0.02,0.31,0.1,86317.43,4621.76,9.06,0.0513,71182.66,40.91,0.54,0.03,0.04,0.32,5425,-0.005801833713715559,1.04821181863992,6.009999999999998,0.010000000000000009,0.03,0.02,0.010000000000000009,-74,-0.0017636974343684093
45180,"Talladega-Sylacauga, AL Micro Area","Talladega-Sylacauga, AL Micro Area, Alabama",Alabama,cbsa,2549,2792,-243,-407,65,1756.74,88801.48,56684.62,42.6,0.62,0.01,0.3,0.02,0.09,85127.15,1387.57,64,0.0001,69196.78,39.4,0.63,0.02,0.22,0.09,5341,-0.002736440879138501,1.2207328901560952,-3.200000000000003,0.010000000000000009,0.01,-0.07999999999999999,0.06999999999999999,-585,-0.0065446139058166295
38100,"Picayune, MS Micro Area","Picayune, MS Micro Area, Mississippi",Mississippi,cbsa,2878,3122,-244,-52,78,1260.82,56702.65,58731.54,41.6,0.79,0,0.12,0.04,0.12,91699.65,811.27,69.89,0.0229,72691.32,39.64,0.61,0.02,0.21,0.11,6000,-0.004303149852784658,1.2376879611874643,-1.9600000000000009,-0.18000000000000005,0.02,0.09,0.07,-218,-0.003829893017736094
35340,"New Iberia, LA Micro Area","New Iberia, LA Micro Area, Louisiana",Louisiana,cbsa,2081,2326,-245,13,117,1209.05,66723.31,56811.63,38.3,0.57,0.02,0.31,0.06,0.11,72529.63,580.12,115.02,-0.1085,64453.65,38.04,0.61,0.02,0.22,0.11,4407,-0.0036718801869991165,1.134515063200968,-0.259999999999998,0.040000000000000036,0,-0.09,0.05,-115,-0.0017205701341042286
37580,"Paris, TX Micro Area","Paris, TX Micro Area, Texas",Texas,cbsa,3488,3734,-246,-156,117,1094.33,64580.64,58596.04,41.4,0.72,0.01,0.13,0.09,0.13,96593.74,1973.02,32.73,0.0127,75884.73,37.48,0.55,0.04,0.12,0.25,7222,-0.0038091911136216676,1.2950487780402906,-3.9200000000000017,-0.16999999999999993,0.03,-0.010000000000000009,0.16,-285,-0.004393697495314931
10220,"Ada, OK Micro Area","Ada, OK Micro Area, Oklahoma",Oklahoma,cbsa,1287,1533,-246,-26,39,940.74,38354.46,63533.76,37.7,0.63,0.01,0.02,0.07,0.19,95716.64,720.29,53.25,0.0197,75544.3,39.6,0.66,0.03,0.08,0.17,2820,-0.006413856432863349,1.1890418574313877,1.8999999999999986,0.030000000000000027,0.019999999999999997,0.06,0.1,-233,-0.006038231072996253
25580,"Hastings, NE Micro Area","Hastings, NE Micro Area, Nebraska",Nebraska,cbsa,796,1043,-247,-39,78,1167.82,40734.58,69618.8,39.2,0.83,0.01,0.01,0.12,0.17,95555.67,1710.4,23.82,-0.0052,81913.35,37.83,0.67,0.03,0.05,0.23,1839,-0.006063644205979293,1.176598131539182,-1.3700000000000045,-0.15999999999999992,0.019999999999999997,0.04,0.11000000000000001,-208,-0.0050802856097490676
23940,"Gillette, WY Micro Area","Gillette, WY Micro Area, Wyoming",Wyoming,cbsa,2286,2533,-247,273,39,1133.24,48396.01,91123.21,36.3,0.84,0,0,0.1,0.14,100350.6,4802.02,10.08,0.0602,83454.17,38.79,0.67,0.04,0.06,0.18,4819,-0.005103726526215694,0.9158387857495361,2.490000000000002,-0.16999999999999993,0.04,0.06,0.07999999999999999,65,0.0013448922337853067
37800,"Pella, IA Micro Area","Pella, IA Micro Area, Iowa",Iowa,cbsa,754,1003,-249,-13,52,1204.09,32472.98,79417.33,39.9,0.93,0.01,0,0.02,0.22,167954.38,554.44,58.57,0.0446,81021.68,40.41,0.78,0.03,0.05,0.12,1757,-0.007667913446810241,1.0202015101741646,0.509999999999998,-0.15000000000000002,0.019999999999999997,0.05,0.09999999999999999,-210,-0.006425362681126385
41400,"Salem, OH Micro Area","Salem, OH Micro Area, Ohio",Ohio,cbsa,1941,2193,-253,-429,0,1426.98,95366.61,58030.04,44.6,0.92,0,0.02,0.02,0.11,101400.83,531.87,179.3,-0.0077,68146.96,42.59,0.77,0.02,0.12,0.06,4134,-0.0026529201363034716,1.1743393594076448,-2.009999999999998,-0.15000000000000002,0.02,0.09999999999999999,0.039999999999999994,-682,-0.007100571262822023
34580,"Mount Vernon-Anacortes, WA Metro Area","Mount Vernon-Anacortes, WA Metro Area, Washington",Washington,cbsa,4814,5068,-254,-91,767,2646.69,135870.42,88887.23,42.1,0.71,0.02,0.01,0.19,0.18,261930.91,1730.14,78.53,0.0494,95710.14,39.26,0.63,0.08,0.05,0.17,9882,-0.0018694282390530623,1.0767591700180106,-2.8400000000000034,-0.07999999999999996,0.06,0.04,-0.01999999999999999,422,0.0031155771326088553
48460,"West Plains, MO Micro Area","West Plains, MO Micro Area, Missouri",Missouri,cbsa,1382,1639,-257,-208,0,714.45,40272.63,51550.35,40.3,0.91,0,0,0.03,0.11,50354.99,927.14,43.44,0.0038,71441.22,39.4,0.69,0.04,0.07,0.15,3021,-0.006381505255554455,1.3858532483290609,-0.8999999999999986,-0.22000000000000008,0.04,0.07,0.12,-465,-0.011414507913199664
34180,"Moses Lake, WA Micro Area","Moses Lake, WA Micro Area, Washington",Washington,cbsa,3407,3664,-257,520,1128,1867,105170.32,73034.12,33.7,0.49,0.01,0.01,0.44,0.13,105676.45,2678.93,39.26,0.0641,84339.38,37.22,0.61,0.04,0.03,0.25,7071,-0.002443655206145612,1.15479422494582,3.519999999999996,0.12,0.03,0.019999999999999997,-0.19,1391,0.01340344107091856
26860,"Indiana, PA Micro Area","Indiana, PA Micro Area, Pennsylvania",Pennsylvania,cbsa,1681,1940,-258,-338,286,7915.68,83717.43,60208.03,40,0.92,0.01,0.02,0.02,0.16,72468.8,827.27,101.2,0.0217,74811.69,42.17,0.78,0.03,0.08,0.07,3621,-0.0030817955114006727,1.2425533604072414,2.1700000000000017,-0.14,0.019999999999999997,0.06,0.05,-310,-0.0036892714676624054
38920,"Port Lavaca, TX Micro Area","Port Lavaca, TX Micro Area, Texas",Texas,cbsa,1530,1788,-258,13,117,655.86,21908.69,78697.3,41.4,0.41,0.04,0.03,0.49,0.12,84828.45,506.93,43.22,0.046,73074.8,35.84,0.41,0.03,0.08,0.45,3318,-0.011776149098827909,0.9285553633987443,-5.559999999999995,0,-0.010000000000000002,0.05,-0.03999999999999998,-128,-0.005808494832935437
21380,"Emporia, KS Micro Area","Emporia, KS Micro Area, Kansas",Kansas,cbsa,723,983,-260,0,377,1498.62,36892.36,59579.09,34.2,0.7,0.02,0.01,0.23,0.16,77358.37,1619.14,22.79,-0.011,80886.93,39.97,0.72,0.03,0.09,0.15,1706,-0.0070475296240197155,1.3576395678416706,5.769999999999996,0.020000000000000018,0.009999999999999998,0.08,-0.08000000000000002,117,0.003181478033117827
31260,"Lufkin, TX Micro Area","Lufkin, TX Micro Area, Texas",Texas,cbsa,4086,4348,-262,104,273,1414.69,88886.88,61193.76,37.8,0.58,0.01,0.12,0.24,0.11,59301.23,797.83,111.41,0.0281,73212.64,35.54,0.48,0.04,0.13,0.29,8434,-0.0029475666150054988,1.1964069539116406,-2.259999999999998,-0.09999999999999998,0.03,0.010000000000000009,0.04999999999999999,115,0.0012954552725480185
13020,"Bay City, MI Metro Area","Bay City, MI Metro Area, Michigan",Michigan,cbsa,4242,4507,-265,-381,78,1456.96,101758.02,62105.49,43.9,0.88,0.01,0.01,0.06,0.15,84669.53,442.39,230.02,-0.0146,70603.08,40.66,0.73,0.02,0.13,0.09,8749,-0.002604217338348368,1.1368251019354327,-3.240000000000002,-0.15000000000000002,0.01,0.12000000000000001,0.03,-568,-0.0055508852977962
49820,"Zapata, TX Micro Area","Zapata, TX Micro Area, Texas",Texas,cbsa,503,772,-269,65,104,320.16,13933.19,39539.29,32.3,0.05,0.01,0,0.94,0.1,14655.22,998.32,13.96,0.0667,72964.94,35.01,0.33,0.02,0.04,0.62,1275,-0.01930641870239335,1.8453781036533534,2.710000000000001,0.28,0.01,0.04,-0.31999999999999995,-100,-0.007125963519342359
34660,"Murray, KY Micro Area","Murray, KY Micro Area, Kentucky",Kentucky,cbsa,1293,1563,-269,-78,221,3898.36,39716.91,53083.72,35.9,0.87,0.02,0.04,0.04,0.18,86086.26,384.81,103.21,0.0294,70533.3,39.94,0.71,0.03,0.13,0.09,2856,-0.006772933745349273,1.3287181079246142,4.039999999999999,-0.16000000000000003,0.009999999999999998,0.09,0.049999999999999996,-126,-0.0031624196124228877
42420,"Scottsbluff, NE Micro Area","Scottsbluff, NE Micro Area, Nebraska",Nebraska,cbsa,757,1027,-270,0,65,494.99,36380.79,64041.51,40.5,0.71,0.01,0.01,0.24,0.18,96475.2,1485.58,24.49,-0.0049,86261.55,39.31,0.57,0.04,0.05,0.32,1784,-0.007421499093340194,1.3469630869103493,-1.1899999999999977,-0.14,0.03,0.04,0.08000000000000002,-205,-0.005603268372775331
28300,"Keene, NH Micro Area","Keene, NH Micro Area, New Hampshire",New Hampshire,cbsa,1929,2198,-270,-263,104,5648.54,74166.46,82923.65,43.6,0.91,0.01,0.01,0.03,0.22,168389.69,706.66,104.95,0.0106,93042.78,44.08,0.75,0.04,0.07,0.13,4127,-0.0036404595824042294,1.1220294813361449,0.4799999999999969,-0.16000000000000003,0.03,0.060000000000000005,0.1,-429,-0.005751020236352185
32700,"McPherson, KS Micro Area","McPherson, KS Micro Area, Kansas",Kansas,cbsa,764,1037,-273,-13,91,1721.4,28072.1,78479.01,39.4,0.89,0,0.02,0.06,0.22,120481.52,898,31.26,-0.0197,72404.84,37.22,0.63,0.03,0.08,0.23,1801,-0.009724958232551182,0.9226013427029724,-2.1799999999999997,-0.26,0.03,0.06,0.17,-195,-0.006898479150673398
40760,"Ruidoso, NM Micro Area","Ruidoso, NM Micro Area, New Mexico",New Mexico,cbsa,2262,2535,-273,-177,31,1035.54,23108.36,53596.71,52.4,0.6,0.01,0.01,0.33,0.19,230567.14,4830.5,4.78,0.011,83234.54,38.74,0.5,0.04,0.08,0.42,4797,-0.01181390630923181,1.5529785317046512,-13.659999999999997,-0.09999999999999998,0.03,0.07,0.08999999999999997,-419,-0.01780905294941719
39150,"Prescott Valley-Prescott, AZ Metro Area","Prescott Valley-Prescott, AZ Metro Area, Arizona",Arizona,cbsa,16551,16826,-274,-1871,715,6850.35,258865.01,70192.26,55.1,0.77,0.01,0.01,0.15,0.18,239211.08,8120.51,31.88,0.0682,83825.6,39.03,0.53,0.05,0.06,0.28,33377,-0.0010584667275040378,1.1942285374484312,-16.07,-0.24,0.04,0.049999999999999996,0.13000000000000003,-1430,-0.005493766476737299
36460,"Olean, NY Micro Area","Olean, NY Micro Area, New York",New York,cbsa,3016,3291,-275,-272,91,3385.1,73484.28,59549.73,42.8,0.88,0.01,0.01,0.02,0.11,81535.85,1308.07,56.18,-0.028,75072.91,43.59,0.74,0.03,0.1,0.12,6307,-0.003742296991955286,1.2606759090259518,0.7900000000000063,-0.14,0.019999999999999997,0.09000000000000001,0.09999999999999999,-456,-0.006167139210184219
19340,"Davenport-Moline-Rock Island, IA-IL Metro Area","Davenport-Moline-Rock Island, IA-IL Metro Area, Iowa",Iowa,cbsa,9541,9823,-282,13,2028,7176.07,384526.08,72991.5,40.4,0.75,0.02,0.07,0.1,0.19,99900,2269.58,169.43,0.0024,76735.14,39.96,0.65,0.04,0.1,0.16,19364,-0.0007333702827126836,1.0512887116993075,-0.4399999999999977,-0.09999999999999998,0.02,0.03,0.06,1759,0.00459548402124864
36900,"Ottumwa, IA Micro Area","Ottumwa, IA Micro Area, Iowa",Iowa,cbsa,523,807,-284,28,512,537.66,36722.17,64651.79,39.2,0.76,0.02,0.03,0.13,0.12,66085.8,432.93,84.82,0.0285,76319.62,39.33,0.75,0.03,0.07,0.15,1330,-0.007733747760549009,1.180471878659508,0.12999999999999545,-0.010000000000000009,0.009999999999999998,0.04000000000000001,0.01999999999999999,256,0.007020205302613354
41060,"St. Cloud, MN Metro Area","St. Cloud, MN Metro Area, Minnesota",Minnesota,cbsa,5303,5586,-284,1160,1839,5926.12,217630.88,76583.8,35.4,0.81,0.02,0.08,0.05,0.19,165036.41,1750.9,124.3,-0.0144,86033.99,38.6,0.63,0.06,0.07,0.2,10889,-0.0013049618693817715,1.1233967235890618,3.200000000000003,-0.18000000000000005,0.039999999999999994,-0.009999999999999995,0.15000000000000002,2715,0.012632849652617573
39980,"Richmond, IN Micro Area","Richmond, IN Micro Area, Indiana",Indiana,cbsa,1615,1900,-285,-221,169,1290.97,63332.99,56058.03,41,0.86,0.01,0.04,0.04,0.13,88184.5,401.72,157.66,-0.0106,73763.91,40.42,0.75,0.03,0.1,0.11,3515,-0.004500024394869088,1.3158491299105588,-0.5799999999999983,-0.10999999999999999,0.019999999999999997,0.060000000000000005,0.07,-337,-0.005292917432529831
14140,"Bluefield, WV-VA Micro Area","Bluefield, WV-VA Micro Area, Virginia",Virginia,cbsa,2035,2321,-287,-881,65,2096.64,93469.06,50418.05,44,0.9,0,0.04,0.01,0.13,64167.09,937.69,99.68,-0.0048,74710.21,40.25,0.73,0.03,0.12,0.11,4356,-0.003070534784451668,1.4818147469011596,-3.75,-0.17000000000000004,0.03,0.07999999999999999,0.1,-1103,-0.011663064122744074
13740,"Billings, MT Metro Area","Billings, MT Metro Area, Montana",Montana,cbsa,5730,6016,-287,182,65,3130.15,188943.69,77705.11,39.9,0.84,0.01,0,0.06,0.24,217069,6476.7,29.17,0.0241,81199.45,38.72,0.66,0.04,0.07,0.17,11746,-0.0015189710754563966,1.044969243335477,-1.1799999999999997,-0.17999999999999994,0.03,0.07,0.11000000000000001,-40,-0.00021165847698285497
30660,"Lincoln, IL Micro Area","Lincoln, IL Micro Area, Illinois",Illinois,cbsa,1359,1648,-289,-132,26,343.65,29008.64,66476.33,41.1,0.86,0,0.05,0.03,0.14,57897.84,617.83,46.95,0.0014,76812.19,39.24,0.74,0.04,0.12,0.07,3007,-0.009962549088823193,1.1554818083368923,-1.8599999999999994,-0.12,0.04,0.06999999999999999,0.04000000000000001,-395,-0.013433710928306836
48820,"Willmar, MN Micro Area","Willmar, MN Micro Area, Minnesota",Minnesota,cbsa,1240,1531,-292,131,702,872.57,48760.13,77135.91,40,0.75,0.01,0.05,0.15,0.2,172732.83,796.51,61.22,-0.0219,93581.55,42.96,0.75,0.05,0.09,0.18,2771,-0.005988499210317938,1.2132034223748704,2.960000000000001,0,0.04,0.039999999999999994,0.03,541,0.011219613460466831
15020,"Brookhaven, MS Micro Area","Brookhaven, MS Micro Area, Mississippi",Mississippi,cbsa,956,1252,-296,-13,26,651.75,34104.15,51931.24,41.5,0.67,0,0.3,0.01,0.13,58737.53,586.1,58.19,0.0202,64056.44,38.1,0.52,0.01,0.33,0.11,2208,-0.008679295628244656,1.2334856629651054,-3.3999999999999986,-0.15000000000000002,0.01,0.030000000000000027,0.1,-283,-0.008229818406003404
36260,"Ogden, UT Metro Area","Ogden, UT Metro Area, Utah",Utah,cbsa,22643,22939,-296,4361,2943,7246.11,681852.02,101376.06,33,0.78,0.02,0.01,0.15,0.23,275835.91,1544.74,441.4,0.0492,89502.65,35.09,0.66,0.05,0.04,0.18,45582,-0.00043411178865467026,0.8828775748436071,2.0900000000000034,-0.12,0.030000000000000002,0.03,0.03,7008,0.010384621916039205
47820,"Washington, NC Micro Area","Washington, NC Micro Area, North Carolina",North Carolina,cbsa,1898,2195,-297,-234,0,667.81,45776.77,58253.31,47.7,0.66,0,0.23,0.08,0.14,107903.94,832.62,54.98,0.0189,67905.71,37.42,0.58,0.03,0.24,0.1,4093,-0.006488006908307423,1.165697022194962,-10.280000000000001,-0.08000000000000007,0.03,0.009999999999999981,0.020000000000000004,-531,-0.011466758170389117
20300,"Dumas, TX Micro Area","Dumas, TX Micro Area, Texas",Texas,cbsa,1223,1520,-297,260,528,282.51,22269.33,62549.51,31.2,0.28,0.02,0.05,0.61,0.1,34063.93,899.55,24.76,0.0537,76775.66,37.95,0.51,0.03,0.07,0.38,2743,-0.013336728136859079,1.2274382325297193,6.7500000000000036,0.22999999999999998,0.009999999999999998,0.020000000000000004,-0.22999999999999998,491,0.022545346681770363
13060,"Bay City, TX Micro Area","Bay City, TX Micro Area, Texas",Texas,cbsa,2469,2766,-297,13,325,1077.78,37181.86,58184.48,37.8,0.41,0.02,0.1,0.44,0.14,70091.52,1093.06,34.02,0.0225,78892.8,36.39,0.42,0.05,0.12,0.36,5235,-0.007987766077329105,1.3559079672105,-1.4099999999999966,0.010000000000000009,0.030000000000000002,0.01999999999999999,-0.08000000000000002,41,0.0011039055099962682
30900,"Logansport, IN Micro Area","Logansport, IN Micro Area, Indiana",Indiana,cbsa,1032,1334,-303,13,130,512.3,36072.57,56927.23,41.8,0.74,0.01,0.01,0.19,0.1,57260.37,412.11,87.53,-0.0114,70636.17,39.85,0.78,0.02,0.06,0.11,2366,-0.008399734202470187,1.2408151599858275,-1.9499999999999957,0.040000000000000036,0.01,0.049999999999999996,-0.08,-160,-0.004415916397870755
25100,"Guymon, OK Micro Area","Guymon, OK Micro Area, Oklahoma",Oklahoma,cbsa,455,767,-312,221,286,465.5,22009.68,60095.51,33,0.37,0.01,0.05,0.52,0.14,33529.34,2039.99,10.79,0.0192,75433.03,36.94,0.54,0.04,0.09,0.3,1222,-0.014175580926210648,1.2552190671149974,3.9399999999999977,0.17000000000000004,0.03,0.039999999999999994,-0.22000000000000003,195,0.008938934699019192
38740,"Poplar Bluff, MO Micro Area","Poplar Bluff, MO Micro Area, Missouri",Missouri,cbsa,1383,1696,-313,-195,26,658.99,41662.75,48933.15,39.5,0.86,0,0.05,0.02,0.1,53885.81,694.69,59.97,-0.011,68574.65,38.09,0.64,0.03,0.1,0.17,3079,-0.007512706194382272,1.401394555633553,-1.4099999999999966,-0.21999999999999997,0.03,0.05,0.15000000000000002,-482,-0.011436774449961145
34500,"Mount Vernon, IL Micro Area","Mount Vernon, IL Micro Area, Illinois",Illinois,cbsa,1615,1929,-313,-104,26,405.96,31449.02,62660.43,41.2,0.84,0.01,0.06,0.03,0.11,70574.6,571.18,55.06,0.0021,74100.06,41.75,0.76,0.03,0.1,0.09,3544,-0.009952615375614248,1.182565456381324,0.5499999999999972,-0.07999999999999996,0.019999999999999997,0.04000000000000001,0.06,-391,-0.012280143040111156
40300,"Rochelle, IL Micro Area","Rochelle, IL Micro Area, Illinois",Illinois,cbsa,2642,2958,-316,-13,78,849.97,49621.41,81962.03,42.2,0.83,0.01,0.01,0.12,0.16,99824.03,758.53,65.42,0.0076,78706.36,40.59,0.65,0.04,0.11,0.17,5600,-0.006368218879713413,0.9602783142389226,-1.6099999999999994,-0.17999999999999994,0.03,0.1,0.05000000000000002,-251,-0.005032842808278164
14180,"Blytheville, AR Micro Area","Blytheville, AR Micro Area, Arkansas",Arkansas,cbsa,1046,1364,-317,-13,39,663.07,39862.63,52314.64,37.3,0.56,0.01,0.34,0.05,0.08,75253.74,901.82,44.2,-0.0438,66334.25,37.68,0.67,0.02,0.15,0.12,2410,-0.007952310221377767,1.2679863609880524,0.38000000000000256,0.10999999999999999,0.01,-0.19000000000000003,0.06999999999999999,-291,-0.007247165449300599
11860,"Atchison, KS Micro Area","Atchison, KS Micro Area, Kansas",Kansas,cbsa,586,905,-318,0,52,806.38,16290.04,61466.63,36.1,0.87,0,0.03,0.04,0.13,50611.62,431.1,37.79,-0.0329,82643.94,37.86,0.62,0.04,0.11,0.2,1491,-0.01952113070317814,1.3445334484744,1.759999999999998,-0.25,0.04,0.08,0.16,-266,-0.016066643955921826
24300,"Grand Junction, CO Metro Area","Grand Junction, CO Metro Area, Colorado",Colorado,cbsa,5036,5353,-318,-247,130,5543.63,159305.58,73544.35,41.3,0.78,0.01,0.01,0.15,0.22,155403.08,3327.13,47.88,0.0712,87806.52,39.14,0.66,0.03,0.04,0.22,10389,-0.0019961635995424643,1.1939261139706856,-2.1599999999999966,-0.12,0.019999999999999997,0.03,0.07,-435,-0.00272316527209304
35020,"Natchez, MS-LA Micro Area","Natchez, MS-LA Micro Area, Mississippi",Mississippi,cbsa,1854,2179,-324,-416,1024,1122.32,57985.18,42043.18,40.8,0.4,0,0.54,0.03,0.12,77848.1,1677.84,34.56,-0.0333,77693.7,37,0.49,0.06,0.22,0.18,4033,-0.0055876346335391215,1.847950131269804,-3.799999999999997,0.08999999999999997,0.06,-0.32000000000000006,0.15,284,0.004921909742573722
36830,"Othello, WA Micro Area","Othello, WA Micro Area, Washington",Washington,cbsa,605,936,-331,143,195,395.2,22486.03,66281.89,29.3,0.31,0.01,0,0.65,0.1,205536.68,1924.54,11.68,0.0484,82626.98,35.7,0.61,0.03,0.04,0.28,1541,-0.014720250751244219,1.2465996367937002,6.400000000000002,0.3,0.019999999999999997,0.04,-0.37,7,0.00031140133715734175
46660,"Valdosta, GA Metro Area","Valdosta, GA Metro Area, Georgia",Georgia,cbsa,5374,5708,-335,481,273,3665.11,151920.67,57254.47,33.2,0.52,0.02,0.35,0.07,0.15,59829.62,1607.05,94.53,0.0735,74732.63,38.3,0.6,0.03,0.16,0.15,11082,-0.002205098226594182,1.3052715360040885,5.099999999999994,0.07999999999999996,0.009999999999999998,-0.18999999999999997,0.07999999999999999,419,0.0027656460816570536
36940,"Owatonna, MN Micro Area","Owatonna, MN Micro Area, Minnesota",Minnesota,cbsa,1074,1411,-337,39,78,658.34,38113.4,84760.43,40.5,0.83,0.01,0.03,0.09,0.2,140660.38,429.26,88.79,-0.0095,83294.65,39.84,0.71,0.03,0.07,0.19,2485,-0.008842034560023509,0.9827067890051997,-0.6599999999999966,-0.12,0.019999999999999997,0.04000000000000001,0.1,-220,-0.0057391204537035586
32280,"Martin, TN Micro Area","Martin, TN Micro Area, Tennessee",Tennessee,cbsa,1321,1657,-337,-130,78,2480.44,34230,52589.26,37.3,0.85,0.01,0.08,0.03,0.14,58393.92,580.23,58.99,0.009,63312.83,39.15,0.67,0.02,0.17,0.08,2978,-0.009845165059888986,1.2039117873117058,1.8500000000000014,-0.17999999999999994,0.01,0.09000000000000001,0.05,-389,-0.01123660417689708
18300,"Coos Bay-North Bend, OR Micro Area","Coos Bay-North Bend, OR Micro Area, Oregon",Oregon,cbsa,2520,2859,-339,-639,182,1195.77,61307.31,62031.02,48.6,0.82,0.01,0,0.07,0.14,133973.52,1595.83,38.42,0.0052,80244.81,40.33,0.61,0.05,0.07,0.21,5379,-0.005529520052339599,1.2936238997843337,-8.270000000000003,-0.20999999999999996,0.04,0.07,0.13999999999999999,-796,-0.012817352247408391
37740,"Payson, AZ Micro Area","Payson, AZ Micro Area, Arizona",Arizona,cbsa,4181,4522,-342,-489,0,1254.79,54777.74,62260.35,51.1,0.61,0.01,0,0.18,0.12,165652.27,4809.59,11.39,0.0145,82727.06,39.44,0.54,0.04,0.05,0.29,8703,-0.006243412013712139,1.3287278340067152,-11.660000000000004,-0.06999999999999995,0.03,0.05,0.10999999999999999,-831,-0.014943694102761544
38420,"Platteville, WI Micro Area","Platteville, WI Micro Area, Wisconsin",Wisconsin,cbsa,1394,1743,-349,52,39,5341.58,49922.26,67366.98,36.8,0.93,0.01,0.01,0.03,0.16,122914.27,1147.37,43.51,0.0041,83918.54,41.3,0.76,0.04,0.07,0.12,3137,-0.006990869403748949,1.2456924742655824,4.5,-0.17000000000000004,0.03,0.060000000000000005,0.09,-258,-0.0051414639940087995
11060,"Altus, OK Micro Area","Altus, OK Micro Area, Oklahoma",Oklahoma,cbsa,930,1283,-353,39,117,581.7,26023.83,62860.13,35.1,0.61,0.02,0.06,0.25,0.15,78565.39,802.39,32.43,-0.0169,73551.34,36.76,0.56,0.03,0.11,0.22,2213,-0.013564490699485817,1.1700793491836559,1.6599999999999966,-0.04999999999999993,0.009999999999999998,0.05,-0.03,-197,-0.007513110759651773
21220,"Elko, NV Micro Area","Elko, NV Micro Area, Nevada",Nevada,cbsa,2124,2477,-353,13,143,1046.13,57869.8,84352.35,36.1,0.62,0.01,0.01,0.25,0.12,96711.02,21335.05,2.71,0.062,80255.24,39.19,0.6,0.05,0.05,0.24,4601,-0.006099900120615589,0.9514286205422848,3.0899999999999963,-0.020000000000000018,0.04,0.04,-0.010000000000000009,-197,-0.003392644333767316
21260,"Ellensburg, WA Micro Area","Ellensburg, WA Micro Area, Washington",Washington,cbsa,3783,4142,-359,31,78,3059.59,54796.95,73957.22,35.8,0.79,0.02,0.01,0.11,0.23,451410.25,2316.19,23.66,0.0469,93851.49,38.32,0.6,0.08,0.04,0.21,7925,-0.006551459524663326,1.2689969958308331,2.520000000000003,-0.19000000000000006,0.06,0.03,0.09999999999999999,-250,-0.004541577689590431
14820,"Brevard, NC Micro Area","Brevard, NC Micro Area, North Carolina",North Carolina,cbsa,1636,1999,-363,-273,156,1953.51,33560.36,65480.18,51.6,0.88,0.01,0.04,0.05,0.24,272896.82,378.32,88.71,0.025,79253.06,43.66,0.69,0.03,0.13,0.15,3635,-0.010816332125161946,1.2103366239982847,-7.940000000000005,-0.19000000000000006,0.019999999999999997,0.09,0.09999999999999999,-480,-0.014100908451026958
27340,"Jacksonville, NC Metro Area","Jacksonville, NC Metro Area, North Carolina",North Carolina,cbsa,25643,26008,-365,2686,496,7947.16,233000.59,68395.67,27.7,0.64,0.02,0.12,0.14,0.17,119701.58,762.06,305.75,0.067,84780.91,39.36,0.57,0.05,0.13,0.2,51651,-0.0015665196384266667,1.2395654578718216,11.66,-0.07000000000000006,0.030000000000000002,0.010000000000000009,0.06,2817,0.012238057456658836
44860,"Sulphur Springs, TX Micro Area","Sulphur Springs, TX Micro Area, Texas",Texas,cbsa,2509,2878,-369,0,143,579.27,40110.83,69823.89,39.5,0.7,0.01,0.07,0.19,0.14,202894.35,767.32,52.27,0.0308,78078.56,36.02,0.49,0.05,0.13,0.26,5387,-0.009199510456402922,1.1182212850071802,-3.479999999999997,-0.20999999999999996,0.04,0.06,0.07,-226,-0.005602820053038377
40700,"Roseburg, OR Micro Area","Roseburg, OR Micro Area, Oregon",Oregon,cbsa,3721,4097,-377,-935,65,1493.65,109582.95,61912.22,46.5,0.84,0.01,0,0.07,0.12,136646.75,5034.08,21.77,0.037,80014.49,40.11,0.64,0.04,0.07,0.19,7818,-0.0034403162170757403,1.2923860588426648,-6.390000000000001,-0.19999999999999996,0.03,0.07,0.12,-1247,-0.01125147128551443
25850,"Hermitage, PA Micro Area","Hermitage, PA Micro Area, Pennsylvania",Pennsylvania,cbsa,2416,2799,-383,-572,39,3485.92,105541.57,59980.59,45.1,0.88,0.01,0.06,0.02,0.17,88855.9,672.43,156.95,0.0094,74741.39,41.93,0.74,0.03,0.09,0.1,5215,-0.0036289018630289464,1.246092944400847,-3.1700000000000017,-0.14,0.019999999999999997,0.03,0.08,-916,-0.008604366979257557
29420,"Lake Havasu City-Kingman, AZ Metro Area","Lake Havasu City-Kingman, AZ Metro Area, Arizona",Arizona,cbsa,16733,17118,-385,-2575,337,6149.65,233825.67,57937.94,53.6,0.75,0.01,0.01,0.17,0.1,143002.32,14059.32,16.63,0.0744,82785.15,38.21,0.5,0.06,0.06,0.3,33851,-0.001646525807025379,1.4288590515990038,-15.39,-0.25,0.049999999999999996,0.049999999999999996,0.12999999999999998,-2623,-0.011093316786260628
40540,"Rock Springs, WY Micro Area","Rock Springs, WY Micro Area, Wyoming",Wyoming,cbsa,1891,2280,-389,39,104,806.29,43793.95,75050.26,37.9,0.77,0,0.01,0.17,0.15,121205.62,10424.94,4.2,0.0208,89509.35,36.9,0.72,0.03,0.04,0.17,4171,-0.008882505460229097,1.1926587596098936,-1,-0.050000000000000044,0.03,0.03,0,-246,-0.005585837404447553
35060,"Natchitoches, LA Micro Area","Natchitoches, LA Micro Area, Louisiana",Louisiana,cbsa,1478,1869,-391,-143,39,1916.6,36997.73,46338.16,33.4,0.5,0.01,0.39,0.04,0.16,84883.15,1252.91,29.53,-0.0443,66501.17,38.78,0.61,0.02,0.26,0.09,3347,-0.010568215941896974,1.4351275493027775,5.380000000000003,0.10999999999999999,0.01,-0.13,0.049999999999999996,-495,-0.013202559536208752
17380,"Cleveland, MS Micro Area","Cleveland, MS Micro Area, Mississippi",Mississippi,cbsa,909,1311,-402,-146,26,1080.37,29746.67,39658.6,37.5,0.31,0.01,0.63,0.03,0.15,96968.76,876.18,33.95,-0.0236,62585.32,37.71,0.48,0.02,0.35,0.13,2220,-0.013514117714688738,1.5781021014357541,0.21000000000000085,0.16999999999999998,0.01,-0.28,0.1,-522,-0.01724555456186215
34020,"Morgan City, LA Micro Area","Morgan City, LA Micro Area, Louisiana",Louisiana,cbsa,1268,1671,-403,-104,247,868.37,46476.5,53303.68,39.7,0.53,0.01,0.29,0.1,0.1,75375.86,558.51,83.22,-0.1239,68081.08,38.45,0.61,0.02,0.23,0.1,2939,-0.00867104880961346,1.277230390096894,-1.25,0.07999999999999996,0.01,-0.05999999999999997,0,-260,-0.0055631037839804
47020,"Victoria, TX Metro Area","Victoria, TX Metro Area, Texas",Texas,cbsa,5182,5586,-404,182,156,1715.66,101447.13,70173.8,37.2,0.44,0.01,0.05,0.47,0.14,119698.92,1730.45,58.62,0.0271,76757.62,36.89,0.41,0.04,0.09,0.43,10768,-0.003982369930031535,1.093821625734961,-0.3100000000000023,-0.030000000000000027,0.03,0.039999999999999994,-0.03999999999999998,-66,-0.0006501622006926591
25700,"Hays, KS Micro Area","Hays, KS Micro Area, Kansas",Kansas,cbsa,728,1135,-407,52,130,1665.87,28871.68,63621.96,33.2,0.87,0.02,0.01,0.07,0.25,73702.31,899.76,32.09,-0.0085,70227.05,36.29,0.58,0.03,0.13,0.2,1863,-0.0140968589288881,1.103817769839219,3.0899999999999963,-0.29000000000000004,0.009999999999999998,0.12000000000000001,0.13,-225,-0.007732840997667087
26700,"Huron, SD Micro Area","Huron, SD Micro Area, South Dakota",South Dakota,cbsa,584,992,-409,120,221,196.66,20325.82,68430.7,37.6,0.68,0.1,0.01,0.15,0.19,76874.53,1258.27,16.15,0.0051,75695.4,38.86,0.7,0.03,0.07,0.18,1576,-0.020122189412284473,1.106161415855749,1.259999999999998,0.019999999999999907,-0.07,0.060000000000000005,0.03,-68,-0.0033343434432587912
17260,"Clarksdale, MS Micro Area","Clarksdale, MS Micro Area, Mississippi",Mississippi,cbsa,372,783,-411,-65,280,548.06,23238.16,37529.23,35.9,0.19,0,0.74,0.03,0.12,59429.33,552.97,42.02,-0.025,62415.58,34.44,0.42,0.02,0.3,0.16,1155,-0.01768642611979606,1.6631191207493465,-1.4600000000000009,0.22999999999999998,0.02,-0.44,0.13,-196,-0.008363858572272273
30420,"Lexington, NE Micro Area","Lexington, NE Micro Area, Nebraska",Nebraska,cbsa,509,920,-412,169,549,446.91,28726.39,71703.06,36.4,0.56,0.01,0.06,0.35,0.14,58615.91,1471.63,19.52,0.0034,87323.16,41.76,0.73,0.03,0.08,0.2,1429,-0.014342212857236847,1.2178442593663368,5.359999999999999,0.16999999999999993,0.019999999999999997,0.020000000000000004,-0.14999999999999997,306,0.01076691769535886
45460,"Terre Haute, IN Metro Area","Terre Haute, IN Metro Area, Indiana",Indiana,cbsa,4743,5157,-414,-299,338,4405.97,168829.19,56809.05,38.4,0.87,0.01,0.04,0.03,0.14,54492.63,1465.19,115.23,0,74469.18,38,0.62,0.04,0.11,0.19,9900,-0.0024521825876200674,1.3108682507452596,-0.3999999999999986,-0.25,0.03,0.07,0.16,-375,-0.0022162571742460986
45880,"Town of Pecos, TX Micro Area","Town of Pecos, TX Micro Area, Texas",Texas,cbsa,1806,2224,-418,52,65,924.2,12354.35,62978.1,34.4,0.12,0,0.02,0.85,0.05,26501.86,2635.27,4.69,0.0288,72141.47,35.79,0.38,0.03,0.07,0.5,4030,-0.033834236523977386,1.1455008963433322,1.3900000000000006,0.26,0.03,0.05,-0.35,-301,-0.023784407385018982
18420,"Corinth, MS Micro Area","Corinth, MS Micro Area, Mississippi",Mississippi,cbsa,1215,1639,-424,-78,0,553.44,35395.72,51100.83,40,0.8,0,0.1,0.04,0.12,73068.33,399.98,88.49,0.0119,68002.83,37.02,0.59,0.02,0.19,0.14,2854,-0.011978849420212387,1.3307578370057787,-2.979999999999997,-0.21000000000000008,0.02,0.09,0.1,-502,-0.013984175039528972
43460,"Sikeston, MO Micro Area","Sikeston, MO Micro Area, Missouri",Missouri,cbsa,1536,1960,-424,-130,26,777.97,52893.76,59354.28,40.3,0.78,0,0.11,0.02,0.14,91501.59,831.43,63.62,-0.047,69564.38,38.86,0.76,0.02,0.08,0.11,3496,-0.008016068436049923,1.1720196083584875,-1.4399999999999977,-0.020000000000000018,0.02,-0.03,0.09,-528,-0.009883612969696243
40860,"Rutland, VT Micro Area","Rutland, VT Micro Area, Vermont",Vermont,cbsa,2349,2774,-425,-301,39,1444.47,58503.3,68353.83,47.7,0.93,0.01,0.01,0.02,0.21,172873.09,930.47,62.88,-0.0228,87017.42,44.5,0.79,0.04,0.08,0.11,5123,-0.007264547469971779,1.2730438074940351,-3.200000000000003,-0.14,0.03,0.07,0.09,-687,-0.011606631491984327
33940,"Montrose, CO Micro Area","Montrose, CO Micro Area, Colorado",Colorado,cbsa,1382,1807,-425,-91,169,787.82,41505.3,70740.4,46.1,0.73,0,0,0.22,0.18,166444.31,2240.83,18.52,0.1129,86742.95,41.11,0.69,0.03,0.07,0.23,3189,-0.010239656140300153,1.2262151472143217,-4.990000000000002,-0.040000000000000036,0.03,0.07,0.010000000000000009,-347,-0.008291061662083087
42780,"Selinsgrove, PA Micro Area","Selinsgrove, PA Micro Area, Pennsylvania",Pennsylvania,cbsa,967,1394,-427,-28,52,3568.27,38328.18,67238.65,40.6,0.94,0.01,0.01,0.03,0.13,117656.46,328.74,116.59,0.0096,78375.51,42.23,0.73,0.04,0.09,0.12,2361,-0.011140628122702409,1.1656318203890172,1.6299999999999955,-0.20999999999999996,0.03,0.08,0.09,-403,-0.010405053499531901
44300,"State College, PA Metro Area","State College, PA Metro Area, Pennsylvania",Pennsylvania,cbsa,12646,13086,-440,0,2944,17424.74,192523.26,74354.27,34.2,0.83,0.06,0.03,0.04,0.23,173448.72,1103.51,174.46,0.03,88145.26,40.36,0.63,0.06,0.12,0.15,25732,-0.002285438133553317,1.1854767722149648,6.159999999999997,-0.19999999999999996,0,0.09,0.10999999999999999,2504,0.013177611574742475
25840,"Hermiston-Pendleton, OR Micro Area","Hermiston-Pendleton, OR Micro Area, Oregon",Oregon,cbsa,3036,3477,-441,-78,559,1712.45,90534.27,68970.25,36.8,0.6,0.01,0.01,0.31,0.11,160918.08,5245.51,17.26,0.048,82711.85,38.73,0.63,0.04,0.05,0.21,6513,-0.004871083623913906,1.1992395271874468,1.9299999999999997,0.030000000000000027,0.03,0.04,-0.1,40,0.00044201693654194896
23700,"Gallup, NM Micro Area","Gallup, NM Micro Area, New Mexico",New Mexico,cbsa,2165,2609,-444,-78,169,1068.67,71247.82,47335.52,34.6,0.08,0.01,0,0.12,0.08,32668.26,5450.25,13.07,0.0049,82201.7,39.52,0.55,0.04,0.07,0.33,4774,-0.006231769617652863,1.736575408910687,4.920000000000002,0.47000000000000003,0.03,0.07,0.21000000000000002,-353,-0.004930111135598726
28780,"Kingsville, TX Micro Area","Kingsville, TX Micro Area, Texas",Texas,cbsa,3100,3547,-446,104,182,3081.06,32785.49,62664.98,29,0.21,0.01,0.04,0.71,0.15,78090.46,881.23,37.2,0.0375,69242.81,36.37,0.33,0.02,0.06,0.57,6647,-0.013603578900300103,1.1049681975482957,7.369999999999997,0.12000000000000002,0.01,0.019999999999999997,-0.14,-160,-0.004856506914907018
45340,"Taos, NM Micro Area","Taos, NM Micro Area, New Mexico",New Mexico,cbsa,1500,1954,-453,-180,169,609.11,34168.11,59025,52.6,0.4,0.01,0,0.51,0.22,218035.71,2202.36,15.51,0.0306,80556.05,40.69,0.56,0.03,0.07,0.3,3454,-0.013257976516699342,1.3647784836933503,-11.910000000000004,0.16000000000000003,0.019999999999999997,0.07,-0.21000000000000002,-464,-0.013397970842665953
46620,"Uvalde, TX Micro Area","Uvalde, TX Micro Area, Texas",Texas,cbsa,1573,2031,-458,117,195,748.36,28948.03,54758.98,34.5,0.26,0.01,0,0.71,0.14,150370.08,1551.28,18.66,0.0375,75678.58,36.65,0.43,0.03,0.08,0.47,3604,-0.0158214565896194,1.3820304907067298,2.1499999999999986,0.16999999999999998,0.019999999999999997,0.08,-0.24,-146,-0.005018211639982498
38260,"Pittsburg, KS Micro Area","Pittsburg, KS Micro Area, Kansas",Kansas,cbsa,953,1416,-463,-65,234,1734.42,38412.85,52477.65,33.6,0.83,0.02,0.01,0.08,0.21,65027.34,589.5,65.16,0.0061,71697.62,38.22,0.69,0.03,0.1,0.13,2369,-0.012053258219580167,1.3662505847727555,4.619999999999997,-0.14,0.009999999999999998,0.09000000000000001,0.05,-294,-0.0075955547919812644
13900,"Bismarck, ND Metro Area","Bismarck, ND Metro Area, North Dakota",North Dakota,cbsa,5019,5487,-468,475,832,2527.25,136301.13,84987.81,38.4,0.86,0.01,0.02,0.04,0.26,118477.39,4279.58,31.85,0.0483,80509.2,37.98,0.56,0.05,0.08,0.27,10506,-0.003433573881595846,0.9473029132060233,-0.4200000000000017,-0.29999999999999993,0.04,0.06,0.23,839,0.006193612930787372
24260,"Grand Island, NE Metro Area","Grand Island, NE Metro Area, Nebraska",Nebraska,cbsa,1540,2010,-471,442,767,1102.86,80412.33,69074.82,37,0.66,0.01,0.03,0.27,0.14,90459.39,1603.27,50.16,-0.0005,80499.15,38.93,0.65,0.04,0.05,0.23,3550,-0.00585731068854739,1.1653906589984597,1.9299999999999997,-0.010000000000000009,0.03,0.020000000000000004,-0.04000000000000001,738,0.00926270732367627
36500,"Olympia-Lacey-Tumwater, WA Metro Area","Olympia-Lacey-Tumwater, WA Metro Area, Washington",Washington,cbsa,13811,14293,-481,156,1200,5836.38,303228.73,96312.54,40,0.7,0.06,0.03,0.11,0.24,243960.01,722.47,419.71,0.0544,93764.71,38.99,0.59,0.1,0.05,0.15,28104,-0.0015862613018232145,0.9735462277290166,-1.009999999999998,-0.10999999999999999,0.04000000000000001,0.020000000000000004,0.039999999999999994,875,0.0028939613213966307
29260,"La Grande, OR Micro Area","La Grande, OR Micro Area, Oregon",Oregon,cbsa,789,1270,-482,-130,39,816.1,27698.11,65572.17,40,0.86,0.01,0.01,0.06,0.17,189238.14,2036.81,13.6,0.0333,81632.07,38.68,0.67,0.03,0.02,0.23,2059,-0.017401909372155716,1.2449194528715462,-1.3200000000000003,-0.18999999999999995,0.019999999999999997,0.01,0.17,-573,-0.02026804041298697
46980,"Vicksburg, MS Micro Area","Vicksburg, MS Micro Area, Mississippi",Mississippi,cbsa,1673,2177,-504,-52,52,1112.54,43618.18,59099.39,40.8,0.46,0.01,0.49,0.02,0.17,145771.16,588.44,74.12,0.0004,72276.76,37.07,0.5,0.04,0.26,0.18,3850,-0.011554814987695498,1.2229696448643548,-3.729999999999997,0.03999999999999998,0.03,-0.22999999999999998,0.16,-504,-0.011422826342669378
11620,"Ardmore, OK Micro Area","Ardmore, OK Micro Area, Oklahoma",Oklahoma,cbsa,1351,1860,-509,0,91,702.14,48705.67,61138.19,38.3,0.66,0.01,0.06,0.09,0.13,108334.7,822.18,59.24,0.0157,72081.31,37.35,0.61,0.03,0.09,0.17,3211,-0.010450528655082664,1.1789899243009974,-0.9499999999999957,-0.050000000000000044,0.019999999999999997,0.03,0.08000000000000002,-418,-0.00850913622699607
27300,"Jacksonville, IL Micro Area","Jacksonville, IL Micro Area, Illinois",Illinois,cbsa,1434,1946,-513,-141,13,1362.24,37857.14,65859.33,41.9,0.88,0.01,0.04,0.03,0.16,64708.37,819.64,46.19,-0.0046,81010.26,42.83,0.77,0.03,0.14,0.07,3380,-0.013550944418939202,1.2300498653721499,0.9299999999999997,-0.10999999999999999,0.019999999999999997,0.1,0.04000000000000001,-641,-0.016650155046451596
16620,"Charleston, WV Metro Area","Charleston, WV Metro Area, West Virginia",West Virginia,cbsa,4172,4688,-516,-1107,338,3520.39,202371.49,60153.66,44,0.87,0.01,0.04,0.01,0.16,62065.39,1745.9,115.91,-0.0122,74550.55,40.28,0.71,0.04,0.11,0.11,8860,-0.002549766273895597,1.2393352291448267,-3.719999999999999,-0.16000000000000003,0.03,0.07,0.1,-1285,-0.006309644244580666
17980,"Columbus, GA-AL Metro Area","Columbus, GA-AL Metro Area, Georgia",Georgia,cbsa,12879,13396,-517,365,867,9250.72,329916.5,59367.57,36.5,0.43,0.02,0.42,0.08,0.17,113056.04,2785.88,118.42,0.0323,76729.14,37.27,0.58,0.04,0.17,0.16,26275,-0.0015670631811382577,1.2924419847401536,0.7700000000000031,0.14999999999999997,0.02,-0.24999999999999997,0.08,715,0.0021719220598934086
37300,"Palestine, TX Micro Area","Palestine, TX Micro Area, Texas",Texas,cbsa,3425,3943,-517,-143,286,1008.36,59033.05,62143.71,39.7,0.55,0.01,0.18,0.2,0.11,84450.81,1062.53,55.56,0.0144,74513.92,36.74,0.51,0.04,0.12,0.28,7368,-0.008757806008668025,1.1990581186736358,-2.960000000000001,-0.040000000000000036,0.03,-0.06,0.08000000000000002,-374,-0.006295549097287275
19620,"Del Rio, TX Micro Area","Del Rio, TX Micro Area, Texas",Texas,cbsa,2831,3352,-521,403,312,981.11,50583.05,66327.12,32.3,0.15,0.01,0.01,0.81,0.13,125850.88,3142.72,16.1,0.0416,77784.9,36.95,0.48,0.04,0.09,0.35,6183,-0.01029989294832953,1.1727465326400424,4.650000000000006,0.32999999999999996,0.03,0.08,-0.4600000000000001,194,0.003850042816842151
16060,"Carbondale, IL Micro Area","Carbondale, IL Micro Area, Illinois",Illinois,cbsa,3610,4134,-525,-13,667,5438.13,60674.61,48885.37,32.4,0.71,0.04,0.14,0.05,0.2,79541.27,583.47,103.99,0.01,75007.57,39.7,0.69,0.03,0.11,0.13,7744,-0.008652713218923039,1.5343561887738602,7.300000000000004,-0.020000000000000018,-0.010000000000000002,-0.030000000000000013,0.08,129,0.002130625160106571
17420,"Cleveland, TN Metro Area","Cleveland, TN Metro Area, Tennessee",Tennessee,cbsa,4257,4784,-527,-169,455,3011.39,130569.26,66809.87,40.5,0.82,0.01,0.04,0.08,0.14,176109.72,763.27,171.07,0.0291,73892.75,40.6,0.73,0.03,0.1,0.09,9041,-0.004036172066840235,1.1060154734622296,0.10000000000000142,-0.08999999999999997,0.019999999999999997,0.060000000000000005,0.009999999999999995,-241,-0.001842363129619955
21420,"Enid, OK Metro Area","Enid, OK Metro Area, Oklahoma",Oklahoma,cbsa,2126,2652,-527,91,156,1088.43,61787.2,66977.8,36,0.7,0.01,0.02,0.15,0.16,90255.51,1057.92,58.4,0.0031,75351.18,37.45,0.64,0.04,0.1,0.16,4778,-0.00852927467177668,1.1250172445198259,1.4500000000000028,-0.05999999999999994,0.03,0.08,0.010000000000000009,-280,-0.004511239430810477
25060,"Gulfport-Biloxi, MS Metro Area","Gulfport-Biloxi, MS Metro Area, Mississippi",Mississippi,cbsa,24027,24555,-528,-26,1482,8903.24,430367.11,63056.97,39.8,0.66,0.02,0.2,0.07,0.17,109205.48,2210.33,194.71,0.0288,75746.69,37.62,0.53,0.05,0.17,0.21,48582,-0.0012268595525341144,1.2012421465858572,-2.1799999999999997,-0.13,0.030000000000000002,-0.03,0.13999999999999999,928,0.002160958278811634
39500,"Quincy, IL-MO Micro Area","Quincy, IL-MO Micro Area, Illinois",Illinois,cbsa,2312,2840,-528,-130,52,1437.92,74708.9,65460.04,41.1,0.9,0.01,0.03,0.02,0.18,89536.62,1359.96,54.93,-0.0226,71481.58,38.06,0.62,0.03,0.1,0.21,5152,-0.0070674310557376704,1.0919880281160843,-3.039999999999999,-0.28,0.019999999999999997,0.07,0.19,-606,-0.008046216618491163
30460,"Lexington-Fayette, KY Metro Area","Lexington-Fayette, KY Metro Area, Kentucky",Kentucky,cbsa,15014,15544,-530,1395,7889,16771.67,557010.84,72247.89,36.7,0.74,0.03,0.1,0.08,0.24,159783.58,1469.85,378.96,0.053,76327.48,39.23,0.67,0.03,0.14,0.11,30558,-0.0009515075146472913,1.0564665625528995,2.529999999999994,-0.06999999999999995,0,0.04000000000000001,0.03,8754,0.01596696905778686
14220,"Bogalusa, LA Micro Area","Bogalusa, LA Micro Area, Louisiana",Louisiana,cbsa,1643,2175,-532,-65,65,804.8,45771.75,45367.94,40.9,0.62,0,0.27,0.03,0.09,82217.85,669.58,68.36,-0.0012,65603.75,39.72,0.62,0.01,0.27,0.06,3818,-0.01162288966447645,1.4460376644828925,-1.1799999999999997,0,0.01,0,0.03,-532,-0.011489350214615448
28100,"Kankakee, IL Metro Area","Kankakee, IL Metro Area, Illinois",Illinois,cbsa,4738,5277,-540,-52,468,3704.7,111918.39,72136.36,39,0.68,0.01,0.14,0.13,0.13,91749.14,676.45,165.45,0.013,86527.36,40.04,0.58,0.06,0.15,0.2,10015,-0.004824944318802299,1.199497174517816,1.0399999999999991,-0.10000000000000009,0.049999999999999996,0.009999999999999981,0.07,-124,-0.0011067239818786444
19980,"Dodge City, KS Micro Area","Dodge City, KS Micro Area, Kansas",Kansas,cbsa,697,1237,-540,326,386,761.62,36658.02,72071.08,32.3,0.35,0.01,0.02,0.59,0.14,92307.26,1097.78,33.39,-0.0483,72390.35,36.2,0.51,0.03,0.07,0.36,1934,-0.014730746505130394,1.0044299322280172,3.9000000000000057,0.16000000000000003,0.019999999999999997,0.05,-0.22999999999999998,172,0.004714134345154665
39940,"Rexburg, ID Micro Area","Rexburg, ID Micro Area, Idaho",Idaho,cbsa,6998,7541,-543,876,594,4188.13,56199.24,63420.37,22.4,0.83,0.01,0.01,0.1,0.25,233899.4,2333.17,24.09,0.058,84517.57,37.66,0.64,0.04,0.09,0.18,14539,-0.009662052369391473,1.3326565266017842,15.259999999999998,-0.18999999999999995,0.03,0.08,0.07999999999999999,927,0.016771529433220005
45980,"Troy, AL Micro Area","Troy, AL Micro Area, Alabama",Alabama,cbsa,1569,2114,-546,0,130,3112.34,35292.57,48841.36,31.6,0.55,0.02,0.37,0.03,0.17,81443.24,671.95,52.52,0.0189,73341.84,38.76,0.61,0.03,0.2,0.11,3683,-0.015470678389247369,1.5016338611373639,7.159999999999997,0.05999999999999994,0.009999999999999998,-0.16999999999999998,0.08,-416,-0.011649864444305666
18180,"Concord, NH Micro Area","Concord, NH Micro Area, New Hampshire",New Hampshire,cbsa,4509,5056,-547,-429,338,5587.35,154312.04,97114.88,42.9,0.9,0.02,0.02,0.03,0.23,200938.95,932.77,165.43,0.0197,94681.42,40.92,0.75,0.04,0.05,0.11,9565,-0.0035447655283411456,0.974942459899039,-1.9799999999999969,-0.15000000000000002,0.02,0.030000000000000002,0.08,-638,-0.004117456181360134
14700,"Branson, MO Micro Area","Branson, MO Micro Area, Missouri",Missouri,cbsa,3216,3765,-549,-91,13,1182.03,56439.41,57852.84,42.6,0.85,0.01,0.02,0.08,0.17,100566.83,633.56,89.08,0.0534,74647.42,37.66,0.65,0.03,0.08,0.19,6981,-0.009727245554126096,1.2902982809486967,-4.940000000000005,-0.19999999999999996,0.019999999999999997,0.06,0.11,-627,-0.010987198949434526
15860,"Cañon City, CO Micro Area","Cañon City, CO Micro Area, Colorado",Colorado,cbsa,1730,2280,-550,-247,13,786.2,47421.36,63777.68,44.7,0.78,0.01,0.03,0.13,0.16,118328.26,1553.04,30.53,0.0534,86919.06,39.13,0.64,0.03,0.05,0.26,4010,-0.01159814901976662,1.3628444935595023,-5.57,-0.14,0.019999999999999997,0.020000000000000004,0.13,-784,-0.01626375158281154
32140,"Marshall, MN Micro Area","Marshall, MN Micro Area, Minnesota",Minnesota,cbsa,599,1150,-550,13,157,742.08,26721,75681.55,37.4,0.81,0.05,0.03,0.08,0.22,101678.13,714.41,37.4,-0.0249,80592.72,40.72,0.73,0.03,0.06,0.26,1749,-0.020583062011152276,1.0648925662859705,3.3200000000000003,-0.08000000000000007,-0.020000000000000004,0.03,0.18,-380,-0.014021622818346187
14710,"Brattleboro, VT Micro Area","Brattleboro, VT Micro Area, Vermont",Vermont,cbsa,1646,2197,-551,-201,39,1397.01,41455.84,72831.56,47.3,0.9,0.01,0.01,0.03,0.23,192244.78,791.62,52.37,0.0006,81721.52,41.5,0.7,0.03,0.11,0.11,3843,-0.013291251606528779,1.1220619193108043,-5.799999999999997,-0.20000000000000007,0.019999999999999997,0.1,0.08,-713,-0.016908219434065536
25980,"Hinesville, GA Metro Area","Hinesville, GA Metro Area, Georgia",Georgia,cbsa,6211,6763,-552,1105,312,2257.88,93440.18,62501.01,29.7,0.4,0.02,0.37,0.13,0.13,68894.48,873.09,107.02,0.0682,78825.86,37.18,0.58,0.04,0.18,0.14,12974,-0.005907522866501327,1.2611933791149934,7.48,0.17999999999999994,0.02,-0.19,0.010000000000000009,865,0.009343757149594525
47180,"Vincennes, IN Micro Area","Vincennes, IN Micro Area, Indiana",Indiana,cbsa,890,1448,-557,-117,130,1278.65,37865.85,61331.64,39,0.89,0.01,0.02,0.03,0.12,85781.64,515.73,73.42,-0.0072,71068,37.78,0.75,0.02,0.08,0.09,2338,-0.014709824287583669,1.1587493828633963,-1.2199999999999989,-0.14,0.01,0.06,0.06,-544,-0.014163033700990762
24740,"Greenville, MS Micro Area","Greenville, MS Micro Area, Mississippi",Mississippi,cbsa,1486,2048,-562,-52,0,733.86,40530.21,41955.07,38,0.24,0.01,0.71,0.02,0.13,45779.01,723.75,56,-0.0399,72980.17,38.9,0.51,0.04,0.29,0.16,3534,-0.013866200051763857,1.7394839288791557,0.8999999999999986,0.27,0.03,-0.42,0.14,-614,-0.014923120409894856
10500,"Albany, GA Metro Area","Albany, GA Metro Area, Georgia",Georgia,cbsa,3357,3928,-572,-130,247,3815.44,146158.43,57334.83,38.1,0.4,0.01,0.53,0.03,0.12,67143.76,1590.82,91.88,0.0258,72247.62,38.02,0.53,0.04,0.25,0.15,7285,-0.003913561468880037,1.2601000125054873,-0.0799999999999983,0.13,0.03,-0.28,0.12,-455,-0.0031033991906471324
28860,"Kirksville, MO Micro Area","Kirksville, MO Micro Area, Missouri",Missouri,cbsa,872,1443,-572,91,260,3059.68,31585.51,61342.75,31.5,0.88,0.02,0.04,0.03,0.15,52137.39,874.54,36.12,0.0209,77185.07,37.22,0.67,0.03,0.1,0.14,2315,-0.01810956986288966,1.2582590444673578,5.719999999999999,-0.20999999999999996,0.009999999999999998,0.060000000000000005,0.11000000000000001,-221,-0.006948263107143789
48680,"Wildwood-The Villages, FL Metro Area","Wildwood-The Villages, FL Metro Area, Florida",Florida,cbsa,13089,13664,-575,-2374,279,7359.16,157897.62,76563.06,68.5,0.84,0.01,0.06,0.06,0.21,268030.55,557.11,283.42,0.1228,78614.12,41.09,0.59,0.04,0.13,0.19,26753,-0.0036416001710475434,1.0267891591584766,-27.409999999999997,-0.25,0.03,0.07,0.13,-2670,-0.01662850828828378
13420,"Bemidji, MN Micro Area","Bemidji, MN Micro Area, Minnesota",Minnesota,cbsa,1337,1912,-575,26,39,1464.81,46290.71,69036.63,35.3,0.7,0.01,0.01,0.03,0.2,162393.09,2504.29,18.48,-0.0232,85422.01,42.65,0.66,0.05,0.11,0.23,3249,-0.01242149882773455,1.2373432770400292,7.350000000000001,-0.039999999999999925,0.04,0.1,0.2,-510,-0.010897270575595969
36380,"Okeechobee, FL Micro Area","Okeechobee, FL Micro Area, Florida",Florida,cbsa,2533,3110,-576,-39,234,1145.78,43727.58,57564.04,40.8,0.62,0.01,0.07,0.26,0.11,81384.97,769.21,56.85,0.03,72437.73,43.06,0.54,0.03,0.13,0.25,5643,-0.01317246460929235,1.2583850959731109,2.260000000000005,-0.07999999999999996,0.019999999999999997,0.06,-0.010000000000000009,-381,-0.008637775235566414
38380,"Plainview, TX Micro Area","Plainview, TX Micro Area, Texas",Texas,cbsa,1902,2481,-580,13,195,951.22,39189.07,52986.04,34.9,0.32,0,0.04,0.61,0.1,51553.49,1995.56,19.64,0.0325,76269.87,37.17,0.52,0.03,0.08,0.39,4383,-0.014800045012550693,1.4394332922407487,2.270000000000003,0.2,0.03,0.04,-0.21999999999999997,-372,-0.009403183483156548
16020,"Cape Girardeau, MO-IL Metro Area","Cape Girardeau, MO-IL Metro Area, Illinois",Illinois,cbsa,3201,3799,-597,52,247,2984.82,97285.01,66030.89,38,0.84,0.01,0.08,0.03,0.19,124515.44,1431.62,67.95,0.019,69217.18,39.15,0.7,0.02,0.11,0.12,7000,-0.006136608301731171,1.048254536626721,1.1499999999999986,-0.14,0.01,0.03,0.09,-298,-0.0030538102893116334
10860,"Alice, TX Micro Area","Alice, TX Micro Area, Texas",Texas,cbsa,2096,2701,-606,26,130,816.06,44382.52,50868.95,36.5,0.17,0,0.01,0.81,0.12,39416.94,1807.94,24.55,0.0323,69129.22,35.97,0.32,0.02,0.05,0.61,4797,-0.013654024151850774,1.3589669140015668,-0.5300000000000011,0.15,0.02,0.04,-0.20000000000000007,-450,-0.010037356811528775
36580,"Oneonta, NY Micro Area","Oneonta, NY Micro Area, New York",New York,cbsa,3104,3711,-608,-221,169,11091.71,56398.8,69865.88,39.9,0.88,0.02,0.02,0.04,0.19,84355.08,1001.58,56.31,-0.0028,84475.65,42.23,0.68,0.05,0.09,0.16,6815,-0.01078037121357192,1.2091116579366064,2.3299999999999983,-0.19999999999999996,0.030000000000000002,0.06999999999999999,0.12,-660,-0.011567015079181476
30500,"Lexington Park, MD Metro Area","Lexington Park, MD Metro Area, Maryland",Maryland,cbsa,9144,9763,-619,520,364,4434.4,212383.59,126482.07,38.6,0.72,0.02,0.13,0.06,0.2,254224.26,571.71,371.49,0.0523,93409.91,38.74,0.52,0.06,0.19,0.17,18907,-0.0029145377945631297,0.7385229384686699,0.14000000000000057,-0.19999999999999996,0.039999999999999994,0.06,0.11000000000000001,265,0.001249301157432736
30580,"Liberal, KS Micro Area","Liberal, KS Micro Area, Kansas",Kansas,cbsa,507,1126,-620,286,221,489.35,24070.98,63877.75,31,0.25,0.02,0.03,0.67,0.08,29367.57,639.59,37.64,-0.1061,71329.82,37.53,0.52,0.02,0.12,0.31,1633,-0.02575715654285783,1.1166614353198103,6.530000000000001,0.27,0,0.09,-0.36000000000000004,-113,-0.00467251461504682
26380,"Houma-Bayou Cane-Thibodaux, LA Metro Area","Houma-Bayou Cane-Thibodaux, LA Metro Area, Louisiana",Louisiana,cbsa,3882,4503,-621,260,888,3420.21,206284.08,64373.26,38.8,0.69,0.01,0.16,0.07,0.13,94550.97,2297.6,89.78,-0.0476,68478.53,38.45,0.58,0.02,0.24,0.11,8385,-0.0030104116614331072,1.063772908192004,-0.3499999999999943,-0.10999999999999999,0.01,0.07999999999999999,0.039999999999999994,527,0.0025612727396792374
49700,"Yuba City, CA Metro Area","Yuba City, CA Metro Area, California",California,cbsa,10087,10708,-621,832,1186,2376.44,192300.13,77946.22,35.4,0.45,0.13,0.03,0.32,0.13,163899.64,1234.58,155.76,0.0752,89974.98,38.38,0.51,0.11,0.06,0.25,20795,-0.003229326990054557,1.154321274335048,2.980000000000004,0.06,-0.020000000000000004,0.03,-0.07,1397,0.00731784753869672
28900,"Klamath Falls, OR Micro Area","Klamath Falls, OR Micro Area, Oregon",Oregon,cbsa,2537,3166,-629,-237,78,1222.48,67360.42,58699.86,41.3,0.74,0.01,0.01,0.14,0.14,122417.4,5949.72,11.32,0.0172,81356.35,40.1,0.64,0.04,0.06,0.2,5703,-0.00933782776295041,1.385971789370537,-1.1999999999999957,-0.09999999999999998,0.03,0.049999999999999996,0.06,-788,-0.011562997351956216
21140,"Elkhart-Goshen, IN Metro Area","Elkhart-Goshen, IN Metro Area, Indiana",Indiana,cbsa,8105,8740,-635,1144,1017,3364.64,214608.42,69750.48,35.6,0.7,0.01,0.05,0.2,0.13,101246.59,463.13,463.39,0.0261,71542.55,39.13,0.7,0.03,0.1,0.12,16845,-0.0029588773823506086,1.0256925830474573,3.530000000000001,0,0.019999999999999997,0.05,-0.08000000000000002,1526,0.007161548099556969
32390,"Massena-Ogdensburg, NY Micro Area","Massena-Ogdensburg, NY Micro Area, New York",New York,cbsa,3465,4130,-666,-376,354,6319.45,106547.93,63379.65,39.3,0.91,0.01,0.02,0.03,0.13,80333.85,2679.08,39.77,-0.0129,83490.22,42.74,0.69,0.05,0.11,0.15,7595,-0.0062507080146934815,1.317303266900338,3.440000000000005,-0.22000000000000008,0.04,0.09,0.12,-688,-0.006415760090857607
40380,"Rochester, NY Metro Area","Rochester, NY Metro Area, New York",New York,cbsa,22558,23225,-667,-91,4595,38877.23,1058891.78,76401.89,40.7,0.73,0.03,0.1,0.09,0.21,127272.71,2924.77,362.04,-0.0031,78104.56,41.49,0.65,0.04,0.1,0.16,45783,-0.0006299038415427117,1.0222857052358258,0.7899999999999991,-0.07999999999999996,0.010000000000000002,0,0.07,3837,0.0036367779879638096
31380,"Macomb, IL Micro Area","Macomb, IL Micro Area, Illinois",Illinois,cbsa,1769,2458,-689,-39,104,1681.56,29878.44,54355.86,34.9,0.85,0.02,0.06,0.04,0.16,54833.09,589.09,50.72,0.017,76632.96,41.95,0.75,0.03,0.09,0.12,4227,-0.023060106217058188,1.4098380560991952,7.050000000000004,-0.09999999999999998,0.009999999999999998,0.03,0.07999999999999999,-624,-0.020457379803058378
28540,"Ketchikan, AK Micro Area","Ketchikan, AK Micro Area, Alaska",Alaska,cbsa,484,1188,-705,-13,57,579.59,13125.94,93960.29,41,0.6,0.09,0,0.05,0.18,268648.22,4857.09,2.7,-0.0134,95739.46,43.41,0.66,0.07,0.1,0.21,1672,-0.053710439023795624,1.018935339599314,2.4099999999999966,0.06000000000000005,-0.01999999999999999,0.1,0.15999999999999998,-661,-0.04794392374232426
35620,"New York-Newark-Jersey City, NY-NJ Metro Area","New York-Newark-Jersey City, NY-NJ Metro Area, New York",New York,cbsa,230634,231354,-720,78510,313284,344803.25,19962773.29,99202.75,39.5,0.43,0.12,0.15,0.26,0.25,312375.35,6183.73,3228.28,0.0111,85700.41,39.63,0.55,0.05,0.13,0.21,461988,-0.00003606713303510146,0.8638914747827051,0.13000000000000256,0.12000000000000005,-0.06999999999999999,-0.01999999999999999,-0.05000000000000002,391074,0.019981606819384153
25620,"Hattiesburg, MS Metro Area","Hattiesburg, MS Metro Area, Mississippi",Mississippi,cbsa,6659,7388,-728,260,286,6134.41,152658.38,60315.88,35.5,0.64,0.01,0.28,0.04,0.18,59750,1609.78,94.83,0.033,69050.93,37.55,0.57,0.03,0.23,0.13,14047,-0.004768817800896354,1.144821728539814,2.049999999999997,-0.07000000000000006,0.019999999999999997,-0.05000000000000002,0.09,-182,-0.0011907847912966455
42540,"Scranton--Wilkes-Barre, PA Metro Area","Scranton--Wilkes-Barre, PA Metro Area, Pennsylvania",Pennsylvania,cbsa,8813,9544,-731,-2003,4239,19380.31,566008.87,65711.36,42.1,0.77,0.02,0.04,0.14,0.16,99603.4,1745.88,324.2,0.0104,84291.1,40.26,0.61,0.06,0.11,0.17,18357,-0.0012914991950567843,1.282747762335158,-1.8400000000000034,-0.16000000000000003,0.039999999999999994,0.07,0.03,1505,0.002666057896113272
11900,"Athens, OH Micro Area","Athens, OH Micro Area, Ohio",Ohio,cbsa,2398,3176,-777,-182,650,23594.21,68748.05,55886.8,33.2,0.89,0.02,0.02,0.02,0.16,91024.71,503.57,136.52,-0.0025,79579.72,41.04,0.76,0.03,0.12,0.09,5574,-0.011302138751571862,1.4239448313376324,7.839999999999996,-0.13,0.009999999999999998,0.09999999999999999,0.06999999999999999,-309,-0.004474561250444379
34380,"Mount Pleasant, MI Micro Area","Mount Pleasant, MI Micro Area, Michigan",Michigan,cbsa,4578,5359,-781,0,390,8806.54,74501.84,55505.45,30.1,0.83,0.02,0.02,0.05,0.18,96366.04,572.66,130.1,-0.0205,74480.71,40.25,0.75,0.03,0.09,0.09,9937,-0.010482962568441263,1.341863006245333,10.149999999999999,-0.07999999999999996,0.009999999999999998,0.06999999999999999,0.039999999999999994,-391,-0.005220792802088958
25540,"Hartford-West Hartford-East Hartford, CT Metro Area","Hartford-West Hartford-East Hartford, CT Metro Area, Connecticut",Connecticut,cbsa,23032,23834,-802,-273,11582,51576.51,1156290.84,95149.68,40.8,0.63,0.06,0.1,0.16,0.24,188804.96,1448.78,798.11,0.01,86891.3,41.27,0.62,0.04,0.11,0.18,46866,-0.0006935971230214018,0.9132064343253704,0.47000000000000597,-0.010000000000000009,-0.019999999999999997,0.009999999999999995,0.01999999999999999,10507,0.00917014155130692
27220,"Jackson, WY-ID Micro Area","Jackson, WY-ID Micro Area, Idaho",Idaho,cbsa,3663,4468,-805,176,315,2248.21,38600.32,117924.3,40,0.78,0.01,0,0.16,0.37,756128.29,4445.78,8.68,0.0872,95956.55,41.75,0.67,0.06,0.09,0.22,8131,-0.020854749390678627,0.813713119348599,1.75,-0.10999999999999999,0.049999999999999996,0.09,0.06,-314,-0.008069009043457524
21700,"Eureka-Arcata, CA Micro Area","Eureka-Arcata, CA Micro Area, California",California,cbsa,5786,6606,-820,-559,221,3419.31,136928.98,61642.67,39.9,0.7,0.03,0.01,0.14,0.21,201967.33,3567.65,38.38,0.0217,92482.8,39.54,0.48,0.1,0.05,0.31,12392,-0.00598850586632574,1.500304902432033,-0.35999999999999943,-0.21999999999999997,0.07,0.04,0.16999999999999998,-1158,-0.008386018725299083
17820,"Colorado Springs, CO Metro Area","Colorado Springs, CO Metro Area, Colorado",Colorado,cbsa,26168,27000,-832,3549,3034,14194.45,796252.4,90960.33,35.5,0.66,0.03,0.05,0.18,0.25,257880.86,2659.19,299.43,0.065,85206.15,38.05,0.6,0.04,0.08,0.21,53168,-0.0010448948097362093,0.9367396754167447,2.549999999999997,-0.06000000000000005,0.010000000000000002,0.03,0.03,5751,0.007275129430510812
11020,"Altoona, PA Metro Area","Altoona, PA Metro Area, Pennsylvania",Pennsylvania,cbsa,2150,2988,-838,-573,234,2187.18,119423.63,63268.47,43.1,0.92,0.01,0.02,0.02,0.17,84303.02,525.02,227.46,0.0054,77578.96,42.08,0.76,0.04,0.08,0.08,5138,-0.007017036745575394,1.2261867562152207,-1.0200000000000031,-0.16000000000000003,0.03,0.06,0.06,-1177,-0.009759484672675425
29180,"Lafayette, LA Metro Area","Lafayette, LA Metro Area, Louisiana",Louisiana,cbsa,10703,11548,-846,1548,1948,8029.29,438012.96,61062.43,37.3,0.66,0.02,0.23,0.06,0.19,71615.18,2832.79,154.62,-0.0331,63060.18,37.69,0.57,0.02,0.26,0.09,22251,-0.0019314496995705332,1.0327165165225163,0.39000000000000057,-0.09000000000000008,0,0.03,0.03,2650,0.0060868751903009844
19500,"Decatur, IL Metro Area","Decatur, IL Metro Area, Illinois",Illinois,cbsa,3834,4685,-851,-130,403,1931.54,101036.68,62653.98,40.6,0.73,0.02,0.16,0.03,0.16,45419.03,580.49,174.05,-0.0172,75285.26,38.01,0.67,0.04,0.11,0.13,8519,-0.008422683722386762,1.2016037927678336,-2.5900000000000034,-0.05999999999999994,0.02,-0.05,0.1,-578,-0.005688154506809449
21780,"Evansville, IN Metro Area","Evansville, IN Metro Area, Indiana",Indiana,cbsa,7142,8013,-871,-104,585,6778.19,273696.44,68940,39.7,0.84,0.01,0.06,0.03,0.19,105150.63,1023.98,267.29,0.012,70393.64,38.82,0.71,0.03,0.09,0.12,15155,-0.0031823577975657997,1.021085581665216,-0.8800000000000026,-0.13,0.019999999999999997,0.03,0.09,-390,-0.001422908772867421
31860,"Mankato, MN Metro Area","Mankato, MN Metro Area, Minnesota",Minnesota,cbsa,2887,3767,-880,143,754,7512.95,106962.63,75757.32,34,0.85,0.02,0.05,0.05,0.24,183691.51,1196.27,89.41,0.0342,88391.81,38.52,0.65,0.05,0.08,0.17,6654,-0.008227172424612222,1.1667758310352054,4.520000000000003,-0.19999999999999996,0.030000000000000002,0.03,0.12000000000000001,17,0.00015895927678391346
32100,"Marquette, MI Micro Area","Marquette, MI Micro Area, Michigan",Michigan,cbsa,2207,3096,-889,-182,130,5392.69,63277.62,65935.37,39.3,0.91,0,0.01,0.02,0.25,114269.74,1808.94,34.98,0.0115,81625.96,44.14,0.8,0.03,0.08,0.1,5303,-0.01404920096552304,1.237969241698348,4.840000000000003,-0.10999999999999999,0.03,0.07,0.08,-941,-0.014653071025194872
30860,"Logan, UT-ID Metro Area","Logan, UT-ID Metro Area, Idaho",Idaho,cbsa,6239,7135,-896,1556,1204,6272.28,159024.09,81340.97,26.8,0.82,0.02,0.01,0.11,0.26,197372.38,1833.81,86.72,0.0798,92127.24,34.73,0.7,0.04,0.04,0.16,13374,-0.005634366466112147,1.1326056229720398,7.929999999999996,-0.12,0.02,0.03,0.05,1864,0.011860517514338404
32820,"Memphis, TN-MS-AR Metro Area","Memphis, TN-MS-AR Metro Area, Mississippi",Mississippi,cbsa,27425,28344,-919,3273,6200,18432.79,1366747.25,66977.51,36.8,0.4,0.02,0.46,0.07,0.19,154438.15,5073.17,269.41,0.0206,75399.53,37.71,0.59,0.04,0.17,0.16,55769,-0.0006723993774269529,1.1257439997396141,0.9100000000000037,0.18999999999999995,0.02,-0.29000000000000004,0.09,8554,0.006298072825792648
40080,"Richmond-Berea, KY Micro Area","Richmond-Berea, KY Micro Area, Kentucky",Kentucky,cbsa,3003,3928,-925,-104,286,6143.84,124968.42,60598.52,36.6,0.9,0.01,0.03,0.03,0.17,89493.04,1007.48,124.04,0.0388,71612.16,39.18,0.72,0.03,0.1,0.1,6931,-0.007401870008438932,1.1817476730454803,2.5799999999999983,-0.18000000000000005,0.019999999999999997,0.07,0.07,-743,-0.005910362002115639
28620,"Kill Devil Hills, NC Micro Area","Kill Devil Hills, NC Micro Area, North Carolina",North Carolina,cbsa,1846,2780,-934,-169,143,1921.92,38176.5,89741.88,49,0.85,0,0.03,0.07,0.3,211908.54,383.13,99.64,0.0332,82095.73,40.49,0.64,0.03,0.18,0.11,4626,-0.024465312430421857,0.9147984196453205,-8.509999999999998,-0.20999999999999996,0.03,0.15,0.039999999999999994,-960,-0.024529531255988654
17580,"Clovis, NM Micro Area","Clovis, NM Micro Area, New Mexico",New Mexico,cbsa,6164,7120,-956,169,273,1929.58,71546.92,56749.63,32,0.44,0.01,0.04,0.46,0.13,90910.02,3851.57,18.58,0.0331,76584.26,38.17,0.54,0.04,0.1,0.28,13284,-0.01336186099974674,1.349511177429703,6.170000000000002,0.10000000000000003,0.03,0.060000000000000005,-0.18,-514,-0.007132853702117597
27940,"Juneau, AK Micro Area","Juneau, AK Micro Area, Alaska",Alaska,cbsa,1454,2424,-970,39,104,1026.31,33113.04,102081.55,40,0.61,0.07,0.01,0.07,0.26,225054.78,2702.78,12.25,0.0026,87191.78,41.89,0.68,0.07,0.07,0.15,3878,-0.02929359551403314,0.8541384804599852,1.8900000000000006,0.07000000000000006,0,0.060000000000000005,0.07999999999999999,-827,-0.024366500451973538
26340,"Houghton, MI Micro Area","Houghton, MI Micro Area, Michigan",Michigan,cbsa,1248,2220,-972,-26,415,7827.01,40165.38,58583.07,33.5,0.91,0.03,0.01,0.02,0.21,83388.71,1342.59,29.92,-0.0014,78603.07,40.91,0.76,0.03,0.12,0.09,3468,-0.024199945326049452,1.3417369557450645,7.409999999999997,-0.15000000000000002,0,0.11,0.06999999999999999,-583,-0.01430731724794949
49100,"Winona, MN Micro Area","Winona, MN Micro Area, Minnesota",Minnesota,cbsa,1219,2197,-978,-221,169,4774.18,50654.85,70227.39,36.4,0.89,0.02,0.02,0.04,0.22,139893.09,626.1,80.91,-0.0458,91193.91,39.49,0.65,0.07,0.1,0.13,3416,-0.019307134459977674,1.2985518897968442,3.0900000000000034,-0.24,0.05,0.08,0.09,-1030,-0.019928470335117545
14020,"Bloomington, IN Metro Area","Bloomington, IN Metro Area, Indiana",Indiana,cbsa,14480,15459,-979,-322,1970,13887.38,186082.5,65611.71,33.1,0.83,0.06,0.03,0.04,0.22,156751.78,779.75,238.64,0.0272,83309.25,37.76,0.61,0.05,0.12,0.16,29939,-0.005261107304555775,1.2697314244667604,4.659999999999997,-0.21999999999999997,-0.009999999999999995,0.09,0.12,669,0.003608151510003317
39420,"Pullman, WA Micro Area","Pullman, WA Micro Area, Washington",Washington,cbsa,3442,4439,-997,78,802,18853.35,59087.21,55146.58,26.4,0.74,0.07,0.01,0.08,0.27,99571.92,2158.85,27.37,0.025,88533.11,37.71,0.67,0.06,0.04,0.16,7881,-0.016873363964891894,1.6054143339441902,11.310000000000002,-0.06999999999999995,-0.010000000000000009,0.03,0.08,-117,-0.001976210813386413
45940,"Trenton-Princeton, NJ Metro Area","Trenton-Princeton, NJ Metro Area, New Jersey",New Jersey,cbsa,15743,16742,-999,1299,8073,28381.28,396688.43,100751.22,39.5,0.43,0.12,0.18,0.23,0.24,215941.38,222.18,1785.42,0.0191,93498.33,39.46,0.5,0.09,0.15,0.21,32485,-0.0025183492243522204,0.9280118890868021,-0.03999999999999915,0.07,-0.03,-0.03,-0.020000000000000018,8373,0.021562367480478434
40100,"Rio Grande City-Roma, TX Micro Area","Rio Grande City-Roma, TX Micro Area, Texas",Texas,cbsa,3305,4307,-1001,587,169,1584.17,61742,37804.75,29.4,0.02,0,0,0.97,0.09,36476.54,1223.16,50.48,0.0539,74425.96,35.73,0.42,0.03,0.07,0.48,7612,-0.01621262673706715,1.96869335202587,6.329999999999998,0.39999999999999997,0.03,0.07,-0.49,-245,-0.00395244164098924
28180,"Kapaa, HI Micro Area","Kapaa, HI Micro Area, Hawaii",Hawaii,cbsa,2749,3755,-1007,39,360,1588.26,70843.83,96900.66,43.1,0.29,0.3,0.01,0.11,0.2,465208.7,619.61,114.34,0.0459,90432.09,38.98,0.45,0.16,0.05,0.16,6504,-0.01421436418669064,0.9332453463165266,-4.1200000000000045,0.16000000000000003,-0.13999999999999999,0.04,0.05,-608,-0.008509229224779827
48300,"Wenatchee-East Wenatchee, WA Metro Area","Wenatchee-East Wenatchee, WA Metro Area, Washington",Washington,cbsa,3518,4557,-1039,0,1274,2337.53,126761.38,81997.52,39.8,0.62,0.01,0,0.31,0.18,205143.99,4790.62,26.46,0.041,89591.71,37.46,0.62,0.05,0.05,0.23,8075,-0.008196502751863382,1.0926148742059516,-2.3399999999999963,0,0.04,0.05,-0.07999999999999999,235,0.0018573201888807693
11580,"Arcadia, FL Micro Area","Arcadia, FL Micro Area, Florida",Florida,cbsa,2796,3850,-1054,-78,300,1535.71,42927.13,53668.65,43.5,0.55,0,0.12,0.3,0.08,117077.94,636.67,67.42,0.0271,77177.34,47.99,0.7,0.03,0.09,0.14,6646,-0.02455323707874251,1.4380339360129237,4.490000000000002,0.1499999999999999,0.03,-0.03,-0.15999999999999998,-832,-0.019013175079120634
43580,"Sioux City, IA-NE-SD Metro Area","Sioux City, IA-NE-SD Metro Area, South Dakota",South Dakota,cbsa,2541,3600,-1060,858,1198,2828.55,145413.39,75213.35,36.2,0.66,0.02,0.05,0.21,0.16,80174.21,1595.93,91.12,0.0042,79765.09,38.66,0.65,0.04,0.09,0.19,6141,-0.00728956253615984,1.06051771394307,2.4599999999999937,-0.010000000000000009,0.02,0.039999999999999994,-0.01999999999999999,996,0.006896676362867379
40980,"Saginaw, MI Metro Area","Saginaw, MI Metro Area, Michigan",Michigan,cbsa,7212,8276,-1064,-572,338,6187.56,188869.45,60675.34,41.2,0.68,0.01,0.18,0.09,0.16,86835.77,800.76,235.86,-0.0126,71351.71,41.17,0.76,0.02,0.1,0.08,15488,-0.005633520932051213,1.1759589645480357,-0.030000000000001137,0.07999999999999996,0.01,-0.07999999999999999,-0.009999999999999995,-1298,-0.006825563470509805
20500,"Durham-Chapel Hill, NC Metro Area","Durham-Chapel Hill, NC Metro Area, North Carolina",North Carolina,cbsa,28538,29604,-1066,1981,9094,36864.12,653416.13,85128.3,37.9,0.53,0.05,0.23,0.14,0.27,201193.24,1758.01,371.68,0.0497,87107.42,38.23,0.56,0.06,0.17,0.16,58142,-0.00163142590312241,1.023248672885515,0.3299999999999983,0.030000000000000027,0.009999999999999995,-0.06,0.01999999999999999,10009,0.015556246633449648
46540,"Utica-Rome, NY Metro Area","Utica-Rome, NY Metro Area, New York",New York,cbsa,7093,8170,-1077,-533,1365,8862.02,289558.2,70250.48,41.7,0.81,0.04,0.05,0.06,0.15,99946,2622.89,110.4,-0.0104,79766.71,41.37,0.68,0.04,0.1,0.15,15263,-0.003719459507622302,1.135461423181735,-0.3300000000000054,-0.13,0,0.05,0.09,-245,-0.000845401293015398
20260,"Duluth, MN-WI Metro Area","Duluth, MN-WI Metro Area, Minnesota",Minnesota,cbsa,6638,7721,-1083,-689,351,9123.07,281784.86,72231.99,41.5,0.89,0.01,0.02,0.02,0.21,124776.55,8411.63,33.5,0.004,82507.41,38.86,0.62,0.05,0.09,0.18,14359,-0.0038433576594569347,1.1422558066031407,-2.6400000000000006,-0.27,0.04,0.06999999999999999,0.16,-1421,-0.005017551543601535
34900,"Napa, CA Metro Area","Napa, CA Metro Area, California",California,cbsa,5797,6883,-1086,-169,663,2783.81,131705.39,112492.73,42.9,0.48,0.08,0.02,0.36,0.26,608209.4,794.32,165.81,0.0326,102859.73,39.78,0.42,0.14,0.07,0.29,12680,-0.008245676202014206,0.914367799590249,-3.1199999999999974,-0.06,0.06000000000000001,0.05,-0.07,-592,-0.004474767038110124
45060,"Syracuse, NY Metro Area","Syracuse, NY Metro Area, New York",New York,cbsa,18940,20032,-1092,-195,3344,34261.51,657589.29,75580.24,40.1,0.78,0.03,0.08,0.05,0.2,126278.09,2383.52,275.89,0.0008,80336.44,40.59,0.63,0.05,0.11,0.16,38972,-0.0016606109871406208,1.0629291465600004,0.490000000000002,-0.15000000000000002,0.020000000000000004,0.03,0.11,2057,0.0031379079739916396
48780,"Williston, ND Micro Area","Williston, ND Micro Area, North Dakota",North Dakota,cbsa,3463,4558,-1095,414,247,978.58,36967.54,84931.41,31.8,0.76,0.01,0.05,0.1,0.17,86703.89,2075.99,17.81,0.1531,75997.08,37.7,0.56,0.03,0.09,0.27,8021,-0.029620580649943166,0.8948053493990032,5.900000000000002,-0.19999999999999996,0.019999999999999997,0.039999999999999994,0.17,-434,-0.011603800271325727
43420,"Sierra Vista-Douglas, AZ Metro Area","Sierra Vista-Douglas, AZ Metro Area, Arizona",Arizona,cbsa,10153,11266,-1114,-388,729,2987.85,131953.5,59727.99,43,0.54,0.02,0.03,0.35,0.17,114148.87,6207.21,21.26,0.0432,77986.3,38.39,0.5,0.05,0.08,0.29,21419,-0.00844236795537822,1.3056910168917455,-4.609999999999999,-0.040000000000000036,0.030000000000000002,0.05,-0.06,-773,-0.005824006509626939
19780,"Des Moines-West Des Moines, IA Metro Area","Des Moines-West Des Moines, IA Metro Area, Iowa",Iowa,cbsa,14227,15354,-1126,3554,6758,12752.74,749319.34,86660.57,36.8,0.77,0.04,0.06,0.09,0.27,166775.17,3609.76,207.58,0.0758,78500.42,38.61,0.67,0.04,0.08,0.17,29581,-0.0015026971010784268,0.905837799128254,1.8100000000000023,-0.09999999999999998,0,0.020000000000000004,0.08000000000000002,9186,0.012411277135549657
26020,"Hobbs, NM Micro Area","Hobbs, NM Micro Area, New Mexico",New Mexico,cbsa,6748,7879,-1130,248,1779,1678.22,73415.58,67016.63,32.5,0.31,0.01,0.03,0.63,0.08,105652.08,4391.16,16.72,0.0744,73676.12,35.98,0.42,0.03,0.07,0.45,14627,-0.015391828274053,1.0993707084346078,3.479999999999997,0.10999999999999999,0.019999999999999997,0.04000000000000001,-0.18,897,0.012369243854471502
31740,"Manhattan, KS Metro Area","Manhattan, KS Metro Area, Kansas",Kansas,cbsa,11686,12838,-1152,1231,1502,8695.24,140930.27,65913.82,27.3,0.71,0.03,0.08,0.11,0.24,95654.82,1834.9,76.81,-0.0913,73228.8,36.69,0.54,0.03,0.17,0.2,24524,-0.008174255254034497,1.1109779405896971,9.389999999999997,-0.16999999999999993,0,0.09000000000000001,0.09000000000000001,1581,0.011345592266109468
33300,"Milledgeville, GA Micro Area","Milledgeville, GA Micro Area, Georgia",Georgia,cbsa,1553,2720,-1167,-143,13,6619.68,42585.57,53782.49,36.5,0.51,0.02,0.41,0.03,0.13,82770.43,258.69,164.62,0.0315,79761.99,39.42,0.53,0.04,0.3,0.12,4273,-0.027403648700721865,1.48304754949055,2.9200000000000017,0.020000000000000018,0.02,-0.10999999999999999,0.09,-1297,-0.029556154072106534
47940,"Waterloo-Cedar Falls, IA Metro Area","Waterloo-Cedar Falls, IA Metro Area, Iowa",Iowa,cbsa,3440,4611,-1171,286,1274,5569.41,172983.41,70398.41,36.8,0.81,0.02,0.07,0.05,0.2,129832.04,1502.88,115.1,-0.0187,79525.34,39.87,0.65,0.03,0.09,0.18,8051,-0.00676943528862103,1.1296468201483527,3.0700000000000003,-0.16000000000000003,0.009999999999999998,0.01999999999999999,0.13,389,0.0022538389279235637
27980,"Kahului-Wailuku, HI Metro Area","Kahului-Wailuku, HI Metro Area, Hawaii",Hawaii,cbsa,6439,7614,-1175,260,1351,3614.58,165796.91,97653.5,43.2,0.29,0.28,0.01,0.11,0.21,535737.06,1128.78,146.88,0.0578,93827.22,39.1,0.48,0.16,0.05,0.17,14053,-0.007086983707959334,0.9608177894289504,-4.100000000000001,0.19,-0.12000000000000002,0.04,0.06000000000000001,436,0.0026366569946911877
36220,"Odessa, TX Metro Area","Odessa, TX Metro Area, Texas",Texas,cbsa,12613,13818,-1204,1925,2104,3936.22,179009.86,70908.18,31.4,0.29,0.01,0.04,0.63,0.12,60797.63,897.78,199.39,0.0505,77788.93,35.16,0.41,0.03,0.07,0.46,26431,-0.006725886495861178,1.0970374645069159,3.759999999999998,0.12,0.019999999999999997,0.030000000000000006,-0.16999999999999998,2825,0.016034294887767316
29660,"Laramie, WY Micro Area","Laramie, WY Micro Area, Wyoming",Wyoming,cbsa,5037,6266,-1228,152,765,4183.13,43014.7,61953.15,28.6,0.8,0.04,0.01,0.11,0.27,244002.5,4273.95,10.06,0.0146,89846.39,39.7,0.59,0.06,0.07,0.27,11303,-0.028548379972428033,1.4502311827566474,11.100000000000001,-0.21000000000000008,0.019999999999999997,0.060000000000000005,0.16000000000000003,-311,-0.007178187542267061
30700,"Lincoln, NE Metro Area","Lincoln, NE Metro Area, Nebraska",Nebraska,cbsa,9459,10695,-1236,1134,3413,8050.92,355476.84,75050.72,34.5,0.79,0.04,0.04,0.08,0.26,160671,1408.69,252.35,0.0479,82237.95,37.68,0.63,0.05,0.08,0.18,20154,-0.003477019768714046,1.095764970675831,3.1799999999999997,-0.16000000000000003,0.010000000000000002,0.04,0.09999999999999999,3311,0.009401820460496679
16820,"Charlottesville, VA Metro Area","Charlottesville, VA Metro Area, Virginia",Virginia,cbsa,5440,6684,-1244,117,1448,10731.94,231737.19,93384.71,39.4,0.73,0.05,0.11,0.07,0.27,194541.63,1702.86,136.09,0.0421,90157.52,39.1,0.59,0.05,0.16,0.14,12124,-0.005368150015109789,0.9654419872375253,-0.29999999999999716,-0.14,0,0.05,0.07,321,0.0013871112474887776
35300,"New Haven, CT Metro Area","New Haven, CT Metro Area, Connecticut",Connecticut,cbsa,13549,14816,-1267,268,5418,35123.69,540862.1,89261.88,40.2,0.58,0.04,0.13,0.2,0.22,190349.11,367.23,1472.8,0.012,91021.35,40.24,0.58,0.05,0.12,0.19,28365,-0.002342556448307249,1.0197113258201598,0.03999999999999915,0,0.010000000000000002,-0.010000000000000009,-0.010000000000000009,4419,0.008237593138955465
22780,"Fort Leonard Wood, MO Micro Area","Fort Leonard Wood, MO Micro Area, Missouri",Missouri,cbsa,7738,9006,-1268,325,65,6572.85,57660.65,65977.32,27.8,0.68,0.02,0.1,0.12,0.17,37003.04,547.07,105.4,-0.0002,75446.49,36.56,0.49,0.04,0.11,0.32,16744,-0.021990733715280698,1.1435215919652388,8.760000000000002,-0.19000000000000006,0.02,0.009999999999999995,0.2,-878,-0.014998637652217808
31340,"Lynchburg, VA Metro Area","Lynchburg, VA Metro Area, Virginia",Virginia,cbsa,4502,5773,-1270,-507,494,15558.87,265908.43,67941.44,40,0.74,0.01,0.16,0.04,0.2,114844.68,2166.79,122.72,0.0252,78519.51,39.96,0.66,0.04,0.15,0.11,10275,-0.0047760802468729555,1.1556939328927969,-0.03999999999999915,-0.07999999999999996,0.03,-0.010000000000000009,0.07,-1283,-0.004801800716437649
49420,"Yakima, WA Metro Area","Yakima, WA Metro Area, Washington",Washington,cbsa,4682,5956,-1274,962,1959,3030.66,260097.45,70536.73,33.3,0.39,0.01,0.01,0.52,0.12,156688.34,4294.16,60.57,0.0371,87319.29,37.47,0.62,0.06,0.04,0.21,10638,-0.004898164130405738,1.2379265384148088,4.170000000000002,0.22999999999999998,0.049999999999999996,0.03,-0.31000000000000005,1647,0.006372594824269023
30020,"Lawton, OK Metro Area","Lawton, OK Metro Area, Oklahoma",Oklahoma,cbsa,7540,8849,-1309,403,169,4680.62,129350.13,60961.89,34.4,0.55,0.03,0.13,0.14,0.16,111539.28,1701.2,76.03,0.0102,81021,37.53,0.57,0.05,0.13,0.17,16389,-0.010119819748151779,1.329043440090194,3.1300000000000026,0.019999999999999907,0.020000000000000004,0,0.03,-737,-0.005665433621296742
40820,"Ruston, LA Micro Area","Ruston, LA Micro Area, Louisiana",Louisiana,cbsa,2977,4319,-1342,65,52,3901.19,51527.5,39472.53,28.6,0.53,0.01,0.37,0.04,0.2,106266.03,471.59,109.26,-0.074,62484.13,38.29,0.56,0.02,0.29,0.08,7296,-0.026044345252535055,1.5829775795977608,9.689999999999998,0.030000000000000027,0.01,-0.08000000000000002,0.04,-1225,-0.023221648263115492
25900,"Hilo-Kailua, HI Micro Area","Hilo-Kailua, HI Micro Area, Hawaii",Hawaii,cbsa,9250,10653,-1404,-351,1603,4198.3,212940.1,79219.36,44.3,0.3,0.2,0.01,0.12,0.19,196271.95,4028,52.87,0.0674,92557.96,38.97,0.48,0.15,0.05,0.16,19903,-0.006593403497039778,1.1683755082091045,-5.329999999999998,0.18,-0.05000000000000002,0.04,0.04000000000000001,-152,-0.0007133065937216819
34620,"Muncie, IN Metro Area","Muncie, IN Metro Area, Indiana",Indiana,cbsa,3955,5426,-1471,-312,351,14527.2,115387.02,57595.81,35.8,0.84,0.02,0.05,0.03,0.15,66048.41,392.05,294.32,-0.0047,75698.16,38.08,0.67,0.04,0.11,0.13,9381,-0.012748400989990034,1.3142997728480597,2.280000000000001,-0.16999999999999993,0.02,0.06,0.1,-1432,-0.012258277804419177
15540,"Burlington-South Burlington, VT Metro Area","Burlington-South Burlington, VT Metro Area, Vermont",Vermont,cbsa,8839,10359,-1520,-104,1185,14244.24,230624.38,93505.03,38.5,0.87,0.03,0.02,0.03,0.29,214386.11,1242.58,185.6,0.0124,82044.01,40.57,0.64,0.04,0.12,0.15,19198,-0.0065908036262254666,0.8774288399244404,2.0700000000000003,-0.22999999999999998,0.010000000000000002,0.09999999999999999,0.12,-439,-0.0018999116173233509
29200,"Lafayette-West Lafayette, IN Metro Area","Lafayette-West Lafayette, IN Metro Area, Indiana",Indiana,cbsa,12798,14380,-1582,779,3785,11557.12,255015.74,62511.04,30.8,0.75,0.07,0.05,0.09,0.21,153128.33,1641.89,155.32,0.025,81269.99,38.19,0.63,0.05,0.12,0.16,27178,-0.0062035386521631965,1.300090192068473,7.389999999999997,-0.12,-0.020000000000000004,0.06999999999999999,0.07,2982,0.011831749193580193
34060,"Morgantown, WV Metro Area","Morgantown, WV Metro Area, West Virginia",West Virginia,cbsa,6066,7660,-1594,-26,918,6960.61,146368.57,64555.06,35.1,0.86,0.03,0.04,0.03,0.19,89646.75,1008.79,145.09,0.0382,81064.56,39.76,0.69,0.04,0.11,0.11,13726,-0.010890316138225576,1.255742927045533,4.659999999999997,-0.17000000000000004,0.010000000000000002,0.07,0.08,-702,-0.0047732187343803726
19430,"Dayton-Kettering-Beavercreek, OH Metro Area","Dayton-Kettering-Beavercreek, OH Metro Area, Ohio",Ohio,cbsa,17632,19233,-1601,-720,3996,24701.58,824930.48,71768.25,39.1,0.73,0.02,0.15,0.04,0.19,125620.2,1281.09,643.93,-0.0076,77491.99,38.82,0.69,0.03,0.13,0.09,36865,-0.0019407696027912559,1.0797530941607187,-0.28000000000000114,-0.040000000000000036,0.009999999999999998,-0.01999999999999999,0.049999999999999996,1675,0.0020346053451110947
47900,"Washington-Arlington-Alexandria, DC-VA-MD-WV Metro Area","Washington-Arlington-Alexandria, DC-VA-MD-WV Metro Area, District of Columbia",District of Columbia,cbsa,136644,138284,-1640,33046,94100,155197.98,6642990.77,126732.11,38,0.41,0.11,0.24,0.18,0.27,331675.3,6109.06,1087.4,0.041,85975.23,38.59,0.57,0.05,0.16,0.15,274928,-0.0002468767542785552,0.6784013143945918,0.5900000000000034,0.15999999999999998,-0.06,-0.07999999999999999,-0.03,125506,0.019256815233033527
43340,"Shreveport-Bossier City, LA Metro Area","Shreveport-Bossier City, LA Metro Area, Louisiana",Louisiana,cbsa,8862,10559,-1698,-78,1248,5735.94,390303.98,56278.78,38.6,0.5,0.01,0.39,0.05,0.16,92598.46,2592.73,150.54,-0.0433,66979.29,37.41,0.6,0.02,0.21,0.12,19421,-0.004350455252851893,1.190134007880057,-1.1900000000000048,0.09999999999999998,0.01,-0.18000000000000002,0.06999999999999999,-528,-0.0013509641662383923
20580,"Eagle Pass, TX Metro Area","Eagle Pass, TX Metro Area, Texas",Texas,cbsa,2875,4602,-1727,513,455,1242.32,57964.04,49610.24,30.3,0.03,0,0,0.95,0.1,94724.83,1279.15,45.31,0.059,77076.09,35.61,0.42,0.03,0.07,0.45,7477,-0.029794334556390478,1.5536326774472367,5.309999999999999,0.39,0.03,0.07,-0.49999999999999994,-759,-0.012925080172961073
22140,"Farmington, NM Metro Area","Farmington, NM Metro Area, New Mexico",New Mexico,cbsa,4442,6177,-1735,-26,260,1662.51,125125.09,56499.03,38.3,0.36,0.01,0.01,0.2,0.11,110696.77,5516.09,22.68,0.0417,79369,37.78,0.54,0.03,0.07,0.29,10619,-0.0138661238924983,1.404785179497772,-0.519999999999996,0.18000000000000005,0.019999999999999997,0.060000000000000005,0.08999999999999997,-1501,-0.011853797270372954
49740,"Yuma, AZ Metro Area","Yuma, AZ Metro Area, Arizona",Arizona,cbsa,14584,16385,-1801,947,4207,6195.36,234389.19,63383.58,36.1,0.29,0.01,0.02,0.65,0.11,120496.93,4800.65,48.82,0.0772,84578.48,38.11,0.51,0.06,0.05,0.31,30969,-0.007683801458591158,1.3343910205135145,2.009999999999998,0.22000000000000003,0.049999999999999996,0.030000000000000002,-0.34,3353,0.014512877830957999
17900,"Columbia, SC Metro Area","Columbia, SC Metro Area, South Carolina",South Carolina,cbsa,32494,34304,-1810,949,4032,47225.4,889030.11,68626.76,37.6,0.53,0.02,0.33,0.07,0.21,142942.76,3774.36,235.54,0.0377,78972.29,38.53,0.57,0.05,0.17,0.16,66798,-0.0020359265447151167,1.150750669272453,0.9299999999999997,0.039999999999999925,0.030000000000000002,-0.16,0.09,3171,0.0035795759892337732
43320,"Show Low, AZ Micro Area","Show Low, AZ Micro Area, Arizona",Arizona,cbsa,9970,11819,-1848,-303,190,3503.63,116691.04,54344.85,39.5,0.43,0,0.01,0.11,0.12,72890.12,9947.22,11.73,0.0334,81399.86,38.32,0.52,0.04,0.05,0.32,21789,-0.015836691488909517,1.497839445688046,-1.1799999999999997,0.09000000000000002,0.04,0.04,0.21000000000000002,-1961,-0.016527318030098766
27060,"Ithaca, NY Metro Area","Ithaca, NY Metro Area, New York",New York,cbsa,5981,7929,-1949,-89,1786,16535.52,111114.17,74283.93,32.3,0.74,0.1,0.04,0.07,0.24,119450.14,474.6,234.12,-0.0015,85671.47,39.15,0.57,0.07,0.11,0.19,13910,-0.017540517109563974,1.1532974897800912,6.850000000000001,-0.17000000000000004,-0.03,0.07,0.12,-252,-0.0022628056617193535
13140,"Beaumont-Port Arthur, TX Metro Area","Beaumont-Port Arthur, TX Metro Area, Texas",Texas,cbsa,15558,17522,-1964,624,1746,8065.63,402027,65515.78,37.7,0.52,0.03,0.23,0.18,0.14,85441.15,2100.9,191.36,0.0248,78109.01,36.42,0.43,0.05,0.13,0.34,33080,-0.004885244025898758,1.192216745339825,-1.2800000000000011,-0.09000000000000002,0.020000000000000004,-0.1,0.16000000000000003,406,0.0010109033143187235
44340,"Statesboro, GA Micro Area","Statesboro, GA Micro Area, Georgia",Georgia,cbsa,3874,5838,-1964,143,130,10180.98,89685.32,57632.61,31.4,0.61,0.01,0.28,0.06,0.19,81460.87,858.76,104.44,0.082,74244.6,37.71,0.56,0.03,0.27,0.1,9712,-0.021898790125295865,1.2882394186208121,6.310000000000002,-0.04999999999999993,0.019999999999999997,-0.010000000000000009,0.04000000000000001,-1691,-0.018505888615343666
11260,"Anchorage, AK Metro Area","Anchorage, AK Metro Area, Alaska",Alaska,cbsa,15732,17705,-1973,2217,2813,7708.9,414446.2,100554.15,35.6,0.6,0.08,0.04,0.08,0.22,174556.85,26412.62,15.69,0.0543,82002.31,39.62,0.6,0.07,0.1,0.15,33437,-0.004760569646916777,0.815503984668957,4.019999999999996,0,-0.009999999999999995,0.060000000000000005,0.06999999999999999,3057,0.007430919431039998
26660,"Huntsville, TX Micro Area","Huntsville, TX Micro Area, Texas",Texas,cbsa,7763,9764,-2000,26,299,7882.6,73255.86,51751.63,37.6,0.53,0.01,0.2,0.22,0.15,148294.86,782.27,93.65,0.021,80764.73,35.65,0.4,0.07,0.15,0.35,17527,-0.027301570140600355,1.5606219552891378,-1.9500000000000028,-0.13,0.060000000000000005,-0.05000000000000002,0.12999999999999998,-1675,-0.02235394068612051
41540,"Salisbury, MD Metro Area","Salisbury, MD Metro Area, Maryland",Maryland,cbsa,10018,12061,-2043,221,849,9432.08,134384.29,73505.61,36.6,0.57,0.02,0.29,0.07,0.17,109609.78,694.08,193.61,0.0347,82567.87,46.17,0.66,0.03,0.15,0.11,22079,-0.01520266989541709,1.1232866443799323,9.57,0.09000000000000008,0.009999999999999998,-0.13999999999999999,0.039999999999999994,-973,-0.007188382687035179
24660,"Greensboro-High Point, NC Metro Area","Greensboro-High Point, NC Metro Area, North Carolina",North Carolina,cbsa,28343,30391,-2048,208,5852,32656.76,808551.79,65697.37,38.9,0.54,0.04,0.26,0.1,0.2,130539.69,1989.32,406.45,0.0329,76376.69,39.43,0.6,0.04,0.17,0.14,58734,-0.0025329237104279984,1.1625532346272005,0.5300000000000011,0.05999999999999994,0,-0.09,0.04000000000000001,4012,0.0049867017764279875
47300,"Visalia, CA Metro Area","Visalia, CA Metro Area, California",California,cbsa,14985,17039,-2054,3538,1719,5162.44,481467.41,71105.43,32.1,0.25,0.04,0.01,0.67,0.11,144719.08,4821.36,99.86,0.0718,82588.67,35.67,0.37,0.09,0.06,0.43,32024,-0.004266124679134565,1.16149596451354,3.5700000000000003,0.12,0.049999999999999996,0.049999999999999996,-0.24000000000000005,3203,0.006697132241138328
42340,"Savannah, GA Metro Area","Savannah, GA Metro Area, Georgia",Georgia,cbsa,17817,19877,-2060,1111,2423,15257.51,430809.81,77538.39,36.9,0.53,0.03,0.31,0.08,0.22,175539.55,1174.77,366.72,0.0663,79646.21,37.79,0.57,0.04,0.19,0.15,37694,-0.004781692413178799,1.027184211588608,0.8900000000000006,0.039999999999999925,0.010000000000000002,-0.12,0.06999999999999999,1474,0.0034332100087341886
42700,"Sebring, FL Metro Area","Sebring, FL Metro Area, Florida",Florida,cbsa,5988,8142,-2154,-1160,694,3389.16,108302.67,55582.2,54.4,0.63,0.02,0.09,0.22,0.13,108977.18,931.31,116.29,0.0375,74633.8,41.29,0.58,0.03,0.12,0.22,14130,-0.019888706344912827,1.3427644101888736,-13.11,-0.050000000000000044,0.009999999999999998,0.03,0,-2620,-0.023620058911311817
29940,"Lawrence, KS Metro Area","Lawrence, KS Metro Area, Kansas",Kansas,cbsa,4066,6256,-2190,169,1478,17455.77,129496.85,70602.52,31.6,0.76,0.04,0.04,0.07,0.29,134526.4,455.73,284.15,0.0153,78705.76,37.49,0.64,0.03,0.11,0.16,10322,-0.01691160827464143,1.114772673836571,5.890000000000001,-0.12,-0.010000000000000002,0.07,0.09,-543,-0.0041756430817168734
14010,"Bloomington, IL Metro Area","Bloomington, IL Metro Area, Illinois",Illinois,cbsa,9168,11382,-2214,260,1582,24414.68,180866.97,79590.8,34.3,0.76,0.05,0.08,0.06,0.31,111857.77,1183.03,152.88,0.04,76278.09,38.86,0.65,0.04,0.11,0.15,20550,-0.012241041025898758,0.9583782296446323,4.560000000000002,-0.10999999999999999,-0.010000000000000002,0.03,0.09,-372,-0.0020525387006999655
11180,"Ames, IA Metro Area","Ames, IA Metro Area, Iowa",Iowa,cbsa,4132,6351,-2219,195,1404,13066.92,129638.42,73274.15,29.9,0.83,0.05,0.02,0.05,0.28,117348.38,1143,113.42,0.0186,85469.16,38.09,0.67,0.06,0.08,0.14,10483,-0.017116839282675614,1.1664299074093663,8.190000000000005,-0.15999999999999992,0.009999999999999995,0.06,0.09000000000000001,-620,-0.004759769080570761
23420,"Fresno, CA Metro Area","Fresno, CA Metro Area, California",California,cbsa,31902,34179,-2276,7138,5982,12511.4,1203946.56,74443.59,33.7,0.27,0.1,0.04,0.55,0.15,203315.34,8094.31,148.74,0.0647,86448.99,35.95,0.38,0.08,0.06,0.42,66081,-0.0018904493568219505,1.1612684181405009,2.25,0.10999999999999999,-0.020000000000000004,0.019999999999999997,-0.13000000000000006,10844,0.00908890850087523
47380,"Waco, TX Metro Area","Waco, TX Metro Area, Texas",Texas,cbsa,19002,21291,-2289,742,1078,10017.35,311494.25,66593.08,35.1,0.55,0.02,0.13,0.26,0.17,121019.98,2784.62,111.86,0.0303,78395.47,35.63,0.48,0.05,0.12,0.3,40293,-0.007348450252291977,1.1772314781055329,0.5300000000000011,-0.07000000000000006,0.030000000000000002,-0.010000000000000009,0.03999999999999998,-469,-0.0015033822092826638
12220,"Auburn-Opelika, AL Metro Area","Auburn-Opelika, AL Metro Area, Alabama",Alabama,cbsa,8053,10356,-2303,351,1702,23114.53,195890.38,64248.32,34.1,0.61,0.04,0.27,0.05,0.22,147055.13,1216.12,161.08,0.0481,72681.19,38.36,0.58,0.03,0.23,0.1,18409,-0.011756575284605605,1.13125432696139,4.259999999999998,-0.030000000000000027,-0.010000000000000002,-0.04000000000000001,0.05,-250,-0.0012745973062762497
35700,"Nogales, AZ Micro Area","Nogales, AZ Micro Area, Arizona",Arizona,cbsa,1724,4062,-2339,221,813,798.16,47882.86,53254.3,37.9,0.15,0,0,0.83,0.14,184707.83,1236.12,38.74,0.0615,76367.83,40.25,0.49,0.05,0.04,0.35,5786,-0.04884837706018395,1.4340218536343543,2.3500000000000014,0.33999999999999997,0.05,0.04,-0.48,-1305,-0.026530936698608152
10460,"Alamogordo, NM Micro Area","Alamogordo, NM Micro Area, New Mexico",New Mexico,cbsa,12036,14378,-2342,39,584,1666.73,68520.51,56165.94,36.4,0.45,0.01,0.04,0.4,0.15,42203.85,6607.67,10.37,0.0055,70775.93,36.83,0.44,0.03,0.1,0.36,26414,-0.03417954711662246,1.2601218816955613,0.4299999999999997,-0.010000000000000009,0.019999999999999997,0.060000000000000005,-0.040000000000000036,-1719,-0.024473405352628458
25500,"Harrisonburg, VA Metro Area","Harrisonburg, VA Metro Area, Virginia",Virginia,cbsa,2493,4844,-2351,169,1216,25490.31,144759.91,75079.18,34.9,0.76,0.02,0.04,0.15,0.18,161519.7,867.06,166.95,0.0415,87563.74,39.77,0.64,0.05,0.15,0.12,7337,-0.016240684316534873,1.1662852471217722,4.8700000000000045,-0.12,0.030000000000000002,0.10999999999999999,-0.03,-966,-0.006628882948818093
42220,"Santa Rosa-Petaluma, CA Metro Area","Santa Rosa-Petaluma, CA Metro Area, California",California,cbsa,14917,17273,-2357,-156,2531,8430.75,481398.91,105565.08,42.9,0.58,0.04,0.01,0.3,0.24,518412.91,1612.23,298.59,0.0197,103960.93,39.78,0.46,0.14,0.06,0.28,32190,-0.004896147355215242,0.9848041606182649,-3.1199999999999974,-0.11999999999999994,0.1,0.049999999999999996,-0.019999999999999962,18,0.000037392425885771
41420,"Salem, OR Metro Area","Salem, OR Metro Area, Oregon",Oregon,cbsa,12850,15214,-2364,490,3384,7779.64,448608.96,79207.42,37.5,0.64,0.02,0.01,0.26,0.17,228377.34,2020.46,222.03,0.0615,84796.62,38.73,0.63,0.05,0.06,0.19,28064,-0.005269622791305818,1.0705640961414977,1.2299999999999969,-0.010000000000000009,0.030000000000000002,0.049999999999999996,-0.07,1510,0.0033773283659617546
40900,"Sacramento-Roseville-Folsom, CA Metro Area","Sacramento-Roseville-Folsom, CA Metro Area, California",California,cbsa,92342,94738,-2396,5199,25964,44903.39,2504684.41,97100.88,38.5,0.48,0.15,0.06,0.23,0.23,300337.83,5159.26,485.47,0.0431,99519.49,38.2,0.41,0.14,0.06,0.33,187080,-0.0009566075432233795,1.0249082191634102,-0.29999999999999716,-0.07,-0.009999999999999981,0,0.1,28767,0.011618723582544701
27140,"Jackson, MS Metro Area","Jackson, MS Metro Area, Mississippi",Mississippi,cbsa,17133,19563,-2430,663,2151,14187.19,632220.75,61554.11,38.4,0.45,0.01,0.48,0.04,0.19,102324.42,6180.75,102.29,0.0255,71241.4,36.97,0.53,0.03,0.22,0.17,36696,-0.0038435941876314565,1.1573784431291427,-1.4299999999999997,0.08000000000000002,0.019999999999999997,-0.26,0.13,384,0.0006077519232618236
44500,"Stephenville, TX Micro Area","Stephenville, TX Micro Area, Texas",Texas,cbsa,4174,6616,-2442,131,65,5240.39,43739.82,65722.42,32,0.72,0.01,0.02,0.22,0.2,96759.45,1082.97,40.39,0.0394,80646.05,37.62,0.53,0.05,0.11,0.29,10790,-0.05583013373168888,1.2270706099988407,5.619999999999997,-0.18999999999999995,0.04,0.09,0.06999999999999998,-2246,-0.04884114276966248
26420,"Houston-Pasadena-The Woodlands, TX Metro Area","Houston-Pasadena-The Woodlands, TX Metro Area, Texas",Texas,cbsa,199251,201698,-2447,55104,144513,98527.62,8012471.36,83126.41,35.4,0.33,0.08,0.17,0.38,0.22,173352.38,8956.23,894.63,0.0618,80374.81,36.76,0.49,0.05,0.12,0.28,400949,-0.0003053989075350654,0.9668986065920565,1.3599999999999994,0.15999999999999998,-0.03,-0.05000000000000002,-0.09999999999999998,197170,0.02522871363721795
23540,"Gainesville, FL Metro Area","Gainesville, FL Metro Area, Florida",Florida,cbsa,22145,24605,-2460,143,4498,51686.66,379370.37,61865.23,34.5,0.62,0.05,0.17,0.12,0.21,163937.98,2343.38,161.89,0.0403,75124.3,42.35,0.54,0.03,0.14,0.24,46750,-0.006484428396450677,1.2143218412022392,7.850000000000001,-0.07999999999999996,-0.020000000000000004,-0.03,0.12,2181,0.005782241424247984
13780,"Binghamton, NY Metro Area","Binghamton, NY Metro Area, New York",New York,cbsa,6509,9010,-2500,-793,1132,22130.44,237948.29,65420.08,40.3,0.82,0.04,0.04,0.05,0.16,69111.25,1224.28,194.36,-0.008,80185.99,40.47,0.67,0.05,0.09,0.15,15519,-0.010506484413063023,1.2257091400683093,0.1700000000000017,-0.1499999999999999,0.010000000000000002,0.049999999999999996,0.09999999999999999,-2161,-0.009000068260582503
22220,"Fayetteville-Springdale-Rogers, AR Metro Area","Fayetteville-Springdale-Rogers, AR Metro Area, Arkansas",Arkansas,cbsa,13618,16143,-2526,3523,3634,24261.74,598510.75,82124.13,34.7,0.59,0.03,0.02,0.18,0.22,198751.48,2622.96,228.18,0.132,75106.81,38.56,0.63,0.04,0.11,0.16,29761,-0.004220475572076191,0.9145522759266977,3.8599999999999994,0.040000000000000036,0.010000000000000002,0.09,-0.01999999999999999,4631,0.007797874906494117
44660,"Stillwater, OK Micro Area","Stillwater, OK Micro Area, Oklahoma",Oklahoma,cbsa,3961,6501,-2540,65,848,14165.39,88877.41,49858.33,27.7,0.73,0.04,0.04,0.07,0.22,82919.36,684.78,129.79,0.0303,72241.49,36.88,0.61,0.03,0.08,0.15,10462,-0.028578690580654858,1.4489352130326068,9.180000000000003,-0.12,-0.010000000000000002,0.04,0.07999999999999999,-1627,-0.017977024544991786
13980,"Blacksburg-Christiansburg-Radford, VA Metro Area","Blacksburg-Christiansburg-Radford, VA Metro Area, Virginia",Virginia,cbsa,4319,6876,-2557,-559,1298,23536.35,189898.77,66318.97,35.1,0.85,0.04,0.04,0.04,0.18,111686.96,1451.61,130.82,0.0278,85585.88,39.53,0.62,0.05,0.16,0.12,11195,-0.013465068783752523,1.2905188364656448,4.43,-0.22999999999999998,0.010000000000000002,0.12,0.07999999999999999,-1818,-0.009482738520996363
14380,"Boone, NC Micro Area","Boone, NC Micro Area, North Carolina",North Carolina,cbsa,3736,6312,-2576,-130,220,15153.56,52049.46,52024.17,31.4,0.88,0.01,0.02,0.06,0.26,179568.58,312.4,166.61,0.0491,79309.59,41.78,0.64,0.04,0.16,0.14,10048,-0.04949138761478025,1.5244758349820862,10.380000000000003,-0.24,0.03,0.14,0.08000000000000002,-2486,-0.04558501936171438
20940,"El Centro, CA Metro Area","El Centro, CA Metro Area, California",California,cbsa,5906,8486,-2579,1058,1456,2575.51,180345.25,57712.3,33.2,0.09,0.01,0.02,0.86,0.12,138649.07,4174.78,43.2,0.0665,87019.1,36.82,0.4,0.07,0.06,0.4,14392,-0.014300348914096712,1.5078085607400848,3.6199999999999974,0.31000000000000005,0.060000000000000005,0.039999999999999994,-0.45999999999999996,-65,-0.0003602899502661296
28580,"Key West-Key Largo, FL Micro Area","Key West-Key Largo, FL Micro Area, Florida",Florida,cbsa,5280,7888,-2607,13,953,5053.41,75610.28,89372.8,49.2,0.64,0.01,0.07,0.25,0.23,575755.15,983.03,76.92,-0.0124,80853.73,41.31,0.54,0.04,0.14,0.24,13168,-0.034479438510213165,0.9046793879122059,-7.890000000000001,-0.09999999999999998,0.03,0.07,-0.010000000000000009,-1641,-0.02124236646952646
37060,"Oxford, MS Micro Area","Oxford, MS Micro Area, Mississippi",Mississippi,cbsa,3804,6445,-2641,0,221,13909.79,67879.1,65820.22,32.6,0.67,0.02,0.25,0.03,0.21,57963.73,1098.62,61.79,0.0105,74806.98,37.42,0.52,0.04,0.24,0.16,10249,-0.03890741038110405,1.1365349432134988,4.82,-0.15000000000000002,0.02,-0.010000000000000009,0.13,-2420,-0.034424338291670874
17860,"Columbia, MO Metro Area","Columbia, MO Metro Area, Missouri",Missouri,cbsa,10007,12701,-2694,741,1850,18129.48,223301.58,72157.37,33.5,0.77,0.04,0.09,0.04,0.27,137871.41,1713.61,130.31,0.0412,77146.06,38.14,0.66,0.04,0.1,0.15,22708,-0.012064401873018544,1.069136250392718,4.640000000000001,-0.10999999999999999,0,0.010000000000000009,0.10999999999999999,-103,-0.00046104694899271986
46220,"Tuscaloosa, AL Metro Area","Tuscaloosa, AL Metro Area, Alabama",Alabama,cbsa,6899,9598,-2699,429,1048,30525.98,254009.88,61482.99,34,0.56,0.01,0.34,0.05,0.17,128046.93,3492.96,72.72,0.0259,74099.54,38.56,0.6,0.03,0.2,0.12,16497,-0.010625570942358619,1.2052039108703074,4.560000000000002,0.039999999999999925,0.019999999999999997,-0.14,0.06999999999999999,-1222,-0.0047878031537439605
18580,"Corpus Christi, TX Metro Area","Corpus Christi, TX Metro Area, Texas",Texas,cbsa,23381,26159,-2778,715,1898,11367.58,458691.65,67752.45,37.8,0.33,0.02,0.03,0.6,0.15,114277.66,1780.2,257.66,0.0293,74482.55,35.8,0.4,0.04,0.09,0.43,49540,-0.006056356159960618,1.0993336772323363,-2,0.07,0.02,0.06,-0.16999999999999998,-165,-0.0003595894273298643
14860,"Bridgeport-Stamford-Danbury, CT Metro Area","Bridgeport-Stamford-Danbury, CT Metro Area, Connecticut",Connecticut,cbsa,15787,18629,-2841,2665,16203,49747.56,986901.92,114939.68,41,0.56,0.05,0.1,0.23,0.28,388685.16,671.31,1470.12,0.0078,90388.05,40.28,0.54,0.07,0.12,0.22,34416,-0.002878705515133662,0.7863955250266923,-0.7199999999999989,-0.020000000000000018,0.020000000000000004,0.01999999999999999,-0.010000000000000009,16027,0.016507790725503547
33700,"Modesto, CA Metro Area","Modesto, CA Metro Area, California",California,cbsa,20889,23821,-2932,2065,3629,6655.52,561572.11,82208.25,34.9,0.36,0.06,0.03,0.5,0.13,198691,1495.94,375.4,0.0594,93483.52,36.53,0.36,0.14,0.06,0.4,44710,-0.0052210570072648375,1.1371549692397054,1.6300000000000026,0,0.08000000000000002,0.03,-0.09999999999999998,2762,0.004942645006905834
11200,"Amherst Town-Northampton, MA Metro Area","Amherst Town-Northampton, MA Metro Area, Massachusetts",Massachusetts,cbsa,5589,8675,-3087,-572,1296,41961.91,165490.01,87726.96,37.4,0.8,0.05,0.02,0.07,0.24,190104.27,527.18,313.91,-0.0172,87424.21,40.92,0.64,0.05,0.08,0.19,14264,-0.018653693960136927,0.9965489514283864,3.520000000000003,-0.16000000000000003,0,0.06,0.12,-2363,-0.014077793421756333
28660,"Killeen-Temple, TX Metro Area","Killeen-Temple, TX Metro Area, Texas",Texas,cbsa,37318,40454,-3136,3806,2134,10933.28,507142.65,69391.61,32.8,0.46,0.03,0.19,0.25,0.17,108468.05,2815.24,180.14,0.0574,80791.7,36.35,0.5,0.05,0.12,0.28,77772,-0.006183664497553104,1.1642862876362141,3.5500000000000043,0.03999999999999998,0.020000000000000004,-0.07,0.030000000000000027,2804,0.00555975632642868
15180,"Brownsville-Harlingen, TX Metro Area","Brownsville-Harlingen, TX Metro Area, Texas",Texas,cbsa,16345,19659,-3313,3175,2562,7457.07,429411.85,52669.88,32.7,0.09,0.01,0.01,0.89,0.15,78933.51,889.41,482.81,0.0659,74185.57,36.03,0.44,0.04,0.08,0.42,36004,-0.007715203946980038,1.4085008357717923,3.3299999999999983,0.35,0.03,0.07,-0.47000000000000003,2424,0.005676976522868274
44260,"Starkville, MS Micro Area","Starkville, MS Micro Area, Mississippi",Mississippi,cbsa,3627,7333,-3706,78,627,11592.68,58283.19,48579.38,27.4,0.58,0.03,0.33,0.02,0.22,95541.32,879.23,66.29,-0.0034,68270.67,38.05,0.54,0.02,0.29,0.12,10960,-0.06358608717196158,1.4053425548041165,10.649999999999999,-0.039999999999999925,-0.009999999999999998,-0.040000000000000036,0.09999999999999999,-3001,-0.04896858390393999
32900,"Merced, CA Metro Area","Merced, CA Metro Area, California",California,cbsa,11405,15273,-3867,1612,1898,8035.22,293603.72,66042.28,31.8,0.23,0.07,0.03,0.63,0.11,151112.96,1937.73,151.52,0.0825,95277.75,36.63,0.39,0.12,0.05,0.39,26678,-0.013170814048268873,1.4426780844029008,4.830000000000002,0.16,0.04999999999999999,0.020000000000000004,-0.24,-357,-0.0012144479711439
29740,"Las Cruces, NM Metro Area","Las Cruces, NM Metro Area, New Mexico",New Mexico,cbsa,16526,20472,-3946,286,1857,6463.55,230870.12,57292.23,34.3,0.27,0.01,0.01,0.68,0.18,133639.95,3807.91,60.63,0.0513,66939.88,35.28,0.29,0.02,0.06,0.58,36998,-0.017091860999595792,1.1683936896853204,0.980000000000004,0.019999999999999962,0.01,0.049999999999999996,-0.10000000000000009,-1803,-0.007749068736431609
29820,"Las Vegas-Henderson-North Las Vegas, NV Metro Area","Las Vegas-Henderson-North Las Vegas, NV Metro Area, Nevada",Nevada,cbsa,67989,71939,-3950,5128,31678,27474.15,2500428.47,76728.74,38.5,0.38,0.1,0.12,0.32,0.18,242931.66,7891.1,316.87,0.0384,87347.26,39.48,0.5,0.08,0.1,0.25,139928,-0.0015797292533627244,1.1383903867051641,0.9799999999999969,0.12,-0.020000000000000004,-0.01999999999999999,-0.07,32856,0.013315110457525892
16580,"Champaign-Urbana, IL Metro Area","Champaign-Urbana, IL Metro Area, Illinois",Illinois,cbsa,14513,18625,-4112,503,6836,32409.02,270994.1,66262.43,32,0.66,0.1,0.12,0.08,0.2,116857.91,1920.53,141.1,0.024,81608.4,39.3,0.62,0.05,0.12,0.17,33138,-0.015173762085595222,1.231593830772581,7.299999999999997,-0.040000000000000036,-0.05,0,0.09000000000000001,3227,0.012051517904925587
41500,"Salinas, CA Metro Area","Salinas, CA Metro Area, California",California,cbsa,18616,22774,-4158,2996,3869,10703.45,458275.97,97250.02,35.5,0.27,0.06,0.02,0.62,0.17,517378.81,3280.67,139.69,0.0366,99101.94,37.63,0.42,0.12,0.07,0.34,41390,-0.009073135560653551,1.0190428752611054,2.1300000000000026,0.14999999999999997,0.06,0.05,-0.27999999999999997,2707,0.005942020151196865
37100,"Oxnard-Thousand Oaks-Ventura, CA Metro Area","Oxnard-Thousand Oaks-Ventura, CA Metro Area, California",California,cbsa,29633,33914,-4281,2244,4513,14611.59,836783.31,110870.51,39.6,0.42,0.07,0.02,0.44,0.22,433766.36,1816.68,460.61,0.0188,93250.64,37.68,0.38,0.12,0.06,0.39,63547,-0.0051160198211888325,0.8410770366258801,-1.9200000000000017,-0.03999999999999998,0.04999999999999999,0.039999999999999994,-0.04999999999999999,2476,0.002967731398637751
12540,"Bakersfield-Delano, CA Metro Area","Bakersfield-Delano, CA Metro Area, California",California,cbsa,25922,30381,-4459,3733,5141,10441.31,946256.89,70254.95,32.7,0.3,0.05,0.05,0.56,0.12,164999.32,8133.17,116.35,0.1076,88850.23,37.36,0.4,0.1,0.06,0.38,56303,-0.004712251025194649,1.264682844411675,4.659999999999997,0.10000000000000003,0.05,0.009999999999999995,-0.18000000000000005,4415,0.004687623312231313
41940,"San Jose-Sunnyvale-Santa Clara, CA Metro Area","San Jose-Sunnyvale-Santa Clara, CA Metro Area, California",California,cbsa,72675,77356,-4680,7797,50889,49084.71,2087292.54,163631.31,38,0.27,0.39,0.02,0.26,0.28,849841.97,2711.74,769.72,0.0217,106133.13,38.38,0.41,0.15,0.07,0.31,150031,-0.002242138996002927,0.648611381281492,0.38000000000000256,0.13999999999999996,-0.24000000000000002,0.05,0.04999999999999999,54006,0.026560939118792377
22380,"Flagstaff, AZ Metro Area","Flagstaff, AZ Metro Area, Arizona",Arizona,cbsa,14374,19121,-4746,260,734,21599.65,151004.01,73080.91,32.8,0.52,0.02,0.01,0.15,0.24,182965.26,18882.82,8,0.0289,82354.88,41.47,0.55,0.04,0.05,0.29,33495,-0.03142962892177499,1.1269000344960127,8.670000000000002,0.030000000000000027,0.02,0.04,0.13999999999999999,-3752,-0.024244615766457145
14500,"Boulder, CO Metro Area","Boulder, CO Metro Area, Colorado",Colorado,cbsa,13749,18510,-4761,338,2824,28403.34,337380.73,104962.94,37.7,0.75,0.05,0.01,0.15,0.34,433914.91,726.38,464.47,0.0411,97834.71,37.44,0.63,0.05,0.06,0.21,32259,-0.014111653620525393,0.932088125580324,-0.2600000000000051,-0.12,0,0.049999999999999996,0.06,-1599,-0.004717096211033032
14460,"Boston-Cambridge-Newton, MA-NH Metro Area","Boston-Cambridge-Newton, MA-NH Metro Area, Massachusetts",Massachusetts,cbsa,80959,85900,-4941,11423,79729,154983.83,5210049.84,116315.01,39.3,0.66,0.09,0.07,0.12,0.28,351161.55,3479.15,1497.51,0.0105,89570.89,40.59,0.65,0.05,0.09,0.16,166859,-0.0009483594498589288,0.7700716356384271,1.2900000000000063,-0.010000000000000009,-0.039999999999999994,0.01999999999999999,0.04000000000000001,86211,0.016825470646535792
12940,"Baton Rouge, LA Metro Area","Baton Rouge, LA Metro Area, Louisiana",Louisiana,cbsa,19664,24614,-4950,1946,6126,26550.39,880905.37,69872.53,36.2,0.53,0.02,0.34,0.07,0.19,131102.53,4366.07,201.76,-0.0213,67523.76,38.16,0.58,0.03,0.23,0.12,44278,-0.005619218781695019,0.9663849298143347,1.9599999999999937,0.04999999999999993,0.009999999999999998,-0.11000000000000001,0.04999999999999999,3122,0.003556686201516896
45220,"Tallahassee, FL Metro Area","Tallahassee, FL Metro Area, Florida",Florida,cbsa,15212,20304,-5092,143,3499,47969.68,406868.23,65486.32,34.8,0.53,0.03,0.31,0.08,0.24,167083.78,2389.14,170.3,0.0344,77406.66,40.89,0.53,0.04,0.15,0.23,35516,-0.012515108392709846,1.1820279411028136,6.090000000000003,0,0.010000000000000002,-0.16,0.15000000000000002,-1450,-0.0035511517572947944
10740,"Albuquerque, NM Metro Area","Albuquerque, NM Metro Area, New Mexico",New Mexico,cbsa,34231,39370,-5139,-325,4955,12136.95,934933.14,70889.97,39.8,0.37,0.02,0.02,0.48,0.2,145013.76,9266.5,100.89,0.0627,78620.93,37.95,0.48,0.04,0.09,0.33,73601,-0.005496649739039093,1.1090557662811817,-1.8499999999999943,0.10999999999999999,0.02,0.06999999999999999,-0.14999999999999997,-509,-0.0005441277212506163
40140,"Riverside-San Bernardino-Ontario, CA Metro Area","Riverside-San Bernardino-Ontario, CA Metro Area, California",California,cbsa,175620,180835,-5215,19243,23242,66978.49,4829095.35,90201.56,35.9,0.28,0.07,0.07,0.53,0.16,254876.84,27265.68,177.11,0.0633,93761.41,38.04,0.38,0.12,0.07,0.37,356455,-0.0010799124105097656,1.039465503700823,2.1400000000000006,0.09999999999999998,0.04999999999999999,0,-0.16000000000000003,37270,0.007777829381865932
29700,"Laredo, TX Metro Area","Laredo, TX Metro Area, Texas",Texas,cbsa,5312,10671,-5359,3144,2272,3019.77,283134.25,63618.72,30,0.04,0,0,0.95,0.15,94878.3,3360.73,84.25,0.0798,74888.54,35.34,0.37,0.04,0.08,0.47,15983,-0.018927416940903476,1.1771462865018345,5.340000000000003,0.33,0.04,0.08,-0.48,57,0.00020135846310503582
29620,"Lansing-East Lansing, MI Metro Area","Lansing-East Lansing, MI Metro Area, Michigan",Michigan,cbsa,16843,22405,-5561,273,5163,48921.59,508418.41,72552.51,36.5,0.73,0.04,0.08,0.08,0.22,147074.18,1698.38,299.35,0.0483,75998.91,39.08,0.7,0.03,0.11,0.1,39248,-0.01093784153095479,1.047502147065622,2.5799999999999983,-0.030000000000000027,-0.010000000000000002,0.03,0.020000000000000004,-125,-0.0002458000586419948
44700,"Stockton-Lodi, CA Metro Area","Stockton-Lodi, CA Metro Area, California",California,cbsa,30419,36178,-5759,2882,8136,12472.04,808706.31,93025.68,35.4,0.27,0.18,0.07,0.43,0.15,260199.33,1392.18,580.89,0.0922,108003.95,37.8,0.4,0.17,0.05,0.31,66597,-0.007121250234834942,1.1610122065218982,2.3999999999999986,0.13,-0.009999999999999981,-0.020000000000000004,-0.12,5259,0.006545544349386146
21340,"El Paso, TX Metro Area","El Paso, TX Metro Area, Texas",Texas,cbsa,40423,46342,-5918,4233,4758,11394.26,865380.9,59754.39,33.6,0.11,0.01,0.03,0.83,0.17,96261.28,5583.57,154.99,0.0562,73825.44,36.28,0.43,0.04,0.09,0.4,86765,-0.006838607138197758,1.2354814432880998,2.6799999999999997,0.32,0.03,0.06,-0.42999999999999994,3073,0.003563692272794903
17780,"College Station-Bryan, TX Metro Area","College Station-Bryan, TX Metro Area, Texas",Texas,cbsa,28980,34988,-6008,1657,3378,29378.65,309740.98,60230.66,28.6,0.54,0.05,0.11,0.27,0.22,190239.19,2217.95,139.65,0.0613,81251.88,36.09,0.42,0.06,0.13,0.36,63968,-0.019396852169835586,1.349011948399702,7.490000000000002,-0.12000000000000005,0.009999999999999995,0.020000000000000004,0.08999999999999997,-973,-0.0031314973339789864
35840,"North Port-Bradenton-Sarasota, FL Metro Area","North Port-Bradenton-Sarasota, FL Metro Area, Florida",Florida,cbsa,46300,52432,-6131,-5095,8895,29579.15,936997.38,81479.82,53.6,0.74,0.02,0.06,0.14,0.23,268388.55,1298.71,721.48,0.0528,80307.86,42.29,0.62,0.04,0.11,0.18,98732,-0.006543241348230877,0.9856165612540626,-11.310000000000002,-0.12,0.02,0.05,0.03999999999999998,-2331,-0.0024815602824647966
31180,"Lubbock, TX Metro Area","Lubbock, TX Metro Area, Texas",Texas,cbsa,21736,27929,-6193,1308,2762,20725.15,381405.23,63970.04,32.4,0.51,0.02,0.06,0.38,0.19,115075.78,5260.73,72.5,0.0388,74156.16,35.89,0.45,0.04,0.08,0.39,49665,-0.016237323227056955,1.1592326657916738,3.490000000000002,-0.06,0.02,0.020000000000000004,0.010000000000000009,-2123,-0.00553544650415955
35380,"New Orleans-Metairie, LA Metro Area","New Orleans-Metairie, LA Metro Area, Louisiana",Louisiana,cbsa,19703,26164,-6461,1287,9715,24489.08,1017075.59,63034.36,39.2,0.41,0.03,0.37,0.13,0.2,144473.74,2346.62,433.42,-0.0549,75086.49,38.64,0.59,0.03,0.2,0.13,45867,-0.006352526855943913,1.1911993712635458,-0.5600000000000023,0.18,0,-0.16999999999999998,0,4541,0.004484785058059103
32580,"McAllen-Edinburg-Mission, TX Metro Area","McAllen-Edinburg-Mission, TX Metro Area, Texas",Texas,cbsa,31461,38413,-6952,10273,5218,15953.38,934444.57,54368.88,30.5,0.06,0.01,0.01,0.92,0.14,69608.03,1570.16,595.13,0.0826,73960.37,36.28,0.45,0.04,0.08,0.39,69874,-0.0074397136258173135,1.3603438216862294,5.780000000000001,0.39,0.03,0.07,-0.53,8539,0.009222322747232205
46060,"Tucson, AZ Metro Area","Tucson, AZ Metro Area, Arizona",Arizona,cbsa,44183,51296,-7114,-970,9347,22791.43,1106285.73,70370.69,39.8,0.5,0.03,0.03,0.36,0.21,178101.92,9187.01,120.42,0.0519,80886.42,38.93,0.52,0.05,0.06,0.29,95479,-0.006430526768161422,1.1494333791525988,-0.8699999999999974,0.020000000000000018,0.020000000000000004,0.03,-0.07,1263,0.0011429629144370632
36740,"Orlando-Kissimmee-Sanford, FL Metro Area","Orlando-Kissimmee-Sanford, FL Metro Area, Florida",Florida,cbsa,127920,135090,-7169,9281,75660,69843.62,3050114.78,78747.33,38.5,0.42,0.04,0.15,0.33,0.24,207921.33,3596.51,848.08,0.0764,78387.53,41.35,0.54,0.04,0.14,0.23,263010,-0.0023504033510502844,0.9954309561987689,2.8500000000000014,0.12000000000000005,0,-0.009999999999999981,-0.1,77772,0.0261652190734206
15980,"Cape Coral-Fort Myers, FL Metro Area","Cape Coral-Fort Myers, FL Metro Area, Florida",Florida,cbsa,48914,56212,-7298,-1565,15217,33317.66,911874.14,76111.05,49,0.62,0.02,0.08,0.25,0.19,213624.96,771.89,1181.36,0.0867,81046.05,42.91,0.57,0.04,0.12,0.23,105126,-0.008003297472609543,1.064839468119281,-6.090000000000003,-0.050000000000000044,0.02,0.039999999999999994,-0.01999999999999999,6354,0.007016961544334066
12020,"Athens-Clarke County, GA Metro Area","Athens-Clarke County, GA Metro Area, Georgia",Georgia,cbsa,8447,16646,-8199,404,1216,38438.19,218694.49,66063.73,33.6,0.64,0.04,0.18,0.1,0.21,168072.4,1024.87,213.39,0.0551,83845.75,37.5,0.52,0.05,0.24,0.13,25093,-0.03749065648613278,1.269164638448359,3.8999999999999986,-0.12,0.010000000000000002,0.06,0.03,-6579,-0.029204501603806114
45300,"Tampa-St. Petersburg-Clearwater, FL Metro Area","Tampa-St. Petersburg-Clearwater, FL Metro Area, Florida",Florida,cbsa,106729,116709,-9980,-3577,48502,78012.87,3504771.08,74423.37,42.2,0.58,0.04,0.11,0.22,0.22,207247.72,2505.5,1398.83,0.0479,80040.74,41.15,0.57,0.04,0.13,0.2,223438,-0.00284754689313403,1.0754785761515504,-1.0500000000000043,-0.010000000000000009,0,0.020000000000000004,-0.01999999999999999,34945,0.010071109961799584
41740,"San Diego-Chula Vista-Carlsbad, CA Metro Area","San Diego-Chula Vista-Carlsbad, CA Metro Area, California",California,cbsa,135177,145435,-10258,14187,27142,80985.26,3416648.21,106578.74,37.3,0.42,0.12,0.04,0.35,0.26,489974.88,4210.2,811.52,0.0235,91300.91,37.56,0.42,0.1,0.08,0.34,280612,-0.003002357682004376,0.8566521803504151,0.2600000000000051,0,-0.01999999999999999,0.04,-0.009999999999999953,31071,0.009177460170816781
34940,"Naples-Marco Island, FL Metro Area","Naples-Marco Island, FL Metro Area, Florida",Florida,cbsa,19774,31239,-11465,-1179,8474,16494.43,420886.27,90746.55,53.3,0.61,0.02,0.06,0.28,0.23,542468.2,1996.66,210.79,0.0684,83319.92,41.73,0.56,0.05,0.12,0.22,51013,-0.027240137816802623,0.9181607455049254,-11.57,-0.04999999999999993,0.030000000000000002,0.06,-0.060000000000000026,-4170,-0.009810465800210404
31080,"Los Angeles-Long Beach-Anaheim, CA Metro Area","Los Angeles-Long Beach-Anaheim, CA Metro Area, California",California,cbsa,261719,303335,-41615,36847,143472,173244.46,13179486.91,96109.93,38.5,0.28,0.17,0.06,0.45,0.24,503229.66,4752.66,2773.08,0.019,96142.09,37.38,0.42,0.1,0.08,0.35,565054,-0.0031575584303228385,1.0003346168288751,-1.1199999999999974,0.13999999999999996,-0.07,0.020000000000000004,-0.10000000000000003,138704,0.010636171229691915
33100,"Miami-Fort Lauderdale-West Palm Beach, FL Metro Area","Miami-Fort Lauderdale-West Palm Beach, FL Metro Area, Florida",Florida,cbsa,117713,184865,-67152,13859,249317,119609.78,6932542.38,76600.68,41.8,0.27,0.02,0.19,0.47,0.22,271891.67,4755.01,1457.95,0.0323,86051.29,40.46,0.54,0.06,0.14,0.21,302578,-0.009686489648260903,1.1233750144254595,-1.3399999999999963,0.27,0.039999999999999994,-0.04999999999999999,-0.26,196024,0.02909871077943975
